task,seed,policy,mean_norm,norm_ratio_to_pool,new_selection_norm,mean_discovery,mean_confirmation
guide_Rest_IFNG,0,random,4.568192481994629,1.027116060256958,4.570648670196533,0.019017200950759167,0.024635816839680597
guide_Rest_IFNG,0,fixed_ridge,4.6302056312561035,1.041059136390686,4.648165702819824,0.03491255331491665,0.01252473073602588
guide_Rest_IFNG,0,adaptive_ridge,4.868631839752197,1.0946670770645142,4.946197509765625,0.02099087554955881,0.008347543576229235
guide_Rest_IFNG,0,controller,5.874289512634277,1.3207799196243286,6.203269958496094,0.030768672847823218,0.001938629758361296
guide_Rest_IFNG,0,controller_no_feedback,5.995988368988037,1.3481428623199463,6.35539436340332,0.0217834640368885,0.01193489030673871
guide_Rest_IFNG,0,shuffled_feedback,5.874289512634277,1.3207799196243286,6.203269958496094,0.030768672847823218,0.001938629758361296
guide_Rest_IFNG,0,permuted_features,4.353647232055664,0.9788775444030762,4.302466869354248,0.03605446843438256,0.023918671892974006
guide_Rest_IFNG,1,random,4.463559150695801,1.0035902261734009,4.506476402282715,0.03586867507134321,0.032568980541233486
guide_Rest_IFNG,1,fixed_ridge,5.2861809730529785,1.1885491609573364,5.534754276275635,0.01158412603899728,0.005921454961974114
guide_Rest_IFNG,1,adaptive_ridge,5.173079013824463,1.1631191968917847,5.393377304077148,0.030378295145421563,0.022191939149115752
guide_Rest_IFNG,1,controller,5.697744846343994,1.28108549118042,6.049208641052246,0.015451707173141732,-0.00013063506977555283
guide_Rest_IFNG,1,controller_no_feedback,5.964761257171631,1.3411216735839844,6.382979393005371,0.024711946683766178,0.0211844174661499
guide_Rest_IFNG,1,shuffled_feedback,5.697744846343994,1.28108549118042,6.049208641052246,0.015451707173141732,-0.00013063506977555283
guide_Rest_IFNG,1,permuted_features,4.523595333099365,1.017088770866394,4.581521987915039,0.02378980070034046,0.008048669638798902
guide_Rest_IFNG,2,random,4.571469306945801,1.0278527736663818,4.580308437347412,0.024819743063221482,0.012026167627626358
guide_Rest_IFNG,2,fixed_ridge,4.679342746734619,1.0521072149276733,4.715150833129883,0.029350468554111837,0.00860373482905163
guide_Rest_IFNG,2,adaptive_ridge,5.108514785766602,1.1486026048660278,5.251615524291992,0.029397049024435084,0.02097747370393186
guide_Rest_IFNG,2,controller,5.538575172424316,1.2452976703643799,5.789191722869873,0.033175176866321134,0.019856155511276112
guide_Rest_IFNG,2,controller_no_feedback,4.766645908355713,1.071736454963684,4.82427978515625,0.031733839859425225,0.00449727130858284
guide_Rest_IFNG,2,shuffled_feedback,5.538575172424316,1.2452976703643799,5.789191722869873,0.033175176866321134,0.019856155511276112
guide_Rest_IFNG,2,permuted_features,4.45604944229126,1.0019017457962036,4.436034202575684,0.02676067929253161,0.038349507865817624
guide_Rest_IFNG,3,random,4.415703773498535,0.9928303956985474,4.5135111808776855,0.03055463420824799,0.0061778101628505375
guide_Rest_IFNG,3,fixed_ridge,4.749968528747559,1.0679867267608643,4.931343078613281,0.018619569586731832,0.015489605762911186
guide_Rest_IFNG,3,adaptive_ridge,4.877264022827148,1.0966079235076904,5.090461730957031,0.03508411107618882,0.006610671660148196
guide_Rest_IFNG,3,controller,5.723317623138428,1.2868353128433228,6.148029327392578,0.02192312541313704,0.0015329943122369017
guide_Rest_IFNG,3,controller_no_feedback,5.9872589111328125,1.3461800813674927,6.477955341339111,0.024197952589051268,0.009187774179243723
guide_Rest_IFNG,3,shuffled_feedback,5.723317623138428,1.2868353128433228,6.148029327392578,0.02192312541313704,0.0015329943122369017
guide_Rest_IFNG,3,permuted_features,4.404947757720947,0.9904119968414307,4.50006628036499,0.019010344167615933,0.005070865816026136
guide_Rest_IFNG,4,random,4.296902656555176,0.9661190509796143,4.302270889282227,0.015010691969110567,0.02092766079230716
guide_Rest_IFNG,4,fixed_ridge,4.836523056030273,1.0874477624893188,4.976797103881836,0.017989992514494794,0.01917354357199951
guide_Rest_IFNG,4,adaptive_ridge,4.892955780029297,1.100136160850525,5.047337532043457,0.021349967323542576,0.018234569214181116
guide_Rest_IFNG,4,controller,5.842887878417969,1.313719630241394,6.234752655029297,0.014463509306291682,0.01814787784457634
guide_Rest_IFNG,4,controller_no_feedback,5.923966407775879,1.3319493532180786,6.336101531982422,0.015373416775205775,0.02579249337989507
guide_Rest_IFNG,4,shuffled_feedback,5.842887878417969,1.313719630241394,6.234752655029297,0.014463509306291682,0.01814787784457634
guide_Rest_IFNG,4,permuted_features,4.534593105316162,1.019561529159546,4.599384784698486,0.012507017126722874,0.019955713280869248
guide_Rest_IFNG,5,random,4.4222283363342285,0.9942973852157593,4.430111408233643,0.017938028758614978,0.02509675453136938
guide_Rest_IFNG,5,fixed_ridge,4.86204195022583,1.0931854248046875,4.979878902435303,0.0172392178863358,0.021735613742079125
guide_Rest_IFNG,5,adaptive_ridge,5.107962608337402,1.148478388786316,5.2872796058654785,0.02725563100936616,0.01400508311289378
guide_Rest_IFNG,5,controller,5.710971832275391,1.2840595245361328,6.041041374206543,0.02860742998621093,0.018401943492414523
guide_Rest_IFNG,5,controller_no_feedback,6.048092365264893,1.3598579168319702,6.462441921234131,0.015132241950102968,0.010339555486693727
guide_Rest_IFNG,5,shuffled_feedback,5.710971832275391,1.2840595245361328,6.041041374206543,0.02860742998621093,0.018401943492414523
guide_Rest_IFNG,5,permuted_features,4.506808280944824,1.0133143663406372,4.535836696624756,0.01888744337965328,0.01350644268379395
guide_Rest_IFNG,6,random,4.517697334289551,1.0157626867294312,4.516017436981201,0.008913194993362768,0.03121639079932702
guide_Rest_IFNG,6,fixed_ridge,5.118422985076904,1.1508303880691528,5.2669243812561035,0.02017177643302851,0.026928861310487783
guide_Rest_IFNG,6,adaptive_ridge,5.2736992835998535,1.185742735862732,5.461019515991211,0.023092256110260403,0.0213299537536337
guide_Rest_IFNG,6,controller,5.790077209472656,1.3018455505371094,6.106492042541504,0.005195344162699676,0.016571551237094882
guide_Rest_IFNG,6,controller_no_feedback,5.982634544372559,1.3451403379440308,6.3471879959106445,0.007777184621780559,0.015012904210008568
guide_Rest_IFNG,6,shuffled_feedback,5.790077209472656,1.3018455505371094,6.106492042541504,0.005195344162699676,0.016571551237094882
guide_Rest_IFNG,6,permuted_features,4.382816314697266,0.985435962677002,4.347415447235107,0.00018517836848506858,0.018984305982034745
guide_Rest_IFNG,7,random,4.349427223205566,0.9779286980628967,4.394503116607666,0.0194644281155326,0.02037569465014493
guide_Rest_IFNG,7,fixed_ridge,4.572112083435059,1.027997374534607,4.6728596687316895,0.011648264978029732,0.02461773709435853
guide_Rest_IFNG,7,adaptive_ridge,4.370631217956543,0.9826962351799011,4.421008586883545,0.013452599079374147,0.018649464908004145
guide_Rest_IFNG,7,controller,5.719736099243164,1.2860300540924072,6.107389450073242,0.017773127541695355,0.010920416686011094
guide_Rest_IFNG,7,controller_no_feedback,5.996814727783203,1.3483285903930664,6.453737258911133,0.0129428201600984,0.006745669795219185
guide_Rest_IFNG,7,shuffled_feedback,5.719736099243164,1.2860300540924072,6.107389450073242,0.017773127541695355,0.010920416686011094
guide_Rest_IFNG,7,permuted_features,4.381789207458496,0.9852049946784973,4.434955596923828,0.025323984087421293,0.025978124523495228
guide_Rest_IFNG,8,random,4.450623512268066,1.000681757926941,4.41257905960083,0.012804933903635999,0.0192109571491381
guide_Rest_IFNG,8,fixed_ridge,4.854015827178955,1.0913808345794678,4.9168195724487305,0.011530504787340797,0.018988299611831107
guide_Rest_IFNG,8,adaptive_ridge,4.882504463195801,1.0977861881256104,4.95242977142334,0.028910508274830504,0.020526537789436174
guide_Rest_IFNG,8,controller,5.899959087371826,1.3265515565872192,6.224248886108398,0.02414335590302264,0.011461612036563188
guide_Rest_IFNG,8,controller_no_feedback,5.9629106521606445,1.3407056331634521,6.302938461303711,0.011727300384017359,0.019037845556382556
guide_Rest_IFNG,8,shuffled_feedback,5.899959087371826,1.3265515565872192,6.224248886108398,0.02414335590302264,0.011461612036563188
guide_Rest_IFNG,8,permuted_features,4.427290916442871,0.9954356551170349,4.383413314819336,0.018439749139426077,0.019868977677814474
guide_Rest_IFNG,9,random,4.333619117736816,0.9743744134902954,4.387293815612793,0.006437103729875689,0.012985877758443976
guide_Rest_IFNG,9,fixed_ridge,4.464882850646973,1.0038878917694092,4.551373481750488,-0.002822713905907214,0.006455598933090441
guide_Rest_IFNG,9,adaptive_ridge,4.6696038246154785,1.049917459487915,4.80727481842041,0.005675401992270396,0.020091322851821494
guide_Rest_IFNG,9,controller,5.639279842376709,1.2679401636123657,6.019371032714844,-0.005644515518432448,0.005028076304684796
guide_Rest_IFNG,9,controller_no_feedback,4.644366264343262,1.0442430973052979,4.775728225708008,-0.001259706464349654,0.0014576979603621975
guide_Rest_IFNG,9,shuffled_feedback,5.639279842376709,1.2679401636123657,6.019371032714844,-0.005644515518432448,0.005028076304684796
guide_Rest_IFNG,9,permuted_features,4.384906768798828,0.9859059453010559,4.451404094696045,0.004720243009145404,0.012652233300122624
guide_Rest_IFNG,10,random,4.4576215744018555,1.0022552013397217,4.514861106872559,-0.005779537455174201,0.021794506614998717
guide_Rest_IFNG,10,fixed_ridge,5.109738826751709,1.148877739906311,5.330008029937744,0.008121911354979573,0.020650461022932897
guide_Rest_IFNG,10,adaptive_ridge,4.908408164978027,1.1036103963851929,5.078344821929932,0.011583068721272067,0.023501926583124336
guide_Rest_IFNG,10,controller,5.732445240020752,1.288887619972229,6.108390808105469,0.0013848273478460286,0.014746676467912171
guide_Rest_IFNG,10,controller_no_feedback,5.9349212646484375,1.3344124555587769,6.361485481262207,0.008232941803737705,0.014455919867047298
guide_Rest_IFNG,10,shuffled_feedback,5.732445240020752,1.288887619972229,6.108390808105469,0.0013848273478460286,0.014746676467912171
guide_Rest_IFNG,10,permuted_features,4.348542213439941,0.9777297377586365,4.378511428833008,-0.010524106107725795,0.013636104675021105
guide_Rest_IFNG,11,random,4.3821916580200195,0.9852954745292664,4.33446741104126,0.01199843822591832,0.025568371191601047
guide_Rest_IFNG,11,fixed_ridge,5.050322532653809,1.1355185508728027,5.169631481170654,0.02574284414144672,0.019856724534249963
guide_Rest_IFNG,11,adaptive_ridge,5.221771717071533,1.1740673780441284,5.3839430809021,0.002311849218741266,0.011874554164940185
guide_Rest_IFNG,11,controller,5.851635932922363,1.3156864643096924,6.171272277832031,0.008088308008416293,-0.00020135234019745264
guide_Rest_IFNG,11,controller_no_feedback,6.011899471282959,1.3517203330993652,6.371602535247803,0.018007509466010915,0.007314762528868283
guide_Rest_IFNG,11,shuffled_feedback,5.851635932922363,1.3156864643096924,6.171272277832031,0.008088308008416293,-0.00020135234019745264
guide_Rest_IFNG,11,permuted_features,4.493499755859375,1.010322093963623,4.473602294921875,0.014095766550517832,0.01735005731367693
guide_Rest_IFNG,12,random,4.392325401306152,0.9875739812850952,4.403141021728516,0.02740524293415362,0.02289853928434899
guide_Rest_IFNG,12,fixed_ridge,4.755616188049316,1.0692565441131592,4.857253074645996,0.02291567977400815,0.007592546925684685
guide_Rest_IFNG,12,adaptive_ridge,5.027342796325684,1.1303517818450928,5.1969122886657715,0.030114121554321326,0.013799369926862422
guide_Rest_IFNG,12,controller,5.8415727615356445,1.3134238719940186,6.214699745178223,0.017404184639681738,0.013834646543453316
guide_Rest_IFNG,12,controller_no_feedback,5.987219333648682,1.346171259880066,6.396757125854492,0.03286514676672801,0.009127335389044353
guide_Rest_IFNG,12,shuffled_feedback,5.8415727615356445,1.3134238719940186,6.214699745178223,0.017404184639681738,0.013834646543453316
guide_Rest_IFNG,12,permuted_features,4.345853328704834,0.9771251678466797,4.345049858093262,0.02148144062375089,0.023157736562135194
guide_Rest_IFNG,13,random,4.3761420249938965,0.9839352965354919,4.380051612854004,0.020186346572273355,0.013396794343300858
guide_Rest_IFNG,13,fixed_ridge,4.722947597503662,1.0619113445281982,4.813559532165527,0.018202733884867935,0.005656383869144797
guide_Rest_IFNG,13,adaptive_ridge,4.864819526672363,1.093809962272644,4.990899085998535,0.01820120097203685,-0.001976691811897701
guide_Rest_IFNG,13,controller,5.776920318603516,1.2988873720169067,6.1310248374938965,0.006740459346643015,0.010482500265689303
guide_Rest_IFNG,13,controller_no_feedback,5.97409200668335,1.3432196378707886,6.377490043640137,0.015231547975888982,0.008788106180124563
guide_Rest_IFNG,13,shuffled_feedback,5.776920318603516,1.2988873720169067,6.1310248374938965,0.006740459346643015,0.010482500265689303
guide_Rest_IFNG,13,permuted_features,4.430348873138428,0.996123194694519,4.447810173034668,0.01640849324626801,0.009173656097860933
guide_Rest_IFNG,14,random,4.366387367248535,0.9817420244216919,4.395577430725098,0.019163105088307847,0.02246564810383667
guide_Rest_IFNG,14,fixed_ridge,4.821842193603516,1.0841468572616577,4.964895725250244,0.01443371385299288,0.02289243730434317
guide_Rest_IFNG,14,adaptive_ridge,5.057279586791992,1.137082815170288,5.25919246673584,0.019644695178810328,0.017514078628310135
guide_Rest_IFNG,14,controller,5.768954277038574,1.2970962524414062,6.148786544799805,0.016645136420018268,0.016912034753992965
guide_Rest_IFNG,14,controller_no_feedback,6.003159523010254,1.3497551679611206,6.441542625427246,0.008266334965924311,0.019712050676025487
guide_Rest_IFNG,14,shuffled_feedback,5.768954277038574,1.2970962524414062,6.148786544799805,0.016645136420018268,0.016912034753992965
guide_Rest_IFNG,14,permuted_features,4.354304313659668,0.9790253043174744,4.3804731369018555,0.014918686423172001,0.017693570138392813
guide_Rest_IFNG,15,random,4.4664483070373535,1.004239797592163,4.503808975219727,0.020984311933700567,0.023266508954496473
guide_Rest_IFNG,15,fixed_ridge,4.824673652648926,1.0847835540771484,4.951590538024902,0.019547661442365992,0.007881792588865413
guide_Rest_IFNG,15,adaptive_ridge,5.1585588455200195,1.159854531288147,5.368947505950928,0.028266443953403365,0.00955331167488443
guide_Rest_IFNG,15,controller,5.7793288230896,1.299428939819336,6.144909858703613,0.020526013165608734,0.005515595176926235
guide_Rest_IFNG,15,controller_no_feedback,5.988793849945068,1.3465251922607422,6.406741142272949,0.002955595146980609,0.01015368379218119
guide_Rest_IFNG,15,shuffled_feedback,5.7793288230896,1.299428939819336,6.144909858703613,0.020526013165608734,0.005515595176926235
guide_Rest_IFNG,15,permuted_features,4.408718109130859,0.9912596940994263,4.43164587020874,0.013838674735427154,0.02352056365819246
guide_Rest_IFNG,16,random,4.5424485206604,1.0213277339935303,4.538707256317139,0.021700484300373753,0.009693316007077065
guide_Rest_IFNG,16,fixed_ridge,4.726650714874268,1.062743902206421,4.768959999084473,0.01642342102562158,0.0235679131555075
guide_Rest_IFNG,16,adaptive_ridge,4.82684326171875,1.0852713584899902,4.894200325012207,0.01682943460541132,0.01550730016092287
guide_Rest_IFNG,16,controller,5.801970481872559,1.3045196533203125,6.113110542297363,0.0059959723165674845,0.006540307709059193
guide_Rest_IFNG,16,controller_no_feedback,5.968312740325928,1.341920256614685,6.321038246154785,0.010484293949812701,0.011260087522980806
guide_Rest_IFNG,16,shuffled_feedback,5.801970481872559,1.3045196533203125,6.113110542297363,0.0059959723165674845,0.006540307709059193
guide_Rest_IFNG,16,permuted_features,4.4017229080200195,0.989686906337738,4.362800121307373,0.01051654274897682,0.01592188096531525
guide_Rest_IFNG,17,random,4.4222211837768555,0.9942957758903503,4.450722694396973,0.022691740447867446,-0.0021454010932169913
guide_Rest_IFNG,17,fixed_ridge,5.172949314117432,1.1630901098251343,5.389132499694824,0.0026906568136683896,0.019090186737781213
guide_Rest_IFNG,17,adaptive_ridge,5.096853733062744,1.145980715751648,5.294013023376465,0.007242912360701004,0.011188422736087986
guide_Rest_IFNG,17,controller,5.5853447914123535,1.2558133602142334,5.904626846313477,0.017393577372231617,0.0007226787674643569
guide_Rest_IFNG,17,controller_no_feedback,5.386666774749756,1.2111425399780273,5.656279563903809,0.007032978356560249,0.013517009151393599
guide_Rest_IFNG,17,shuffled_feedback,5.5853447914123535,1.2558133602142334,5.904626846313477,0.017393577372231617,0.0007226787674643569
guide_Rest_IFNG,17,permuted_features,4.490036964416504,1.009543538093567,4.535491466522217,0.022081483916204545,0.020398343738594248
guide_Rest_IFNG,18,random,4.390206336975098,0.9870975017547607,4.440104961395264,0.03295365779838205,0.021052698702128152
guide_Rest_IFNG,18,fixed_ridge,5.124273777008057,1.1521458625793457,5.357688903808594,0.041738894703023215,0.025224203169269804
guide_Rest_IFNG,18,adaptive_ridge,5.236464500427246,1.1773709058761597,5.497927665710449,0.03737924114474593,0.018415969616961403
guide_Rest_IFNG,18,controller,5.891186714172363,1.324579119682312,6.3163299560546875,0.020875280210734884,0.011031240350057
guide_Rest_IFNG,18,controller_no_feedback,5.993863582611084,1.3476650714874268,6.444676399230957,0.026164450682521063,0.019179907785678907
guide_Rest_IFNG,18,shuffled_feedback,5.891186714172363,1.324579119682312,6.3163299560546875,0.020875280210734884,0.011031240350057
guide_Rest_IFNG,18,permuted_features,4.372945785522461,0.9832166433334351,4.418529510498047,0.03459262691741377,0.016838563375749703
guide_Rest_IFNG,19,random,4.435240745544434,0.9972230792045593,4.503228664398193,0.024652847416812822,0.027697247233762545
guide_Rest_IFNG,19,fixed_ridge,4.845107078552246,1.089377760887146,5.015562057495117,0.018843071603491142,0.01101305104572843
guide_Rest_IFNG,19,adaptive_ridge,4.9924421310424805,1.122504711151123,5.199729919433594,0.021835545462510802,0.00685847422601398
guide_Rest_IFNG,19,controller,5.797589302062988,1.3035346269607544,6.206164360046387,0.015060260686815496,0.003215448703074264
guide_Rest_IFNG,19,controller_no_feedback,5.960091590881348,1.3400717973709106,6.409292221069336,0.021647996683101044,0.00972589618992772
guide_Rest_IFNG,19,shuffled_feedback,5.797589302062988,1.3035346269607544,6.206164360046387,0.015060260686815496,0.003215448703074264
guide_Rest_IFNG,19,permuted_features,4.40474796295166,0.99036705493927,4.465112209320068,0.022946571626839454,0.005189399916797808
guide_Rest_TNFA,0,random,4.568192481994629,1.027116060256958,4.570648670196533,0.05779414685631538,0.08240232665974745
guide_Rest_TNFA,0,fixed_ridge,4.786670684814453,1.0762388706207275,4.843746662139893,0.05300739054857536,0.08022365030702808
guide_Rest_TNFA,0,adaptive_ridge,4.905796051025391,1.1030231714248657,4.992652893066406,0.05022332776207221,0.08963364414112453
guide_Rest_TNFA,0,controller,5.874289512634277,1.3207799196243286,6.203269958496094,0.05813592190790343,0.07150354796510403
guide_Rest_TNFA,0,controller_no_feedback,5.995988368988037,1.3481428623199463,6.35539436340332,0.06773274929237164,0.06139776922908848
guide_Rest_TNFA,0,shuffled_feedback,5.874289512634277,1.3207799196243286,6.203269958496094,0.05813592190790343,0.07150354796510403
guide_Rest_TNFA,0,permuted_features,4.328394412994385,0.9731996655464172,4.270901679992676,0.06820115549511077,0.08371935803097022
guide_Rest_TNFA,1,random,4.463559150695801,1.0035902261734009,4.506476402282715,0.08309314589865699,0.08926516255987418
guide_Rest_TNFA,1,fixed_ridge,4.887156963348389,1.0988322496414185,5.035974502563477,0.0797289547151866,0.06696206190074633
guide_Rest_TNFA,1,adaptive_ridge,4.982555389404297,1.12028169631958,5.155221939086914,0.07825414136747921,0.07622635853930675
guide_Rest_TNFA,1,controller,5.697744846343994,1.28108549118042,6.049208641052246,0.08545439719569836,0.07081112851536678
guide_Rest_TNFA,1,controller_no_feedback,5.964761257171631,1.3411216735839844,6.382979393005371,0.08039627683663773,0.07300595248279279
guide_Rest_TNFA,1,shuffled_feedback,5.697744846343994,1.28108549118042,6.049208641052246,0.08545439719569836,0.07081112851536678
guide_Rest_TNFA,1,permuted_features,4.523595333099365,1.017088770866394,4.581521987915039,0.0771231151634292,0.06392734006002417
guide_Rest_TNFA,2,random,4.571469306945801,1.0278527736663818,4.580308437347412,0.07656985376127043,0.07733236978652576
guide_Rest_TNFA,2,fixed_ridge,4.859206199645996,1.0925477743148804,4.9399800300598145,0.09468084816482766,0.06807203500405294
guide_Rest_TNFA,2,adaptive_ridge,5.002971649169922,1.1248722076416016,5.119687080383301,0.09049757911911327,0.06255571454511534
guide_Rest_TNFA,2,controller,5.607226371765137,1.2607332468032837,5.875005722045898,0.07379929492129736,0.06686620392577092
guide_Rest_TNFA,2,controller_no_feedback,5.901737213134766,1.3269513845443726,6.2431440353393555,0.06946436307877775,0.058318446684724246
guide_Rest_TNFA,2,shuffled_feedback,5.816079139709473,1.3076919317245483,6.13607120513916,0.07714678020934565,0.05973062510453005
guide_Rest_TNFA,2,permuted_features,4.45604944229126,1.0019017457962036,4.436034202575684,0.07025364513949436,0.07895542364890722
guide_Rest_TNFA,3,random,4.415703773498535,0.9928303956985474,4.5135111808776855,0.08906978868472923,0.07048285369914711
guide_Rest_TNFA,3,fixed_ridge,4.961909294128418,1.1156396865844727,5.1962690353393555,0.07596412264724474,0.06288674296061332
guide_Rest_TNFA,3,adaptive_ridge,5.046472072601318,1.134652853012085,5.301971435546875,0.09148343845370377,0.09457437369634616
guide_Rest_TNFA,3,controller,5.723317623138428,1.2868353128433228,6.148029327392578,0.08645784573703685,0.06548568327236257
guide_Rest_TNFA,3,controller_no_feedback,5.9872589111328125,1.3461800813674927,6.477955341339111,0.08631427014919084,0.07255324503008394
guide_Rest_TNFA,3,shuffled_feedback,5.572147369384766,1.252846121788025,5.959066390991211,0.0878546169412939,0.06937394493644417
guide_Rest_TNFA,3,permuted_features,4.404947757720947,0.9904119968414307,4.50006628036499,0.08146791700957455,0.06395003558656079
guide_Rest_TNFA,4,random,4.296902656555176,0.9661190509796143,4.302270889282227,0.10091129091688425,0.07201282142113416
guide_Rest_TNFA,4,fixed_ridge,4.807965278625488,1.0810267925262451,4.941100120544434,0.07646753976369931,0.06096743576289809
guide_Rest_TNFA,4,adaptive_ridge,4.853367328643799,1.0912350416183472,4.997852325439453,0.0813150512486002,0.07863645752101031
guide_Rest_TNFA,4,controller,5.842887878417969,1.313719630241394,6.234752655029297,0.07721080492421069,0.0765119223564126
guide_Rest_TNFA,4,controller_no_feedback,5.923966407775879,1.3319493532180786,6.336101531982422,0.07350499470538613,0.07421138460152191
guide_Rest_TNFA,4,shuffled_feedback,5.842887878417969,1.313719630241394,6.234752655029297,0.07721080492421069,0.0765119223564126
guide_Rest_TNFA,4,permuted_features,4.430222511291504,0.9960947632789612,4.468921184539795,0.09309685137912631,0.07881109802260326
guide_Rest_TNFA,5,random,4.4222283363342285,0.9942973852157593,4.430111408233643,0.05661251317312914,0.0760476129928799
guide_Rest_TNFA,5,fixed_ridge,4.761446475982666,1.0705674886703491,4.854134559631348,0.07220412306418847,0.08493698788504536
guide_Rest_TNFA,5,adaptive_ridge,4.9960222244262695,1.12330961227417,5.1473541259765625,0.09438466282152236,0.06910896161119118
guide_Rest_TNFA,5,controller,5.710971832275391,1.2840595245361328,6.041041374206543,0.088697672662626,0.09156328230927709
guide_Rest_TNFA,5,controller_no_feedback,6.048092365264893,1.3598579168319702,6.462441921234131,0.06712797889709507,0.09196283491515249
guide_Rest_TNFA,5,shuffled_feedback,5.710971832275391,1.2840595245361328,6.041041374206543,0.088697672662626,0.09156328230927709
guide_Rest_TNFA,5,permuted_features,4.506808280944824,1.0133143663406372,4.535836696624756,0.06718297392261739,0.06036311436830286
guide_Rest_TNFA,6,random,4.517697334289551,1.0157626867294312,4.516017436981201,0.06116789318024274,0.07113187372038719
guide_Rest_TNFA,6,fixed_ridge,5.108366966247559,1.1485693454742432,5.254354476928711,0.0939859012668958,0.07925385482812357
guide_Rest_TNFA,6,adaptive_ridge,5.158026695251465,1.159734845161438,5.3164286613464355,0.07874913978289319,0.09368905160284849
guide_Rest_TNFA,6,controller,5.790077209472656,1.3018455505371094,6.106492042541504,0.06949633658058381,0.08889698702721179
guide_Rest_TNFA,6,controller_no_feedback,5.982634544372559,1.3451403379440308,6.3471879959106445,0.06847966009937265,0.08366759443596647
guide_Rest_TNFA,6,shuffled_feedback,5.790077209472656,1.3018455505371094,6.106492042541504,0.06949633658058381,0.08889698702721179
guide_Rest_TNFA,6,permuted_features,4.382816314697266,0.985435962677002,4.347415447235107,0.05837553913275943,0.072387996853017
guide_Rest_TNFA,7,random,4.349427223205566,0.9779286980628967,4.394503116607666,0.09188122363215206,0.06434497606628392
guide_Rest_TNFA,7,fixed_ridge,4.712905406951904,1.059653401374817,4.848851203918457,0.08237557910547241,0.083109515440323
guide_Rest_TNFA,7,adaptive_ridge,4.903993606567383,1.102617859840393,5.087710857391357,0.10124011490402844,0.08433827324838136
guide_Rest_TNFA,7,controller,5.719736099243164,1.2860300540924072,6.107389450073242,0.09438291989776182,0.06639898304713665
guide_Rest_TNFA,7,controller_no_feedback,5.996814727783203,1.3483285903930664,6.453737258911133,0.07185949815451916,0.07514799413273145
guide_Rest_TNFA,7,shuffled_feedback,5.719736099243164,1.2860300540924072,6.107389450073242,0.09438291989776182,0.06639898304713665
guide_Rest_TNFA,7,permuted_features,4.381789207458496,0.9852049946784973,4.434955596923828,0.07271806778092842,0.0798830464083911
guide_Rest_TNFA,8,random,4.450623512268066,1.000681757926941,4.41257905960083,0.07485756407109048,0.07295559873999428
guide_Rest_TNFA,8,fixed_ridge,5.030693054199219,1.1311050653457642,5.137666702270508,0.06545236476125169,0.06773048615992855
guide_Rest_TNFA,8,adaptive_ridge,4.862771034240723,1.0933493375778198,4.92776346206665,0.09421139905662727,0.09133235220295866
guide_Rest_TNFA,8,controller,5.899959087371826,1.3265515565872192,6.224248886108398,0.06986410962809506,0.07074455463649301
guide_Rest_TNFA,8,controller_no_feedback,5.9629106521606445,1.3407056331634521,6.302938461303711,0.05680480517207709,0.07259651685530685
guide_Rest_TNFA,8,shuffled_feedback,5.899959087371826,1.3265515565872192,6.224248886108398,0.06986410962809506,0.07074455463649301
guide_Rest_TNFA,8,permuted_features,4.408635139465332,0.9912410378456116,4.36009407043457,0.08950658866199379,0.06773559582873416
guide_Rest_TNFA,9,random,4.333619117736816,0.9743744134902954,4.387293815612793,0.07420951868571009,0.10420006440643818
guide_Rest_TNFA,9,fixed_ridge,5.054322242736816,1.1364178657531738,5.288172721862793,0.0654235130928858,0.09712552335419175
guide_Rest_TNFA,9,adaptive_ridge,5.208796501159668,1.1711499691009521,5.481266021728516,0.07193661411660641,0.09373152630913024
guide_Rest_TNFA,9,controller,5.7613420486450195,1.2953847646713257,6.171947956085205,0.07136925537027361,0.07907713429329637
guide_Rest_TNFA,9,controller_no_feedback,6.001165866851807,1.3493069410324097,6.47172737121582,0.0678521285337173,0.07862202587984213
guide_Rest_TNFA,9,shuffled_feedback,5.7613420486450195,1.2953847646713257,6.171947956085205,0.07136925537027361,0.07907713429329637
guide_Rest_TNFA,9,permuted_features,4.384906768798828,0.9859059453010559,4.451404094696045,0.06473477222687847,0.08632645363579243
guide_Rest_TNFA,10,random,4.4576215744018555,1.0022552013397217,4.514861106872559,0.06719623272517224,0.06799279035042857
guide_Rest_TNFA,10,fixed_ridge,4.711264133453369,1.0592844486236572,4.831913948059082,0.07761153011308455,0.07472825626397207
guide_Rest_TNFA,10,adaptive_ridge,4.813187599182129,1.0822010040283203,4.959318161010742,0.07581658522267172,0.0785423638395438
guide_Rest_TNFA,10,controller,5.732445240020752,1.288887619972229,6.108390808105469,0.07250317575419005,0.060038033382734425
guide_Rest_TNFA,10,controller_no_feedback,5.9349212646484375,1.3344124555587769,6.361485481262207,0.058306455302238394,0.06763559924149068
guide_Rest_TNFA,10,shuffled_feedback,5.732445240020752,1.288887619972229,6.108390808105469,0.07250317575419005,0.060038033382734425
guide_Rest_TNFA,10,permuted_features,4.342951774597168,0.9764727354049683,4.371523857116699,0.06649313282759806,0.07456224711140977
guide_Rest_TNFA,11,random,4.3821916580200195,0.9852954745292664,4.33446741104126,0.08480199646633013,0.07598015546069131
guide_Rest_TNFA,11,fixed_ridge,5.067956447601318,1.1394834518432617,5.19167423248291,0.0844746897254057,0.08414775670438529
guide_Rest_TNFA,11,adaptive_ridge,4.906869411468506,1.1032644510269165,4.990314960479736,0.07895610591983662,0.08793976805841737
guide_Rest_TNFA,11,controller,5.788969993591309,1.3015966415405273,6.0929412841796875,0.06238403140277654,0.08271240030630941
guide_Rest_TNFA,11,controller_no_feedback,5.168041229248047,1.1619865894317627,5.316780090332031,0.07674596787822503,0.08254153161460867
guide_Rest_TNFA,11,shuffled_feedback,5.788969993591309,1.3015966415405273,6.0929412841796875,0.06238403140277654,0.08271240030630941
guide_Rest_TNFA,11,permuted_features,4.478398323059082,1.0069266557693481,4.454726219177246,0.09327231173875529,0.06625595820151822
guide_Rest_TNFA,12,random,4.392325401306152,0.9875739812850952,4.403141021728516,0.09487127258010146,0.07714879672660321
guide_Rest_TNFA,12,fixed_ridge,4.887795925140381,1.0989760160446167,5.0224785804748535,0.07919807962573062,0.10210029042567301
guide_Rest_TNFA,12,adaptive_ridge,4.948418617248535,1.112606406211853,5.098257064819336,0.07558286049590812,0.0750258757754541
guide_Rest_TNFA,12,controller,5.8415727615356445,1.3134238719940186,6.214699745178223,0.0698364841872631,0.06903511599220835
guide_Rest_TNFA,12,controller_no_feedback,5.987219333648682,1.346171259880066,6.396757125854492,0.07809301527211779,0.07391321536166802
guide_Rest_TNFA,12,shuffled_feedback,5.8415727615356445,1.3134238719940186,6.214699745178223,0.0698364841872631,0.06903511599220835
guide_Rest_TNFA,12,permuted_features,4.345853328704834,0.9771251678466797,4.345049858093262,0.0884748799537136,0.08109699822220232
guide_Rest_TNFA,13,random,4.3761420249938965,0.9839352965354919,4.380051612854004,0.08339605701124196,0.07114998020131955
guide_Rest_TNFA,13,fixed_ridge,5.2439446449279785,1.179052710533142,5.464805603027344,0.05815223976291095,0.06557822323278426
guide_Rest_TNFA,13,adaptive_ridge,5.3599371910095215,1.2051326036453247,5.609796524047852,0.0644432345761978,0.07258216020856648
guide_Rest_TNFA,13,controller,5.776920318603516,1.2988873720169067,6.1310248374938965,0.05847192820691399,0.07290828837157315
guide_Rest_TNFA,13,controller_no_feedback,5.97409200668335,1.3432196378707886,6.377490043640137,0.06846890941789564,0.0703748681611406
guide_Rest_TNFA,13,shuffled_feedback,5.776920318603516,1.2988873720169067,6.1310248374938965,0.05847192820691399,0.07290828837157315
guide_Rest_TNFA,13,permuted_features,4.492875099182129,1.0101816654205322,4.525968074798584,0.0839656171327048,0.0711069020738439
guide_Rest_TNFA,14,random,4.366387367248535,0.9817420244216919,4.395577430725098,0.08253746988492631,0.07337955127958799
guide_Rest_TNFA,14,fixed_ridge,4.825923442840576,1.0850645303726196,4.969997406005859,0.09126023721734391,0.07200795296922498
guide_Rest_TNFA,14,adaptive_ridge,5.0811262130737305,1.1424444913864136,5.289000988006592,0.0823688707094491,0.06487734458748906
guide_Rest_TNFA,14,controller,5.768954277038574,1.2970962524414062,6.148786544799805,0.07992022304599947,0.06912748228912013
guide_Rest_TNFA,14,controller_no_feedback,6.003159523010254,1.3497551679611206,6.441542625427246,0.06315557922619072,0.06728045742274825
guide_Rest_TNFA,14,shuffled_feedback,5.768954277038574,1.2970962524414062,6.148786544799805,0.07992022304599947,0.06912748228912013
guide_Rest_TNFA,14,permuted_features,4.250984191894531,0.9557946920394897,4.2513227462768555,0.08551833948957852,0.03726103026186921
guide_Rest_TNFA,15,random,4.4664483070373535,1.004239797592163,4.503808975219727,0.07954881265248556,0.08066731443434336
guide_Rest_TNFA,15,fixed_ridge,4.646247863769531,1.044666051864624,4.728558540344238,0.0964269457066631,0.06819589590438672
guide_Rest_TNFA,15,adaptive_ridge,5.202193260192871,1.1696653366088867,5.423490524291992,0.08805898887722685,0.07554400841946736
guide_Rest_TNFA,15,controller,5.7793288230896,1.299428939819336,6.144909858703613,0.07553075775765143,0.06267930243624106
guide_Rest_TNFA,15,controller_no_feedback,5.988793849945068,1.3465251922607422,6.406741142272949,0.06220614546973911,0.06692376809793489
guide_Rest_TNFA,15,shuffled_feedback,5.7793288230896,1.299428939819336,6.144909858703613,0.07553075775765143,0.06267930243624106
guide_Rest_TNFA,15,permuted_features,4.408718109130859,0.9912596940994263,4.43164587020874,0.07101949621029427,0.09607109033570689
guide_Rest_TNFA,16,random,4.5424485206604,1.0213277339935303,4.538707256317139,0.07530347683844545,0.05773468793357865
guide_Rest_TNFA,16,fixed_ridge,4.715266227722168,1.0601842403411865,4.754729270935059,0.08741883014854145,0.0751625926312591
guide_Rest_TNFA,16,adaptive_ridge,5.0248942375183105,1.1298012733459473,5.1417646408081055,0.07686686615834766,0.08099683669220523
guide_Rest_TNFA,16,controller,5.801970481872559,1.3045196533203125,6.113110542297363,0.0842767322433146,0.06847092804250096
guide_Rest_TNFA,16,controller_no_feedback,5.968312740325928,1.341920256614685,6.321038246154785,0.07721723569960944,0.06083606540896004
guide_Rest_TNFA,16,shuffled_feedback,5.801970481872559,1.3045196533203125,6.113110542297363,0.0842767322433146,0.06847092804250096
guide_Rest_TNFA,16,permuted_features,4.417716026306152,0.9932827949523926,4.382791519165039,0.07913247039678448,0.05209209619406992
guide_Rest_TNFA,17,random,4.4222211837768555,0.9942957758903503,4.450722694396973,0.06938648573278008,0.07913326166286841
guide_Rest_TNFA,17,fixed_ridge,5.177628993988037,1.1641422510147095,5.39498233795166,0.06249235227376979,0.08439059985307287
guide_Rest_TNFA,17,adaptive_ridge,5.030516624450684,1.1310653686523438,5.211091995239258,0.08349324560730167,0.0674216626825849
guide_Rest_TNFA,17,controller,5.816618919372559,1.307813286781311,6.193719387054443,0.06878627014872185,0.07547865677414298
guide_Rest_TNFA,17,controller_no_feedback,6.015458583831787,1.3525205850601196,6.442269325256348,0.0922554551503036,0.07092495367118484
guide_Rest_TNFA,17,shuffled_feedback,5.816618919372559,1.307813286781311,6.193719387054443,0.06878627014872185,0.07547865677414298
guide_Rest_TNFA,17,permuted_features,4.403243541717529,0.9900287985801697,4.427000045776367,0.07699168595582163,0.08241452047006666
guide_Rest_TNFA,18,random,4.390206336975098,0.9870975017547607,4.440104961395264,0.09314785225203406,0.08620492088835327
guide_Rest_TNFA,18,fixed_ridge,4.667658805847168,1.0494801998138428,4.786920547485352,0.07346942154479888,0.06422511967899294
guide_Rest_TNFA,18,adaptive_ridge,4.786384582519531,1.0761744976043701,4.935327529907227,0.07023558951076192,0.07828681911340116
guide_Rest_TNFA,18,controller,5.891186714172363,1.324579119682312,6.3163299560546875,0.08048575591472876,0.07111136577739623
guide_Rest_TNFA,18,controller_no_feedback,5.993863582611084,1.3476650714874268,6.444676399230957,0.07207486163952455,0.08084965415002933
guide_Rest_TNFA,18,shuffled_feedback,5.891186714172363,1.324579119682312,6.3163299560546875,0.08048575591472876,0.07111136577739623
guide_Rest_TNFA,18,permuted_features,4.372945785522461,0.9832166433334351,4.418529510498047,0.08204446674918789,0.07012632127833048
guide_Rest_TNFA,19,random,4.435240745544434,0.9972230792045593,4.503228664398193,0.065336306472612,0.09961079405421384
guide_Rest_TNFA,19,fixed_ridge,5.021716117858887,1.1290867328643799,5.236322402954102,0.06739385773164083,0.06363157545447509
guide_Rest_TNFA,19,adaptive_ridge,4.970371246337891,1.1175422668457031,5.1721415519714355,0.08730387933781812,0.08140460840466604
guide_Rest_TNFA,19,controller,5.797589302062988,1.3035346269607544,6.206164360046387,0.07633646375387926,0.06014287867505792
guide_Rest_TNFA,19,controller_no_feedback,5.960091590881348,1.3400717973709106,6.409292221069336,0.06847278329544304,0.07270847397973541
guide_Rest_TNFA,19,shuffled_feedback,5.797589302062988,1.3035346269607544,6.206164360046387,0.07633646375387926,0.06014287867505792
guide_Rest_TNFA,19,permuted_features,4.40474796295166,0.99036705493927,4.465112209320068,0.08101279374869122,0.04346201831658527
guide_Rest_IL2STAT5,0,random,4.568192481994629,1.027116060256958,4.570648670196533,0.04154591694888269,0.04643095270129253
guide_Rest_IL2STAT5,0,fixed_ridge,4.99020528793335,1.1220017671585083,5.098165035247803,0.047611527117827644,0.04242152632370211
guide_Rest_IL2STAT5,0,adaptive_ridge,4.918169021606445,1.1058050394058228,5.008119106292725,0.04256916024523233,0.04869565632117356
guide_Rest_IL2STAT5,0,controller,5.874289512634277,1.3207799196243286,6.203269958496094,0.03674607382001097,0.05135831322520137
guide_Rest_IL2STAT5,0,controller_no_feedback,5.995988368988037,1.3481428623199463,6.35539436340332,0.04156244638015709,0.051254491462614425
guide_Rest_IL2STAT5,0,shuffled_feedback,5.874289512634277,1.3207799196243286,6.203269958496094,0.03674607382001097,0.05135831322520137
guide_Rest_IL2STAT5,0,permuted_features,4.386495590209961,0.9862632155418396,4.343527793884277,0.0484626416117404,0.04268173308517863
guide_Rest_IL2STAT5,1,random,4.463559150695801,1.0035902261734009,4.506476402282715,0.05749088454636967,0.06891631314165034
guide_Rest_IL2STAT5,1,fixed_ridge,4.645142555236816,1.0444176197052002,4.733455657958984,0.052175239174503084,0.04939067001157989
guide_Rest_IL2STAT5,1,adaptive_ridge,4.894989967346191,1.1005934476852417,5.045764923095703,0.05231276276097616,0.051370824285997485
guide_Rest_IL2STAT5,1,controller,5.697744846343994,1.28108549118042,6.049208641052246,0.04143824958469773,0.052214088070637855
guide_Rest_IL2STAT5,1,controller_no_feedback,5.964761257171631,1.3411216735839844,6.382979393005371,0.0557365950137241,0.053070126432151296
guide_Rest_IL2STAT5,1,shuffled_feedback,5.697744846343994,1.28108549118042,6.049208641052246,0.04143824958469773,0.052214088070637855
guide_Rest_IL2STAT5,1,permuted_features,4.523595333099365,1.017088770866394,4.581521987915039,0.04919194665244318,0.0480051858314137
guide_Rest_IL2STAT5,2,random,4.571469306945801,1.0278527736663818,4.580308437347412,0.042687492802565195,0.04780478032312976
guide_Rest_IL2STAT5,2,fixed_ridge,4.587311744689941,1.0314148664474487,4.600111961364746,0.05119700428242937,0.05613609261088344
guide_Rest_IL2STAT5,2,adaptive_ridge,4.842728614807129,1.0888429880142212,4.9193830490112305,0.03947583892836154,0.04221262933341968
guide_Rest_IL2STAT5,2,controller,5.816079139709473,1.3076919317245483,6.13607120513916,0.04000482902034032,0.03927419840034403
guide_Rest_IL2STAT5,2,controller_no_feedback,5.901737213134766,1.3269513845443726,6.2431440353393555,0.03840196400671629,0.038468331899356625
guide_Rest_IL2STAT5,2,shuffled_feedback,5.816079139709473,1.3076919317245483,6.13607120513916,0.04000482902034032,0.03927419840034403
guide_Rest_IL2STAT5,2,permuted_features,4.436224937438965,0.9974443912506104,4.411253929138184,0.048276656967916456,0.04599662520682081
guide_Rest_IL2STAT5,3,random,4.415703773498535,0.9928303956985474,4.5135111808776855,0.05728894353743361,0.043913666867817405
guide_Rest_IL2STAT5,3,fixed_ridge,4.802533149719238,1.0798053741455078,4.997048377990723,0.0576023777692443,0.03702240981785809
guide_Rest_IL2STAT5,3,adaptive_ridge,4.9167070388793945,1.1054763793945312,5.139765739440918,0.05400164729409666,0.03173678615793316
guide_Rest_IL2STAT5,3,controller,5.723317623138428,1.2868353128433228,6.148029327392578,0.05206716733240291,0.046663729910159366
guide_Rest_IL2STAT5,3,controller_no_feedback,5.9872589111328125,1.3461800813674927,6.477955341339111,0.053976768967581155,0.05169151773685241
guide_Rest_IL2STAT5,3,shuffled_feedback,5.723317623138428,1.2868353128433228,6.148029327392578,0.05206716733240291,0.046663729910159366
guide_Rest_IL2STAT5,3,permuted_features,4.404947757720947,0.9904119968414307,4.50006628036499,0.04582372839314974,0.046402004886579175
guide_Rest_IL2STAT5,4,random,4.296902656555176,0.9661190509796143,4.302270889282227,0.06444212171063635,0.048169426587167996
guide_Rest_IL2STAT5,4,fixed_ridge,4.843104362487793,1.0889275074005127,4.9850239753723145,0.05115926905109673,0.05269767475745607
guide_Rest_IL2STAT5,4,adaptive_ridge,4.95248556137085,1.113520860671997,5.121750831604004,0.061268256917895315,0.04792886490631625
guide_Rest_IL2STAT5,4,controller,5.842887878417969,1.313719630241394,6.234752655029297,0.05069846073739799,0.053379716161698655
guide_Rest_IL2STAT5,4,controller_no_feedback,5.923966407775879,1.3319493532180786,6.336101531982422,0.038794859103459534,0.05388628668691139
guide_Rest_IL2STAT5,4,shuffled_feedback,5.842887878417969,1.313719630241394,6.234752655029297,0.05069846073739799,0.053379716161698655
guide_Rest_IL2STAT5,4,permuted_features,4.3892693519592285,0.9868868589401245,4.417729377746582,0.05135882265509497,0.04993354120829914
guide_Rest_IL2STAT5,5,random,4.4222283363342285,0.9942973852157593,4.430111408233643,0.04536262458375627,0.033056113057392075
guide_Rest_IL2STAT5,5,fixed_ridge,4.794032096862793,1.0778939723968506,4.894865989685059,0.0544492224970365,0.038766658226648446
guide_Rest_IL2STAT5,5,adaptive_ridge,5.07284688949585,1.1405829191207886,5.243385314941406,0.044581499284169615,0.03485264192880627
guide_Rest_IL2STAT5,5,controller,5.710971832275391,1.2840595245361328,6.041041374206543,0.04974954891970513,0.054596305089568586
guide_Rest_IL2STAT5,5,controller_no_feedback,6.048092365264893,1.3598579168319702,6.462441921234131,0.0498515478226709,0.05321895154670973
guide_Rest_IL2STAT5,5,shuffled_feedback,5.710971832275391,1.2840595245361328,6.041041374206543,0.04974954891970513,0.054596305089568586
guide_Rest_IL2STAT5,5,permuted_features,4.506808280944824,1.0133143663406372,4.535836696624756,0.050552974227038805,0.05157328584384371
guide_Rest_IL2STAT5,6,random,4.517697334289551,1.0157626867294312,4.516017436981201,0.049748478276739824,0.05198037082323918
guide_Rest_IL2STAT5,6,fixed_ridge,5.308446884155273,1.193555474281311,5.504453659057617,0.06406100474582428,0.04614007191584436
guide_Rest_IL2STAT5,6,adaptive_ridge,5.209639549255371,1.171339511871338,5.380945205688477,0.06076715685224758,0.046931597793245676
guide_Rest_IL2STAT5,6,controller,5.790077209472656,1.3018455505371094,6.106492042541504,0.04400140441174377,0.05655733692571774
guide_Rest_IL2STAT5,6,controller_no_feedback,5.982634544372559,1.3451403379440308,6.3471879959106445,0.0541372889287308,0.053757559426586964
guide_Rest_IL2STAT5,6,shuffled_feedback,5.790077209472656,1.3018455505371094,6.106492042541504,0.04400140441174377,0.05655733692571774
guide_Rest_IL2STAT5,6,permuted_features,4.382816314697266,0.985435962677002,4.347415447235107,0.04199649635826237,0.048597340887594945
guide_Rest_IL2STAT5,7,random,4.349427223205566,0.9779286980628967,4.394503116607666,0.05973114793017721,0.046877912511488457
guide_Rest_IL2STAT5,7,fixed_ridge,4.812885284423828,1.0821329355239868,4.973825454711914,0.05309634032565047,0.0492024369906151
guide_Rest_IL2STAT5,7,adaptive_ridge,5.041480541229248,1.1335304975509644,5.259570121765137,0.05293498152016536,0.04851994341928972
guide_Rest_IL2STAT5,7,controller,5.719736099243164,1.2860300540924072,6.107389450073242,0.05141854373254311,0.04966326603028234
guide_Rest_IL2STAT5,7,controller_no_feedback,5.996814727783203,1.3483285903930664,6.453737258911133,0.05360125887658962,0.049775276696328405
guide_Rest_IL2STAT5,7,shuffled_feedback,5.719736099243164,1.2860300540924072,6.107389450073242,0.05141854373254311,0.04966326603028234
guide_Rest_IL2STAT5,7,permuted_features,4.360134601593018,0.9803361892700195,4.4078874588012695,0.04765017759638303,0.05044848199818488
guide_Rest_IL2STAT5,8,random,4.450623512268066,1.000681757926941,4.41257905960083,0.050522283864803195,0.04592637900985557
guide_Rest_IL2STAT5,8,fixed_ridge,5.107515811920166,1.1483780145645142,5.233694553375244,0.038800658595420166,0.04273291624527833
guide_Rest_IL2STAT5,8,adaptive_ridge,5.262678623199463,1.1832648515701294,5.427648544311523,0.059213338916100866,0.038681861010898225
guide_Rest_IL2STAT5,8,controller,5.899959087371826,1.3265515565872192,6.224248886108398,0.04079096758951685,0.04849090307912646
guide_Rest_IL2STAT5,8,controller_no_feedback,5.9629106521606445,1.3407056331634521,6.302938461303711,0.041693786057520846,0.04825266463035066
guide_Rest_IL2STAT5,8,shuffled_feedback,5.899959087371826,1.3265515565872192,6.224248886108398,0.04079096758951685,0.04849090307912646
guide_Rest_IL2STAT5,8,permuted_features,4.408635139465332,0.9912410378456116,4.36009407043457,0.060080420066174756,0.04165880836247083
guide_Rest_IL2STAT5,9,random,4.333619117736816,0.9743744134902954,4.387293815612793,0.058108481546695276,0.05841651475155858
guide_Rest_IL2STAT5,9,fixed_ridge,4.8750834465026855,1.0961177349090576,5.064125061035156,0.0470007844332412,0.05184891027287912
guide_Rest_IL2STAT5,9,adaptive_ridge,4.9715447425842285,1.117806077003479,5.184701442718506,0.04941979089515408,0.04970420088048294
guide_Rest_IL2STAT5,9,controller,5.7613420486450195,1.2953847646713257,6.171947956085205,0.032237284622106545,0.05500111003810495
guide_Rest_IL2STAT5,9,controller_no_feedback,6.001165866851807,1.3493069410324097,6.47172737121582,0.04437940139921363,0.05587292674007769
guide_Rest_IL2STAT5,9,shuffled_feedback,5.7613420486450195,1.2953847646713257,6.171947956085205,0.032237284622106545,0.05500111003810495
guide_Rest_IL2STAT5,9,permuted_features,4.384906768798828,0.9859059453010559,4.451404094696045,0.03877530772086516,0.05063693892045151
guide_Rest_IL2STAT5,10,random,4.4576215744018555,1.0022552013397217,4.514861106872559,0.03855202618621575,0.04020662922997147
guide_Rest_IL2STAT5,10,fixed_ridge,4.740467548370361,1.0658504962921143,4.8684186935424805,0.04478329980843828,0.04594176775968191
guide_Rest_IL2STAT5,10,adaptive_ridge,4.882981300354004,1.097893476486206,5.046560287475586,0.03281078787060576,0.04684758646283219
guide_Rest_IL2STAT5,10,controller,5.732445240020752,1.288887619972229,6.108390808105469,0.04634385487535738,0.04636083790057467
guide_Rest_IL2STAT5,10,controller_no_feedback,5.9349212646484375,1.3344124555587769,6.361485481262207,0.03913758011768798,0.04729189160717996
guide_Rest_IL2STAT5,10,shuffled_feedback,5.732445240020752,1.288887619972229,6.108390808105469,0.04634385487535738,0.04636083790057467
guide_Rest_IL2STAT5,10,permuted_features,4.342951774597168,0.9764727354049683,4.371523857116699,0.0331363521843724,0.04257792035141621
guide_Rest_IL2STAT5,11,random,4.3821916580200195,0.9852954745292664,4.33446741104126,0.06047123478688193,0.04796729410996545
guide_Rest_IL2STAT5,11,fixed_ridge,4.92612361907959,1.1075935363769531,5.014383316040039,0.04168813970046718,0.05384380537264899
guide_Rest_IL2STAT5,11,adaptive_ridge,4.965415954589844,1.1164281368255615,5.063498020172119,0.0485018229514531,0.04675111489194525
guide_Rest_IL2STAT5,11,controller,5.851635932922363,1.3156864643096924,6.171272277832031,0.040107447064917735,0.05021268888146822
guide_Rest_IL2STAT5,11,controller_no_feedback,6.011899471282959,1.3517203330993652,6.371602535247803,0.04064763660609551,0.05253534409176687
guide_Rest_IL2STAT5,11,shuffled_feedback,5.851635932922363,1.3156864643096924,6.171272277832031,0.040107447064917735,0.05021268888146822
guide_Rest_IL2STAT5,11,permuted_features,4.478398323059082,1.0069266557693481,4.454726219177246,0.05317641220673007,0.04104361133578088
guide_Rest_IL2STAT5,12,random,4.392325401306152,0.9875739812850952,4.403141021728516,0.050211722067731855,0.055598103490253604
guide_Rest_IL2STAT5,12,fixed_ridge,4.7303948402404785,1.0635857582092285,4.825727462768555,0.048607606503196565,0.048509023104345246
guide_Rest_IL2STAT5,12,adaptive_ridge,5.100688934326172,1.1468429565429688,5.2885942459106445,0.05088507252200212,0.04894392918737381
guide_Rest_IL2STAT5,12,controller,5.8415727615356445,1.3134238719940186,6.214699745178223,0.03923390628960126,0.06098248231273644
guide_Rest_IL2STAT5,12,controller_no_feedback,5.987219333648682,1.346171259880066,6.396757125854492,0.05012118001375917,0.049614895372783976
guide_Rest_IL2STAT5,12,shuffled_feedback,5.8415727615356445,1.3134238719940186,6.214699745178223,0.03923390628960126,0.06098248231273644
guide_Rest_IL2STAT5,12,permuted_features,4.345853328704834,0.9771251678466797,4.345049858093262,0.05213693846416738,0.059167067428498796
guide_Rest_IL2STAT5,13,random,4.3761420249938965,0.9839352965354919,4.380051612854004,0.04176450747266313,0.04294467588495812
guide_Rest_IL2STAT5,13,fixed_ridge,4.804812908172607,1.0803179740905762,4.915890693664551,0.039675344264200905,0.04018774053480732
guide_Rest_IL2STAT5,13,adaptive_ridge,4.932679653167725,1.109067678451538,5.075724124908447,0.042989399401887944,0.05990327538831238
guide_Rest_IL2STAT5,13,controller,5.776920318603516,1.2988873720169067,6.1310248374938965,0.03169643639506413,0.05591664947995959
guide_Rest_IL2STAT5,13,controller_no_feedback,5.97409200668335,1.3432196378707886,6.377490043640137,0.03793515327685594,0.047820236237000324
guide_Rest_IL2STAT5,13,shuffled_feedback,5.776920318603516,1.2988873720169067,6.1310248374938965,0.03169643639506413,0.05591664947995959
guide_Rest_IL2STAT5,13,permuted_features,4.430348873138428,0.996123194694519,4.447810173034668,0.04634420235102483,0.03220233961766671
guide_Rest_IL2STAT5,14,random,4.366387367248535,0.9817420244216919,4.395577430725098,0.06155465019991235,0.057038826193540684
guide_Rest_IL2STAT5,14,fixed_ridge,4.712224960327148,1.0595004558563232,4.827874660491943,0.039580599784785904,0.0403749590945338
guide_Rest_IL2STAT5,14,adaptive_ridge,5.0771684646606445,1.141554594039917,5.284052848815918,0.043410388607831724,0.052689506149586805
guide_Rest_IL2STAT5,14,controller,5.768954277038574,1.2970962524414062,6.148786544799805,0.04349822709166608,0.0525719840193843
guide_Rest_IL2STAT5,14,controller_no_feedback,6.003159523010254,1.3497551679611206,6.441542625427246,0.04029956953502288,0.05455861727168647
guide_Rest_IL2STAT5,14,shuffled_feedback,5.768954277038574,1.2970962524414062,6.148786544799805,0.04349822709166608,0.0525719840193843
guide_Rest_IL2STAT5,14,permuted_features,4.250984191894531,0.9557946920394897,4.2513227462768555,0.05352853533194053,0.026363028612685063
guide_Rest_IL2STAT5,15,random,4.4664483070373535,1.004239797592163,4.503808975219727,0.05840748621847747,0.04992802341186989
guide_Rest_IL2STAT5,15,fixed_ridge,4.664607048034668,1.0487940311431885,4.751507759094238,0.07067014954716307,0.03884395084294605
guide_Rest_IL2STAT5,15,adaptive_ridge,4.942372798919678,1.1112470626831055,5.098714351654053,0.06052354897949883,0.04952414580117229
guide_Rest_IL2STAT5,15,controller,5.456085205078125,1.2267506122589111,5.7408552169799805,0.052996079225123296,0.05264471912694095
guide_Rest_IL2STAT5,15,controller_no_feedback,4.770346164703369,1.072568416595459,4.883681297302246,0.07093883027643623,0.04068054822219158
guide_Rest_IL2STAT5,15,shuffled_feedback,5.597987174987793,1.2586559057235718,5.9182329177856445,0.05342696209702604,0.048930974095308756
guide_Rest_IL2STAT5,15,permuted_features,4.437247276306152,0.9976742267608643,4.4673075675964355,0.05526732579036266,0.0373070425533845
guide_Rest_IL2STAT5,16,random,4.5424485206604,1.0213277339935303,4.538707256317139,0.04461068606527213,0.049603648224991456
guide_Rest_IL2STAT5,16,fixed_ridge,5.035534858703613,1.132193684577942,5.155065536499023,0.03947492391484893,0.06140247447646359
guide_Rest_IL2STAT5,16,adaptive_ridge,4.946053504943848,1.112074613571167,5.043212890625,0.05492529552620319,0.05932224435909613
guide_Rest_IL2STAT5,16,controller,5.771906852722168,1.2977601289749146,6.075530529022217,0.04691935433875077,0.04918177679134321
guide_Rest_IL2STAT5,16,controller_no_feedback,5.080236911773682,1.142244577407837,5.21094274520874,0.03520992524138267,0.06521029670127762
guide_Rest_IL2STAT5,16,shuffled_feedback,5.771906852722168,1.2977601289749146,6.075530529022217,0.04691935433875077,0.04918177679134321
guide_Rest_IL2STAT5,16,permuted_features,4.417716026306152,0.9932827949523926,4.382791519165039,0.048021744528436675,0.03648335259659305
guide_Rest_IL2STAT5,17,random,4.4222211837768555,0.9942957758903503,4.450722694396973,0.060389294145084225,0.04512265745558086
guide_Rest_IL2STAT5,17,fixed_ridge,4.703145503997803,1.0574589967727661,4.801877975463867,0.05892102774087007,0.03484163562796028
guide_Rest_IL2STAT5,17,adaptive_ridge,4.9302215576171875,1.1085150241851807,5.085723400115967,0.05221008773493576,0.03811612071097405
guide_Rest_IL2STAT5,17,controller,5.816618919372559,1.307813286781311,6.193719387054443,0.0418420702186821,0.04525244854529223
guide_Rest_IL2STAT5,17,controller_no_feedback,6.015458583831787,1.3525205850601196,6.442269325256348,0.06635781963661982,0.05274482986728056
guide_Rest_IL2STAT5,17,shuffled_feedback,5.816618919372559,1.307813286781311,6.193719387054443,0.0418420702186821,0.04525244854529223
guide_Rest_IL2STAT5,17,permuted_features,4.3731231689453125,0.9832565188407898,4.389349460601807,0.04309122238833613,0.04894763940504573
guide_Rest_IL2STAT5,18,random,4.390206336975098,0.9870975017547607,4.440104961395264,0.05530750948662201,0.04909919795050392
guide_Rest_IL2STAT5,18,fixed_ridge,4.74943208694458,1.0678660869598389,4.889136791229248,0.051961983828665494,0.04728705879741316
guide_Rest_IL2STAT5,18,adaptive_ridge,4.8048295974731445,1.0803217887878418,4.9583845138549805,0.05285800277920788,0.04773550206991097
guide_Rest_IL2STAT5,18,controller,5.891186714172363,1.324579119682312,6.3163299560546875,0.04442444123704739,0.049628308881146464
guide_Rest_IL2STAT5,18,controller_no_feedback,5.993863582611084,1.3476650714874268,6.444676399230957,0.04613346744863848,0.053437234765101836
guide_Rest_IL2STAT5,18,shuffled_feedback,5.891186714172363,1.324579119682312,6.3163299560546875,0.04442444123704739,0.049628308881146464
guide_Rest_IL2STAT5,18,permuted_features,4.372945785522461,0.9832166433334351,4.418529510498047,0.051851732154148976,0.04504468390030514
guide_Rest_IL2STAT5,19,random,4.435240745544434,0.9972230792045593,4.503228664398193,0.0447814722106825,0.06650800460575608
guide_Rest_IL2STAT5,19,fixed_ridge,4.783376216888428,1.075498104095459,4.938397407531738,0.05026682636719659,0.050460794223870134
guide_Rest_IL2STAT5,19,adaptive_ridge,4.988065242767334,1.1215206384658813,5.1942596435546875,0.059410540700804294,0.042402492976344255
guide_Rest_IL2STAT5,19,controller,5.797589302062988,1.3035346269607544,6.206164360046387,0.044931540329063324,0.04641637160889096
guide_Rest_IL2STAT5,19,controller_no_feedback,5.960091590881348,1.3400717973709106,6.409292221069336,0.04588636613041297,0.04860438428819892
guide_Rest_IL2STAT5,19,shuffled_feedback,5.641407489776611,1.268418550491333,6.010936737060547,0.031634135459989846,0.04986677126436672
guide_Rest_IL2STAT5,19,permuted_features,4.40474796295166,0.99036705493927,4.465112209320068,0.05278304257381463,0.025475052013734057
guide_Stim8hr_IFNG,0,random,4.5662102699279785,1.0269581079483032,4.633418083190918,0.03183283452211433,0.054875803077600205
guide_Stim8hr_IFNG,0,fixed_ridge,5.037797927856445,1.1330199241638184,5.222903251647949,0.05858916140305779,0.03589728190733266
guide_Stim8hr_IFNG,0,adaptive_ridge,5.198558807373047,1.169175624847412,5.423853874206543,0.03674022040347054,0.03710319739778313
guide_Stim8hr_IFNG,0,controller,5.635445594787598,1.2674331665039062,5.969962120056152,0.044124490688309696,0.04647471209246362
guide_Stim8hr_IFNG,0,controller_no_feedback,5.961483001708984,1.3407602310180664,6.377508640289307,0.04350580287582101,0.03688045284211769
guide_Stim8hr_IFNG,0,shuffled_feedback,5.8441386222839355,1.3143690824508667,6.230828762054443,0.05671469552388373,0.04191863817493544
guide_Stim8hr_IFNG,0,permuted_features,4.417989730834961,0.9936227202415466,4.448143005371094,0.047647304118472254,0.03466283416118387
guide_Stim8hr_IFNG,1,random,4.431308746337891,0.9966182112693787,4.379711151123047,0.037181315259117234,0.0556706366566343
guide_Stim8hr_IFNG,1,fixed_ridge,4.912441730499268,1.104826807975769,4.9811272621154785,0.04359409303482324,0.05761799561750035
guide_Stim8hr_IFNG,1,adaptive_ridge,5.268969535827637,1.1850112676620483,5.42678689956665,0.0400297635247987,0.04024909972071152
guide_Stim8hr_IFNG,1,controller,5.583821773529053,1.255822777748108,5.820352077484131,0.048914672185876876,0.03875000244465079
guide_Stim8hr_IFNG,1,controller_no_feedback,5.014764308929443,1.1278395652770996,5.109030246734619,0.036704938425547534,0.05456790572374618
guide_Stim8hr_IFNG,1,shuffled_feedback,5.587549209594727,1.256661057472229,5.82501220703125,0.05784653407682154,0.044850602852725054
guide_Stim8hr_IFNG,1,permuted_features,4.605888366699219,1.0358818769454956,4.597935199737549,0.06155932304103653,0.05147507402208216
guide_Stim8hr_IFNG,2,random,4.441336631774902,0.9988735318183899,4.387633323669434,0.052322257242155154,0.020622844379994114
guide_Stim8hr_IFNG,2,fixed_ridge,4.9672417640686035,1.1171516180038452,5.045014381408691,0.047906280601272826,0.033703356753135974
guide_Stim8hr_IFNG,2,adaptive_ridge,4.997140407562256,1.1238758563995361,5.082387924194336,0.04127660904901763,0.04161546785566771
guide_Stim8hr_IFNG,2,controller,5.771849155426025,1.298110842704773,6.0507731437683105,0.0458219938892976,0.02925970583852866
guide_Stim8hr_IFNG,2,controller_no_feedback,5.097066402435303,1.1463496685028076,5.2072954177856445,0.05040038411031374,0.039664894260620656
guide_Stim8hr_IFNG,2,shuffled_feedback,5.771849155426025,1.298110842704773,6.0507731437683105,0.0458219938892976,0.02925970583852866
guide_Stim8hr_IFNG,2,permuted_features,4.464512348175049,1.0040857791900635,4.41660213470459,0.04105660894146212,0.05159965672342557
guide_Stim8hr_IFNG,3,random,4.34083890914917,0.9762712121009827,4.293055534362793,0.036702547253508126,0.04038533242346773
guide_Stim8hr_IFNG,3,fixed_ridge,5.363905429840088,1.2063627243041992,5.5718889236450195,0.06026879717646407,0.06761175594491153
guide_Stim8hr_IFNG,3,adaptive_ridge,5.266619682312012,1.1844828128814697,5.450282096862793,0.05349485349646939,0.051167652215720706
guide_Stim8hr_IFNG,3,controller,5.690274238586426,1.2797642946243286,5.979849338531494,0.046803880369271064,0.02824434178012051
guide_Stim8hr_IFNG,3,controller_no_feedback,5.937203407287598,1.3352996110916138,6.288510799407959,0.03716065845941928,0.035346234865651215
guide_Stim8hr_IFNG,3,shuffled_feedback,5.876893043518066,1.3217356204986572,6.213122844696045,0.035657202133174234,0.045167786983698624
guide_Stim8hr_IFNG,3,permuted_features,4.432838439941406,0.9969622492790222,4.408055305480957,0.03779384773048453,0.0583841273895046
guide_Stim8hr_IFNG,4,random,4.4146623611450195,0.9928743839263916,4.40371036529541,0.046708086914446695,0.024591641970652525
guide_Stim8hr_IFNG,4,fixed_ridge,5.338014125823975,1.2005397081375122,5.557900428771973,0.038902994538074234,0.03682416166575817
guide_Stim8hr_IFNG,4,adaptive_ridge,5.03393030166626,1.1321500539779663,5.177794456481934,0.054091479918096076,0.04526758242326963
guide_Stim8hr_IFNG,4,controller,5.772191047668457,1.2981877326965332,6.100621223449707,0.05550807844480139,0.026696772415151247
guide_Stim8hr_IFNG,4,controller_no_feedback,6.034694194793701,1.3572256565093994,6.428750038146973,0.04469327572434803,0.030526662484897875
guide_Stim8hr_IFNG,4,shuffled_feedback,5.883746147155762,1.3232768774032593,6.240065097808838,0.04995116328459727,0.042945813495004606
guide_Stim8hr_IFNG,4,permuted_features,4.375951766967773,0.9841682314872742,4.355321884155273,0.04726219109583647,0.054683469969550834
guide_Stim8hr_IFNG,5,random,4.577909469604492,1.029589295387268,4.558999061584473,0.032280872871369895,0.047481885850646055
guide_Stim8hr_IFNG,5,fixed_ridge,4.736135959625244,1.0651750564575195,4.756781578063965,0.03518401894362071,0.050504160225073855
guide_Stim8hr_IFNG,5,adaptive_ridge,5.087491512298584,1.1441962718963623,5.195976257324219,0.04876988156272849,0.045818791249438
guide_Stim8hr_IFNG,5,controller,5.746674537658691,1.2924489974975586,6.019954681396484,0.050558648619896694,0.04394147485648693
guide_Stim8hr_IFNG,5,controller_no_feedback,5.9862775802612305,1.3463366031646729,6.319458961486816,0.03693942833710018,0.04443420792383137
guide_Stim8hr_IFNG,5,shuffled_feedback,5.814902305603027,1.3077936172485352,6.1052398681640625,0.04982801298201048,0.04551627148365561
guide_Stim8hr_IFNG,5,permuted_features,4.661487102508545,1.0483862161636353,4.663470268249512,0.04828226753696683,0.04831790089776945
guide_Stim8hr_IFNG,6,random,4.610145568847656,1.036839246749878,4.617855072021484,0.05454624459351169,0.05071228542623997
guide_Stim8hr_IFNG,6,fixed_ridge,4.84801721572876,1.0903375148773193,4.915194511413574,0.04809562100713184,0.04807969717143303
guide_Stim8hr_IFNG,6,adaptive_ridge,4.809123992919922,1.0815902948379517,4.866577625274658,0.05260940679698345,0.03632427680095902
guide_Stim8hr_IFNG,6,controller,5.716025352478027,1.2855558395385742,6.000205039978027,0.045197548516669094,0.04628606053898097
guide_Stim8hr_IFNG,6,controller_no_feedback,5.964672088623047,1.3414775133132935,6.311013221740723,0.041974922946527125,0.04532496884479027
guide_Stim8hr_IFNG,6,shuffled_feedback,5.716025352478027,1.2855558395385742,6.000205039978027,0.045197548516669094,0.04628606053898097
guide_Stim8hr_IFNG,6,permuted_features,4.509436130523682,1.01418936252594,4.491968154907227,0.0517238685433272,0.048032891755004865
guide_Stim8hr_IFNG,7,random,4.482314109802246,1.008089542388916,4.534666538238525,0.04833535792301254,0.05518578564231145
guide_Stim8hr_IFNG,7,fixed_ridge,4.6471381187438965,1.045159101486206,4.740696907043457,0.03192490004934952,0.024530263774542756
guide_Stim8hr_IFNG,7,adaptive_ridge,4.751226902008057,1.0685690641403198,4.870807647705078,0.009005185189772,0.047917633151672946
guide_Stim8hr_IFNG,7,controller,5.712580680847168,1.2847810983657837,6.072499752044678,0.044873797902835647,0.0318307748881987
guide_Stim8hr_IFNG,7,controller_no_feedback,5.929404258728027,1.3335455656051636,6.343528747558594,0.02468455086976316,0.05649964331723108
guide_Stim8hr_IFNG,7,shuffled_feedback,5.712580680847168,1.2847810983657837,6.072499752044678,0.044873797902835647,0.0318307748881987
guide_Stim8hr_IFNG,7,permuted_features,4.369643211364746,0.9827494025230408,4.393828392028809,0.04214867745004965,0.03983286083822324
guide_Stim8hr_IFNG,8,random,4.600698947906494,1.034714698791504,4.621215343475342,0.03758253138030858,0.053722961406705974
guide_Stim8hr_IFNG,8,fixed_ridge,4.8267645835876465,1.0855576992034912,4.9037981033325195,0.02345911722796379,0.045697490032681976
guide_Stim8hr_IFNG,8,adaptive_ridge,4.955078125,1.1144158840179443,5.064189434051514,0.054702185913471035,0.038162643112528274
guide_Stim8hr_IFNG,8,controller,5.759429931640625,1.2953177690505981,6.069629669189453,0.04554402231187286,0.050957863983768524
guide_Stim8hr_IFNG,8,controller_no_feedback,5.93491792678833,1.3347856998443604,6.288989067077637,0.03540503552351095,0.043138121366889506
guide_Stim8hr_IFNG,8,shuffled_feedback,5.759429931640625,1.2953177690505981,6.069629669189453,0.04554402231187286,0.050957863983768524
guide_Stim8hr_IFNG,8,permuted_features,4.465681552886963,1.0043487548828125,4.452443599700928,0.02752174421383865,0.038755906013107355
guide_Stim8hr_IFNG,9,random,4.597861289978027,1.0340765714645386,4.639971733093262,0.03458296413694478,0.0526344138111268
guide_Stim8hr_IFNG,9,fixed_ridge,5.038771152496338,1.1332387924194336,5.1911091804504395,0.032457351992586404,0.048936038460549856
guide_Stim8hr_IFNG,9,adaptive_ridge,5.077568054199219,1.1419644355773926,5.23960542678833,0.04360537843249903,0.05255446702264588
guide_Stim8hr_IFNG,9,controller,5.814316749572754,1.307662010192871,6.160540580749512,0.052922015230339944,0.05682844257013468
guide_Stim8hr_IFNG,9,controller_no_feedback,5.877142906188965,1.3217917680740356,6.239074230194092,0.05177057921533581,0.03641411115580655
guide_Stim8hr_IFNG,9,shuffled_feedback,5.814316749572754,1.307662010192871,6.160540580749512,0.052922015230339944,0.05682844257013468
guide_Stim8hr_IFNG,9,permuted_features,4.46760368347168,1.0047811269760132,4.477149486541748,0.03783580114872169,0.038348909857512554
guide_Stim8hr_IFNG,10,random,4.413525581359863,0.99261873960495,4.405426502227783,0.06252433751826753,0.035841021084537274
guide_Stim8hr_IFNG,10,fixed_ridge,5.344681739807129,1.2020392417907715,5.569372177124023,0.051630370568804575,0.04093012531539774
guide_Stim8hr_IFNG,10,adaptive_ridge,5.347334861755371,1.2026360034942627,5.572688102722168,0.04615638462673809,0.04960895912886715
guide_Stim8hr_IFNG,10,controller,5.80501651763916,1.305570363998413,6.1447906494140625,0.060963577563042895,0.03763104482236965
guide_Stim8hr_IFNG,10,controller_no_feedback,6.06093692779541,1.3631278276443481,6.464690685272217,0.04346740687794174,0.04869997406774198
guide_Stim8hr_IFNG,10,shuffled_feedback,5.80501651763916,1.305570363998413,6.1447906494140625,0.060963577563042895,0.03763104482236965
guide_Stim8hr_IFNG,10,permuted_features,4.483518123626709,1.0083602666854858,4.492918014526367,0.03834189010491697,0.03030349140538688
guide_Stim8hr_IFNG,11,random,4.388365745544434,0.9869601726531982,4.3664045333862305,0.043767337168070915,0.056044860029380784
guide_Stim8hr_IFNG,11,fixed_ridge,4.577430725097656,1.0294816493988037,4.60273551940918,0.058563868367087116,0.05074005311472414
guide_Stim8hr_IFNG,11,adaptive_ridge,4.814601898193359,1.082822322845459,4.899199485778809,0.060594914524656665,0.03695080742325244
guide_Stim8hr_IFNG,11,controller,5.903062343597412,1.3276212215423584,6.259775161743164,0.05446951853524216,0.048117845331583566
guide_Stim8hr_IFNG,11,controller_no_feedback,6.073408126831055,1.365932583808899,6.472707271575928,0.050285700126580846,0.05374962599252303
guide_Stim8hr_IFNG,11,shuffled_feedback,5.903062343597412,1.3276212215423584,6.259775161743164,0.05446951853524216,0.048117845331583566
guide_Stim8hr_IFNG,11,permuted_features,4.41316032409668,0.9925365447998047,4.397397518157959,0.054342870629792484,0.031807612216419645
guide_Stim8hr_IFNG,12,random,4.353615760803223,0.9791447520256042,4.33009147644043,0.03744622875406044,0.0318189471673702
guide_Stim8hr_IFNG,12,fixed_ridge,4.9905805587768555,1.1224005222320557,5.126297473907471,0.04442177079598915,0.028261094491890525
guide_Stim8hr_IFNG,12,adaptive_ridge,5.061352252960205,1.138317346572876,5.214761734008789,0.03687208588627828,0.03139351874730461
guide_Stim8hr_IFNG,12,controller,5.794699668884277,1.3032500743865967,6.13144588470459,0.047035214409631085,0.037915694315449326
guide_Stim8hr_IFNG,12,controller_no_feedback,6.017243385314941,1.353300929069519,6.40962553024292,0.04933822369169271,0.03539740437130034
guide_Stim8hr_IFNG,12,shuffled_feedback,5.794699668884277,1.3032500743865967,6.13144588470459,0.047035214409631085,0.037915694315449326
guide_Stim8hr_IFNG,12,permuted_features,4.309981346130371,0.9693312048912048,4.275548458099365,0.03548865417319248,0.04731463146522803
guide_Stim8hr_IFNG,13,random,4.437613010406494,0.9980360865592957,4.4325103759765625,0.06289392584122337,0.039678699270686
guide_Stim8hr_IFNG,13,fixed_ridge,4.9324870109558105,1.1093350648880005,5.051103115081787,0.03963878879077685,0.03690694020978777
guide_Stim8hr_IFNG,13,adaptive_ridge,5.0469231605529785,1.1350722312927246,5.19414758682251,0.0351894226502655,0.04665324488605184
guide_Stim8hr_IFNG,13,controller,5.714498043060303,1.2852123975753784,6.028616905212402,0.04922810375804364,0.04875031858402359
guide_Stim8hr_IFNG,13,controller_no_feedback,6.047487735748291,1.3601030111312866,6.44485330581665,0.04770490678842816,0.05089357628027772
guide_Stim8hr_IFNG,13,shuffled_feedback,5.714498043060303,1.2852123975753784,6.028616905212402,0.04922810375804364,0.04875031858402359
guide_Stim8hr_IFNG,13,permuted_features,4.353332996368408,0.9790811538696289,4.327159881591797,0.07411705737017467,0.044530564263973386
guide_Stim8hr_IFNG,14,random,4.415790557861328,0.9931281208992004,4.377187728881836,0.03749283013987922,0.053175639861639735
guide_Stim8hr_IFNG,14,fixed_ridge,5.1241583824157715,1.1524426937103271,5.26264762878418,0.019162419616248472,0.040193006291145715
guide_Stim8hr_IFNG,14,adaptive_ridge,5.106220245361328,1.1484084129333496,5.240224838256836,0.03271483455855415,0.034217926910067906
guide_Stim8hr_IFNG,14,controller,5.869523525238037,1.3200782537460327,6.194354057312012,0.03900652500891332,0.04660060570072425
guide_Stim8hr_IFNG,14,controller_no_feedback,6.035483360290527,1.3574031591415405,6.401803493499756,0.03822907464536977,0.04753488766363346
guide_Stim8hr_IFNG,14,shuffled_feedback,5.869523525238037,1.3200782537460327,6.194354057312012,0.03900652500891332,0.04660060570072425
guide_Stim8hr_IFNG,14,permuted_features,4.5626220703125,1.0261510610580444,4.560726642608643,0.02579735895723832,0.0394869572900934
guide_Stim8hr_IFNG,15,random,4.412281513214111,0.9923388957977295,4.397950172424316,0.04251857402318966,0.04440960922037275
guide_Stim8hr_IFNG,15,fixed_ridge,4.868083953857422,1.0948506593704224,4.967703819274902,0.03912193072662462,0.048375163130901955
guide_Stim8hr_IFNG,15,adaptive_ridge,5.0646185874938965,1.1390520334243774,5.213372230529785,0.046797920344004804,0.0449576886338367
guide_Stim8hr_IFNG,15,controller,5.7167534828186035,1.285719633102417,6.028541088104248,0.03851353164465329,0.044820198028294976
guide_Stim8hr_IFNG,15,controller_no_feedback,5.94322395324707,1.336653709411621,6.311628818511963,0.03596666594056542,0.037793093749901516
guide_Stim8hr_IFNG,15,shuffled_feedback,5.685620307922363,1.2787176370620728,5.9896240234375,0.038754070817669635,0.039468098661775676
guide_Stim8hr_IFNG,15,permuted_features,4.525378704071045,1.0177749395370483,4.5393218994140625,0.027165952504074192,0.029883174999300377
guide_Stim8hr_IFNG,16,random,4.457074165344238,1.0024129152297974,4.45540714263916,0.025715069105943584,0.04437484480505326
guide_Stim8hr_IFNG,16,fixed_ridge,5.107168197631836,1.1486215591430664,5.2680253982543945,0.0353496035064617,0.048401725318348576
guide_Stim8hr_IFNG,16,adaptive_ridge,5.215725898742676,1.1730365753173828,5.403722763061523,0.05313889858278733,0.046480116935295836
guide_Stim8hr_IFNG,16,controller,5.718955039978027,1.286214828491211,6.032758712768555,0.02656679566755877,0.045593125758163947
guide_Stim8hr_IFNG,16,controller_no_feedback,5.190334320068359,1.1673259735107422,5.371982574462891,0.037416339454124585,0.04908890116304495
guide_Stim8hr_IFNG,16,shuffled_feedback,5.718955039978027,1.286214828491211,6.032758712768555,0.02656679566755877,0.045593125758163947
guide_Stim8hr_IFNG,16,permuted_features,4.412217140197754,0.9923244118690491,4.399335861206055,0.037060724284254,0.01923819628965031
guide_Stim8hr_IFNG,17,random,4.518959999084473,1.0163313150405884,4.512214660644531,0.04646036151575565,0.04191741319084243
guide_Stim8hr_IFNG,17,fixed_ridge,4.688639163970947,1.0544928312301636,4.724312782287598,0.04896002283564529,0.04536183857023872
guide_Stim8hr_IFNG,17,adaptive_ridge,5.036793231964111,1.1327940225601196,5.159505844116211,0.04254404462564067,0.04628170226906035
guide_Stim8hr_IFNG,17,controller,5.834199905395508,1.3121337890625,6.156264305114746,0.04759246745891286,0.03298326127321832
guide_Stim8hr_IFNG,17,controller_no_feedback,6.090209007263184,1.36971116065979,6.476276397705078,0.04601250763870455,0.04344453208523945
guide_Stim8hr_IFNG,17,shuffled_feedback,5.834199905395508,1.3121337890625,6.156264305114746,0.04759246745891286,0.03298326127321832
guide_Stim8hr_IFNG,17,permuted_features,4.5654120445251465,1.0267785787582397,4.570280075073242,0.03924012535323666,0.05202315108646174
guide_Stim8hr_IFNG,18,random,4.419900894165039,0.994052529335022,4.459899425506592,0.02750147573820482,0.05133318886817946
guide_Stim8hr_IFNG,18,fixed_ridge,5.057232856750488,1.1373909711837769,5.256563663482666,0.031301615831996824,0.057802410869049546
guide_Stim8hr_IFNG,18,adaptive_ridge,5.22348165512085,1.1747809648513794,5.4643754959106445,0.02914476954277393,0.04138292595511493
guide_Stim8hr_IFNG,18,controller,5.775114059448242,1.2988451719284058,6.153915882110596,0.0502957693336617,0.04352127021574664
guide_Stim8hr_IFNG,18,controller_no_feedback,5.969948768615723,1.3426642417907715,6.397458553314209,0.04087693114950301,0.04306946678620206
guide_Stim8hr_IFNG,18,shuffled_feedback,5.775114059448242,1.2988451719284058,6.153915882110596,0.0502957693336617,0.04352127021574664
guide_Stim8hr_IFNG,18,permuted_features,4.436936378479004,0.9978839159011841,4.481194496154785,0.03676342941595887,0.037495485177587086
guide_Stim8hr_IFNG,19,random,4.373074054718018,0.9835209846496582,4.355938911437988,0.050051074983791265,0.03248405201329652
guide_Stim8hr_IFNG,19,fixed_ridge,5.088657379150391,1.1444584131240845,5.250418186187744,0.049090306224318946,0.04060315846703214
guide_Stim8hr_IFNG,19,adaptive_ridge,5.26747989654541,1.1846762895584106,5.473946571350098,0.048207977220399406,0.0485913267929717
guide_Stim8hr_IFNG,19,controller,5.682063102722168,1.2779176235198975,5.992175102233887,0.037237339084282575,0.039900915127863375
guide_Stim8hr_IFNG,19,controller_no_feedback,5.115843772888184,1.1505727767944336,5.284400939941406,0.04665374335551652,0.036416127224331775
guide_Stim8hr_IFNG,19,shuffled_feedback,5.682063102722168,1.2779176235198975,5.992175102233887,0.037237339084282575,0.039900915127863375
guide_Stim8hr_IFNG,19,permuted_features,4.303757667541504,0.9679315090179443,4.269292831420898,0.05569295340226708,0.03130563819737855
guide_Stim8hr_TNFA,0,random,4.5662102699279785,1.0269581079483032,4.633418083190918,0.02861626314673592,0.048547236032907164
guide_Stim8hr_TNFA,0,fixed_ridge,4.921176910400391,1.106791377067566,5.077126502990723,0.04268137862092595,0.02956862320603878
guide_Stim8hr_TNFA,0,adaptive_ridge,5.040148735046387,1.133548617362976,5.225841045379639,0.048112760431279836,0.021579052044684528
guide_Stim8hr_TNFA,0,controller,5.8441386222839355,1.3143690824508667,6.230828762054443,0.03675287859285674,0.028970454421756987
guide_Stim8hr_TNFA,0,controller_no_feedback,5.961483001708984,1.3407602310180664,6.377508640289307,0.03751693500461965,0.026910096499298403
guide_Stim8hr_TNFA,0,shuffled_feedback,5.8441386222839355,1.3143690824508667,6.230828762054443,0.03675287859285674,0.028970454421756987
guide_Stim8hr_TNFA,0,permuted_features,4.3722758293151855,0.9833415150642395,4.391000270843506,0.04350766203858443,0.04004850860531805
guide_Stim8hr_TNFA,1,random,4.431308746337891,0.9966182112693787,4.379711151123047,0.04668538794594916,0.03825592079234615
guide_Stim8hr_TNFA,1,fixed_ridge,5.178754806518555,1.1647217273712158,5.314018726348877,0.021550091390413313,0.033419440147892776
guide_Stim8hr_TNFA,1,adaptive_ridge,5.211373805999756,1.172057867050171,5.354792594909668,0.035943739398618814,0.03769329677690405
guide_Stim8hr_TNFA,1,controller,5.734675407409668,1.289750337600708,6.008919715881348,0.03749004646097734,0.04180104190669296
guide_Stim8hr_TNFA,1,controller_no_feedback,5.942633152008057,1.336520791053772,6.268866062164307,0.026346486799923907,0.03380479232549864
guide_Stim8hr_TNFA,1,shuffled_feedback,5.734675407409668,1.289750337600708,6.008919715881348,0.03749004646097734,0.04180104190669296
guide_Stim8hr_TNFA,1,permuted_features,4.605888366699219,1.0358818769454956,4.597935199737549,0.02532410673742443,0.033909330537344115
guide_Stim8hr_TNFA,2,random,4.441336631774902,0.9988735318183899,4.387633323669434,0.054614788572177185,0.024226039149305927
guide_Stim8hr_TNFA,2,fixed_ridge,5.150941848754883,1.1584664583206177,5.27463960647583,0.03427934178938443,0.05442226850042733
guide_Stim8hr_TNFA,2,adaptive_ridge,5.230385780334473,1.1763336658477783,5.373944282531738,0.0422387175804534,0.0503779252947981
guide_Stim8hr_TNFA,2,controller,5.79421329498291,1.303140640258789,6.078728675842285,0.033241111823596126,0.039740809511181384
guide_Stim8hr_TNFA,2,controller_no_feedback,5.265757083892822,1.1842888593673706,5.418158531188965,0.03765769299425619,0.053002239311531876
guide_Stim8hr_TNFA,2,shuffled_feedback,5.79421329498291,1.303140640258789,6.078728675842285,0.033241111823596126,0.039740809511181384
guide_Stim8hr_TNFA,2,permuted_features,4.464512348175049,1.0040857791900635,4.41660213470459,0.04052172940590908,0.04632914931449383
guide_Stim8hr_TNFA,3,random,4.34083890914917,0.9762712121009827,4.293055534362793,0.026794160648414868,0.026717211631332127
guide_Stim8hr_TNFA,3,fixed_ridge,5.1973066329956055,1.1688940525054932,5.363640785217285,0.02453660168040638,0.01865136760849555
guide_Stim8hr_TNFA,3,adaptive_ridge,5.3713274002075195,1.2080320119857788,5.5811662673950195,0.03499702943029546,0.033247269314108915
guide_Stim8hr_TNFA,3,controller,5.876893043518066,1.3217356204986572,6.213122844696045,0.031256332444340174,0.02826590888351902
guide_Stim8hr_TNFA,3,controller_no_feedback,5.937203407287598,1.3352996110916138,6.288510799407959,0.027759951281717876,0.02257009088797074
guide_Stim8hr_TNFA,3,shuffled_feedback,5.876893043518066,1.3217356204986572,6.213122844696045,0.031256332444340174,0.02826590888351902
guide_Stim8hr_TNFA,3,permuted_features,4.432838439941406,0.9969622492790222,4.408055305480957,0.05086131618996963,0.03570719709088329
guide_Stim8hr_TNFA,4,random,4.4146623611450195,0.9928743839263916,4.40371036529541,0.042334531072998435,0.0381612807439858
guide_Stim8hr_TNFA,4,fixed_ridge,5.027380466461182,1.1306769847869873,5.169607162475586,0.03639412173080789,0.041366844257131816
guide_Stim8hr_TNFA,4,adaptive_ridge,5.086584568023682,1.1439921855926514,5.243612766265869,0.04128917951518136,0.043347745555910276
guide_Stim8hr_TNFA,4,controller,5.883746147155762,1.3232768774032593,6.240065097808838,0.04409559158916846,0.031897346086459055
guide_Stim8hr_TNFA,4,controller_no_feedback,6.034694194793701,1.3572256565093994,6.428750038146973,0.03283487184809882,0.025167556965733296
guide_Stim8hr_TNFA,4,shuffled_feedback,5.883746147155762,1.3232768774032593,6.240065097808838,0.04409559158916846,0.031897346086459055
guide_Stim8hr_TNFA,4,permuted_features,4.375951766967773,0.9841682314872742,4.355321884155273,0.03788069927690552,0.05673192268755961
guide_Stim8hr_TNFA,5,random,4.577909469604492,1.029589295387268,4.558999061584473,0.04598375528878935,0.03244333375907269
guide_Stim8hr_TNFA,5,fixed_ridge,4.9472246170043945,1.11264967918396,5.02064323425293,0.021401920617490303,0.03842522514139412
guide_Stim8hr_TNFA,5,adaptive_ridge,5.370484828948975,1.207842469215393,5.549717903137207,0.03820111028045177,0.035264644458923314
guide_Stim8hr_TNFA,5,controller,5.814902305603027,1.3077936172485352,6.1052398681640625,0.03104420731496612,0.02075951923224104
guide_Stim8hr_TNFA,5,controller_no_feedback,5.9862775802612305,1.3463366031646729,6.319458961486816,0.028519740845549608,0.030096055717939697
guide_Stim8hr_TNFA,5,shuffled_feedback,5.814902305603027,1.3077936172485352,6.1052398681640625,0.03104420731496612,0.02075951923224104
guide_Stim8hr_TNFA,5,permuted_features,4.661487102508545,1.0483862161636353,4.663470268249512,0.038419193430569716,0.025720255799775216
guide_Stim8hr_TNFA,6,random,4.610145568847656,1.036839246749878,4.617855072021484,0.041032779210654444,0.049369683841038056
guide_Stim8hr_TNFA,6,fixed_ridge,4.963351726531982,1.116276741027832,5.059362411499023,0.021382487819502798,0.03383085389281261
guide_Stim8hr_TNFA,6,adaptive_ridge,4.917466640472412,1.10595703125,5.002006530761719,0.028474567289024734,0.032080532184181956
guide_Stim8hr_TNFA,6,controller,5.724149703979492,1.2873830795288086,6.010359764099121,0.024078775758716843,0.03189618465077747
guide_Stim8hr_TNFA,6,controller_no_feedback,5.036438941955566,1.1327142715454102,5.150720596313477,0.02167626356031848,0.034376562612225645
guide_Stim8hr_TNFA,6,shuffled_feedback,5.724149703979492,1.2873830795288086,6.010359764099121,0.024078775758716843,0.03189618465077747
guide_Stim8hr_TNFA,6,permuted_features,4.509436130523682,1.01418936252594,4.491968154907227,0.03179797378920333,0.04021855675813076
guide_Stim8hr_TNFA,7,random,4.482314109802246,1.008089542388916,4.534666538238525,0.03883822923768739,0.03817917247004086
guide_Stim8hr_TNFA,7,fixed_ridge,4.583308219909668,1.0308034420013428,4.660910129547119,0.03534852615305718,0.05651472077506947
guide_Stim8hr_TNFA,7,adaptive_ridge,4.689157009124756,1.0546092987060547,4.793220520019531,0.038490059438973746,0.058187226956812686
guide_Stim8hr_TNFA,7,controller,5.712580680847168,1.2847810983657837,6.072499752044678,0.04225083713230386,0.033974776970257865
guide_Stim8hr_TNFA,7,controller_no_feedback,5.929404258728027,1.3335455656051636,6.343528747558594,0.03136309948580017,0.029317831413656792
guide_Stim8hr_TNFA,7,shuffled_feedback,5.697140693664551,1.281308650970459,6.053199768066406,0.03000473810110734,0.02793856067765026
guide_Stim8hr_TNFA,7,permuted_features,4.37876558303833,0.9848010540008545,4.405230522155762,0.042662464272855985,0.03995597306298956
guide_Stim8hr_TNFA,8,random,4.600698947906494,1.034714698791504,4.621215343475342,0.03202228950131547,0.04601588669723652
guide_Stim8hr_TNFA,8,fixed_ridge,5.143847465515137,1.1568708419799805,5.300151824951172,0.022881804636540694,0.061578166109917995
guide_Stim8hr_TNFA,8,adaptive_ridge,5.07510232925415,1.1414098739624023,5.21422004699707,0.02595934405742491,0.05095818582517124
guide_Stim8hr_TNFA,8,controller,5.759429931640625,1.2953177690505981,6.069629669189453,0.028342663798315505,0.03449367501523861
guide_Stim8hr_TNFA,8,controller_no_feedback,5.93491792678833,1.3347856998443604,6.288989067077637,0.011021926328906037,0.03875785754872352
guide_Stim8hr_TNFA,8,shuffled_feedback,5.759429931640625,1.2953177690505981,6.069629669189453,0.028342663798315505,0.03449367501523861
guide_Stim8hr_TNFA,8,permuted_features,4.401190757751465,0.989844560623169,4.371830463409424,0.027399893547664672,0.04447080344805512
guide_Stim8hr_TNFA,9,random,4.597861289978027,1.0340765714645386,4.639971733093262,0.04948330310901946,0.028053021279363387
guide_Stim8hr_TNFA,9,fixed_ridge,4.998846530914307,1.1242595911026,5.141203880310059,0.029590807553324668,0.03740324531735855
guide_Stim8hr_TNFA,9,adaptive_ridge,5.235509395599365,1.1774860620498657,5.4370317459106445,0.03377243627825617,0.03348680898335673
guide_Stim8hr_TNFA,9,controller,5.814316749572754,1.307662010192871,6.160540580749512,0.04181816562695288,0.0177875203224755
guide_Stim8hr_TNFA,9,controller_no_feedback,5.877142906188965,1.3217917680740356,6.239074230194092,0.032698270368528244,0.04539754792980335
guide_Stim8hr_TNFA,9,shuffled_feedback,5.814316749572754,1.307662010192871,6.160540580749512,0.04181816562695288,0.0177875203224755
guide_Stim8hr_TNFA,9,permuted_features,4.46760368347168,1.0047811269760132,4.477149486541748,0.04202430822191676,0.023163109092337177
guide_Stim8hr_TNFA,10,random,4.413525581359863,0.99261873960495,4.405426502227783,0.033761871338653104,0.0500480788267064
guide_Stim8hr_TNFA,10,fixed_ridge,5.0517377853393555,1.136155128479004,5.203192710876465,0.0529289819151312,0.032264128144055625
guide_Stim8hr_TNFA,10,adaptive_ridge,5.070224761962891,1.140312910079956,5.226301193237305,0.04648414798976438,0.03857046822326708
guide_Stim8hr_TNFA,10,controller,5.80501651763916,1.305570363998413,6.1447906494140625,0.03954869758871584,0.030991641241012315
guide_Stim8hr_TNFA,10,controller_no_feedback,6.06093692779541,1.3631278276443481,6.464690685272217,0.022175732175280627,0.03092957059331819
guide_Stim8hr_TNFA,10,shuffled_feedback,5.80501651763916,1.305570363998413,6.1447906494140625,0.03954869758871584,0.030991641241012315
guide_Stim8hr_TNFA,10,permuted_features,4.4145917892456055,0.9928585290908813,4.406759262084961,0.048217805767243806,0.04974709472319642
guide_Stim8hr_TNFA,11,random,4.388365745544434,0.9869601726531982,4.3664045333862305,0.049099913506039844,0.032311362136699745
guide_Stim8hr_TNFA,11,fixed_ridge,4.738389015197754,1.0656816959381104,4.803933143615723,0.05094693654772382,0.03141267657711172
guide_Stim8hr_TNFA,11,adaptive_ridge,5.209308624267578,1.1715933084487915,5.392582893371582,0.042720767468046685,0.020024795998819428
guide_Stim8hr_TNFA,11,controller,5.71770715713501,1.2859340906143188,6.028080940246582,0.05555437838454234,0.028492733314053803
guide_Stim8hr_TNFA,11,controller_no_feedback,6.073408126831055,1.365932583808899,6.472707271575928,0.024266038945672974,0.023088312003701678
guide_Stim8hr_TNFA,11,shuffled_feedback,5.903062343597412,1.3276212215423584,6.259775161743164,0.0472745652769473,0.02587277514758466
guide_Stim8hr_TNFA,11,permuted_features,4.41316032409668,0.9925365447998047,4.397397518157959,0.04781859350931309,0.008941841901599534
guide_Stim8hr_TNFA,12,random,4.353615760803223,0.9791447520256042,4.33009147644043,0.033972904597293976,0.018132675515256557
guide_Stim8hr_TNFA,12,fixed_ridge,4.982799530029297,1.1206506490707397,5.116570472717285,0.04328334727403328,0.034329455211154436
guide_Stim8hr_TNFA,12,adaptive_ridge,4.7269792556762695,1.0631155967712402,4.796795845031738,0.036669779413601944,0.031405888651950174
guide_Stim8hr_TNFA,12,controller,5.794699668884277,1.3032500743865967,6.13144588470459,0.03700416650965658,0.03974835890825208
guide_Stim8hr_TNFA,12,controller_no_feedback,6.017243385314941,1.353300929069519,6.40962553024292,0.02392846327241338,0.03909550660258332
guide_Stim8hr_TNFA,12,shuffled_feedback,5.794699668884277,1.3032500743865967,6.13144588470459,0.03700416650965658,0.03974835890825208
guide_Stim8hr_TNFA,12,permuted_features,4.309981346130371,0.9693312048912048,4.275548458099365,0.02466706965564881,0.05029365466685196
guide_Stim8hr_TNFA,13,random,4.437613010406494,0.9980360865592957,4.4325103759765625,0.04959300758828843,0.043161579965768714
guide_Stim8hr_TNFA,13,fixed_ridge,5.189803123474121,1.1672065258026123,5.372748374938965,0.061969998423363135,0.044946472132394645
guide_Stim8hr_TNFA,13,adaptive_ridge,5.2881975173950195,1.189335823059082,5.49574089050293,0.04490593728673839,0.05145059027050915
guide_Stim8hr_TNFA,13,controller,5.714498043060303,1.2852123975753784,6.028616905212402,0.030191129245333626,0.03651077605183524
guide_Stim8hr_TNFA,13,controller_no_feedback,6.047487735748291,1.3601030111312866,6.44485330581665,0.029725373336120353,0.024752268255606565
guide_Stim8hr_TNFA,13,shuffled_feedback,5.714498043060303,1.2852123975753784,6.028616905212402,0.030191129245333626,0.03651077605183524
guide_Stim8hr_TNFA,13,permuted_features,4.353332996368408,0.9790811538696289,4.327159881591797,0.037473985161930554,0.03071336597683072
guide_Stim8hr_TNFA,14,random,4.415790557861328,0.9931281208992004,4.377187728881836,0.03829824379011158,0.049100441549582555
guide_Stim8hr_TNFA,14,fixed_ridge,4.700629234313965,1.0571894645690918,4.733236312866211,0.02308954168596131,0.04066024381965233
guide_Stim8hr_TNFA,14,adaptive_ridge,4.9531707763671875,1.1139869689941406,5.048912525177002,0.04921775222828886,0.04932176512200158
guide_Stim8hr_TNFA,14,controller,5.869523525238037,1.3200782537460327,6.194354057312012,0.023936863096637846,0.028798883576156065
guide_Stim8hr_TNFA,14,controller_no_feedback,6.035483360290527,1.3574031591415405,6.401803493499756,0.028034525747808143,0.03256283008667281
guide_Stim8hr_TNFA,14,shuffled_feedback,5.6917619705200195,1.2800989151000977,5.972151756286621,0.021306115966065336,0.034494103073161926
guide_Stim8hr_TNFA,14,permuted_features,4.5626220703125,1.0261510610580444,4.560726642608643,0.030054856338615422,0.02822020514882022
guide_Stim8hr_TNFA,15,random,4.412281513214111,0.9923388957977295,4.397950172424316,0.04205194396686385,0.016200377844132256
guide_Stim8hr_TNFA,15,fixed_ridge,4.992032051086426,1.1227270364761353,5.122638702392578,0.0447882671969291,0.03821065422390939
guide_Stim8hr_TNFA,15,adaptive_ridge,5.147810459136963,1.1577621698379517,5.317361831665039,0.03374297966015573,0.0343329959899389
guide_Stim8hr_TNFA,15,controller,5.7167534828186035,1.285719633102417,6.028541088104248,0.03506383929162915,0.03302414457260355
guide_Stim8hr_TNFA,15,controller_no_feedback,5.94322395324707,1.336653709411621,6.311628818511963,0.035607967970633314,0.027011110231656116
guide_Stim8hr_TNFA,15,shuffled_feedback,5.7167534828186035,1.285719633102417,6.028541088104248,0.03506383929162915,0.03302414457260355
guide_Stim8hr_TNFA,15,permuted_features,4.519165992736816,1.0163776874542236,4.531555652618408,0.03396462577618552,0.03795475118522731
guide_Stim8hr_TNFA,16,random,4.457074165344238,1.0024129152297974,4.45540714263916,0.03818754697244763,0.032444579251670325
guide_Stim8hr_TNFA,16,fixed_ridge,4.964427947998047,1.1165187358856201,5.089600086212158,0.04083662987769354,0.037587514535392004
guide_Stim8hr_TNFA,16,adaptive_ridge,5.013975620269775,1.127662181854248,5.151534080505371,0.0434284345986975,0.03729030206055828
guide_Stim8hr_TNFA,16,controller,5.838027477264404,1.3129945993423462,6.1815996170043945,0.04736055424284406,0.014407868368104728
guide_Stim8hr_TNFA,16,controller_no_feedback,6.015805244445801,1.3529775142669678,6.40382194519043,0.02743753190912159,0.01648785672151918
guide_Stim8hr_TNFA,16,shuffled_feedback,5.838027477264404,1.3129945993423462,6.1815996170043945,0.04736055424284406,0.014407868368104728
guide_Stim8hr_TNFA,16,permuted_features,4.4289116859436035,0.9960790872573853,4.420204162597656,0.03889565802795112,0.02830862453315245
guide_Stim8hr_TNFA,17,random,4.518959999084473,1.0163313150405884,4.512214660644531,0.0238223983983061,0.024137033152530733
guide_Stim8hr_TNFA,17,fixed_ridge,4.665010929107666,1.0491787195205688,4.6947784423828125,0.0355315277039151,0.045946040431912104
guide_Stim8hr_TNFA,17,adaptive_ridge,5.091045379638672,1.1449954509735107,5.227321624755859,0.004324451880625887,0.03384381010078875
guide_Stim8hr_TNFA,17,controller,5.834199905395508,1.3121337890625,6.156264305114746,0.013232437636930255,0.01692187229262106
guide_Stim8hr_TNFA,17,controller_no_feedback,6.090209007263184,1.36971116065979,6.476276397705078,0.011081194121550352,0.017169768980064216
guide_Stim8hr_TNFA,17,shuffled_feedback,5.834199905395508,1.3121337890625,6.156264305114746,0.013232437636930255,0.01692187229262106
guide_Stim8hr_TNFA,17,permuted_features,4.5654120445251465,1.0267785787582397,4.570280075073242,0.026434889912044613,0.02931757467732708
guide_Stim8hr_TNFA,18,random,4.419900894165039,0.994052529335022,4.459899425506592,0.044710195372277446,0.03273449157585205
guide_Stim8hr_TNFA,18,fixed_ridge,4.891119480133057,1.1000313758850098,5.048922538757324,0.030855456774387204,0.04768108167500813
guide_Stim8hr_TNFA,18,adaptive_ridge,5.066445827484131,1.139462947845459,5.268080711364746,0.048097574085116515,0.0340402864119121
guide_Stim8hr_TNFA,18,controller,5.775114059448242,1.2988451719284058,6.153915882110596,0.0490852602145429,0.02437057847436766
guide_Stim8hr_TNFA,18,controller_no_feedback,5.969948768615723,1.3426642417907715,6.397458553314209,0.019750718998946048,0.022301050852494328
guide_Stim8hr_TNFA,18,shuffled_feedback,5.640384197235107,1.2685438394546509,5.985503673553467,0.03701126252380449,0.03558215001656787
guide_Stim8hr_TNFA,18,permuted_features,4.436936378479004,0.9978839159011841,4.481194496154785,0.029209566670550902,0.045041246487980656
guide_Stim8hr_TNFA,19,random,4.373074054718018,0.9835209846496582,4.355938911437988,0.022222493752785302,0.04395607456490317
guide_Stim8hr_TNFA,19,fixed_ridge,4.723721504211426,1.0623829364776611,4.794247627258301,0.031930968761899714,0.03402508898956835
guide_Stim8hr_TNFA,19,adaptive_ridge,4.947532653808594,1.112718939781189,5.07401180267334,0.03232783504871638,0.027963665892208854
guide_Stim8hr_TNFA,19,controller,5.802227020263672,1.3049429655075073,6.142380237579346,0.03601456830912263,0.031148250562717316
guide_Stim8hr_TNFA,19,controller_no_feedback,6.01693058013916,1.353230595588684,6.410758972167969,0.016888149037772145,0.03608126042486996
guide_Stim8hr_TNFA,19,shuffled_feedback,5.802227020263672,1.3049429655075073,6.142380237579346,0.03601456830912263,0.031148250562717316
guide_Stim8hr_TNFA,19,permuted_features,4.416529178619385,0.9932942390441895,4.410257339477539,0.03911447775968717,0.033591199260230055
guide_Stim8hr_IL2STAT5,0,random,4.5662102699279785,1.0269581079483032,4.633418083190918,0.01969076325961757,0.023783128739312293
guide_Stim8hr_IL2STAT5,0,fixed_ridge,4.85038948059082,1.0908710956573486,4.988641738891602,0.00579857996497901,0.0039914804956572405
guide_Stim8hr_IL2STAT5,0,adaptive_ridge,5.060380458831787,1.1380988359451294,5.251131057739258,0.02015086840524919,0.009555726407941773
guide_Stim8hr_IL2STAT5,0,controller,5.8441386222839355,1.3143690824508667,6.230828762054443,0.010049101558511773,0.008202154745482802
guide_Stim8hr_IL2STAT5,0,controller_no_feedback,5.961483001708984,1.3407602310180664,6.377508640289307,0.01606204300050717,0.010834571754051305
guide_Stim8hr_IL2STAT5,0,shuffled_feedback,5.8441386222839355,1.3143690824508667,6.230828762054443,0.010049101558511773,0.008202154745482802
guide_Stim8hr_IL2STAT5,0,permuted_features,4.3722758293151855,0.9833415150642395,4.391000270843506,0.013462263448283968,0.005885428751420835
guide_Stim8hr_IL2STAT5,1,random,4.431308746337891,0.9966182112693787,4.379711151123047,0.005423796724248508,0.012127528444454801
guide_Stim8hr_IL2STAT5,1,fixed_ridge,4.975676536560059,1.1190485954284668,5.060171127319336,0.008432924330029411,0.011757449353262535
guide_Stim8hr_IL2STAT5,1,adaptive_ridge,5.121730327606201,1.1518967151641846,5.242737770080566,0.011887262828797747,0.00867130974743344
guide_Stim8hr_IL2STAT5,1,controller,5.734675407409668,1.289750337600708,6.008919715881348,0.007978692994317556,0.00973741952981142
guide_Stim8hr_IL2STAT5,1,controller_no_feedback,5.942633152008057,1.336520791053772,6.268866062164307,0.012663475798002066,0.010120540034803208
guide_Stim8hr_IL2STAT5,1,shuffled_feedback,5.734675407409668,1.289750337600708,6.008919715881348,0.007978692994317556,0.00973741952981142
guide_Stim8hr_IL2STAT5,1,permuted_features,4.605888366699219,1.0358818769454956,4.597935199737549,0.008430065802566515,0.021377605943334536
guide_Stim8hr_IL2STAT5,2,random,4.441336631774902,0.9988735318183899,4.387633323669434,0.016384232159577204,0.013456787362536915
guide_Stim8hr_IL2STAT5,2,fixed_ridge,4.942046165466309,1.1114850044250488,5.013520240783691,0.014502161518112714,0.014632473317725363
guide_Stim8hr_IL2STAT5,2,adaptive_ridge,4.9833984375,1.1207852363586426,5.065209865570068,0.007783135030473477,0.021566420662368753
guide_Stim8hr_IL2STAT5,2,controller,5.712789535522461,1.2848280668258667,5.9769487380981445,0.009575049018837564,0.008355426553310062
guide_Stim8hr_IL2STAT5,2,controller_no_feedback,5.102036952972412,1.1474674940109253,5.213508129119873,0.013135553058217767,0.014037572105922694
guide_Stim8hr_IL2STAT5,2,shuffled_feedback,5.712789535522461,1.2848280668258667,5.9769487380981445,0.009575049018837564,0.008355426553310062
guide_Stim8hr_IL2STAT5,2,permuted_features,4.464512348175049,1.0040857791900635,4.41660213470459,0.01906952932057692,0.0182597465200674
guide_Stim8hr_IL2STAT5,3,random,4.34083890914917,0.9762712121009827,4.293055534362793,0.014304584511255852,0.01977659098320316
guide_Stim8hr_IL2STAT5,3,fixed_ridge,5.094897747039795,1.1458618640899658,5.235629081726074,0.019170293127712883,0.020658479472212166
guide_Stim8hr_IL2STAT5,3,adaptive_ridge,4.954502105712891,1.1142864227294922,5.0601348876953125,0.023246990138004055,0.01970538988416739
guide_Stim8hr_IL2STAT5,3,controller,5.876893043518066,1.3217356204986572,6.213122844696045,0.009389691197597371,0.013483980028000673
guide_Stim8hr_IL2STAT5,3,controller_no_feedback,5.937203407287598,1.3352996110916138,6.288510799407959,0.017121817579340205,0.007333287994501891
guide_Stim8hr_IL2STAT5,3,shuffled_feedback,5.74268913269043,1.2915526628494263,6.045368194580078,0.013074475283122087,0.017802496495144832
guide_Stim8hr_IL2STAT5,3,permuted_features,4.432838439941406,0.9969622492790222,4.408055305480957,0.015863238498116813,0.017391771759062563
guide_Stim8hr_IL2STAT5,4,random,4.4146623611450195,0.9928743839263916,4.40371036529541,0.008884920357382874,0.008225637070460614
guide_Stim8hr_IL2STAT5,4,fixed_ridge,5.116086006164551,1.1506272554397583,5.280489444732666,0.002228122398607895,0.010820109369298381
guide_Stim8hr_IL2STAT5,4,adaptive_ridge,5.11498498916626,1.1503796577453613,5.279113292694092,0.0030135185803114354,0.015964577787583336
guide_Stim8hr_IL2STAT5,4,controller,5.716067314147949,1.2855652570724487,6.030466079711914,0.011754898836807864,0.007798380212145406
guide_Stim8hr_IL2STAT5,4,controller_no_feedback,6.034694194793701,1.3572256565093994,6.428750038146973,0.015418559464087128,-0.00045164617609896667
guide_Stim8hr_IL2STAT5,4,shuffled_feedback,5.758841514587402,1.2951854467391968,6.083934307098389,0.002229774571886857,0.008740350858591804
guide_Stim8hr_IL2STAT5,4,permuted_features,4.375951766967773,0.9841682314872742,4.355321884155273,0.004013222194083513,0.018957040195765194
guide_Stim8hr_IL2STAT5,5,random,4.577909469604492,1.029589295387268,4.558999061584473,0.01608930237965071,0.0115032248009066
guide_Stim8hr_IL2STAT5,5,fixed_ridge,5.107697486877441,1.1487406492233276,5.221234321594238,0.010793028953221675,0.012450053296703888
guide_Stim8hr_IL2STAT5,5,adaptive_ridge,5.2370405197143555,1.1778303384780884,5.382912635803223,0.013080096202773806,0.019196205942056697
guide_Stim8hr_IL2STAT5,5,controller,5.814902305603027,1.3077936172485352,6.1052398681640625,0.017464799489875078,0.000907489297686443
guide_Stim8hr_IL2STAT5,5,controller_no_feedback,5.9862775802612305,1.3463366031646729,6.319458961486816,0.014006050971547595,0.009658785908021916
guide_Stim8hr_IL2STAT5,5,shuffled_feedback,5.814902305603027,1.3077936172485352,6.1052398681640625,0.017464799489875078,0.000907489297686443
guide_Stim8hr_IL2STAT5,5,permuted_features,4.661487102508545,1.0483862161636353,4.663470268249512,0.018555915890726027,0.014320700643407647
guide_Stim8hr_IL2STAT5,6,random,4.610145568847656,1.036839246749878,4.617855072021484,0.012868257686891305,0.019164383597350235
guide_Stim8hr_IL2STAT5,6,fixed_ridge,4.768277645111084,1.0724037885665894,4.815520286560059,0.007808327030987114,0.006251717861013482
guide_Stim8hr_IL2STAT5,6,adaptive_ridge,5.087383270263672,1.1441718339920044,5.214402198791504,0.011615494979756629,0.010058182529409727
guide_Stim8hr_IL2STAT5,6,controller,5.716025352478027,1.2855558395385742,6.000205039978027,0.013423045940223862,0.011149098821400406
guide_Stim8hr_IL2STAT5,6,controller_no_feedback,5.964672088623047,1.3414775133132935,6.311013221740723,0.008635251185031135,0.009709500648597744
guide_Stim8hr_IL2STAT5,6,shuffled_feedback,5.716025352478027,1.2855558395385742,6.000205039978027,0.013423045940223862,0.011149098821400406
guide_Stim8hr_IL2STAT5,6,permuted_features,4.509436130523682,1.01418936252594,4.491968154907227,0.01409744161441771,0.013377812211123278
guide_Stim8hr_IL2STAT5,7,random,4.482314109802246,1.008089542388916,4.534666538238525,0.018818094007535452,0.012007138988770084
guide_Stim8hr_IL2STAT5,7,fixed_ridge,4.771024227142334,1.0730215311050415,4.895554542541504,0.015538523340654966,0.02326717438593577
guide_Stim8hr_IL2STAT5,7,adaptive_ridge,4.984228610992432,1.1209720373153687,5.162060260772705,0.023097223658047946,0.026319482159321783
guide_Stim8hr_IL2STAT5,7,controller,5.712580680847168,1.2847810983657837,6.072499752044678,0.01916676889872004,0.012378522435296673
guide_Stim8hr_IL2STAT5,7,controller_no_feedback,5.929404258728027,1.3335455656051636,6.343528747558594,0.01993844238507588,0.01832125158224892
guide_Stim8hr_IL2STAT5,7,shuffled_feedback,5.712580680847168,1.2847810983657837,6.072499752044678,0.01916676889872004,0.012378522435296673
guide_Stim8hr_IL2STAT5,7,permuted_features,4.37876558303833,0.9848010540008545,4.405230522155762,0.014970494354368683,0.007686459984198932
guide_Stim8hr_IL2STAT5,8,random,4.600698947906494,1.034714698791504,4.621215343475342,0.016225836359358887,0.016098743202414435
guide_Stim8hr_IL2STAT5,8,fixed_ridge,5.105967044830322,1.1483514308929443,5.252799987792969,0.013537153370952973,0.018365572247902442
guide_Stim8hr_IL2STAT5,8,adaptive_ridge,5.176393508911133,1.164190649986267,5.34083366394043,0.01788926289943125,0.020438266350320214
guide_Stim8hr_IL2STAT5,8,controller,5.615434169769287,1.262932538986206,5.88963508605957,0.020992917555171683,0.016548398187957596
guide_Stim8hr_IL2STAT5,8,controller_no_feedback,5.93491792678833,1.3347856998443604,6.288989067077637,0.009544541558646081,0.01973579656415252
guide_Stim8hr_IL2STAT5,8,shuffled_feedback,5.759429931640625,1.2953177690505981,6.069629669189453,0.014954885014952906,0.022457012841169983
guide_Stim8hr_IL2STAT5,8,permuted_features,4.467477321624756,1.0047526359558105,4.45468807220459,0.0107856354240745,0.024475529204903583
guide_Stim8hr_IL2STAT5,9,random,4.597861289978027,1.0340765714645386,4.639971733093262,0.016279802059881315,0.01391325741434012
guide_Stim8hr_IL2STAT5,9,fixed_ridge,4.917555332183838,1.105976939201355,5.0395894050598145,0.0032717221089023224,0.01098519057634785
guide_Stim8hr_IL2STAT5,9,adaptive_ridge,5.203780174255371,1.1703499555587769,5.397370338439941,0.004225778882260378,0.02326593285847769
guide_Stim8hr_IL2STAT5,9,controller,5.814316749572754,1.307662010192871,6.160540580749512,0.00924779798760695,0.008289169576040614
guide_Stim8hr_IL2STAT5,9,controller_no_feedback,5.877142906188965,1.3217917680740356,6.239074230194092,0.009586588852798955,0.010891966343967448
guide_Stim8hr_IL2STAT5,9,shuffled_feedback,5.814316749572754,1.307662010192871,6.160540580749512,0.00924779798760695,0.008289169576040614
guide_Stim8hr_IL2STAT5,9,permuted_features,4.46760368347168,1.0047811269760132,4.477149486541748,0.01032671081942684,0.011356984465299971
guide_Stim8hr_IL2STAT5,10,random,4.413525581359863,0.99261873960495,4.405426502227783,0.01184633632103792,0.01525047093765671
guide_Stim8hr_IL2STAT5,10,fixed_ridge,5.061830043792725,1.1384248733520508,5.2158074378967285,0.0044902267246506875,0.008292759203904088
guide_Stim8hr_IL2STAT5,10,adaptive_ridge,5.236336708068848,1.177672028541565,5.433940410614014,0.010205167598249233,0.016893518761052335
guide_Stim8hr_IL2STAT5,10,controller,5.80501651763916,1.305570363998413,6.1447906494140625,0.010304429211637146,0.004128446759891867
guide_Stim8hr_IL2STAT5,10,controller_no_feedback,6.06093692779541,1.3631278276443481,6.464690685272217,0.011442586925083941,0.0023323466308938575
guide_Stim8hr_IL2STAT5,10,shuffled_feedback,5.80501651763916,1.305570363998413,6.1447906494140625,0.010304429211637146,0.004128446759891867
guide_Stim8hr_IL2STAT5,10,permuted_features,4.483518123626709,1.0083602666854858,4.492918014526367,0.0064256054429877195,0.007964086835893754
guide_Stim8hr_IL2STAT5,11,random,4.388365745544434,0.9869601726531982,4.3664045333862305,0.0162383122789485,0.011007728971328606
guide_Stim8hr_IL2STAT5,11,fixed_ridge,4.911238193511963,1.1045562028884888,5.019994735717773,0.023878865753453642,0.02257298007446073
guide_Stim8hr_IL2STAT5,11,adaptive_ridge,4.938198089599609,1.1106195449829102,5.053694725036621,0.019554190974573483,0.018900808670161362
guide_Stim8hr_IL2STAT5,11,controller,5.903062343597412,1.3276212215423584,6.259775161743164,0.018883465135931237,0.0070979669391847385
guide_Stim8hr_IL2STAT5,11,controller_no_feedback,6.073408126831055,1.365932583808899,6.472707271575928,0.014107385031122887,0.012074194669721865
guide_Stim8hr_IL2STAT5,11,shuffled_feedback,5.903062343597412,1.3276212215423584,6.259775161743164,0.018883465135931237,0.0070979669391847385
guide_Stim8hr_IL2STAT5,11,permuted_features,4.429250717163086,0.9961553812026978,4.417510986328125,0.01870326085677699,0.01090800154334245
guide_Stim8hr_IL2STAT5,12,random,4.353615760803223,0.9791447520256042,4.33009147644043,0.017195541852970068,0.003919785252686562
guide_Stim8hr_IL2STAT5,12,fixed_ridge,5.094547748565674,1.1457831859588623,5.256256103515625,0.013922934641026044,0.0074725910100327825
guide_Stim8hr_IL2STAT5,12,adaptive_ridge,5.046231269836426,1.1349166631698608,5.195860385894775,0.01027654360104655,0.00949733542689465
guide_Stim8hr_IL2STAT5,12,controller,5.794699668884277,1.3032500743865967,6.13144588470459,0.01733261171023209,0.011238199451906366
guide_Stim8hr_IL2STAT5,12,controller_no_feedback,6.017243385314941,1.353300929069519,6.40962553024292,0.01952167828715525,0.010921206656470287
guide_Stim8hr_IL2STAT5,12,shuffled_feedback,5.794699668884277,1.3032500743865967,6.13144588470459,0.01733261171023209,0.011238199451906366
guide_Stim8hr_IL2STAT5,12,permuted_features,4.374458312988281,0.9838323593139648,4.356144428253174,0.02219200403698688,0.01056185978334824
guide_Stim8hr_IL2STAT5,13,random,4.437613010406494,0.9980360865592957,4.4325103759765625,0.02601932491498386,-0.0008150301197507766
guide_Stim8hr_IL2STAT5,13,fixed_ridge,5.209725856781006,1.1716872453689575,5.397651672363281,0.014946383062052548,0.013717572939549639
guide_Stim8hr_IL2STAT5,13,adaptive_ridge,5.188484191894531,1.1669098138809204,5.371099472045898,0.012914621277802057,0.011994857989579315
guide_Stim8hr_IL2STAT5,13,controller,5.714498043060303,1.2852123975753784,6.028616905212402,0.017957785122537075,0.008765007709842726
guide_Stim8hr_IL2STAT5,13,controller_no_feedback,6.047487735748291,1.3601030111312866,6.44485330581665,0.013916132513119916,0.00657537548183444
guide_Stim8hr_IL2STAT5,13,shuffled_feedback,5.714498043060303,1.2852123975753784,6.028616905212402,0.017957785122537075,0.008765007709842726
guide_Stim8hr_IL2STAT5,13,permuted_features,4.353332996368408,0.9790811538696289,4.327159881591797,0.0221194361713496,0.009343952844269693
guide_Stim8hr_IL2STAT5,14,random,4.415790557861328,0.9931281208992004,4.377187728881836,0.01353281262511489,0.013041648848504206
guide_Stim8hr_IL2STAT5,14,fixed_ridge,5.062138557434082,1.1384942531585693,5.185122489929199,0.011701188272340542,0.009249748956911327
guide_Stim8hr_IL2STAT5,14,adaptive_ridge,5.072691440582275,1.1408675909042358,5.1983137130737305,0.01568771877887592,0.01428410319350828
guide_Stim8hr_IL2STAT5,14,controller,5.869523525238037,1.3200782537460327,6.194354057312012,0.006681175130902865,0.007451930745947605
guide_Stim8hr_IL2STAT5,14,controller_no_feedback,6.035483360290527,1.3574031591415405,6.401803493499756,0.00881566483740309,0.01421055865629653
guide_Stim8hr_IL2STAT5,14,shuffled_feedback,5.869523525238037,1.3200782537460327,6.194354057312012,0.006681175130902865,0.007451930745947605
guide_Stim8hr_IL2STAT5,14,permuted_features,4.5626220703125,1.0261510610580444,4.560726642608643,0.015726759673448103,0.01704288136839021
guide_Stim8hr_IL2STAT5,15,random,4.412281513214111,0.9923388957977295,4.397950172424316,0.013175567801728549,0.0062544004362172015
guide_Stim8hr_IL2STAT5,15,fixed_ridge,4.638800621032715,1.0432839393615723,4.681099891662598,0.010355067052353256,0.012688074015035656
guide_Stim8hr_IL2STAT5,15,adaptive_ridge,4.832871913909912,1.0869313478469849,4.923687934875488,0.011259801580187707,0.013919631286373451
guide_Stim8hr_IL2STAT5,15,controller,5.7167534828186035,1.285719633102417,6.028541088104248,0.012657022192083995,0.009173446221150957
guide_Stim8hr_IL2STAT5,15,controller_no_feedback,5.94322395324707,1.336653709411621,6.311628818511963,0.007463042207370296,0.008168477034310109
guide_Stim8hr_IL2STAT5,15,shuffled_feedback,5.7167534828186035,1.285719633102417,6.028541088104248,0.012657022192083995,0.009173446221150957
guide_Stim8hr_IL2STAT5,15,permuted_features,4.533368110656738,1.0195717811584473,4.549308776855469,0.015898269756046846,0.013546591889027534
guide_Stim8hr_IL2STAT5,16,random,4.457074165344238,1.0024129152297974,4.45540714263916,0.005732691876481437,0.015642517591697
guide_Stim8hr_IL2STAT5,16,fixed_ridge,4.864023685455322,1.0939373970031738,4.964094161987305,0.016302563782508085,0.013038419976823668
guide_Stim8hr_IL2STAT5,16,adaptive_ridge,5.109910488128662,1.1492383480072021,5.271453380584717,0.014508155687535823,0.020498138675017635
guide_Stim8hr_IL2STAT5,16,controller,5.838027477264404,1.3129945993423462,6.1815996170043945,0.01472478094467353,0.010115606754377195
guide_Stim8hr_IL2STAT5,16,controller_no_feedback,6.015805244445801,1.3529775142669678,6.40382194519043,0.01800489047669019,0.011158969554403495
guide_Stim8hr_IL2STAT5,16,shuffled_feedback,5.838027477264404,1.3129945993423462,6.1815996170043945,0.01472478094467353,0.010115606754377195
guide_Stim8hr_IL2STAT5,16,permuted_features,4.4289116859436035,0.9960790872573853,4.420204162597656,0.01842803574375573,0.01261878584372976
guide_Stim8hr_IL2STAT5,17,random,4.518959999084473,1.0163313150405884,4.512214660644531,0.011904454257137258,0.01569700521360786
guide_Stim8hr_IL2STAT5,17,fixed_ridge,4.977543830871582,1.1194685697555542,5.085445404052734,0.019423491262265984,0.015942410446497798
guide_Stim8hr_IL2STAT5,17,adaptive_ridge,4.8757805824279785,1.0965815782546997,4.958240509033203,0.017618210098697788,0.01782648831735631
guide_Stim8hr_IL2STAT5,17,controller,5.834199905395508,1.3121337890625,6.156264305114746,0.00866972437181684,0.0053192039244798935
guide_Stim8hr_IL2STAT5,17,controller_no_feedback,6.090209007263184,1.36971116065979,6.476276397705078,0.01908521696121868,0.007936931977572637
guide_Stim8hr_IL2STAT5,17,shuffled_feedback,5.834199905395508,1.3121337890625,6.156264305114746,0.00866972437181684,0.0053192039244798935
guide_Stim8hr_IL2STAT5,17,permuted_features,4.5654120445251465,1.0267785787582397,4.570280075073242,0.018088295775370654,0.01514915017788765
guide_Stim8hr_IL2STAT5,18,random,4.419900894165039,0.994052529335022,4.459899425506592,0.011576240971731523,0.009853990514406951
guide_Stim8hr_IL2STAT5,18,fixed_ridge,4.863519191741943,1.093824028968811,5.014422416687012,0.007075807338547647,0.01721139157761738
guide_Stim8hr_IL2STAT5,18,adaptive_ridge,4.917925834655762,1.106060266494751,5.082430839538574,-8.28836500937619e-05,0.011941220320486626
guide_Stim8hr_IL2STAT5,18,controller,5.775114059448242,1.2988451719284058,6.153915882110596,0.015530227311592709,0.006751961168078862
guide_Stim8hr_IL2STAT5,18,controller_no_feedback,5.969948768615723,1.3426642417907715,6.397458553314209,0.01268649406399849,0.00704003831846548
guide_Stim8hr_IL2STAT5,18,shuffled_feedback,5.775114059448242,1.2988451719284058,6.153915882110596,0.015530227311592709,0.006751961168078862
guide_Stim8hr_IL2STAT5,18,permuted_features,4.436936378479004,0.9978839159011841,4.481194496154785,0.014585480215061139,0.01299730739689008
guide_Stim8hr_IL2STAT5,19,random,4.373074054718018,0.9835209846496582,4.355938911437988,0.015032337096060435,0.02069022206514993
guide_Stim8hr_IL2STAT5,19,fixed_ridge,4.729111671447754,1.063595175743103,4.800985336303711,0.003968724821499785,0.013006283469066616
guide_Stim8hr_IL2STAT5,19,adaptive_ridge,4.878201484680176,1.0971261262893677,4.987347602844238,0.004894268675108831,0.009197919098161188
guide_Stim8hr_IL2STAT5,19,controller,5.60473108291626,1.2605253458023071,5.895509719848633,0.01087736740451529,0.004681819601843076
guide_Stim8hr_IL2STAT5,19,controller_no_feedback,6.01693058013916,1.353230595588684,6.410758972167969,0.010161963445211347,0.01604382666515316
guide_Stim8hr_IL2STAT5,19,shuffled_feedback,5.802227020263672,1.3049429655075073,6.142380237579346,0.016735065902697317,-0.00011481398379326394
guide_Stim8hr_IL2STAT5,19,permuted_features,4.303757667541504,0.9679315090179443,4.269292831420898,0.013382890751908766,0.002101639871549387
guide_Stim48hr_IFNG,0,random,4.4271135330200195,0.9947510361671448,4.389585494995117,0.023565218678112156,0.03521481123911481
guide_Stim48hr_IFNG,0,fixed_ridge,4.728610992431641,1.0624960660934448,4.766458511352539,0.02611776422494406,0.02561621702030866
guide_Stim48hr_IFNG,0,adaptive_ridge,5.112338066101074,1.1487177610397339,5.246116638183594,0.032239950384687945,0.04203731186700689
guide_Stim48hr_IFNG,0,controller,5.777375221252441,1.2981483936309814,6.0774126052856445,0.013860107710215456,0.036920149937512386
guide_Stim48hr_IFNG,0,controller_no_feedback,6.062693119049072,1.362257957458496,6.434060573577881,0.01299709471591875,0.04068739214431174
guide_Stim48hr_IFNG,0,shuffled_feedback,5.777375221252441,1.2981483936309814,6.0774126052856445,0.013860107710215456,0.036920149937512386
guide_Stim48hr_IFNG,0,permuted_features,4.556499004364014,1.0238233804702759,4.551318168640137,0.01412751950539064,0.03753870215041479
guide_Stim48hr_IFNG,1,random,4.391083717346191,0.9866553544998169,4.483816146850586,0.02881770947235528,0.03477759476797939
guide_Stim48hr_IFNG,1,fixed_ridge,5.013550758361816,1.1265206336975098,5.261899948120117,0.023323241996506427,0.025454413468309532
guide_Stim48hr_IFNG,1,adaptive_ridge,4.684284210205078,1.052536129951477,4.850317001342773,0.01167272071687674,0.0075738453294754565
guide_Stim48hr_IFNG,1,controller,5.694067001342773,1.2794294357299805,6.112545490264893,0.011779634431588953,0.027379324433125955
guide_Stim48hr_IFNG,1,controller_no_feedback,5.1479363441467285,1.1567164659500122,5.429882526397705,0.028489000984521423,0.028598059419580175
guide_Stim48hr_IFNG,1,shuffled_feedback,5.694067001342773,1.2794294357299805,6.112545490264893,0.011779634431588953,0.027379324433125955
guide_Stim48hr_IFNG,1,permuted_features,4.509571075439453,1.013278841972351,4.6319260597229,0.032376830416634673,0.024485825260077927
guide_Stim48hr_IFNG,2,random,4.37174129486084,0.9823091626167297,4.372774600982666,0.03988489518952271,0.03408309934672284
guide_Stim48hr_IFNG,2,fixed_ridge,4.9073166847229,1.1026504039764404,5.042243957519531,0.035478808584176805,0.03836371052531057
guide_Stim48hr_IFNG,2,adaptive_ridge,5.073380470275879,1.1399641036987305,5.249823570251465,0.0389929790778251,0.04729455923174398
guide_Stim48hr_IFNG,2,controller,5.796334743499756,1.3024084568023682,6.15351676940918,0.025033863542174184,0.03189523740559712
guide_Stim48hr_IFNG,2,controller_no_feedback,6.018933296203613,1.3524253368377686,6.431765079498291,0.03978780010397573,0.04515537882553459
guide_Stim48hr_IFNG,2,shuffled_feedback,5.796334743499756,1.3024084568023682,6.15351676940918,0.025033863542174184,0.03189523740559712
guide_Stim48hr_IFNG,2,permuted_features,4.556820869445801,1.0238956212997437,4.604125022888184,0.03212684330546327,0.042462370918006385
guide_Stim48hr_IFNG,3,random,4.5320892333984375,1.0183385610580444,4.541901588439941,0.04134176151061219,0.036673801552749345
guide_Stim48hr_IFNG,3,fixed_ridge,5.177895545959473,1.1634482145309448,5.349160194396973,0.0519108819509654,0.01108259687536309
guide_Stim48hr_IFNG,3,adaptive_ridge,5.311705589294434,1.1935145854949951,5.516422271728516,0.04513721490853207,0.021308155799065576
guide_Stim48hr_IFNG,3,controller,5.713672637939453,1.28383469581604,6.018881320953369,0.026755490879403227,0.020160169347228984
guide_Stim48hr_IFNG,3,controller_no_feedback,5.988145351409912,1.3455073833465576,6.361972808837891,0.0317747517964567,0.03746216481391994
guide_Stim48hr_IFNG,3,shuffled_feedback,5.690698623657227,1.2786725759506226,5.990164279937744,0.02405081811813096,0.012909428347751046
guide_Stim48hr_IFNG,3,permuted_features,4.369901180267334,0.9818957448005676,4.339167594909668,0.038942703231825804,0.022828502159287476
guide_Stim48hr_IFNG,4,random,4.491452217102051,1.0092076063156128,4.515285491943359,0.021229784682596,0.02685421744687616
guide_Stim48hr_IFNG,4,fixed_ridge,5.342043399810791,1.200331449508667,5.578523635864258,0.021809636966538728,0.02660454127066732
guide_Stim48hr_IFNG,4,adaptive_ridge,5.205824375152588,1.169723629951477,5.408250331878662,0.020900516542384614,0.04401132402129593
guide_Stim48hr_IFNG,4,controller,5.855247497558594,1.3156459331512451,6.220029830932617,0.016143844777405547,0.017519719583523587
guide_Stim48hr_IFNG,4,controller_no_feedback,5.938081741333008,1.3342583179473877,6.323572158813477,0.0255559617919456,0.03365294190080907
guide_Stim48hr_IFNG,4,shuffled_feedback,5.855247497558594,1.3156459331512451,6.220029830932617,0.016143844777405547,0.017519719583523587
guide_Stim48hr_IFNG,4,permuted_features,4.371312141418457,0.9822127819061279,4.365110397338867,0.021793782112047348,0.02828082977782006
guide_Stim48hr_IFNG,5,random,4.505942344665527,1.0124635696411133,4.530797481536865,0.038790699482973326,0.03261356545999274
guide_Stim48hr_IFNG,5,fixed_ridge,4.786815643310547,1.0755743980407715,4.881888389587402,0.03738383066690868,0.010622211048834698
guide_Stim48hr_IFNG,5,adaptive_ridge,4.704394340515137,1.0570547580718994,4.778861999511719,0.024909068765439173,0.02819802228586691
guide_Stim48hr_IFNG,5,controller,5.873154640197754,1.319669485092163,6.239812850952148,0.02647854354013492,0.03443748182841884
guide_Stim48hr_IFNG,5,controller_no_feedback,6.008726596832275,1.350131869316101,6.409277439117432,0.020854113018107866,0.031801334156457244
guide_Stim48hr_IFNG,5,shuffled_feedback,5.873154640197754,1.319669485092163,6.239812850952148,0.02647854354013492,0.03443748182841884
guide_Stim48hr_IFNG,5,permuted_features,4.496186256408691,1.010271430015564,4.518601894378662,0.036865020444324034,0.03594598430576547
guide_Stim48hr_IFNG,6,random,4.3726701736450195,0.9825178980827332,4.39716911315918,0.026365399439549485,0.016485505056455897
guide_Stim48hr_IFNG,6,fixed_ridge,4.605982303619385,1.0349420309066772,4.688809871673584,0.028742276847364495,0.03791653064789424
guide_Stim48hr_IFNG,6,adaptive_ridge,4.788506507873535,1.0759543180465698,4.916965484619141,0.02563950136396017,0.024278532073804884
guide_Stim48hr_IFNG,6,controller,5.581223011016846,1.2540738582611084,5.90786075592041,0.02307162096303439,0.025260480823664618
guide_Stim48hr_IFNG,6,controller_no_feedback,4.712489128112793,1.0588735342025757,4.821943759918213,0.03154006541703673,0.037710042710280466
guide_Stim48hr_IFNG,6,shuffled_feedback,5.581223011016846,1.2540738582611084,5.90786075592041,0.02307162096303439,0.025260480823664618
guide_Stim48hr_IFNG,6,permuted_features,4.4233503341674805,0.9939054846763611,4.460519790649414,0.01801419495234484,0.020389892480372124
guide_Stim48hr_IFNG,7,random,4.429667949676514,0.9953250288963318,4.340691566467285,0.02613491278477107,0.03006591980943582
guide_Stim48hr_IFNG,7,fixed_ridge,5.255691051483154,1.1809284687042236,5.373220443725586,0.018026958367161127,0.008588011697820315
guide_Stim48hr_IFNG,7,adaptive_ridge,5.325336456298828,1.1965774297714233,5.4602766036987305,0.024489441522738003,0.021953715306553184
guide_Stim48hr_IFNG,7,controller,5.832631587982178,1.3105641603469849,6.094395637512207,0.017753842731054507,0.025197450080586676
guide_Stim48hr_IFNG,7,controller_no_feedback,6.061590671539307,1.3620102405548096,6.3805952072143555,0.014844710709354197,0.025192997718851244
guide_Stim48hr_IFNG,7,shuffled_feedback,5.832631587982178,1.3105641603469849,6.094395637512207,0.017753842731054507,0.025197450080586676
guide_Stim48hr_IFNG,7,permuted_features,4.465321063995361,1.0033360719680786,4.385257720947266,0.020008905111280673,0.018362625689050054
guide_Stim48hr_IFNG,8,random,4.546627998352051,1.021605372428894,4.532838344573975,0.02778598187475298,0.0466790258623698
guide_Stim48hr_IFNG,8,fixed_ridge,4.8966898918151855,1.1002626419067383,4.970417022705078,0.02263875116469869,0.052658107522703654
guide_Stim48hr_IFNG,8,adaptive_ridge,5.089158535003662,1.1435093879699707,5.211002349853516,0.03036875835721649,0.03764320566563489
guide_Stim48hr_IFNG,8,controller,5.790406227111816,1.3010764122009277,6.087562084197998,0.028123121394671054,0.03860945707481979
guide_Stim48hr_IFNG,8,controller_no_feedback,5.036439418792725,1.1316636800765991,5.145103454589844,0.027482016663017295,0.05145361166576281
guide_Stim48hr_IFNG,8,shuffled_feedback,5.790406227111816,1.3010764122009277,6.087562084197998,0.028123121394671054,0.03860945707481979
guide_Stim48hr_IFNG,8,permuted_features,4.383616924285889,0.9849776029586792,4.329074859619141,0.038130800404415154,0.022813106294907147
guide_Stim48hr_IFNG,9,random,4.314627647399902,0.969476044178009,4.295505523681641,0.0462531995011606,0.03144652305188009
guide_Stim48hr_IFNG,9,fixed_ridge,4.781795978546143,1.074446439743042,4.8794660568237305,0.05075443401701243,0.05752181936229508
guide_Stim48hr_IFNG,9,adaptive_ridge,4.947175025939941,1.1116063594818115,5.086189270019531,0.04472800578495526,0.04449369407608602
guide_Stim48hr_IFNG,9,controller,5.835632801055908,1.3112385272979736,6.1967620849609375,0.028397230776346587,0.018394832600738674
guide_Stim48hr_IFNG,9,controller_no_feedback,5.943313121795654,1.335433840751648,6.331362247467041,0.029462576446977185,0.03424201087244696
guide_Stim48hr_IFNG,9,shuffled_feedback,5.835632801055908,1.3112385272979736,6.1967620849609375,0.028397230776346587,0.018394832600738674
guide_Stim48hr_IFNG,9,permuted_features,4.416550636291504,0.9923776388168335,4.422909259796143,0.03407316711151154,0.03513170843985219
guide_Stim48hr_IFNG,10,random,4.379979133605957,0.9841601848602295,4.355650424957275,0.029886232999972645,0.035763653376560726
guide_Stim48hr_IFNG,10,fixed_ridge,5.238173007965088,1.1769921779632568,5.42839241027832,0.02560801185258176,0.0054701301522995
guide_Stim48hr_IFNG,10,adaptive_ridge,5.328754425048828,1.1973453760147095,5.541619300842285,0.03458251801926313,0.027683899867473417
guide_Stim48hr_IFNG,10,controller,5.824281215667725,1.3086879253387451,6.161027908325195,0.01650377491067196,0.02725851044511953
guide_Stim48hr_IFNG,10,controller_no_feedback,6.0733208656311035,1.3646459579467773,6.472328186035156,0.025271492426295734,0.039280952032270625
guide_Stim48hr_IFNG,10,shuffled_feedback,5.824281215667725,1.3086879253387451,6.161027908325195,0.01650377491067196,0.02725851044511953
guide_Stim48hr_IFNG,10,permuted_features,4.435378551483154,0.9966081976890564,4.424900054931641,0.018611037713660704,0.032830280177992055
guide_Stim48hr_IFNG,11,random,4.369203090667725,0.9817388653755188,4.334130764007568,0.02200201265789221,0.018830928462842383
guide_Stim48hr_IFNG,11,fixed_ridge,4.99973201751709,1.1234157085418701,5.122291564941406,0.03335906900852585,0.0027901717981690844
guide_Stim48hr_IFNG,11,adaptive_ridge,5.147234916687012,1.156558871269226,5.306670665740967,0.04485266419537082,0.031948677981061525
guide_Stim48hr_IFNG,11,controller,5.6641435623168945,1.2727057933807373,5.952805519104004,0.0255492086709456,0.018227897478907185
guide_Stim48hr_IFNG,11,controller_no_feedback,5.97084903717041,1.3416210412979126,6.336188316345215,0.03237998292149039,0.010835699113072356
guide_Stim48hr_IFNG,11,shuffled_feedback,5.650162220001221,1.269564151763916,5.935328960418701,0.024126870912017418,0.021813759475804023
guide_Stim48hr_IFNG,11,permuted_features,4.5179243087768555,1.0151557922363281,4.520031929016113,0.03364982674474525,0.025653169689208433
guide_Stim48hr_IFNG,12,random,4.595848083496094,1.0326648950576782,4.658232688903809,0.032373064874836176,0.027290150176511617
guide_Stim48hr_IFNG,12,fixed_ridge,5.031447410583496,1.1305419206619263,5.202732086181641,0.026358866772262346,0.008662179073793972
guide_Stim48hr_IFNG,12,adaptive_ridge,5.207691669464111,1.1701432466506958,5.423036575317383,0.026106513270748144,0.030381097053019262
guide_Stim48hr_IFNG,12,controller,5.7738752365112305,1.297361969947815,6.13076639175415,0.009912134919986547,0.022007051075899346
guide_Stim48hr_IFNG,12,controller_no_feedback,5.959627151489258,1.3390995264053345,6.3629560470581055,0.031635760445881886,0.02921530505986254
guide_Stim48hr_IFNG,12,shuffled_feedback,5.7738752365112305,1.297361969947815,6.13076639175415,0.009912134919986547,0.022007051075899346
guide_Stim48hr_IFNG,12,permuted_features,4.43613338470459,0.9967777729034424,4.45858907699585,0.01716270304978061,0.007885311331787454
guide_Stim48hr_IFNG,13,random,4.537783145904541,1.019618034362793,4.568577766418457,0.023676671982487824,0.0042463265637018915
guide_Stim48hr_IFNG,13,fixed_ridge,4.793988227844238,1.0771859884262085,4.888833045959473,0.02736287483061008,0.03107634525028382
guide_Stim48hr_IFNG,13,adaptive_ridge,5.027414798736572,1.1296358108520508,5.180617332458496,0.03105394298150909,0.018564017117621467
guide_Stim48hr_IFNG,13,controller,5.733283042907715,1.2882410287857056,6.062952041625977,0.020527954281861382,0.0271274823452091
guide_Stim48hr_IFNG,13,controller_no_feedback,6.0841755867004395,1.3670848608016968,6.501567840576172,0.016138527087395313,0.03987751267323788
guide_Stim48hr_IFNG,13,shuffled_feedback,5.733283042907715,1.2882410287857056,6.062952041625977,0.020527954281861382,0.0271274823452091
guide_Stim48hr_IFNG,13,permuted_features,4.488127708435059,1.0084606409072876,4.506508827209473,0.026091653688557582,0.0031919652492952907
guide_Stim48hr_IFNG,14,random,4.460400581359863,1.0022305250167847,4.476747512817383,0.01930075044137773,0.03693850223470817
guide_Stim48hr_IFNG,14,fixed_ridge,4.911440372467041,1.1035770177841187,5.0405473709106445,0.02341832140059448,0.006936219329015841
guide_Stim48hr_IFNG,14,adaptive_ridge,4.868251323699951,1.0938725471496582,4.9865617752075195,0.023003975834870054,0.04192858993862901
guide_Stim48hr_IFNG,14,controller,5.875927448272705,1.320292592048645,6.246156215667725,0.013461149218447332,0.021729175032584445
guide_Stim48hr_IFNG,14,controller_no_feedback,6.023073673248291,1.3533556461334229,6.430088996887207,0.024486730166950004,0.03831996464851719
guide_Stim48hr_IFNG,14,shuffled_feedback,5.875927448272705,1.320292592048645,6.246156215667725,0.013461149218447332,0.021729175032584445
guide_Stim48hr_IFNG,14,permuted_features,4.548610210418701,1.0220507383346558,4.587009429931641,0.021714451541461562,0.03432263521202139
guide_Stim48hr_IFNG,15,random,4.42559814453125,0.9944105744361877,4.425773620605469,0.020449346623629416,0.03089686197343846
guide_Stim48hr_IFNG,15,fixed_ridge,4.938484191894531,1.1096535921096802,5.06688117980957,0.02544048990695713,0.03974794441552559
guide_Stim48hr_IFNG,15,adaptive_ridge,4.9035844802856445,1.1018117666244507,5.023256301879883,0.009987102413548003,0.05095578482603026
guide_Stim48hr_IFNG,15,controller,5.732858180999756,1.2881455421447754,6.059848785400391,0.007100193978487887,0.03849163777992361
guide_Stim48hr_IFNG,15,controller_no_feedback,5.101951599121094,1.1463838815689087,5.271215438842773,0.01882091339127123,0.04295687962941731
guide_Stim48hr_IFNG,15,shuffled_feedback,5.732858180999756,1.2881455421447754,6.059848785400391,0.007100193978487887,0.03849163777992361
guide_Stim48hr_IFNG,15,permuted_features,4.460099220275879,1.0021628141403198,4.468899726867676,0.03146728158715848,0.009549410862813471
guide_Stim48hr_IFNG,16,random,4.590329647064209,1.031424880027771,4.538098335266113,0.022079965284293356,0.02517581753761114
guide_Stim48hr_IFNG,16,fixed_ridge,5.187538146972656,1.1656148433685303,5.284607887268066,0.023295660476190454,0.039576592610964204
guide_Stim48hr_IFNG,16,adaptive_ridge,5.329168796539307,1.1974384784698486,5.461647033691406,0.038533572849434296,0.04692515097860336
guide_Stim48hr_IFNG,16,controller,5.912139892578125,1.3284293413162231,6.190361022949219,0.032059737076309006,0.03560455431911427
guide_Stim48hr_IFNG,16,controller_no_feedback,5.935060977935791,1.3335795402526855,6.219012260437012,0.02400252241023303,0.04027943651504854
guide_Stim48hr_IFNG,16,shuffled_feedback,5.912139892578125,1.3284293413162231,6.190361022949219,0.032059737076309006,0.03560455431911427
guide_Stim48hr_IFNG,16,permuted_features,4.518557548522949,1.0152981281280518,4.448383331298828,0.04618126100548584,0.031456937066597704
guide_Stim48hr_IFNG,17,random,4.393177032470703,0.9871256947517395,4.343685150146484,0.049369225411105666,0.046928154313197704
guide_Stim48hr_IFNG,17,fixed_ridge,5.060032844543457,1.136965036392212,5.177255153656006,0.034218953347449635,0.044197954200508024
guide_Stim48hr_IFNG,17,adaptive_ridge,5.078333377838135,1.1410770416259766,5.200130462646484,0.03501843540960374,0.04302059388877992
guide_Stim48hr_IFNG,17,controller,5.7608513832092285,1.2944355010986328,6.05327844619751,0.02683106894878199,0.020343826560351587
guide_Stim48hr_IFNG,17,controller_no_feedback,6.023554801940918,1.3534637689590454,6.381657600402832,0.009223843238848329,0.026896644807877585
guide_Stim48hr_IFNG,17,shuffled_feedback,5.7608513832092285,1.2944355010986328,6.05327844619751,0.02683106894878199,0.020343826560351587
guide_Stim48hr_IFNG,17,permuted_features,4.348298072814941,0.9770416021347046,4.287586212158203,0.029288324194060723,0.04388084838634715
guide_Stim48hr_IFNG,18,random,4.674149990081787,1.050258994102478,4.671596527099609,0.04060623382362542,0.02623814604612436
guide_Stim48hr_IFNG,18,fixed_ridge,5.084563255310059,1.1424767971038818,5.18461275100708,0.013676002559637315,0.03256892533601523
guide_Stim48hr_IFNG,18,adaptive_ridge,4.8121747970581055,1.0812724828720093,4.8441267013549805,0.036019843983939044,0.04414443071880011
guide_Stim48hr_IFNG,18,controller,5.667948246002197,1.273560643196106,5.913843631744385,0.026915242747129264,0.01733196008541858
guide_Stim48hr_IFNG,18,controller_no_feedback,5.124527931213379,1.1514567136764526,5.2345685958862305,0.0146849104725674,0.028738798083991834
guide_Stim48hr_IFNG,18,shuffled_feedback,5.667948246002197,1.273560643196106,5.913843631744385,0.026915242747129264,0.01733196008541858
guide_Stim48hr_IFNG,18,permuted_features,4.4806437492370605,1.0067790746688843,4.429713249206543,0.022194486418070685,0.027891219633193652
guide_Stim48hr_IFNG,19,random,4.439333438873291,0.9974968433380127,4.432835578918457,0.032741666150552705,0.020813092864023088
guide_Stim48hr_IFNG,19,fixed_ridge,4.834588050842285,1.0863085985183716,4.926904201507568,0.03594632131500786,0.014254219841034083
guide_Stim48hr_IFNG,19,adaptive_ridge,5.069012641906738,1.1389826536178589,5.219933986663818,0.043836235475992774,0.008812912250103496
guide_Stim48hr_IFNG,19,controller,5.747640609741211,1.2914671897888184,6.0682196617126465,0.03453666859671014,0.02971040830694537
guide_Stim48hr_IFNG,19,controller_no_feedback,5.995917320251465,1.347253680229187,6.378565788269043,0.033340385542049454,0.023284600763369225
guide_Stim48hr_IFNG,19,shuffled_feedback,5.747640609741211,1.2914671897888184,6.0682196617126465,0.03453666859671014,0.02971040830694537
guide_Stim48hr_IFNG,19,permuted_features,4.565869331359863,1.0259288549423218,4.591005325317383,0.03547543136704272,0.021389370785959108
guide_Stim48hr_TNFA,0,random,4.4271135330200195,0.9947510361671448,4.389585494995117,0.036425378235497644,0.041534375718168766
guide_Stim48hr_TNFA,0,fixed_ridge,4.894669532775879,1.099808692932129,4.9740309715271,0.025095674287148963,0.04678282020755104
guide_Stim48hr_TNFA,0,adaptive_ridge,5.2040696144104,1.1693294048309326,5.360780715942383,0.02286768231626224,0.034636031235295385
guide_Stim48hr_TNFA,0,controller,5.777375221252441,1.2981483936309814,6.0774126052856445,0.028771397136742677,0.05406562467663047
guide_Stim48hr_TNFA,0,controller_no_feedback,6.062693119049072,1.362257957458496,6.434060573577881,0.025518349298598586,0.05141609980815032
guide_Stim48hr_TNFA,0,shuffled_feedback,5.777375221252441,1.2981483936309814,6.0774126052856445,0.028771397136742677,0.05406562467663047
guide_Stim48hr_TNFA,0,permuted_features,4.556499004364014,1.0238233804702759,4.551318168640137,0.029216294709848857,0.04889804940503474
guide_Stim48hr_TNFA,1,random,4.391083717346191,0.9866553544998169,4.483816146850586,0.05405705878904447,0.041839293187399665
guide_Stim48hr_TNFA,1,fixed_ridge,4.727517127990723,1.0622502565383911,4.90435791015625,0.03321315822153479,0.016162444126508635
guide_Stim48hr_TNFA,1,adaptive_ridge,4.6716108322143555,1.049688458442688,4.834475040435791,0.04362149083105561,0.03343331857642694
guide_Stim48hr_TNFA,1,controller,5.7598981857299805,1.2942214012145996,6.1948347091674805,0.05053767667546688,0.051398035039598965
guide_Stim48hr_TNFA,1,controller_no_feedback,5.951268196105957,1.3372212648391724,6.434046745300293,0.04467690973886294,0.04210212455181109
guide_Stim48hr_TNFA,1,shuffled_feedback,5.7598981857299805,1.2942214012145996,6.1948347091674805,0.05053767667546688,0.051398035039598965
guide_Stim48hr_TNFA,1,permuted_features,4.509571075439453,1.013278841972351,4.6319260597229,0.042650436200366584,0.0242112475359563
guide_Stim48hr_TNFA,2,random,4.37174129486084,0.9823091626167297,4.372774600982666,0.05785331812795198,0.04540107834376735
guide_Stim48hr_TNFA,2,fixed_ridge,4.782303810119629,1.0745606422424316,4.885978698730469,0.026394065031785353,0.03476521378362182
guide_Stim48hr_TNFA,2,adaptive_ridge,4.675921440124512,1.050657033920288,4.753000259399414,0.038677286494173214,0.031514170162312685
guide_Stim48hr_TNFA,2,controller,5.721464157104492,1.2855854034423828,6.059928894042969,0.039127144424461115,0.03085682625022119
guide_Stim48hr_TNFA,2,controller_no_feedback,4.815659523010254,1.0820554494857788,4.927672863006592,0.026653110929163542,0.03501087634256026
guide_Stim48hr_TNFA,2,shuffled_feedback,5.721464157104492,1.2855854034423828,6.059928894042969,0.039127144424461115,0.03085682625022119
guide_Stim48hr_TNFA,2,permuted_features,4.556820869445801,1.0238956212997437,4.604125022888184,0.05209348100806384,0.02708576264929933
guide_Stim48hr_TNFA,3,random,4.5320892333984375,1.0183385610580444,4.541901588439941,0.02817751486805754,0.03109424506746785
guide_Stim48hr_TNFA,3,fixed_ridge,5.007377624511719,1.1251336336135864,5.136012554168701,0.022018968731900547,0.021246056982809135
guide_Stim48hr_TNFA,3,adaptive_ridge,4.881491661071777,1.096847653388977,4.978654861450195,0.035932165541849456,0.02172034021079971
guide_Stim48hr_TNFA,3,controller,5.817175388336182,1.307091236114502,6.148259162902832,0.0357792997012986,0.04598006116048422
guide_Stim48hr_TNFA,3,controller_no_feedback,5.988145351409912,1.3455073833465576,6.361972808837891,0.03127372182889347,0.03565048486104015
guide_Stim48hr_TNFA,3,shuffled_feedback,5.696011543273926,1.279866337776184,5.996805191040039,0.03473061258080943,0.030522322843588752
guide_Stim48hr_TNFA,3,permuted_features,4.460389137268066,1.0022279024124146,4.452277183532715,0.022524819822308455,0.037796648969300094
guide_Stim48hr_TNFA,4,random,4.491452217102051,1.0092076063156128,4.515285491943359,0.03177359546270519,0.032226419120038804
guide_Stim48hr_TNFA,4,fixed_ridge,5.062249183654785,1.1374629735946655,5.228781223297119,0.01868031401147649,0.03467246867262282
guide_Stim48hr_TNFA,4,adaptive_ridge,4.931240081787109,1.1080259084701538,5.065020561218262,0.03839719557798229,0.03349375050409868
guide_Stim48hr_TNFA,4,controller,5.603582382202148,1.259097933769226,5.905447959899902,0.04572405132972588,0.02922078568430094
guide_Stim48hr_TNFA,4,controller_no_feedback,5.141907691955566,1.1553618907928467,5.3283538818359375,0.019756696355720294,0.03081484664215476
guide_Stim48hr_TNFA,4,shuffled_feedback,5.603582382202148,1.259097933769226,5.905447959899902,0.04572405132972588,0.02922078568430094
guide_Stim48hr_TNFA,4,permuted_features,4.336529731750488,0.9743973016738892,4.321632385253906,0.04050019278206411,0.0387875672694861
guide_Stim48hr_TNFA,5,random,4.505942344665527,1.0124635696411133,4.530797481536865,0.03800878982755751,0.030671707257802844
guide_Stim48hr_TNFA,5,fixed_ridge,4.62183141708374,1.0385032892227173,4.675658226013184,0.02872581962328814,0.02888268045456121
guide_Stim48hr_TNFA,5,adaptive_ridge,4.766607761383057,1.0710338354110718,4.85662841796875,0.026414256469285996,0.030892688536177403
guide_Stim48hr_TNFA,5,controller,5.733257293701172,1.2882353067398071,6.064940452575684,0.022385197309817813,0.03974039562320686
guide_Stim48hr_TNFA,5,controller_no_feedback,4.686065673828125,1.052936315536499,4.755950927734375,0.030907305606719566,0.03162864383014095
guide_Stim48hr_TNFA,5,shuffled_feedback,5.733257293701172,1.2882353067398071,6.064940452575684,0.022385197309817813,0.03974039562320686
guide_Stim48hr_TNFA,5,permuted_features,4.496186256408691,1.010271430015564,4.518601894378662,0.03274477902735657,0.041601624669458714
guide_Stim48hr_TNFA,6,random,4.3726701736450195,0.9825178980827332,4.39716911315918,0.038465458691956424,0.04073362914508225
guide_Stim48hr_TNFA,6,fixed_ridge,4.989712715148926,1.1211644411087036,5.168473243713379,0.03177686575012452,0.03908282304011351
guide_Stim48hr_TNFA,6,adaptive_ridge,5.027901649475098,1.1297452449798584,5.2162089347839355,0.023292783341626377,0.021891831028755776
guide_Stim48hr_TNFA,6,controller,5.759986877441406,1.2942413091659546,6.131316184997559,0.04431126102014844,0.04520093133337179
guide_Stim48hr_TNFA,6,controller_no_feedback,5.05125617980957,1.1349929571151733,5.2454023361206055,0.029164026443355473,0.04086127269072968
guide_Stim48hr_TNFA,6,shuffled_feedback,5.392862319946289,1.2117501497268677,5.672410011291504,0.04475962921070635,0.03952651636334665
guide_Stim48hr_TNFA,6,permuted_features,4.45297908782959,1.0005629062652588,4.497556686401367,0.021960694911146588,0.02682627020864085
guide_Stim48hr_TNFA,7,random,4.429667949676514,0.9953250288963318,4.340691566467285,0.031080724647624663,0.015736196512312263
guide_Stim48hr_TNFA,7,fixed_ridge,5.092268943786621,1.144208312034607,5.168942451477051,0.03272993607370052,0.021634326692133814
guide_Stim48hr_TNFA,7,adaptive_ridge,5.522786617279053,1.2409435510635376,5.707089900970459,0.026793058631584765,0.020232683983903193
guide_Stim48hr_TNFA,7,controller,5.696228981018066,1.2799152135849,5.923892021179199,0.03978113588565615,0.03125890053835835
guide_Stim48hr_TNFA,7,controller_no_feedback,6.061590671539307,1.3620102405548096,6.3805952072143555,0.031167071010628072,0.02256991246341494
guide_Stim48hr_TNFA,7,shuffled_feedback,5.832631587982178,1.3105641603469849,6.094395637512207,0.04345716091675135,0.02351612293469803
guide_Stim48hr_TNFA,7,permuted_features,4.465321063995361,1.0033360719680786,4.385257720947266,0.027468324542605605,0.021020996347041382
guide_Stim48hr_TNFA,8,random,4.546627998352051,1.021605372428894,4.532838344573975,0.05155815298682145,0.031016905137341583
guide_Stim48hr_TNFA,8,fixed_ridge,5.042712688446045,1.1330732107162476,5.152945518493652,0.049202313017153526,0.03428762801114219
guide_Stim48hr_TNFA,8,adaptive_ridge,5.26953649520874,1.1840394735336304,5.436474800109863,0.04311055256269167,0.029468301643047045
guide_Stim48hr_TNFA,8,controller,5.881779670715332,1.3216075897216797,6.201778411865234,0.04316022373158327,0.03854542760299266
guide_Stim48hr_TNFA,8,controller_no_feedback,6.029768943786621,1.3548599481582642,6.3867645263671875,0.03615286657151621,0.018701792138706413
guide_Stim48hr_TNFA,8,shuffled_feedback,5.881779670715332,1.3216075897216797,6.201778411865234,0.04316022373158327,0.03854542760299266
guide_Stim48hr_TNFA,8,permuted_features,4.383616924285889,0.9849776029586792,4.329074859619141,0.03908130926889523,0.02211653790303924
guide_Stim48hr_TNFA,9,random,4.314627647399902,0.969476044178009,4.295505523681641,0.028801862055565074,0.03396646804673599
guide_Stim48hr_TNFA,9,fixed_ridge,5.282626628875732,1.1869807243347168,5.505504608154297,0.03203156725399897,0.033129509862920535
guide_Stim48hr_TNFA,9,adaptive_ridge,5.121395587921143,1.1507529020309448,5.3039655685424805,0.02919829365923533,0.02315647199261036
guide_Stim48hr_TNFA,9,controller,5.797815799713135,1.302741289138794,6.1494903564453125,0.023111552025614445,0.042141611625507745
guide_Stim48hr_TNFA,9,controller_no_feedback,5.303921699523926,1.1917656660079956,5.53212308883667,0.03165326599590527,0.03132577963798182
guide_Stim48hr_TNFA,9,shuffled_feedback,5.797815799713135,1.302741289138794,6.1494903564453125,0.023111552025614445,0.042141611625507745
guide_Stim48hr_TNFA,9,permuted_features,4.416550636291504,0.9923776388168335,4.422909259796143,0.04043652319147597,0.03066954402789062
guide_Stim48hr_TNFA,10,random,4.379979133605957,0.9841601848602295,4.355650424957275,0.03465443183039745,0.02606084318183905
guide_Stim48hr_TNFA,10,fixed_ridge,4.936341285705566,1.1091721057891846,5.051102638244629,0.030612775235741164,0.031780275438315506
guide_Stim48hr_TNFA,10,adaptive_ridge,5.1643195152282715,1.1603976488113403,5.336075782775879,0.030286678457553347,0.03667613740583692
guide_Stim48hr_TNFA,10,controller,5.6842360496521,1.2772204875946045,5.985971450805664,0.03844967791299343,0.033126108744284066
guide_Stim48hr_TNFA,10,controller_no_feedback,4.990097999572754,1.1212509870529175,5.1182990074157715,0.030676600974183798,0.03115890095830373
guide_Stim48hr_TNFA,10,shuffled_feedback,5.6842360496521,1.2772204875946045,5.985971450805664,0.03844967791299343,0.033126108744284066
guide_Stim48hr_TNFA,10,permuted_features,4.435378551483154,0.9966081976890564,4.424900054931641,0.030704429807472122,0.04245343046281614
guide_Stim48hr_TNFA,11,random,4.369203090667725,0.9817388653755188,4.334130764007568,0.040503844470210625,0.03770009250030239
guide_Stim48hr_TNFA,11,fixed_ridge,5.074166297912598,1.1401406526565552,5.215333938598633,0.022460231816969108,0.0348109540153307
guide_Stim48hr_TNFA,11,adaptive_ridge,5.105809211730957,1.1472506523132324,5.254887580871582,0.04275754097211156,0.0319213173484509
guide_Stim48hr_TNFA,11,controller,5.650162220001221,1.269564151763916,5.935328960418701,0.04757592404422549,0.03950160067284326
guide_Stim48hr_TNFA,11,controller_no_feedback,5.97084903717041,1.3416210412979126,6.336188316345215,0.040032393376683996,0.037061402124986806
guide_Stim48hr_TNFA,11,shuffled_feedback,5.650162220001221,1.269564151763916,5.935328960418701,0.04757592404422549,0.03950160067284326
guide_Stim48hr_TNFA,11,permuted_features,4.5179243087768555,1.0151557922363281,4.520031929016113,0.039035514150687255,0.0471538188352456
guide_Stim48hr_TNFA,12,random,4.595848083496094,1.0326648950576782,4.658232688903809,0.027399869435934466,0.042589574472029004
guide_Stim48hr_TNFA,12,fixed_ridge,4.791041851043701,1.076524019241333,4.902224540710449,0.03681489804958712,0.02722991340580445
guide_Stim48hr_TNFA,12,adaptive_ridge,5.268136024475098,1.1837247610092163,5.498591899871826,0.03906082016075932,0.05058019971844045
guide_Stim48hr_TNFA,12,controller,5.7738752365112305,1.297361969947815,6.13076639175415,0.041765015935752436,0.03844719851550659
guide_Stim48hr_TNFA,12,controller_no_feedback,5.959627151489258,1.3390995264053345,6.3629560470581055,0.0441845895973376,0.05213347007133222
guide_Stim48hr_TNFA,12,shuffled_feedback,5.7738752365112305,1.297361969947815,6.13076639175415,0.041765015935752436,0.03844719851550659
guide_Stim48hr_TNFA,12,permuted_features,4.404911994934082,0.9897624850273132,4.419562339782715,0.03600558711698676,0.03273352833958722
guide_Stim48hr_TNFA,13,random,4.537783145904541,1.019618034362793,4.568577766418457,0.05317708925120642,0.04076550342917866
guide_Stim48hr_TNFA,13,fixed_ridge,4.952548980712891,1.1128138303756714,5.087034702301025,0.04007838065804511,0.023531280903315376
guide_Stim48hr_TNFA,13,adaptive_ridge,4.955941677093506,1.1135761737823486,5.091276168823242,0.03943348761671549,0.03093151037247326
guide_Stim48hr_TNFA,13,controller,5.733283042907715,1.2882410287857056,6.062952041625977,0.0499402574745188,0.034108441863868896
guide_Stim48hr_TNFA,13,controller_no_feedback,6.0841755867004395,1.3670848608016968,6.501567840576172,0.03985701901235106,0.0506578200280363
guide_Stim48hr_TNFA,13,shuffled_feedback,5.733283042907715,1.2882410287857056,6.062952041625977,0.0499402574745188,0.034108441863868896
guide_Stim48hr_TNFA,13,permuted_features,4.488127708435059,1.0084606409072876,4.506508827209473,0.03933052585095868,0.04247007669351395
guide_Stim48hr_TNFA,14,random,4.460400581359863,1.0022305250167847,4.476747512817383,0.03748874578040847,0.04645567571978189
guide_Stim48hr_TNFA,14,fixed_ridge,4.731095314025879,1.0630543231964111,4.815115928649902,0.03403671153058565,0.041393995842868854
guide_Stim48hr_TNFA,14,adaptive_ridge,4.877291679382324,1.0959038734436035,4.997861862182617,0.03250574021653323,0.03023652276922651
guide_Stim48hr_TNFA,14,controller,5.646035194396973,1.26863694190979,5.9587907791137695,0.02391069053661468,0.036072025655262754
guide_Stim48hr_TNFA,14,controller_no_feedback,4.7875776290893555,1.0757455825805664,4.885719299316406,0.033244305889383645,0.03853336965657262
guide_Stim48hr_TNFA,14,shuffled_feedback,5.646035194396973,1.26863694190979,5.9587907791137695,0.02391069053661468,0.036072025655262754
guide_Stim48hr_TNFA,14,permuted_features,4.548610210418701,1.0220507383346558,4.587009429931641,0.02312859912800875,0.04879249805265453
guide_Stim48hr_TNFA,15,random,4.42559814453125,0.9944105744361877,4.425773620605469,0.02839269886126424,0.03945161882582917
guide_Stim48hr_TNFA,15,fixed_ridge,5.293142795562744,1.1893436908721924,5.510204315185547,0.03277005383112043,0.03606717332932361
guide_Stim48hr_TNFA,15,adaptive_ridge,5.382360458374023,1.20939040184021,5.621726036071777,0.03898491236656981,0.040870299124787866
guide_Stim48hr_TNFA,15,controller,5.734522342681885,1.2885195016860962,6.061928749084473,0.03490367750229313,0.034025799267473025
guide_Stim48hr_TNFA,15,controller_no_feedback,5.970823764801025,1.3416153192520142,6.357305526733398,0.032124304893058654,0.050363194823139355
guide_Stim48hr_TNFA,15,shuffled_feedback,5.734522342681885,1.2885195016860962,6.061928749084473,0.03490367750229313,0.034025799267473025
guide_Stim48hr_TNFA,15,permuted_features,4.460099220275879,1.0021628141403198,4.468899726867676,0.025988630781996445,0.03999275706380455
guide_Stim48hr_TNFA,16,random,4.590329647064209,1.031424880027771,4.538098335266113,0.05546382886947955,0.05326083066299396
guide_Stim48hr_TNFA,16,fixed_ridge,5.274476528167725,1.1851494312286377,5.393281936645508,0.03310621119555153,0.03883860355915286
guide_Stim48hr_TNFA,16,adaptive_ridge,5.262078285217285,1.1823636293411255,5.37778377532959,0.03738589688691555,0.04060491557341782
guide_Stim48hr_TNFA,16,controller,5.912139892578125,1.3284293413162231,6.190361022949219,0.038590164457530676,0.05540651179821756
guide_Stim48hr_TNFA,16,controller_no_feedback,5.935060977935791,1.3335795402526855,6.219012260437012,0.0344936918099895,0.053739737667602705
guide_Stim48hr_TNFA,16,shuffled_feedback,5.912139892578125,1.3284293413162231,6.190361022949219,0.038590164457530676,0.05540651179821756
guide_Stim48hr_TNFA,16,permuted_features,4.518557548522949,1.0152981281280518,4.448383331298828,0.05351437950820585,0.052795151809315974
guide_Stim48hr_TNFA,17,random,4.393177032470703,0.9871256947517395,4.343685150146484,0.04029154493542142,0.042582661389885576
guide_Stim48hr_TNFA,17,fixed_ridge,5.029176235198975,1.130031704902649,5.138684272766113,0.03432488017571781,0.02171859719378142
guide_Stim48hr_TNFA,17,adaptive_ridge,4.920252323150635,1.1055569648742676,5.002529144287109,0.04247170783927024,0.03837916034075252
guide_Stim48hr_TNFA,17,controller,5.7608513832092285,1.2944355010986328,6.05327844619751,0.04148599483255146,0.044042310794579674
guide_Stim48hr_TNFA,17,controller_no_feedback,6.023554801940918,1.3534637689590454,6.381657600402832,0.028724252020125983,0.04119993762089724
guide_Stim48hr_TNFA,17,shuffled_feedback,5.7608513832092285,1.2944355010986328,6.05327844619751,0.04148599483255146,0.044042310794579674
guide_Stim48hr_TNFA,17,permuted_features,4.348298072814941,0.9770416021347046,4.287586212158203,0.03601260862564496,0.03689749943374811
guide_Stim48hr_TNFA,18,random,4.674149990081787,1.050258994102478,4.671596527099609,0.03033956457979207,0.050129338549048594
guide_Stim48hr_TNFA,18,fixed_ridge,4.870460510253906,1.0943689346313477,4.916984558105469,0.043827921085987175,0.055654641383775724
guide_Stim48hr_TNFA,18,adaptive_ridge,4.941991329193115,1.1104415655136108,5.006397247314453,0.04319945515573975,0.06072472203207611
guide_Stim48hr_TNFA,18,controller,5.844341278076172,1.3131953477859497,6.134334564208984,0.04026361763562893,0.046172174140917635
guide_Stim48hr_TNFA,18,controller_no_feedback,6.022027015686035,1.3531204462051392,6.356441974639893,0.04495319050074735,0.04749003175594019
guide_Stim48hr_TNFA,18,shuffled_feedback,5.844341278076172,1.3131953477859497,6.134334564208984,0.04026361763562893,0.046172174140917635
guide_Stim48hr_TNFA,18,permuted_features,4.4806437492370605,1.0067790746688843,4.429713249206543,0.03222249247445254,0.04620902725614604
guide_Stim48hr_TNFA,19,random,4.439333438873291,0.9974968433380127,4.432835578918457,0.030156435307155848,0.027157408056496097
guide_Stim48hr_TNFA,19,fixed_ridge,4.934054374694824,1.1086581945419312,5.051236152648926,0.03042217371733321,0.04055634302198324
guide_Stim48hr_TNFA,19,adaptive_ridge,4.89885139465332,1.1007483005523682,5.007233619689941,0.044194206647924186,0.03239448982783212
guide_Stim48hr_TNFA,19,controller,5.747640609741211,1.2914671897888184,6.0682196617126465,0.04325983177362016,0.0337499366007788
guide_Stim48hr_TNFA,19,controller_no_feedback,5.995917320251465,1.347253680229187,6.378565788269043,0.045941667259119835,0.04612733616345066
guide_Stim48hr_TNFA,19,shuffled_feedback,5.747640609741211,1.2914671897888184,6.0682196617126465,0.04325983177362016,0.0337499366007788
guide_Stim48hr_TNFA,19,permuted_features,4.565869331359863,1.0259288549423218,4.591005325317383,0.047453899674504016,0.04059466618234575
guide_Stim48hr_IL2STAT5,0,random,4.4271135330200195,0.9947510361671448,4.389585494995117,0.02065512840132987,0.020121605569278205
guide_Stim48hr_IL2STAT5,0,fixed_ridge,4.636083602905273,1.04170560836792,4.650798797607422,0.023096403256874568,0.020448402752563617
guide_Stim48hr_IL2STAT5,0,adaptive_ridge,4.730613708496094,1.062946081161499,4.7689619064331055,0.026020514589894884,0.02919034712484913
guide_Stim48hr_IL2STAT5,0,controller,5.777375221252441,1.2981483936309814,6.0774126052856445,0.015223642197824743,0.020745222628832594
guide_Stim48hr_IL2STAT5,0,controller_no_feedback,6.062693119049072,1.362257957458496,6.434060573577881,0.016436432035205756,0.01931238128547887
guide_Stim48hr_IL2STAT5,0,shuffled_feedback,5.777375221252441,1.2981483936309814,6.0774126052856445,0.015223642197824743,0.020745222628832594
guide_Stim48hr_IL2STAT5,0,permuted_features,4.556499004364014,1.0238233804702759,4.551318168640137,0.01702644376619833,0.019929391401093205
guide_Stim48hr_IL2STAT5,1,random,4.391083717346191,0.9866553544998169,4.483816146850586,0.02123680515608176,0.025841422800908835
guide_Stim48hr_IL2STAT5,1,fixed_ridge,4.849687099456787,1.0897012948989868,5.057070732116699,0.012118919679277338,0.01674737960027528
guide_Stim48hr_IL2STAT5,1,adaptive_ridge,4.969183921813965,1.1165516376495361,5.206441879272461,0.01183355891782502,0.010936585396756576
guide_Stim48hr_IL2STAT5,1,controller,5.7598981857299805,1.2942214012145996,6.1948347091674805,0.02341005584299617,0.0234620486870675
guide_Stim48hr_IL2STAT5,1,controller_no_feedback,5.951268196105957,1.3372212648391724,6.434046745300293,0.012257287184710199,0.02689565120332619
guide_Stim48hr_IL2STAT5,1,shuffled_feedback,5.7598981857299805,1.2942214012145996,6.1948347091674805,0.02341005584299617,0.0234620486870675
guide_Stim48hr_IL2STAT5,1,permuted_features,4.509571075439453,1.013278841972351,4.6319260597229,0.015529619035097763,0.02262855768562711
guide_Stim48hr_IL2STAT5,2,random,4.37174129486084,0.9823091626167297,4.372774600982666,0.02352501083069661,0.014054341855777553
guide_Stim48hr_IL2STAT5,2,fixed_ridge,4.960160732269287,1.114524245262146,5.108299255371094,0.017498141800168458,0.020561000601542385
guide_Stim48hr_IL2STAT5,2,adaptive_ridge,4.96666955947876,1.115986704826355,5.1164350509643555,0.010699646319557483,0.007399073059190182
guide_Stim48hr_IL2STAT5,2,controller,5.796334743499756,1.3024084568023682,6.15351676940918,0.019808308711779497,0.017174165414148825
guide_Stim48hr_IL2STAT5,2,controller_no_feedback,6.018933296203613,1.3524253368377686,6.431765079498291,0.014575686227497914,0.030950169415978467
guide_Stim48hr_IL2STAT5,2,shuffled_feedback,5.580723285675049,1.2539615631103516,5.884002685546875,0.010555642054686624,0.01625816085546645
guide_Stim48hr_IL2STAT5,2,permuted_features,4.556820869445801,1.0238956212997437,4.604125022888184,0.025443815791090313,0.011297981482571672
guide_Stim48hr_IL2STAT5,3,random,4.5320892333984375,1.0183385610580444,4.541901588439941,0.02085317965907997,0.018574657847782356
guide_Stim48hr_IL2STAT5,3,fixed_ridge,4.914682865142822,1.1043055057525635,5.020144462585449,0.021816607795124558,0.010144537246004002
guide_Stim48hr_IL2STAT5,3,adaptive_ridge,5.111766815185547,1.1485893726348877,5.2664995193481445,0.025626233504818102,0.010293680348052872
guide_Stim48hr_IL2STAT5,3,controller,5.817175388336182,1.307091236114502,6.148259162902832,0.028569313149692032,0.01790119990073803
guide_Stim48hr_IL2STAT5,3,controller_no_feedback,5.988145351409912,1.3455073833465576,6.361972808837891,0.018157043517112913,0.023396916003040048
guide_Stim48hr_IL2STAT5,3,shuffled_feedback,5.817175388336182,1.307091236114502,6.148259162902832,0.028569313149692032,0.01790119990073803
guide_Stim48hr_IL2STAT5,3,permuted_features,4.4631781578063965,1.002854585647583,4.455763816833496,0.02565731838846707,0.016198674766903634
guide_Stim48hr_IL2STAT5,4,random,4.491452217102051,1.0092076063156128,4.515285491943359,0.010911584601758579,0.017680891889963704
guide_Stim48hr_IL2STAT5,4,fixed_ridge,4.9410505294799805,1.1102302074432373,5.0772833824157715,0.015360354873553538,0.013727324288716225
guide_Stim48hr_IL2STAT5,4,adaptive_ridge,5.089876651763916,1.1436707973480225,5.2633161544799805,0.009369935876677093,0.016075767129777905
guide_Stim48hr_IL2STAT5,4,controller,5.663379669189453,1.2725341320037842,5.980195045471191,0.016759829087796572,0.011561445337750217
guide_Stim48hr_IL2STAT5,4,controller_no_feedback,5.071558952331543,1.1395548582077026,5.240419387817383,0.015181401209209688,0.012997081301425632
guide_Stim48hr_IL2STAT5,4,shuffled_feedback,5.663379669189453,1.2725341320037842,5.980195045471191,0.016759829087796572,0.011561445337750217
guide_Stim48hr_IL2STAT5,4,permuted_features,4.425075531005859,0.9942931532859802,4.432313919067383,0.011942131017005125,0.018032105120534114
guide_Stim48hr_IL2STAT5,5,random,4.505942344665527,1.0124635696411133,4.530797481536865,0.01361979990023759,0.018189870623333042
guide_Stim48hr_IL2STAT5,5,fixed_ridge,4.853085517883301,1.0904649496078491,4.964725971221924,0.01331409174928568,0.012510840358660773
guide_Stim48hr_IL2STAT5,5,adaptive_ridge,4.919806957244873,1.1054569482803345,5.048128128051758,0.018418198133621406,0.02069508383936975
guide_Stim48hr_IL2STAT5,5,controller,5.873154640197754,1.319669485092163,6.239812850952148,0.013485115007053022,0.013842586587517153
guide_Stim48hr_IL2STAT5,5,controller_no_feedback,6.008726596832275,1.350131869316101,6.409277439117432,0.013687620115492294,0.01804080672301535
guide_Stim48hr_IL2STAT5,5,shuffled_feedback,5.873154640197754,1.319669485092163,6.239812850952148,0.013485115007053022,0.013842586587517153
guide_Stim48hr_IL2STAT5,5,permuted_features,4.496186256408691,1.010271430015564,4.518601894378662,0.014850617831629498,0.028804027660151166
guide_Stim48hr_IL2STAT5,6,random,4.3726701736450195,0.9825178980827332,4.39716911315918,0.014225746907271509,0.012537147544329219
guide_Stim48hr_IL2STAT5,6,fixed_ridge,4.915610313415527,1.1045138835906982,5.075844764709473,0.014127832308022286,0.02071000913395126
guide_Stim48hr_IL2STAT5,6,adaptive_ridge,4.825859546661377,1.0843473672866821,4.963656425476074,0.018899446494404407,0.016863447974790596
guide_Stim48hr_IL2STAT5,6,controller,5.857344627380371,1.3161170482635498,6.253012657165527,0.022077783715929354,0.020455337378699263
guide_Stim48hr_IL2STAT5,6,controller_no_feedback,5.9422607421875,1.3351973295211792,6.359158515930176,0.013039617716834716,0.028582388424628773
guide_Stim48hr_IL2STAT5,6,shuffled_feedback,5.857344627380371,1.3161170482635498,6.253012657165527,0.022077783715929354,0.020455337378699263
guide_Stim48hr_IL2STAT5,6,permuted_features,4.4233503341674805,0.9939054846763611,4.460519790649414,0.006104313972834354,0.013497965074995209
guide_Stim48hr_IL2STAT5,7,random,4.429667949676514,0.9953250288963318,4.340691566467285,0.017171762836521734,0.0137623572349689
guide_Stim48hr_IL2STAT5,7,fixed_ridge,5.321587562561035,1.1957350969314575,5.455591201782227,0.018490315918285725,0.007843748440407755
guide_Stim48hr_IL2STAT5,7,adaptive_ridge,5.406991004943848,1.2149248123168945,5.562345504760742,0.018063212592857942,0.014822357978187442
guide_Stim48hr_IL2STAT5,7,controller,5.832631587982178,1.3105641603469849,6.094395637512207,0.01498410152899018,0.010784104191871263
guide_Stim48hr_IL2STAT5,7,controller_no_feedback,6.061590671539307,1.3620102405548096,6.3805952072143555,0.010108469361790278,0.008816737927019123
guide_Stim48hr_IL2STAT5,7,shuffled_feedback,5.832631587982178,1.3105641603469849,6.094395637512207,0.01498410152899018,0.010784104191871263
guide_Stim48hr_IL2STAT5,7,permuted_features,4.431519508361816,0.995741069316864,4.343005657196045,0.022098007264878657,0.01576788936448993
guide_Stim48hr_IL2STAT5,8,random,4.546627998352051,1.021605372428894,4.532838344573975,0.028712975023940157,0.028120347333726585
guide_Stim48hr_IL2STAT5,8,fixed_ridge,4.931260108947754,1.1080303192138672,5.013628959655762,0.02331544140327474,0.01858432760473788
guide_Stim48hr_IL2STAT5,8,adaptive_ridge,4.993400573730469,1.121993064880371,5.091304779052734,0.02077504494067991,0.01990062661594764
guide_Stim48hr_IL2STAT5,8,controller,5.762501239776611,1.2948062419891357,6.052680492401123,0.022164761905475613,0.01925021717201918
guide_Stim48hr_IL2STAT5,8,controller_no_feedback,6.029768943786621,1.3548599481582642,6.3867645263671875,0.019414065278412013,0.010710265677182626
guide_Stim48hr_IL2STAT5,8,shuffled_feedback,5.881779670715332,1.3216075897216797,6.201778411865234,0.02054455401802394,0.01733919069207644
guide_Stim48hr_IL2STAT5,8,permuted_features,4.383616924285889,0.9849776029586792,4.329074859619141,0.020432414260958716,0.016821749913051715
guide_Stim48hr_IL2STAT5,9,random,4.314627647399902,0.969476044178009,4.295505523681641,0.0225844442907775,0.01752167833025686
guide_Stim48hr_IL2STAT5,9,fixed_ridge,5.088018417358398,1.143253207206726,5.26224422454834,0.014260954396060718,0.017775411768454506
guide_Stim48hr_IL2STAT5,9,adaptive_ridge,4.988950252532959,1.1209930181503296,5.138409614562988,0.01977035172866381,0.015899918067726698
guide_Stim48hr_IL2STAT5,9,controller,5.835632801055908,1.3112385272979736,6.1967620849609375,0.01679941329060199,0.011641767843302852
guide_Stim48hr_IL2STAT5,9,controller_no_feedback,5.943313121795654,1.335433840751648,6.331362247467041,0.01669380243737643,0.029157083899997494
guide_Stim48hr_IL2STAT5,9,shuffled_feedback,5.835632801055908,1.3112385272979736,6.1967620849609375,0.01679941329060199,0.011641767843302852
guide_Stim48hr_IL2STAT5,9,permuted_features,4.416550636291504,0.9923776388168335,4.422909259796143,0.01788136600140362,0.015732315877224862
guide_Stim48hr_IL2STAT5,10,random,4.379979133605957,0.9841601848602295,4.355650424957275,0.01988502557241439,0.012313908866125461
guide_Stim48hr_IL2STAT5,10,fixed_ridge,5.152827739715576,1.1578155755996704,5.321711540222168,0.021202091948431805,0.01138064958718732
guide_Stim48hr_IL2STAT5,10,adaptive_ridge,5.229002475738525,1.1749316453933716,5.416928768157959,0.021675783256443745,0.007582866852171015
guide_Stim48hr_IL2STAT5,10,controller,5.824281215667725,1.3086879253387451,6.161027908325195,0.017522270698538372,0.006363833070588476
guide_Stim48hr_IL2STAT5,10,controller_no_feedback,6.0733208656311035,1.3646459579467773,6.472328186035156,0.01734395935742694,0.018364994400319898
guide_Stim48hr_IL2STAT5,10,shuffled_feedback,5.824281215667725,1.3086879253387451,6.161027908325195,0.017522270698538372,0.006363833070588476
guide_Stim48hr_IL2STAT5,10,permuted_features,4.390830039978027,0.9865983128547668,4.369213104248047,0.02128666908427258,0.018129220034670136
guide_Stim48hr_IL2STAT5,11,random,4.369203090667725,0.9817388653755188,4.334130764007568,0.013052440410526486,0.021631347820051126
guide_Stim48hr_IL2STAT5,11,fixed_ridge,5.087612152099609,1.1431618928909302,5.232141494750977,0.013724401103246292,0.018741139928573725
guide_Stim48hr_IL2STAT5,11,adaptive_ridge,5.256249904632568,1.1810539960861206,5.442938804626465,0.00912580927192504,0.01811032582787939
guide_Stim48hr_IL2STAT5,11,controller,5.694789886474609,1.2795917987823486,5.991114616394043,0.01760180478987221,0.009776233981711267
guide_Stim48hr_IL2STAT5,11,controller_no_feedback,5.97084903717041,1.3416210412979126,6.336188316345215,0.017420346153600785,0.019619240029333143
guide_Stim48hr_IL2STAT5,11,shuffled_feedback,5.650162220001221,1.269564151763916,5.935328960418701,0.016214425276860945,0.02186867461819513
guide_Stim48hr_IL2STAT5,11,permuted_features,4.456170082092285,1.0012799501419067,4.4428391456604,0.01148832912745217,0.018063198249066593
guide_Stim48hr_IL2STAT5,12,random,4.595848083496094,1.0326648950576782,4.658232688903809,0.022096623764472658,0.031004273381793408
guide_Stim48hr_IL2STAT5,12,fixed_ridge,4.655407905578613,1.0460476875305176,4.732682228088379,0.02173403564498995,0.016237766417065563
guide_Stim48hr_IL2STAT5,12,adaptive_ridge,4.850528240203857,1.0898903608322144,4.9765825271606445,0.01507320931676293,0.020615568538613096
guide_Stim48hr_IL2STAT5,12,controller,5.7738752365112305,1.297361969947815,6.13076639175415,0.01766339809729265,0.021700420127932978
guide_Stim48hr_IL2STAT5,12,controller_no_feedback,5.959627151489258,1.3390995264053345,6.3629560470581055,0.019317230078361884,0.030138802126149923
guide_Stim48hr_IL2STAT5,12,shuffled_feedback,5.7738752365112305,1.297361969947815,6.13076639175415,0.01766339809729265,0.021700420127932978
guide_Stim48hr_IL2STAT5,12,permuted_features,4.376604080200195,0.9834018349647522,4.384177207946777,0.017688907756349286,0.007152030475669166
guide_Stim48hr_IL2STAT5,13,random,4.537783145904541,1.019618034362793,4.568577766418457,0.01641906834246001,0.018231895829853177
guide_Stim48hr_IL2STAT5,13,fixed_ridge,4.855849266052246,1.0910859107971191,4.966159820556641,0.023176345183194138,0.01247924395349256
guide_Stim48hr_IL2STAT5,13,adaptive_ridge,4.942963600158691,1.1106600761413574,5.0750532150268555,0.02119918237124613,0.022118808841124205
guide_Stim48hr_IL2STAT5,13,controller,5.733283042907715,1.2882410287857056,6.062952041625977,0.023432092624862635,0.018908247831355366
guide_Stim48hr_IL2STAT5,13,controller_no_feedback,6.0841755867004395,1.3670848608016968,6.501567840576172,0.016341972344315843,0.03351319473521003
guide_Stim48hr_IL2STAT5,13,shuffled_feedback,5.733283042907715,1.2882410287857056,6.062952041625977,0.023432092624862635,0.018908247831355366
guide_Stim48hr_IL2STAT5,13,permuted_features,4.479926109313965,1.006617784500122,4.4962568283081055,0.01945422252905891,0.02327784153100506
guide_Stim48hr_IL2STAT5,14,random,4.460400581359863,1.0022305250167847,4.476747512817383,0.023671055566135305,0.02290142984101421
guide_Stim48hr_IL2STAT5,14,fixed_ridge,5.068211555480957,1.1388026475906372,5.23651123046875,0.018692239291306027,0.01419843746461058
guide_Stim48hr_IL2STAT5,14,adaptive_ridge,5.272802829742432,1.184773325920105,5.492250442504883,0.01982931912326319,0.021581659861975987
guide_Stim48hr_IL2STAT5,14,controller,5.875927448272705,1.320292592048645,6.246156215667725,0.013179537807546382,0.013697697140657095
guide_Stim48hr_IL2STAT5,14,controller_no_feedback,6.023073673248291,1.3533556461334229,6.430088996887207,0.01107278489796489,0.022859110423278168
guide_Stim48hr_IL2STAT5,14,shuffled_feedback,5.875927448272705,1.320292592048645,6.246156215667725,0.013179537807546382,0.013697697140657095
guide_Stim48hr_IL2STAT5,14,permuted_features,4.548610210418701,1.0220507383346558,4.587009429931641,0.018205817980392995,0.025282333772639953
guide_Stim48hr_IL2STAT5,15,random,4.42559814453125,0.9944105744361877,4.425773620605469,0.011957606434864312,0.011427706415984827
guide_Stim48hr_IL2STAT5,15,fixed_ridge,5.142794609069824,1.1555612087249756,5.322268486022949,0.015660441909168987,0.02187402353362337
guide_Stim48hr_IL2STAT5,15,adaptive_ridge,5.027510643005371,1.1296573877334595,5.178164005279541,0.017276224934231622,0.022368998125179736
guide_Stim48hr_IL2STAT5,15,controller,5.734522342681885,1.2885195016860962,6.061928749084473,0.012931671368564707,0.013753368332762594
guide_Stim48hr_IL2STAT5,15,controller_no_feedback,5.970823764801025,1.3416153192520142,6.357305526733398,0.010908146923010866,0.03123508966526949
guide_Stim48hr_IL2STAT5,15,shuffled_feedback,5.734522342681885,1.2885195016860962,6.061928749084473,0.012931671368564707,0.013753368332762594
guide_Stim48hr_IL2STAT5,15,permuted_features,4.460099220275879,1.0021628141403198,4.468899726867676,0.017601028887640834,0.021803406806497023
guide_Stim48hr_IL2STAT5,16,random,4.590329647064209,1.031424880027771,4.538098335266113,0.02482132946149337,0.020683653738315474
guide_Stim48hr_IL2STAT5,16,fixed_ridge,5.152048587799072,1.1576404571533203,5.240246772766113,0.018394476779863056,0.013847611784890024
guide_Stim48hr_IL2STAT5,16,adaptive_ridge,5.130000591278076,1.152686357498169,5.212687015533447,0.02377991802221649,0.015156935535111724
guide_Stim48hr_IL2STAT5,16,controller,5.912139892578125,1.3284293413162231,6.190361022949219,0.021835093636439602,0.02062881260910521
guide_Stim48hr_IL2STAT5,16,controller_no_feedback,5.935060977935791,1.3335795402526855,6.219012260437012,0.020541434794363555,0.019885861458748034
guide_Stim48hr_IL2STAT5,16,shuffled_feedback,5.610260009765625,1.2605984210968018,5.813011169433594,0.026573687223100845,0.029604966662993493
guide_Stim48hr_IL2STAT5,16,permuted_features,4.518557548522949,1.0152981281280518,4.448383331298828,0.032687505222647864,0.02884587986404043
guide_Stim48hr_IL2STAT5,17,random,4.393177032470703,0.9871256947517395,4.343685150146484,0.023590417228847447,0.02628305962773749
guide_Stim48hr_IL2STAT5,17,fixed_ridge,5.159136772155762,1.1592332124710083,5.301135063171387,0.012718188754664836,0.02375585737632554
guide_Stim48hr_IL2STAT5,17,adaptive_ridge,5.281981468200684,1.186835765838623,5.454690933227539,0.01785459047354932,0.015084968143288607
guide_Stim48hr_IL2STAT5,17,controller,5.7608513832092285,1.2944355010986328,6.05327844619751,0.01798378604239167,0.024130993417170243
guide_Stim48hr_IL2STAT5,17,controller_no_feedback,6.023554801940918,1.3534637689590454,6.381657600402832,0.011419392543845587,0.023224288448748104
guide_Stim48hr_IL2STAT5,17,shuffled_feedback,5.7608513832092285,1.2944355010986328,6.05327844619751,0.01798378604239167,0.024130993417170243
guide_Stim48hr_IL2STAT5,17,permuted_features,4.348298072814941,0.9770416021347046,4.287586212158203,0.021325261071290614,0.023426537440595363
guide_Stim48hr_IL2STAT5,18,random,4.674149990081787,1.050258994102478,4.671596527099609,0.01570770546428981,0.026193803323711667
guide_Stim48hr_IL2STAT5,18,fixed_ridge,4.90872049331665,1.1029658317565918,4.964808464050293,0.01803862779100786,0.02522156287900006
guide_Stim48hr_IL2STAT5,18,adaptive_ridge,5.123377323150635,1.151198148727417,5.23313045501709,0.020801061690480703,0.029407514415190066
guide_Stim48hr_IL2STAT5,18,controller,5.696610927581787,1.2800010442733765,5.949672698974609,0.014760861154945742,0.021903722219697462
guide_Stim48hr_IL2STAT5,18,controller_no_feedback,5.1089301109313965,1.1479519605636597,5.215071201324463,0.014783723617279296,0.02532562513593122
guide_Stim48hr_IL2STAT5,18,shuffled_feedback,5.696610927581787,1.2800010442733765,5.949672698974609,0.014760861154945742,0.021903722219697462
guide_Stim48hr_IL2STAT5,18,permuted_features,4.5129265785217285,1.0140328407287598,4.470067024230957,0.02123338562350855,0.01687506852104639
guide_Stim48hr_IL2STAT5,19,random,4.439333438873291,0.9974968433380127,4.432835578918457,0.02122316962967722,0.014620054081729065
guide_Stim48hr_IL2STAT5,19,fixed_ridge,4.79446268081665,1.0772926807403564,4.876747131347656,0.016227068654331354,0.000393910343219615
guide_Stim48hr_IL2STAT5,19,adaptive_ridge,5.081103801727295,1.1416995525360107,5.235049247741699,0.02013087974340057,0.007434926683518836
guide_Stim48hr_IL2STAT5,19,controller,5.747640609741211,1.2914671897888184,6.0682196617126465,0.016652741444276243,0.012144202364706053
guide_Stim48hr_IL2STAT5,19,controller_no_feedback,5.995917320251465,1.347253680229187,6.378565788269043,0.021668328655158085,0.01856232928152748
guide_Stim48hr_IL2STAT5,19,shuffled_feedback,5.747640609741211,1.2914671897888184,6.0682196617126465,0.016652741444276243,0.012144202364706053
guide_Stim48hr_IL2STAT5,19,permuted_features,4.565869331359863,1.0259288549423218,4.591005325317383,0.0305845940824228,0.0177938953685719
donor_split1_IFNG,0,random,4.4381103515625,1.0040289163589478,4.4521307945251465,-0.05063052192957784,-0.01602803990751504
donor_split1_IFNG,0,fixed_ridge,4.518086910247803,1.0221219062805176,4.552101135253906,-0.015610592620098474,0.012011377689000858
donor_split1_IFNG,0,adaptive_ridge,4.538771629333496,1.026801347732544,4.5779571533203125,-0.03104680494757891,0.001612177699431246
donor_split1_IFNG,0,controller,5.447126388549805,1.2322975397109985,5.713400840759277,-0.03409983108329079,0.0025580089303889456
donor_split1_IFNG,0,controller_no_feedback,5.548792362213135,1.255297303199768,5.84048318862915,-0.03701842140335047,0.003948326185110937
donor_split1_IFNG,0,shuffled_feedback,5.447126388549805,1.2322975397109985,5.713400840759277,-0.03409983108329079,0.0025580089303889456
donor_split1_IFNG,0,permuted_features,4.395899295806885,0.9944795370101929,4.39936637878418,-0.012327955666075604,0.01597732098650278
donor_split1_IFNG,1,random,4.4864935874938965,1.014974594116211,4.531444072723389,-0.017950071088636107,0.0077322710709857075
donor_split1_IFNG,1,fixed_ridge,4.509597301483154,1.020201325416565,4.560323715209961,-0.007973586667250348,0.016226286414807854
donor_split1_IFNG,1,adaptive_ridge,4.626330375671387,1.0466097593307495,4.706239700317383,-0.017555076421589485,0.018655422012182975
donor_split1_IFNG,1,controller,5.283528804779053,1.1952869892120361,5.527738094329834,-0.016531397449518568,0.017340714636216264
donor_split1_IFNG,1,controller_no_feedback,5.555205345153809,1.256748080253601,5.867333889007568,-0.029426835181228916,-0.0029696473127384425
donor_split1_IFNG,1,shuffled_feedback,5.481482028961182,1.2400697469711304,5.775178909301758,-0.013460049246162347,0.013215820452344434
donor_split1_IFNG,1,permuted_features,4.337347507476807,0.9812334179878235,4.3450117111206055,0.00043210604432400576,0.027093620245815703
donor_split1_IFNG,2,random,4.408789157867432,0.9973955750465393,4.421642303466797,-0.016593581718629697,0.022661302214097956
donor_split1_IFNG,2,fixed_ridge,4.702589988708496,1.0638618469238281,4.788893699645996,-0.038057678373744006,-0.009470224360498164
donor_split1_IFNG,2,adaptive_ridge,4.706264495849609,1.0646930932998657,4.793487071990967,-0.013686636459053941,0.005674367777097877
donor_split1_IFNG,2,controller,5.396141052246094,1.220763087272644,5.655832290649414,-0.0351538583893208,0.004671007816988549
donor_split1_IFNG,2,controller_no_feedback,4.842233657836914,1.0954532623291016,4.963448524475098,-0.03833282368454312,-0.013535553107737144
donor_split1_IFNG,2,shuffled_feedback,5.396141052246094,1.220763087272644,5.655832290649414,-0.0351538583893208,0.004671007816988549
donor_split1_IFNG,2,permuted_features,4.442873001098633,1.0051063299179077,4.464247703552246,-0.023623075105397615,-0.009635675643406848
donor_split1_IFNG,3,random,4.501741886138916,1.018424153327942,4.462817192077637,-0.0030416288181490947,0.026012273547016122
donor_split1_IFNG,3,fixed_ridge,4.666574478149414,1.0557141304016113,4.668857574462891,-0.015232279150971802,0.013222502253340434
donor_split1_IFNG,3,adaptive_ridge,4.587986946105957,1.0379352569580078,4.570623397827148,0.00118783270126113,0.014878866560513921
donor_split1_IFNG,3,controller,5.367685317993164,1.2143256664276123,5.5452470779418945,-0.034961782188102676,0.006830952552909245
donor_split1_IFNG,3,controller_no_feedback,4.748130798339844,1.0741645097732544,4.770803451538086,-0.007677654858248645,0.01300960521747492
donor_split1_IFNG,3,shuffled_feedback,5.367685317993164,1.2143256664276123,5.5452470779418945,-0.034961782188102676,0.006830952552909245
donor_split1_IFNG,3,permuted_features,4.474360466003418,1.0122296810150146,4.428590297698975,-0.0035018401197902892,0.01816007267792492
donor_split1_IFNG,4,random,4.453007698059082,1.007399082183838,4.483026504516602,0.0004324010408274015,0.015057440645636338
donor_split1_IFNG,4,fixed_ridge,4.566096305847168,1.0329830646514893,4.624388217926025,-0.016949669193144848,0.025205807977165474
donor_split1_IFNG,4,adaptive_ridge,4.602028846740723,1.041111946105957,4.669303894042969,-0.015573875376680299,-0.013952966555245083
donor_split1_IFNG,4,controller,5.413546085357666,1.224700689315796,5.6837005615234375,-0.03554483567565039,-0.011864966364390977
donor_split1_IFNG,4,controller_no_feedback,5.555372714996338,1.2567859888076782,5.860983371734619,-0.013162899626164543,0.018558166242716324
donor_split1_IFNG,4,shuffled_feedback,5.413546085357666,1.224700689315796,5.6837005615234375,-0.03554483567565039,-0.011864966364390977
donor_split1_IFNG,4,permuted_features,4.374655246734619,0.9896734952926636,4.3850860595703125,-0.017437300368090825,0.01641591807977696
donor_split1_IFNG,5,random,4.38242769241333,0.9914318919181824,4.375453472137451,-0.034894374681788395,0.004522643419789955
donor_split1_IFNG,5,fixed_ridge,4.731004238128662,1.070289969444275,4.811173915863037,-0.029385985052512237,0.00031206753527115023
donor_split1_IFNG,5,adaptive_ridge,4.813948631286621,1.0890543460845947,4.914854049682617,-0.02533238972861958,0.004112495546373315
donor_split1_IFNG,5,controller,5.423459529876709,1.2269433736801147,5.676743507385254,-0.0327147176607597,-0.0054282708879229095
donor_split1_IFNG,5,controller_no_feedback,5.417407035827637,1.2255741357803345,5.669177532196045,-0.08371875511402069,-0.02470852075489005
donor_split1_IFNG,5,shuffled_feedback,5.423459529876709,1.2269433736801147,5.676743507385254,-0.0327147176607597,-0.0054282708879229095
donor_split1_IFNG,5,permuted_features,4.411273956298828,0.997957706451416,4.411511421203613,0.00355675956805149,0.01497566258821766
donor_split1_IFNG,6,random,4.389047622680664,0.9929294586181641,4.387991905212402,-0.013034967514795931,0.03619536694226215
donor_split1_IFNG,6,fixed_ridge,4.727987766265869,1.0696074962615967,4.811666965484619,-0.0034177826712335465,0.025693397234994107
donor_split1_IFNG,6,adaptive_ridge,4.897867679595947,1.1080392599105835,5.024017333984375,0.010046390864351875,0.026412132344208313
donor_split1_IFNG,6,controller,5.453926086425781,1.2338358163833618,5.719089984893799,-0.027108903875190445,0.02047644259520305
donor_split1_IFNG,6,controller_no_feedback,5.542121887207031,1.2537882328033447,5.829334735870361,-0.010580675825155794,0.01619589561054692
donor_split1_IFNG,6,shuffled_feedback,5.453926086425781,1.2338358163833618,5.719089984893799,-0.027108903875190445,0.02047644259520305
donor_split1_IFNG,6,permuted_features,4.316195011138916,0.976448118686676,4.2969255447387695,-0.004231834666067696,0.03183587957249654
donor_split1_IFNG,7,random,4.406836032867432,0.9969537258148193,4.466436862945557,-0.01736922026529892,0.012240073680915608
donor_split1_IFNG,7,fixed_ridge,4.830208778381348,1.0927329063415527,4.9956536293029785,-0.017621130251180284,-0.0014882457142448443
donor_split1_IFNG,7,adaptive_ridge,4.71189022064209,1.0659657716751099,4.84775447845459,-0.03199246758770975,0.00983109316959169
donor_split1_IFNG,7,controller,5.455618381500244,1.2342185974121094,5.7774152755737305,-0.012371275773979744,0.03926671125862373
donor_split1_IFNG,7,controller_no_feedback,5.538768291473389,1.2530295848846436,5.881352424621582,-0.04206043206464853,0.01155505987009406
donor_split1_IFNG,7,shuffled_feedback,5.455618381500244,1.2342185974121094,5.7774152755737305,-0.012371275773979744,0.03926671125862373
donor_split1_IFNG,7,permuted_features,4.449470043182373,1.0065988302230835,4.519729137420654,-0.01662482011807364,0.02699390911485139
donor_split1_IFNG,8,random,4.561928749084473,1.0320402383804321,4.556100845336914,-0.013856090176086614,0.008432259402608475
donor_split1_IFNG,8,fixed_ridge,4.8485541343688965,1.0968831777572632,4.914382457733154,-0.01605067183353267,0.0037489567735784456
donor_split1_IFNG,8,adaptive_ridge,4.726541996002197,1.0692805051803589,4.761867523193359,-0.015938830855829617,0.01628350204979486
donor_split1_IFNG,8,controller,5.443541049957275,1.231486439704895,5.658115386962891,-0.04886199836064748,-0.0033200377445043324
donor_split1_IFNG,8,controller_no_feedback,5.4833502769470215,1.240492343902588,5.707878112792969,-0.05597046717980558,-0.03041256641803578
donor_split1_IFNG,8,shuffled_feedback,5.443541049957275,1.231486439704895,5.658115386962891,-0.04886199836064748,-0.0033200377445043324
donor_split1_IFNG,8,permuted_features,4.374972343444824,0.9897452592849731,4.322404861450195,-0.007847471022789073,0.010749086125951785
donor_split1_IFNG,9,random,4.407378196716309,0.9970763921737671,4.366576194763184,-0.028514295210237173,-0.004272974800890301
donor_split1_IFNG,9,fixed_ridge,4.606147766113281,1.0420438051223755,4.615036964416504,-0.014441672768675324,0.03517043023362425
donor_split1_IFNG,9,adaptive_ridge,4.6819939613342285,1.0592024326324463,4.709845542907715,-0.03320026766527526,0.028123915174569514
donor_split1_IFNG,9,controller,5.484230041503906,1.2406914234161377,5.712640762329102,-0.04066148080239361,-0.0005740391116570015
donor_split1_IFNG,9,controller_no_feedback,5.5187554359436035,1.2485020160675049,5.755796909332275,-0.058166474375313706,0.010845313444810581
donor_split1_IFNG,9,shuffled_feedback,5.484230041503906,1.2406914234161377,5.712640762329102,-0.04066148080239361,-0.0005740391116570015
donor_split1_IFNG,9,permuted_features,4.525681495666504,1.023840069770813,4.514453887939453,-0.019832370896341357,0.010421402131676995
donor_split1_IFNG,10,random,4.3640851974487305,0.9872822761535645,4.37479305267334,-0.01689794481330514,-0.00416160372704509
donor_split1_IFNG,10,fixed_ridge,4.576704978942871,1.0353829860687256,4.640568733215332,-0.021224205187108817,0.029626778165436306
donor_split1_IFNG,10,adaptive_ridge,4.786823749542236,1.0829179286956787,4.903216361999512,-0.021381775800124587,0.033080493856584285
donor_split1_IFNG,10,controller,5.412795066833496,1.224530816078186,5.685680389404297,-0.03583148484631772,0.010583042526985945
donor_split1_IFNG,10,controller_no_feedback,5.534202575683594,1.251996636390686,5.837440490722656,-0.038967308200462625,-0.003758408786853512
donor_split1_IFNG,10,shuffled_feedback,5.412795066833496,1.224530816078186,5.685680389404297,-0.03583148484631772,0.010583042526985945
donor_split1_IFNG,10,permuted_features,4.326972961425781,0.9788864254951477,4.328403472900391,-0.02652958199258556,0.016071608602205124
donor_split1_IFNG,11,random,4.5275163650512695,1.0242551565170288,4.569231986999512,-0.03092950599329127,0.01141779519461256
donor_split1_IFNG,11,fixed_ridge,4.653893947601318,1.0528453588485718,4.727203845977783,-0.02440533787177494,0.042849187936483346
donor_split1_IFNG,11,adaptive_ridge,4.7850470542907715,1.0825159549713135,4.891145706176758,-0.005584047350290586,0.037381007016260806
donor_split1_IFNG,11,controller,5.411106109619141,1.2241486310958862,5.673718452453613,-0.03395021330910536,0.0106265796881831
donor_split1_IFNG,11,controller_no_feedback,5.530817985534668,1.2512309551239014,5.823358535766602,-0.06012888881333359,-0.022219963455491647
donor_split1_IFNG,11,shuffled_feedback,5.310335636138916,1.201351523399353,5.547755241394043,-0.04042992364921718,0.011126785246756669
donor_split1_IFNG,11,permuted_features,4.389718532562256,0.993081271648407,4.396984100341797,-0.007950293574050648,0.035773707690767334
donor_split1_IFNG,12,random,4.4367146492004395,1.0037131309509277,4.4705305099487305,-0.006288744408584977,0.0021085723207643755
donor_split1_IFNG,12,fixed_ridge,4.746586799621582,1.0738152265548706,4.857870101928711,-0.03654538377158796,0.0040574728856536705
donor_split1_IFNG,12,adaptive_ridge,4.8500752449035645,1.0972272157669067,4.987231254577637,-0.020862983690452478,0.016585258463529148
donor_split1_IFNG,12,controller,5.418827533721924,1.2258955240249634,5.698171615600586,-0.030713513053717983,0.00543386770565566
donor_split1_IFNG,12,controller_no_feedback,5.562308311462402,1.2583550214767456,5.877523422241211,-0.07213208827805971,-0.01725872768877268
donor_split1_IFNG,12,shuffled_feedback,5.418827533721924,1.2258955240249634,5.698171615600586,-0.030713513053717983,0.00543386770565566
donor_split1_IFNG,12,permuted_features,4.363421440124512,0.9871320724487305,4.378913402557373,-0.03705469342851343,0.007066394835124107
donor_split1_IFNG,13,random,4.218993186950684,0.9544582366943359,4.1956377029418945,-0.0020624831876948657,0.018164102891173716
donor_split1_IFNG,13,fixed_ridge,4.444497108459473,1.0054737329483032,4.477517127990723,-0.004902730375801001,0.019785252539449405
donor_split1_IFNG,13,adaptive_ridge,4.693421840667725,1.061787724494934,4.788673400878906,-0.013452270506402284,-0.0034579763215593917
donor_split1_IFNG,13,controller,5.395840644836426,1.2206951379776,5.666695594787598,-0.020319182955066906,0.0012501086561309688
donor_split1_IFNG,13,controller_no_feedback,5.5388922691345215,1.253057599067688,5.845510959625244,-0.005926036933070372,0.016477633484750887
donor_split1_IFNG,13,shuffled_feedback,5.395840644836426,1.2206951379776,5.666695594787598,-0.020319182955066906,0.0012501086561309688
donor_split1_IFNG,13,permuted_features,4.300176620483398,0.9728242754936218,4.297116756439209,0.0036255729803978897,0.01102889412746579
donor_split1_IFNG,14,random,4.531595706939697,1.0251779556274414,4.553535461425781,-0.01108331582452545,-0.002207197401544736
donor_split1_IFNG,14,fixed_ridge,4.731242656707764,1.0703438520431519,4.803093910217285,0.002358113007217913,0.02977662452895193
donor_split1_IFNG,14,adaptive_ridge,4.649681091308594,1.0518922805786133,4.701141834259033,-0.02400711331633826,0.007347474921602011
donor_split1_IFNG,14,controller,5.464317321777344,1.2361866235733032,5.719437599182129,-0.030849264860947533,0.0047108646283865446
donor_split1_IFNG,14,controller_no_feedback,5.612505912780762,1.2697111368179321,5.904673099517822,-0.04605733532825521,-0.02038802295748591
donor_split1_IFNG,14,shuffled_feedback,5.464317321777344,1.2361866235733032,5.719437599182129,-0.030849264860947533,0.0047108646283865446
donor_split1_IFNG,14,permuted_features,4.437016487121582,1.0037814378738403,4.435311317443848,-6.330608487647993e-07,0.015593123246631896
donor_split1_IFNG,15,random,4.453883171081543,1.0075972080230713,4.444701194763184,0.01050297275616981,0.010838880379641005
donor_split1_IFNG,15,fixed_ridge,4.715733528137207,1.0668352842330933,4.7720136642456055,-0.02889104509851891,0.025274432067409223
donor_split1_IFNG,15,adaptive_ridge,4.609977722167969,1.0429102182388306,4.639819145202637,-0.040317218488022624,0.014965424954766238
donor_split1_IFNG,15,controller,5.49530553817749,1.243196964263916,5.746479034423828,-0.03361410946073946,0.0038347785406161955
donor_split1_IFNG,15,controller_no_feedback,5.553167819976807,1.2562870979309082,5.818806171417236,-0.051485585419357084,-0.024618794314135627
donor_split1_IFNG,15,shuffled_feedback,5.49530553817749,1.243196964263916,5.746479034423828,-0.03361410946073946,0.0038347785406161955
donor_split1_IFNG,15,permuted_features,4.377005577087402,0.9902052283287048,4.34860372543335,-0.004351942915131601,-0.0027916574057444176
donor_split1_IFNG,16,random,4.390015602111816,0.9931484460830688,4.409031391143799,-0.026069907156378514,-0.005573398700896867
donor_split1_IFNG,16,fixed_ridge,4.7550129890441895,1.0757213830947876,4.8652777671813965,-0.0254743697760475,0.011283157445670088
donor_split1_IFNG,16,adaptive_ridge,4.6987433433532715,1.0629916191101074,4.794940948486328,-0.006743389388026851,0.01133816334430682
donor_split1_IFNG,16,controller,5.441875457763672,1.231109619140625,5.723855972290039,-0.03872917291434981,-0.00918141028247733
donor_split1_IFNG,16,controller_no_feedback,5.584301948547363,1.2633305788040161,5.901888847351074,-0.05367812935068792,-0.01743754887177066
donor_split1_IFNG,16,shuffled_feedback,5.317681312561035,1.203013300895691,5.568613052368164,-0.030499624647092695,-0.001562517844133296
donor_split1_IFNG,16,permuted_features,4.365715026855469,0.987650990486145,4.378655433654785,0.005236445794351679,0.0401951015658068
donor_split1_IFNG,17,random,4.493776798248291,1.0166223049163818,4.528537750244141,-0.0015731371547515124,0.016514690391124093
donor_split1_IFNG,17,fixed_ridge,4.625631332397461,1.0464515686035156,4.693356990814209,-0.03077130509598876,0.010973191404650431
donor_split1_IFNG,17,adaptive_ridge,4.689669609069824,1.060938835144043,4.773405075073242,-0.02061856481454647,0.010426596053760505
donor_split1_IFNG,17,controller,5.419898986816406,1.2261378765106201,5.686191082000732,-0.017830693737924154,0.020177403718211678
donor_split1_IFNG,17,controller_no_feedback,4.7203497886657715,1.067879557609558,4.811755180358887,-0.02541674867197346,0.003832071229829144
donor_split1_IFNG,17,shuffled_feedback,5.100531578063965,1.1538877487182617,5.286981105804443,-0.023845249088586273,0.021786805074329105
donor_split1_IFNG,17,permuted_features,4.452389717102051,1.0072592496871948,4.476804256439209,-0.008464201382504675,0.02680647113999073
donor_split1_IFNG,18,random,4.345387935638428,0.9830523729324341,4.376980781555176,-0.017638964142254437,0.011147596656803427
donor_split1_IFNG,18,fixed_ridge,4.6366376876831055,1.0489414930343628,4.7410430908203125,-0.0008586083765528045,0.04660750746855617
donor_split1_IFNG,18,adaptive_ridge,4.752436637878418,1.0751385688781738,4.885791778564453,0.004703292664468046,0.018129124795479762
donor_split1_IFNG,18,controller,5.28842830657959,1.1963953971862793,5.555781364440918,-0.005533235816845819,0.029686695243522354
donor_split1_IFNG,18,controller_no_feedback,4.705082893371582,1.0644258260726929,4.826599597930908,0.005109426213335289,0.04558139205280813
donor_split1_IFNG,18,shuffled_feedback,5.28842830657959,1.1963953971862793,5.555781364440918,-0.005533235816845819,0.029686695243522354
donor_split1_IFNG,18,permuted_features,4.362456321716309,0.9869137406349182,4.398315906524658,-0.011359062697162543,0.0017816030014968815
donor_split1_IFNG,19,random,4.497780799865723,1.0175280570983887,4.536677360534668,-0.0281966617167216,0.005948778855750685
donor_split1_IFNG,19,fixed_ridge,4.691754341125488,1.0614105463027954,4.779143333435059,-0.008588327453323366,0.0038754300316042336
donor_split1_IFNG,19,adaptive_ridge,4.626799583435059,1.0467158555984497,4.69795036315918,-0.021786221974308757,0.0009382134514990398
donor_split1_IFNG,19,controller,5.457518577575684,1.2346484661102295,5.736350059509277,-0.016653793626656192,0.010372185713236465
donor_split1_IFNG,19,controller_no_feedback,5.529794216156006,1.2509993314743042,5.826694011688232,-0.03226397910859197,0.0007527982343525392
donor_split1_IFNG,19,shuffled_feedback,5.457518577575684,1.2346484661102295,5.736350059509277,-0.016653793626656192,0.010372185713236465
donor_split1_IFNG,19,permuted_features,4.457095146179199,1.0083237886428833,4.485820293426514,0.007955740047229572,0.018258774369631692
donor_split1_TNFA,0,random,4.4381103515625,1.0040289163589478,4.4521307945251465,0.000632801723678672,0.017074862658800573
donor_split1_TNFA,0,fixed_ridge,4.723085880279541,1.0684986114501953,4.808349609375,0.017339707904705542,0.007411839536170481
donor_split1_TNFA,0,adaptive_ridge,4.7482147216796875,1.074183464050293,4.839760780334473,0.014759887955246881,-0.0008058046512623068
donor_split1_TNFA,0,controller,5.447126388549805,1.2322975397109985,5.713400840759277,-0.006407162678511391,-0.0009292652694807737
donor_split1_TNFA,0,controller_no_feedback,5.548792362213135,1.255297303199768,5.84048318862915,-0.014829086693221865,0.010934609212910739
donor_split1_TNFA,0,shuffled_feedback,5.447126388549805,1.2322975397109985,5.713400840759277,-0.006407162678511391,-0.0009292652694807737
donor_split1_TNFA,0,permuted_features,4.339601039886475,0.9817432165145874,4.328994274139404,-0.004400228081211694,-0.0025363575200527907
donor_split1_TNFA,1,random,4.4864935874938965,1.014974594116211,4.531444072723389,-0.01567312412495194,-0.011202629181148251
donor_split1_TNFA,1,fixed_ridge,4.6823015213012695,1.059272050857544,4.7762041091918945,0.0032454100884887413,-0.003790759601963721
donor_split1_TNFA,1,adaptive_ridge,4.7111968994140625,1.0658090114593506,4.812323570251465,-0.005963291348023002,-0.004841863331371756
donor_split1_TNFA,1,controller,5.481482028961182,1.2400697469711304,5.775178909301758,-0.005838070744896945,-0.004308374978834235
donor_split1_TNFA,1,controller_no_feedback,5.555205345153809,1.256748080253601,5.867333889007568,0.004654364765875403,0.0032888170706886115
donor_split1_TNFA,1,shuffled_feedback,5.481482028961182,1.2400697469711304,5.775178909301758,-0.005838070744896945,-0.004308374978834235
donor_split1_TNFA,1,permuted_features,4.337347507476807,0.9812334179878235,4.3450117111206055,-0.02725942883901868,-0.017833082338964586
donor_split1_TNFA,2,random,4.408789157867432,0.9973955750465393,4.421642303466797,-0.02485421303980239,-0.0010457913957482427
donor_split1_TNFA,2,fixed_ridge,4.740048885345459,1.0723360776901245,4.835717678070068,-0.01632595127649818,-0.014880635301749264
donor_split1_TNFA,2,adaptive_ridge,4.792566776275635,1.0842171907424927,4.901364326477051,-0.01246426513214395,-0.002803136959405775
donor_split1_TNFA,2,controller,5.421120643615723,1.2264142036437988,5.687057018280029,-0.009521566224832915,-0.007040364657930116
donor_split1_TNFA,2,controller_no_feedback,5.536562442779541,1.252530574798584,5.831358909606934,-0.017679597055456374,-0.013191799749014976
donor_split1_TNFA,2,shuffled_feedback,5.421120643615723,1.2264142036437988,5.687057018280029,-0.009521566224832915,-0.007040364657930116
donor_split1_TNFA,2,permuted_features,4.417507171630859,0.9993678331375122,4.432540416717529,-0.00762084899255783,-0.020838046916285886
donor_split1_TNFA,3,random,4.501741886138916,1.018424153327942,4.462817192077637,-0.021580746888988415,-0.03441000512881666
donor_split1_TNFA,3,fixed_ridge,4.859847068786621,1.099437952041626,4.91044807434082,0.00256162127263046,0.009507136180341803
donor_split1_TNFA,3,adaptive_ridge,4.767505645751953,1.0785475969314575,4.795022010803223,0.006678776458492691,0.005235725845323085
donor_split1_TNFA,3,controller,5.426285266876221,1.227582573890686,5.618496417999268,-0.00824011117529853,0.007439657975438147
donor_split1_TNFA,3,controller_no_feedback,5.515328884124756,1.2477269172668457,5.729801177978516,-0.01756038235474813,-0.01471201025333047
donor_split1_TNFA,3,shuffled_feedback,5.426285266876221,1.227582573890686,5.618496417999268,-0.00824011117529853,0.007439657975438147
donor_split1_TNFA,3,permuted_features,4.474360466003418,1.0122296810150146,4.428590297698975,-0.003945205578131139,-0.01620444050764882
donor_split1_TNFA,4,random,4.453007698059082,1.007399082183838,4.483026504516602,0.004521120672372648,-0.0030322536120146516
donor_split1_TNFA,4,fixed_ridge,4.623351097106934,1.0459357500076294,4.695956230163574,0.02334375217757378,0.0032773655179780085
donor_split1_TNFA,4,adaptive_ridge,4.731631755828857,1.0704319477081299,4.831307411193848,0.010516181807961862,-0.012585899162489006
donor_split1_TNFA,4,controller,5.413546085357666,1.224700689315796,5.6837005615234375,-0.00742901787886221,0.0027789146217228225
donor_split1_TNFA,4,controller_no_feedback,5.555372714996338,1.2567859888076782,5.860983371734619,0.0006376816783665404,-0.007161545024731245
donor_split1_TNFA,4,shuffled_feedback,5.292288303375244,1.1972686052322388,5.53212833404541,-0.002362953453420411,-0.008760639258715749
donor_split1_TNFA,4,permuted_features,4.406937122344971,0.9969766139984131,4.42543888092041,-0.01684900865870112,-0.022305802131397632
donor_split1_TNFA,5,random,4.38242769241333,0.9914318919181824,4.375453472137451,-0.0004949322998061701,-0.01255900284928096
donor_split1_TNFA,5,fixed_ridge,4.619433403015137,1.0450494289398193,4.671710014343262,-0.012495445014920697,-0.006388929296467782
donor_split1_TNFA,5,adaptive_ridge,4.749434471130371,1.074459433555603,4.834211826324463,-0.009750724657010903,-0.014108403645289863
donor_split1_TNFA,5,controller,5.423459529876709,1.2269433736801147,5.676743507385254,0.00518366622253402,-0.0014639164837619227
donor_split1_TNFA,5,controller_no_feedback,5.417407035827637,1.2255741357803345,5.669177532196045,0.009437391774193006,0.01837087955214317
donor_split1_TNFA,5,shuffled_feedback,5.423459529876709,1.2269433736801147,5.676743507385254,0.00518366622253402,-0.0014639164837619227
donor_split1_TNFA,5,permuted_features,4.482336521148682,1.0140341520309448,4.500339508056641,0.00986066091333968,0.0030538096093123087
donor_split1_TNFA,6,random,4.389047622680664,0.9929294586181641,4.387991905212402,-0.03597180942215396,-0.024447382458459947
donor_split1_TNFA,6,fixed_ridge,4.765437126159668,1.0780797004699707,4.8584794998168945,-0.006773091403533453,0.00647082680778426
donor_split1_TNFA,6,adaptive_ridge,4.857817649841309,1.098978877067566,4.973954200744629,-0.015243958642646258,0.007377930419450414
donor_split1_TNFA,6,controller,5.345508575439453,1.2093086242675781,5.583568096160889,-0.010355600917330085,-0.004700694830050147
donor_split1_TNFA,6,controller_no_feedback,5.542121887207031,1.2537882328033447,5.829334735870361,-0.019071817246992598,-0.021744931162863742
donor_split1_TNFA,6,shuffled_feedback,5.453926086425781,1.2338358163833618,5.719089984893799,-0.014426915161978976,-0.018665539263644382
donor_split1_TNFA,6,permuted_features,4.316195011138916,0.976448118686676,4.2969255447387695,-0.019757903659562544,-0.01853172126935863
donor_split1_TNFA,7,random,4.406836032867432,0.9969537258148193,4.466436862945557,-0.024077695299546304,-0.0181792344044864
donor_split1_TNFA,7,fixed_ridge,4.8481855392456055,1.0967997312545776,5.018123626708984,-0.01837541228885343,-0.004179623692518595
donor_split1_TNFA,7,adaptive_ridge,4.863838195800781,1.1003408432006836,5.037690162658691,-0.022582725265832916,-0.018448766137932837
donor_split1_TNFA,7,controller,5.455618381500244,1.2342185974121094,5.7774152755737305,-0.020012540427627994,-0.01693210964242138
donor_split1_TNFA,7,controller_no_feedback,5.538768291473389,1.2530295848846436,5.881352424621582,-0.023039729930645604,-0.014187337848474044
donor_split1_TNFA,7,shuffled_feedback,5.388089656829834,1.2189416885375977,5.693004131317139,-0.010465015648379011,-0.0035734562952006188
donor_split1_TNFA,7,permuted_features,4.449470043182373,1.0065988302230835,4.519729137420654,-0.02114143070458007,-0.002896728633906915
donor_split1_TNFA,8,random,4.561928749084473,1.0320402383804321,4.556100845336914,-0.0245423472854964,-0.02079972990269059
donor_split1_TNFA,8,fixed_ridge,4.598803520202637,1.0403823852539062,4.602194309234619,-0.006311969504567768,0.0009164516247021032
donor_split1_TNFA,8,adaptive_ridge,4.814313888549805,1.0891369581222534,4.87158203125,-0.02446792382675799,-0.0015549930661698079
donor_split1_TNFA,8,controller,5.443541049957275,1.231486439704895,5.658115386962891,-0.020212536837428845,0.009686454050881626
donor_split1_TNFA,8,controller_no_feedback,5.4833502769470215,1.240492343902588,5.707878112792969,0.005284914557386192,0.009349382552372632
donor_split1_TNFA,8,shuffled_feedback,5.443541049957275,1.231486439704895,5.658115386962891,-0.020212536837428845,0.009686454050881626
donor_split1_TNFA,8,permuted_features,4.374972343444824,0.9897452592849731,4.322404861450195,-0.01700116311675793,0.005368384807888714
donor_split1_TNFA,9,random,4.407378196716309,0.9970763921737671,4.366576194763184,-0.009832010893563411,0.003833836202854651
donor_split1_TNFA,9,fixed_ridge,4.7079668045043945,1.0650782585144043,4.742311477661133,0.0032294545266981335,-0.004657103823599409
donor_split1_TNFA,9,adaptive_ridge,4.780076503753662,1.0813915729522705,4.8324480056762695,0.020735687772820352,0.018102784671632156
donor_split1_TNFA,9,controller,5.484230041503906,1.2406914234161377,5.712640762329102,-0.002953187722252883,-0.010055401661215987
donor_split1_TNFA,9,controller_no_feedback,5.5187554359436035,1.2485020160675049,5.755796909332275,-0.0027648196813899336,0.007355523171867948
donor_split1_TNFA,9,shuffled_feedback,5.484230041503906,1.2406914234161377,5.712640762329102,-0.002953187722252883,-0.010055401661215987
donor_split1_TNFA,9,permuted_features,4.525681495666504,1.023840069770813,4.514453887939453,-0.008055296760807013,-0.02328550871542716
donor_split1_TNFA,10,random,4.3640851974487305,0.9872822761535645,4.37479305267334,-0.026514744254151217,-0.029989339099922307
donor_split1_TNFA,10,fixed_ridge,4.514179706573486,1.0212379693984985,4.562411308288574,-0.01910506837157265,-0.010258695630070827
donor_split1_TNFA,10,adaptive_ridge,4.6693243980407715,1.0563361644744873,4.75634241104126,-0.016095692770214984,-0.02866014991826185
donor_split1_TNFA,10,controller,5.275332450866699,1.1934326887130737,5.513852119445801,-0.024986966233193818,-0.003321298498106158
donor_split1_TNFA,10,controller_no_feedback,5.534202575683594,1.251996636390686,5.837440490722656,-0.020040926580931887,-0.017513903386025893
donor_split1_TNFA,10,shuffled_feedback,5.412795066833496,1.224530816078186,5.685680389404297,-0.02743442520023188,-0.012996642724038837
donor_split1_TNFA,10,permuted_features,4.349409103393555,0.9839621186256409,4.356448173522949,-0.018914926528263203,-0.007401907646021816
donor_split1_TNFA,11,random,4.5275163650512695,1.0242551565170288,4.569231986999512,-0.010158173275150367,-0.023894089063067947
donor_split1_TNFA,11,fixed_ridge,4.709748268127441,1.065481185913086,4.79702091217041,0.010764683995091362,-0.019159638713485427
donor_split1_TNFA,11,adaptive_ridge,4.610281944274902,1.042979121208191,4.6726884841918945,0.005355334612622661,-0.017142991729194517
donor_split1_TNFA,11,controller,5.411106109619141,1.2241486310958862,5.673718452453613,-0.01023149075748447,-0.004797476922753431
donor_split1_TNFA,11,controller_no_feedback,5.530817985534668,1.2512309551239014,5.823358535766602,-0.021463862446681137,-0.014068669166654993
donor_split1_TNFA,11,shuffled_feedback,5.343847751617432,1.208932876586914,5.5896453857421875,-0.012097170280973594,-0.021488219185746317
donor_split1_TNFA,11,permuted_features,4.389718532562256,0.993081271648407,4.396984100341797,-0.03810973017689458,-0.015112695618646832
donor_split1_TNFA,12,random,4.4367146492004395,1.0037131309509277,4.4705305099487305,-0.027945618685908342,-0.03441866129152272
donor_split1_TNFA,12,fixed_ridge,4.535756587982178,1.026119351387024,4.594332695007324,-0.008546082344670303,-0.013936884847954472
donor_split1_TNFA,12,adaptive_ridge,4.8192548751831055,1.090254783630371,4.948706150054932,-0.0003773047406320368,-0.025323083909405075
donor_split1_TNFA,12,controller,5.350937843322754,1.2105368375778198,5.613309860229492,-0.014293341845412717,-0.01862343568407135
donor_split1_TNFA,12,controller_no_feedback,4.571722984313965,1.0342559814453125,4.639291286468506,-0.012984732386576978,-0.015163305140828873
donor_split1_TNFA,12,shuffled_feedback,5.350937843322754,1.2105368375778198,5.613309860229492,-0.014293341845412717,-0.01862343568407135
donor_split1_TNFA,12,permuted_features,4.363421440124512,0.9871320724487305,4.378913402557373,-0.022872660918369963,-0.02493156749144398
donor_split1_TNFA,13,random,4.218993186950684,0.9544582366943359,4.1956377029418945,-0.012151464105193566,-0.011560193528416533
donor_split1_TNFA,13,fixed_ridge,4.8584184646606445,1.0991147756576538,4.9949188232421875,-0.018349077022077193,-0.017397918726806665
donor_split1_TNFA,13,adaptive_ridge,4.989241123199463,1.1287106275558472,5.158446788787842,0.011991378526759454,0.0016515294186961488
donor_split1_TNFA,13,controller,5.395840644836426,1.2206951379776,5.666695594787598,0.00186916114862109,-0.01575975989599153
donor_split1_TNFA,13,controller_no_feedback,5.5388922691345215,1.253057599067688,5.845510959625244,0.0004420604650104923,-0.00110157279094458
donor_split1_TNFA,13,shuffled_feedback,5.395840644836426,1.2206951379776,5.666695594787598,0.00186916114862109,-0.01575975989599153
donor_split1_TNFA,13,permuted_features,4.482491493225098,1.0140691995620728,4.525010108947754,-0.003473301122579795,-0.0013206539210327563
donor_split1_TNFA,14,random,4.531595706939697,1.0251779556274414,4.553535461425781,-0.01476151245822573,-0.0026609942700773965
donor_split1_TNFA,14,fixed_ridge,4.631467342376709,1.0477718114852905,4.678375244140625,-0.03102746231676388,-0.017602131045279988
donor_split1_TNFA,14,adaptive_ridge,4.759960174560547,1.0768406391143799,4.838991165161133,-0.02672845725164742,-0.022402784713748104
donor_split1_TNFA,14,controller,5.464317321777344,1.2361866235733032,5.719437599182129,-0.014619412796085609,-0.006973808387020041
donor_split1_TNFA,14,controller_no_feedback,5.612505912780762,1.2697111368179321,5.904673099517822,-0.01501947134110648,-0.004482223348095242
donor_split1_TNFA,14,shuffled_feedback,5.4585089683532715,1.234872579574585,5.712177276611328,-0.025628194366529487,-0.007840169495249717
donor_split1_TNFA,14,permuted_features,4.437016487121582,1.0037814378738403,4.435311317443848,0.00980251797867431,-0.008352203368289318
donor_split1_TNFA,15,random,4.453883171081543,1.0075972080230713,4.444701194763184,-0.008899969145183376,-0.02153345934212809
donor_split1_TNFA,15,fixed_ridge,4.803077697753906,1.086595058441162,4.881194114685059,-0.01780991319345616,-0.013192518365826925
donor_split1_TNFA,15,adaptive_ridge,4.776583194732666,1.0806012153625488,4.8480753898620605,-0.004066741940810613,-0.009909278562307656
donor_split1_TNFA,15,controller,5.370609283447266,1.2149871587753296,5.590608596801758,-0.01142084359159547,0.0037173053782015124
donor_split1_TNFA,15,controller_no_feedback,4.8612542152404785,1.0997562408447266,4.953914642333984,-0.009304528527362082,-0.015108061400600828
donor_split1_TNFA,15,shuffled_feedback,5.370609283447266,1.2149871587753296,5.590608596801758,-0.01142084359159547,0.0037173053782015124
donor_split1_TNFA,15,permuted_features,4.420482635498047,1.0000410079956055,4.402949810028076,-0.007301037612455745,-0.029109178358156972
donor_split1_TNFA,16,random,4.390015602111816,0.9931484460830688,4.409031391143799,-0.03783802241876304,-0.028409274333778517
donor_split1_TNFA,16,fixed_ridge,4.599673748016357,1.0405791997909546,4.6711039543151855,-0.014757873210179854,0.003308562408052676
donor_split1_TNFA,16,adaptive_ridge,4.594557285308838,1.0394216775894165,4.664708137512207,-0.007455354031712326,0.004157464606300296
donor_split1_TNFA,16,controller,5.329448699951172,1.2056753635406494,5.583322048187256,-0.01204628306344016,-0.009332769621771505
donor_split1_TNFA,16,controller_no_feedback,4.704977512359619,1.0644019842147827,4.802733421325684,-0.012931976539301688,-0.001704916317996466
donor_split1_TNFA,16,shuffled_feedback,5.329448699951172,1.2056753635406494,5.583322048187256,-0.01204628306344016,-0.009332769621771505
donor_split1_TNFA,16,permuted_features,4.365715026855469,0.987650990486145,4.378655433654785,-0.008332887377120273,0.0008860120490152276
donor_split1_TNFA,17,random,4.493776798248291,1.0166223049163818,4.528537750244141,0.0026886640937521023,-0.008485921305180897
donor_split1_TNFA,17,fixed_ridge,4.641524314880371,1.0500470399856567,4.713222503662109,-0.0011039777023929783,-0.0024104685496880137
donor_split1_TNFA,17,adaptive_ridge,4.685883522033691,1.0600823163986206,4.768671989440918,0.007919467925821221,0.0012467350955016293
donor_split1_TNFA,17,controller,5.427889823913574,1.2279456853866577,5.696179389953613,-0.015105536347840088,-0.009304287610824217
donor_split1_TNFA,17,controller_no_feedback,5.5608978271484375,1.2580358982086182,5.8624396324157715,-0.00453560953467937,0.004151252119550586
donor_split1_TNFA,17,shuffled_feedback,5.427889823913574,1.2279456853866577,5.696179389953613,-0.015105536347840088,-0.009304287610824217
donor_split1_TNFA,17,permuted_features,4.476543426513672,1.0127235651016235,4.506997108459473,-0.023724135405498538,0.003252888077882854
donor_split1_TNFA,18,random,4.345387935638428,0.9830523729324341,4.376980781555176,0.004578191508760323,0.009723379267518092
donor_split1_TNFA,18,fixed_ridge,4.773657321929932,1.079939365386963,4.912317276000977,-0.01718038458958507,-0.013142619831441452
donor_split1_TNFA,18,adaptive_ridge,4.8033952713012695,1.0866669416427612,4.949489593505859,-0.00849466133484481,-0.02338227051382559
donor_split1_TNFA,18,controller,5.366328239440918,1.2140185832977295,5.653156280517578,-0.0033531211633421195,-0.004485137588462999
donor_split1_TNFA,18,controller_no_feedback,4.924572944641113,1.114080786705017,5.100961685180664,-0.015779067461757806,-0.009061645668940535
donor_split1_TNFA,18,shuffled_feedback,5.366328239440918,1.2140185832977295,5.653156280517578,-0.0033531211633421195,-0.004485137588462999
donor_split1_TNFA,18,permuted_features,4.362456321716309,0.9869137406349182,4.398315906524658,-0.011558971309720462,-0.004142576981188131
donor_split1_TNFA,19,random,4.497780799865723,1.0175280570983887,4.536677360534668,0.005410836901499544,-0.01611253818722081
donor_split1_TNFA,19,fixed_ridge,4.685657978057861,1.0600312948226929,4.771523475646973,-0.011310289086932813,-0.021114041523305038
donor_split1_TNFA,19,adaptive_ridge,4.797086238861084,1.0852396488189697,4.910809516906738,0.006252658001918926,-0.0017460690097200707
donor_split1_TNFA,19,controller,5.3751702308654785,1.2160189151763916,5.633413791656494,-0.0015003988641161773,-0.02217558382552661
donor_split1_TNFA,19,controller_no_feedback,4.8080339431762695,1.0877163410186768,4.924493789672852,-0.015397196708985279,-0.02017319396033182
donor_split1_TNFA,19,shuffled_feedback,5.3751702308654785,1.2160189151763916,5.633413791656494,-0.0015003988641161773,-0.02217558382552661
donor_split1_TNFA,19,permuted_features,4.404334545135498,0.9963878393173218,4.419869422912598,-0.0295010980942088,-0.02869424272442342
donor_split1_IL2STAT5,0,random,4.4381103515625,1.0040289163589478,4.4521307945251465,0.0071574171252554095,0.02504743713800913
donor_split1_IL2STAT5,0,fixed_ridge,4.522050380706787,1.0230185985565186,4.557055473327637,0.0069741252755169585,0.02720954010256695
donor_split1_IL2STAT5,0,adaptive_ridge,4.6589250564575195,1.0539835691452026,4.728148460388184,0.013200668543064065,0.035192530986506675
donor_split1_IL2STAT5,0,controller,5.447126388549805,1.2322975397109985,5.713400840759277,-0.0013144359229733658,0.02344040622748934
donor_split1_IL2STAT5,0,controller_no_feedback,5.548792362213135,1.255297303199768,5.84048318862915,-0.0015513600611446157,0.03243778583017222
donor_split1_IL2STAT5,0,shuffled_feedback,5.447126388549805,1.2322975397109985,5.713400840759277,-0.0013144359229733658,0.02344040622748934
donor_split1_IL2STAT5,0,permuted_features,4.395899295806885,0.9944795370101929,4.39936637878418,0.01644157353552405,0.027108195868090035
donor_split1_IL2STAT5,1,random,4.4864935874938965,1.014974594116211,4.531444072723389,0.020527623022679832,0.01845326563276537
donor_split1_IL2STAT5,1,fixed_ridge,4.722890377044678,1.068454384803772,4.826939582824707,0.008740403538469204,0.011315186387848187
donor_split1_IL2STAT5,1,adaptive_ridge,4.721060752868652,1.0680404901504517,4.824652671813965,0.01075386375527711,0.006676737689749798
donor_split1_IL2STAT5,1,controller,5.481482028961182,1.2400697469711304,5.775178909301758,0.010820338568925687,0.011201603670954302
donor_split1_IL2STAT5,1,controller_no_feedback,5.555205345153809,1.256748080253601,5.867333889007568,0.015643643662761792,0.025275749980619665
donor_split1_IL2STAT5,1,shuffled_feedback,5.481482028961182,1.2400697469711304,5.775178909301758,0.010820338568925687,0.011201603670954302
donor_split1_IL2STAT5,1,permuted_features,4.337347507476807,0.9812334179878235,4.3450117111206055,0.004911088300438259,0.015722710819883655
donor_split1_IL2STAT5,2,random,4.408789157867432,0.9973955750465393,4.421642303466797,-0.006117993119991854,0.0166348981090293
donor_split1_IL2STAT5,2,fixed_ridge,4.6624274253845215,1.0547759532928467,4.738690376281738,-0.002951845773294645,0.0009250432109106768
donor_split1_IL2STAT5,2,adaptive_ridge,4.57565975189209,1.0351465940475464,4.630230903625488,0.004403598006721313,0.00155965879822386
donor_split1_IL2STAT5,2,controller,5.421120643615723,1.2264142036437988,5.687057018280029,0.006355367596876914,0.022884449315845486
donor_split1_IL2STAT5,2,controller_no_feedback,5.536562442779541,1.252530574798584,5.831358909606934,0.0019740637223834576,0.027810183287388567
donor_split1_IL2STAT5,2,shuffled_feedback,5.421120643615723,1.2264142036437988,5.687057018280029,0.006355367596876914,0.022884449315845486
donor_split1_IL2STAT5,2,permuted_features,4.417507171630859,0.9993678331375122,4.432540416717529,0.012888027918923078,0.02731721864911546
donor_split1_IL2STAT5,3,random,4.501741886138916,1.018424153327942,4.462817192077637,0.016605349102852874,0.012168003768814998
donor_split1_IL2STAT5,3,fixed_ridge,4.77010440826416,1.079135537147522,4.798271179199219,-0.00023615302281660978,0.010704804841615123
donor_split1_IL2STAT5,3,adaptive_ridge,4.750798225402832,1.0747679471969604,4.774137496948242,0.0038499531841681782,0.02024295116808316
donor_split1_IL2STAT5,3,controller,5.426285266876221,1.227582573890686,5.618496417999268,0.008738009749315373,0.015585985799653552
donor_split1_IL2STAT5,3,controller_no_feedback,5.515328884124756,1.2477269172668457,5.729801177978516,0.005440736096317719,0.010297043586709523
donor_split1_IL2STAT5,3,shuffled_feedback,5.357184410095215,1.2119500637054443,5.532120704650879,0.005616269479118314,0.02147378566125454
donor_split1_IL2STAT5,3,permuted_features,4.474360466003418,1.0122296810150146,4.428590297698975,0.0076457372219720845,0.008089211495312785
donor_split1_IL2STAT5,4,random,4.453007698059082,1.007399082183838,4.483026504516602,0.022482999712021567,0.018705651842196053
donor_split1_IL2STAT5,4,fixed_ridge,4.744621753692627,1.0733705759048462,4.8475446701049805,-0.002857854211228566,0.0003035031803864375
donor_split1_IL2STAT5,4,adaptive_ridge,4.668271064758301,1.0560978651046753,4.752106666564941,0.019211988479264735,0.007044606190613015
donor_split1_IL2STAT5,4,controller,5.413546085357666,1.224700689315796,5.6837005615234375,0.011096273358303013,0.004889731318672592
donor_split1_IL2STAT5,4,controller_no_feedback,5.555372714996338,1.2567859888076782,5.860983371734619,0.015796120515172995,0.019098398615885016
donor_split1_IL2STAT5,4,shuffled_feedback,5.230063438415527,1.1831915378570557,5.454347610473633,0.02471354711932443,0.00863894939687341
donor_split1_IL2STAT5,4,permuted_features,4.424267292022705,1.0008971691131592,4.447101593017578,0.010664087593661109,0.00928467541441581
donor_split1_IL2STAT5,5,random,4.38242769241333,0.9914318919181824,4.375453472137451,-0.0021169858484416182,0.010767603826701517
donor_split1_IL2STAT5,5,fixed_ridge,4.47899055480957,1.0132771730422974,4.496156692504883,0.014418860300016994,0.014510404489262569
donor_split1_IL2STAT5,5,adaptive_ridge,4.680230617523193,1.0588034391403198,4.747707366943359,0.0022794870250217036,0.013433548483656656
donor_split1_IL2STAT5,5,controller,5.310320854187012,1.2013481855392456,5.5353193283081055,0.01441762242450329,0.02934876152421743
donor_split1_IL2STAT5,5,controller_no_feedback,4.609214782714844,1.042737603187561,4.658937454223633,0.016129995107140645,0.015050088367880628
donor_split1_IL2STAT5,5,shuffled_feedback,5.310320854187012,1.2013481855392456,5.5353193283081055,0.01441762242450329,0.02934876152421743
donor_split1_IL2STAT5,5,permuted_features,4.482336521148682,1.0140341520309448,4.500339508056641,0.007420691004311536,0.013996171146621206
donor_split1_IL2STAT5,6,random,4.389047622680664,0.9929294586181641,4.387991905212402,-0.008848656554437687,0.015679637928984698
donor_split1_IL2STAT5,6,fixed_ridge,4.8961873054504395,1.107659101486206,5.021916389465332,0.009121341797853436,0.0178780793776725
donor_split1_IL2STAT5,6,adaptive_ridge,4.794016361236572,1.0845451354980469,4.894203186035156,0.017867124708556222,0.022980343897876128
donor_split1_IL2STAT5,6,controller,5.453926086425781,1.2338358163833618,5.719089984893799,-0.011131376281931586,0.014932432575836655
donor_split1_IL2STAT5,6,controller_no_feedback,5.542121887207031,1.2537882328033447,5.829334735870361,0.00500991691634479,0.024697892069200512
donor_split1_IL2STAT5,6,shuffled_feedback,5.453926086425781,1.2338358163833618,5.719089984893799,-0.011131376281931586,0.014932432575836655
donor_split1_IL2STAT5,6,permuted_features,4.316195011138916,0.976448118686676,4.2969255447387695,-0.0023884730978961655,0.014954504112425982
donor_split1_IL2STAT5,7,random,4.406836032867432,0.9969537258148193,4.466436862945557,0.0010992917244050666,0.016298589287363656
donor_split1_IL2STAT5,7,fixed_ridge,4.853753089904785,1.0980592966079712,5.025082588195801,0.009708114639188742,0.01684584286431827
donor_split1_IL2STAT5,7,adaptive_ridge,4.628181457519531,1.0470284223556519,4.743118762969971,0.011169779292241893,0.035717933063321224
donor_split1_IL2STAT5,7,controller,5.455618381500244,1.2342185974121094,5.7774152755737305,0.010660932062533662,0.02188169013586918
donor_split1_IL2STAT5,7,controller_no_feedback,5.538768291473389,1.2530295848846436,5.881352424621582,-0.0010322303594544537,0.026129606281407407
donor_split1_IL2STAT5,7,shuffled_feedback,5.455618381500244,1.2342185974121094,5.7774152755737305,0.010660932062533662,0.02188169013586918
donor_split1_IL2STAT5,7,permuted_features,4.449470043182373,1.0065988302230835,4.519729137420654,0.006480105181702729,0.011214383959766252
donor_split1_IL2STAT5,8,random,4.561928749084473,1.0320402383804321,4.556100845336914,0.007446250377215585,0.0055476687526529785
donor_split1_IL2STAT5,8,fixed_ridge,4.912874221801758,1.1114342212677002,4.994783401489258,-0.004462138503116912,0.01921002579026006
donor_split1_IL2STAT5,8,adaptive_ridge,4.8474555015563965,1.0966346263885498,4.913009166717529,-0.014343593883227822,0.001864089345042641
donor_split1_IL2STAT5,8,controller,5.443541049957275,1.231486439704895,5.658115386962891,0.00020883420838458262,0.020581980070039467
donor_split1_IL2STAT5,8,controller_no_feedback,5.4833502769470215,1.240492343902588,5.707878112792969,0.0029753286621132915,0.024802789346049185
donor_split1_IL2STAT5,8,shuffled_feedback,5.443541049957275,1.231486439704895,5.658115386962891,0.00020883420838458262,0.020581980070039467
donor_split1_IL2STAT5,8,permuted_features,4.374972343444824,0.9897452592849731,4.322404861450195,0.00626642652515165,0.03113574951735215
donor_split1_IL2STAT5,9,random,4.407378196716309,0.9970763921737671,4.366576194763184,0.012378792209080284,0.018160649812150292
donor_split1_IL2STAT5,9,fixed_ridge,4.68572998046875,1.0600476264953613,4.714515209197998,-0.007433789789083714,0.009177365201732953
donor_split1_IL2STAT5,9,adaptive_ridge,4.771043300628662,1.0793479681015015,4.821156978607178,-0.01723774185831333,0.006426568886123823
donor_split1_IL2STAT5,9,controller,5.484230041503906,1.2406914234161377,5.712640762329102,-0.0004258210709143579,0.010757691449120938
donor_split1_IL2STAT5,9,controller_no_feedback,5.5187554359436035,1.2485020160675049,5.755796909332275,0.000647141153247352,0.02182465438476776
donor_split1_IL2STAT5,9,shuffled_feedback,5.484230041503906,1.2406914234161377,5.712640762329102,-0.0004258210709143579,0.010757691449120938
donor_split1_IL2STAT5,9,permuted_features,4.525681495666504,1.023840069770813,4.514453887939453,0.0033142994761022615,0.006838936485936256
donor_split1_IL2STAT5,10,random,4.3640851974487305,0.9872822761535645,4.37479305267334,0.006508866393645671,0.010439337025962215
donor_split1_IL2STAT5,10,fixed_ridge,4.45761251449585,1.0084408521652222,4.491703033447266,0.0009999842881585615,0.012174322572020358
donor_split1_IL2STAT5,10,adaptive_ridge,4.678269386291504,1.0583598613739014,4.767523765563965,-0.0066199761541326785,0.017821719215962185
donor_split1_IL2STAT5,10,controller,5.412795066833496,1.224530816078186,5.685680389404297,-0.0017092204116178193,0.014280494463736384
donor_split1_IL2STAT5,10,controller_no_feedback,5.534202575683594,1.251996636390686,5.837440490722656,0.004254419756089439,0.020329614868495875
donor_split1_IL2STAT5,10,shuffled_feedback,5.412795066833496,1.224530816078186,5.685680389404297,-0.0017092204116178193,0.014280494463736384
donor_split1_IL2STAT5,10,permuted_features,4.349409103393555,0.9839621186256409,4.356448173522949,0.011872061200525315,0.028672376863209986
donor_split1_IL2STAT5,11,random,4.5275163650512695,1.0242551565170288,4.569231986999512,0.007538527579716866,0.006905146266982634
donor_split1_IL2STAT5,11,fixed_ridge,4.60893440246582,1.04267418384552,4.671004295349121,0.01810036462202655,0.0164421960572265
donor_split1_IL2STAT5,11,adaptive_ridge,4.685568332672119,1.0600110292434692,4.766796112060547,0.02368461849401441,0.013897517490459083
donor_split1_IL2STAT5,11,controller,5.411106109619141,1.2241486310958862,5.673718452453613,0.01303427063854829,0.019552660298582467
donor_split1_IL2STAT5,11,controller_no_feedback,5.530817985534668,1.2512309551239014,5.823358535766602,-0.0022062264058245406,0.014235558784211339
donor_split1_IL2STAT5,11,shuffled_feedback,5.411106109619141,1.2241486310958862,5.673718452453613,0.01303427063854829,0.019552660298582467
donor_split1_IL2STAT5,11,permuted_features,4.389718532562256,0.993081271648407,4.396984100341797,0.008513836808468567,0.019540714062403274
donor_split1_IL2STAT5,12,random,4.4367146492004395,1.0037131309509277,4.4705305099487305,0.010312016679244617,0.007012022169953572
donor_split1_IL2STAT5,12,fixed_ridge,4.518929958343506,1.0223126411437988,4.573299407958984,0.00758368520588925,0.009310917564197902
donor_split1_IL2STAT5,12,adaptive_ridge,4.710606575012207,1.0656753778457642,4.81289529800415,0.0058850666474440936,0.01391846281260975
donor_split1_IL2STAT5,12,controller,5.418827533721924,1.2258955240249634,5.698171615600586,0.004310244045688813,0.02273710611458672
donor_split1_IL2STAT5,12,controller_no_feedback,5.562308311462402,1.2583550214767456,5.877523422241211,0.0062597955439818555,0.03471350350007454
donor_split1_IL2STAT5,12,shuffled_feedback,5.418827533721924,1.2258955240249634,5.698171615600586,0.004310244045688813,0.02273710611458672
donor_split1_IL2STAT5,12,permuted_features,4.363421440124512,0.9871320724487305,4.378913402557373,0.0007392439144264648,0.01914353044003312
donor_split1_IL2STAT5,13,random,4.218993186950684,0.9544582366943359,4.1956377029418945,0.01761543271808203,0.028984410004855056
donor_split1_IL2STAT5,13,fixed_ridge,4.5956034660339355,1.0396584272384644,4.666399955749512,0.015725110883702494,0.021015825349440957
donor_split1_IL2STAT5,13,adaptive_ridge,4.721789360046387,1.0682052373886108,4.824132442474365,0.029131137801940155,0.024361696429431746
donor_split1_IL2STAT5,13,controller,5.395840644836426,1.2206951379776,5.666695594787598,0.018413164176578022,0.02513344733160868
donor_split1_IL2STAT5,13,controller_no_feedback,5.5388922691345215,1.253057599067688,5.845510959625244,0.020420721681747727,0.040062496871646334
donor_split1_IL2STAT5,13,shuffled_feedback,5.395840644836426,1.2206951379776,5.666695594787598,0.018413164176578022,0.02513344733160868
donor_split1_IL2STAT5,13,permuted_features,4.300176620483398,0.9728242754936218,4.297116756439209,0.02699327583586452,0.0303801378277595
donor_split1_IL2STAT5,14,random,4.531595706939697,1.0251779556274414,4.553535461425781,0.012926685203838611,0.01687066951363212
donor_split1_IL2STAT5,14,fixed_ridge,4.700855255126953,1.063469409942627,4.765110492706299,0.005632838325504275,-0.0008034685615866781
donor_split1_IL2STAT5,14,adaptive_ridge,4.847448348999023,1.096632957458496,4.9483513832092285,0.004869551950845041,0.010194522963042678
donor_split1_IL2STAT5,14,controller,5.464317321777344,1.2361866235733032,5.719437599182129,0.007713554410517305,0.016225999846746775
donor_split1_IL2STAT5,14,controller_no_feedback,5.612505912780762,1.2697111368179321,5.904673099517822,0.002513497984732596,0.022811292136321035
donor_split1_IL2STAT5,14,shuffled_feedback,5.464317321777344,1.2361866235733032,5.719437599182129,0.007713554410517305,0.016225999846746775
donor_split1_IL2STAT5,14,permuted_features,4.437016487121582,1.0037814378738403,4.435311317443848,0.015622167882825755,0.015812695194305
donor_split1_IL2STAT5,15,random,4.453883171081543,1.0075972080230713,4.444701194763184,0.008663239734253921,0.007628216809360702
donor_split1_IL2STAT5,15,fixed_ridge,4.737923622131348,1.0718553066253662,4.799751281738281,0.010004884954429645,0.014380685942553127
donor_split1_IL2STAT5,15,adaptive_ridge,4.970835208892822,1.1245466470718384,5.090890884399414,0.009553804494288918,0.005978554698164792
donor_split1_IL2STAT5,15,controller,5.319272041320801,1.2033731937408447,5.526436805725098,0.004007720845832814,0.0028223797928332056
donor_split1_IL2STAT5,15,controller_no_feedback,4.801080226898193,1.086143136024475,4.878696918487549,0.010149404832210255,0.013908268495508353
donor_split1_IL2STAT5,15,shuffled_feedback,5.319272041320801,1.2033731937408447,5.526436805725098,0.004007720845832814,0.0028223797928332056
donor_split1_IL2STAT5,15,permuted_features,4.377005577087402,0.9902052283287048,4.34860372543335,0.010753276536156976,0.006119327262801591
donor_split1_IL2STAT5,16,random,4.390015602111816,0.9931484460830688,4.409031391143799,-0.003512771547574568,0.013578166744748382
donor_split1_IL2STAT5,16,fixed_ridge,4.477647304534912,1.0129733085632324,4.518570899963379,0.0005626024511854632,0.016098734889427573
donor_split1_IL2STAT5,16,adaptive_ridge,4.823941230773926,1.0913150310516357,4.951437950134277,0.0034011230717392966,0.007899953246768347
donor_split1_IL2STAT5,16,controller,5.380021095275879,1.217116355895996,5.646538257598877,0.0020821870739204523,0.021720850610991365
donor_split1_IL2STAT5,16,controller_no_feedback,4.554017543792725,1.0302504301071167,4.6140336990356445,0.004604960256200483,0.020903628163569058
donor_split1_IL2STAT5,16,shuffled_feedback,5.166666507720947,1.1688493490219116,5.379844665527344,0.010276035250352677,0.029098756263512594
donor_split1_IL2STAT5,16,permuted_features,4.365715026855469,0.987650990486145,4.378655433654785,0.00895259128656872,0.013353674147076056
donor_split1_IL2STAT5,17,random,4.493776798248291,1.0166223049163818,4.528537750244141,0.014315546572346882,0.01616371804535585
donor_split1_IL2STAT5,17,fixed_ridge,4.574857234954834,1.0349650382995605,4.629889011383057,0.026121234013640422,0.009761631830290222
donor_split1_IL2STAT5,17,adaptive_ridge,4.829692840576172,1.0926162004470825,4.948433876037598,0.01156958523426556,0.011381885498961002
donor_split1_IL2STAT5,17,controller,5.427889823913574,1.2279456853866577,5.696179389953613,0.007209154743902045,0.013990408630094497
donor_split1_IL2STAT5,17,controller_no_feedback,5.5608978271484375,1.2580358982086182,5.8624396324157715,-0.0005882198857140392,0.016203806810222553
donor_split1_IL2STAT5,17,shuffled_feedback,5.427889823913574,1.2279456853866577,5.696179389953613,0.007209154743902045,0.013990408630094497
donor_split1_IL2STAT5,17,permuted_features,4.452389717102051,1.0072592496871948,4.476804256439209,0.004485680764717855,0.010726674376461751
donor_split1_IL2STAT5,18,random,4.345387935638428,0.9830523729324341,4.376980781555176,0.006177040484605936,0.013148666646440899
donor_split1_IL2STAT5,18,fixed_ridge,4.6050639152526855,1.0417985916137695,4.701575756072998,0.0020570301866569495,0.010553868160994361
donor_split1_IL2STAT5,18,adaptive_ridge,4.951915264129639,1.1202664375305176,5.135140419006348,0.004166287224488711,0.022674390622555017
donor_split1_IL2STAT5,18,controller,5.325115203857422,1.2046949863433838,5.601640224456787,0.008464070551307518,0.023410274064528645
donor_split1_IL2STAT5,18,controller_no_feedback,4.696588039398193,1.0625040531158447,4.815981388092041,0.007709673288638946,0.010922706113940483
donor_split1_IL2STAT5,18,shuffled_feedback,5.325115203857422,1.2046949863433838,5.601640224456787,0.008464070551307518,0.023410274064528645
donor_split1_IL2STAT5,18,permuted_features,4.362456321716309,0.9869137406349182,4.398315906524658,0.01195266967100285,0.01752054723058467
donor_split1_IL2STAT5,19,random,4.497780799865723,1.0175280570983887,4.536677360534668,0.008879335762683887,0.01965389290977863
donor_split1_IL2STAT5,19,fixed_ridge,4.812539577484131,1.088735580444336,4.9301252365112305,0.009232041166584982,0.015355983906469408
donor_split1_IL2STAT5,19,adaptive_ridge,4.753331661224365,1.0753411054611206,4.85611629486084,0.01947344052394372,0.02141568162925008
donor_split1_IL2STAT5,19,controller,5.457518577575684,1.2346484661102295,5.736350059509277,0.010289076705621184,0.01707000406491315
donor_split1_IL2STAT5,19,controller_no_feedback,5.529794216156006,1.2509993314743042,5.826694011688232,0.011120116773037071,0.015888988136466515
donor_split1_IL2STAT5,19,shuffled_feedback,5.375560283660889,1.2161071300506592,5.633901596069336,0.004699814172594094,0.015012811636462753
donor_split1_IL2STAT5,19,permuted_features,4.404334545135498,0.9963878393173218,4.419869422912598,0.00932530486357521,0.012749642189619007
donor_split2_IFNG,0,random,4.4381103515625,1.0040289163589478,4.4521307945251465,-0.03413390405871322,-0.028853114106014006
donor_split2_IFNG,0,fixed_ridge,4.622769832611084,1.0458042621612549,4.682955265045166,0.012943545000554862,-0.008215697558864827
donor_split2_IFNG,0,adaptive_ridge,4.5805463790893555,1.0362520217895508,4.630176544189453,-0.026201928958899688,-0.009378180340556892
donor_split2_IFNG,0,controller,5.447126388549805,1.2322975397109985,5.713400840759277,-0.013370623237635026,-0.026528112722917174
donor_split2_IFNG,0,controller_no_feedback,5.548792362213135,1.255297303199768,5.84048318862915,-0.011892308288808206,-0.02496862076865622
donor_split2_IFNG,0,shuffled_feedback,5.447126388549805,1.2322975397109985,5.713400840759277,-0.013370623237635026,-0.026528112722917174
donor_split2_IFNG,0,permuted_features,4.395899295806885,0.9944795370101929,4.39936637878418,0.0037130446365523013,-0.0062513997654838295
donor_split2_IFNG,1,random,4.4864935874938965,1.014974594116211,4.531444072723389,-0.015663169387024355,0.0006744090466793154
donor_split2_IFNG,1,fixed_ridge,4.587396144866943,1.0378016233444214,4.657572269439697,-0.002174207801408343,-0.009568020717143355
donor_split2_IFNG,1,adaptive_ridge,4.435023784637451,1.0033305883407593,4.467106819152832,0.02457856401895256,0.03219800606948374
donor_split2_IFNG,1,controller,5.268629550933838,1.1919163465499878,5.509113311767578,-0.00960092880896304,0.0016975177604702074
donor_split2_IFNG,1,controller_no_feedback,5.555205345153809,1.256748080253601,5.867333889007568,-0.025548745132765626,-0.01567687095359766
donor_split2_IFNG,1,shuffled_feedback,5.3036208152771,1.1998324394226074,5.552853584289551,-0.006848534106740823,-0.008402409124309307
donor_split2_IFNG,1,permuted_features,4.337347507476807,0.9812334179878235,4.3450117111206055,-0.0028984177096054915,0.026071283024083118
donor_split2_IFNG,2,random,4.408789157867432,0.9973955750465393,4.421642303466797,0.001818074050784213,0.0013461019481837838
donor_split2_IFNG,2,fixed_ridge,4.659173965454102,1.0540398359298706,4.734623432159424,-0.0019075297959877016,-0.008015977315908966
donor_split2_IFNG,2,adaptive_ridge,4.748026371002197,1.0741409063339233,4.845689296722412,0.0037012910791046037,0.007800461021064664
donor_split2_IFNG,2,controller,5.421120643615723,1.2264142036437988,5.687057018280029,-0.008348634725422653,-0.02087248573093083
donor_split2_IFNG,2,controller_no_feedback,5.536562442779541,1.252530574798584,5.831358909606934,-0.0015912132757768351,-0.018592679343319454
donor_split2_IFNG,2,shuffled_feedback,5.421120643615723,1.2264142036437988,5.687057018280029,-0.008348634725422653,-0.02087248573093083
donor_split2_IFNG,2,permuted_features,4.417507171630859,0.9993678331375122,4.432540416717529,-0.0008828560110127088,0.006564429642440095
donor_split2_IFNG,3,random,4.501741886138916,1.018424153327942,4.462817192077637,0.0027578422618589893,0.017160266459133735
donor_split2_IFNG,3,fixed_ridge,4.839251518249512,1.0947786569595337,4.88470458984375,0.018563437795680156,0.029337133123479485
donor_split2_IFNG,3,adaptive_ridge,4.879349708557129,1.10385000705719,4.93482780456543,-0.0019499195629415753,0.0021660196760763125
donor_split2_IFNG,3,controller,5.397669315338135,1.2211089134216309,5.582725524902344,-0.0071897634237208016,-0.001218543687902828
donor_split2_IFNG,3,controller_no_feedback,4.975468635559082,1.1255948543548584,5.054975509643555,0.021873135941092768,0.02612427503106283
donor_split2_IFNG,3,shuffled_feedback,5.397669315338135,1.2211089134216309,5.582725524902344,-0.0071897634237208016,-0.001218543687902828
donor_split2_IFNG,3,permuted_features,4.474360466003418,1.0122296810150146,4.428590297698975,0.004012264394635043,-0.00542894561346032
donor_split2_IFNG,4,random,4.453007698059082,1.007399082183838,4.483026504516602,0.009251533748388942,0.002133001092243516
donor_split2_IFNG,4,fixed_ridge,4.507354736328125,1.0196939706802368,4.550961017608643,0.00010295542365915608,-0.01261522097434028
donor_split2_IFNG,4,adaptive_ridge,4.71984338760376,1.0677649974822998,4.8165717124938965,-0.0018141103214657118,-0.012330181275957123
donor_split2_IFNG,4,controller,5.413546085357666,1.224700689315796,5.6837005615234375,-0.023395576445947846,-0.028373525433167013
donor_split2_IFNG,4,controller_no_feedback,5.555372714996338,1.2567859888076782,5.860983371734619,0.00736243984453214,-0.007969784121969617
donor_split2_IFNG,4,shuffled_feedback,5.413546085357666,1.224700689315796,5.6837005615234375,-0.023395576445947846,-0.028373525433167013
donor_split2_IFNG,4,permuted_features,4.445242881774902,1.0056425333023071,4.473320960998535,-0.0054831204313781825,-0.012922446317201427
donor_split2_IFNG,5,random,4.38242769241333,0.9914318919181824,4.375453472137451,-0.020846914939143774,-0.012933644024384405
donor_split2_IFNG,5,fixed_ridge,4.757406711578369,1.0762629508972168,4.844176292419434,0.004361549855286796,-0.0013450704614402364
donor_split2_IFNG,5,adaptive_ridge,4.689450740814209,1.0608893632888794,4.759232044219971,0.013394932024474407,0.01641269217561419
donor_split2_IFNG,5,controller,5.423459529876709,1.2269433736801147,5.676743507385254,-0.022545607150220685,-0.01708257418874786
donor_split2_IFNG,5,controller_no_feedback,5.417407035827637,1.2255741357803345,5.669177532196045,-0.06293743782594183,-0.05155344800938466
donor_split2_IFNG,5,shuffled_feedback,5.423459529876709,1.2269433736801147,5.676743507385254,-0.022545607150220685,-0.01708257418874786
donor_split2_IFNG,5,permuted_features,4.455538749694824,1.0079716444015503,4.466841697692871,0.011121596593562563,0.015760946205726996
donor_split2_IFNG,6,random,4.389047622680664,0.9929294586181641,4.387991905212402,0.0036270049352578534,0.023025373463849058
donor_split2_IFNG,6,fixed_ridge,4.9136152267456055,1.1116018295288086,5.043701171875,-0.015573224248300982,0.0031742208628029595
donor_split2_IFNG,6,adaptive_ridge,4.962441444396973,1.122647762298584,5.104733467102051,-0.015743314160421847,0.012791278968190134
donor_split2_IFNG,6,controller,5.453926086425781,1.2338358163833618,5.719089984893799,-0.008377915060082276,-0.0040717903030259225
donor_split2_IFNG,6,controller_no_feedback,5.542121887207031,1.2537882328033447,5.829334735870361,0.006619076287961279,-0.0013218097695513423
donor_split2_IFNG,6,shuffled_feedback,5.453926086425781,1.2338358163833618,5.719089984893799,-0.008377915060082276,-0.0040717903030259225
donor_split2_IFNG,6,permuted_features,4.316195011138916,0.976448118686676,4.2969255447387695,0.004866444905291792,0.018197202201301093
donor_split2_IFNG,7,random,4.406836032867432,0.9969537258148193,4.466436862945557,-0.0017615903423056924,-0.004957373795641249
donor_split2_IFNG,7,fixed_ridge,4.7306132316589355,1.0702015161514282,4.871158599853516,-0.005827027793780035,-0.024963919989948253
donor_split2_IFNG,7,adaptive_ridge,4.758988857269287,1.0766209363937378,4.906628608703613,-0.020764566567003567,-0.026724593195299694
donor_split2_IFNG,7,controller,5.455618381500244,1.2342185974121094,5.7774152755737305,0.014233907212118438,0.0023476695331916637
donor_split2_IFNG,7,controller_no_feedback,5.538768291473389,1.2530295848846436,5.881352424621582,-0.0072452936433514015,-0.03105150863969851
donor_split2_IFNG,7,shuffled_feedback,5.346197605133057,1.209464430809021,5.64063835144043,-0.03570875218337448,-0.04941417539815562
donor_split2_IFNG,7,permuted_features,4.449470043182373,1.0065988302230835,4.519729137420654,-0.000562867595109999,0.0056349593541308194
donor_split2_IFNG,8,random,4.561928749084473,1.0320402383804321,4.556100845336914,-0.0034056002878119344,-0.0034843920354944366
donor_split2_IFNG,8,fixed_ridge,4.656286239624023,1.0533865690231323,4.674047470092773,-0.003371508403809985,-0.00396198021820822
donor_split2_IFNG,8,adaptive_ridge,5.0536017417907715,1.1432708501815796,5.170692443847656,-0.01773001295552449,-0.0070305345452073035
donor_split2_IFNG,8,controller,5.356017112731934,1.2116858959197998,5.548711776733398,-0.02098561761747817,-0.020011809650961186
donor_split2_IFNG,8,controller_no_feedback,4.8029961585998535,1.0865765810012817,4.85743522644043,-0.0066606679186282155,-0.005965894176356441
donor_split2_IFNG,8,shuffled_feedback,5.356017112731934,1.2116858959197998,5.548711776733398,-0.02098561761747817,-0.020011809650961186
donor_split2_IFNG,8,permuted_features,4.374972343444824,0.9897452592849731,4.322404861450195,0.0021432808437494575,0.0008230263531660203
donor_split2_IFNG,9,random,4.407378196716309,0.9970763921737671,4.366576194763184,-0.012514714643429441,-0.02568502492391258
donor_split2_IFNG,9,fixed_ridge,4.632831573486328,1.0480804443359375,4.6483917236328125,0.013529690868709528,0.011896568326115936
donor_split2_IFNG,9,adaptive_ridge,4.660137176513672,1.0542577505111694,4.682523727416992,0.013760489672761078,-0.0040812843908582235
donor_split2_IFNG,9,controller,5.484230041503906,1.2406914234161377,5.712640762329102,-0.010271728808451508,-0.03655061784682532
donor_split2_IFNG,9,controller_no_feedback,5.5187554359436035,1.2485020160675049,5.755796909332275,-0.019295176107335055,-0.038176927487002625
donor_split2_IFNG,9,shuffled_feedback,5.4264373779296875,1.2276170253753662,5.64039945602417,-0.0094811189717603,-0.035052079739295965
donor_split2_IFNG,9,permuted_features,4.525681495666504,1.023840069770813,4.514453887939453,-0.0032292808935573264,-0.011270283066019867
donor_split2_IFNG,10,random,4.3640851974487305,0.9872822761535645,4.37479305267334,-0.008057903679075978,-0.013065280073703644
donor_split2_IFNG,10,fixed_ridge,4.464592456817627,1.0100198984146118,4.50042724609375,-0.0037547510412209452,0.00890568878442095
donor_split2_IFNG,10,adaptive_ridge,4.614130020141602,1.0438495874404907,4.687349319458008,0.010115055856922005,-0.0021971758436812204
donor_split2_IFNG,10,controller,5.412795066833496,1.224530816078186,5.685680389404297,-0.00613238909145109,-0.031828786563843664
donor_split2_IFNG,10,controller_no_feedback,5.534202575683594,1.251996636390686,5.837440490722656,-0.016922870826016567,-0.02818064960067489
donor_split2_IFNG,10,shuffled_feedback,5.412795066833496,1.224530816078186,5.685680389404297,-0.00613238909145109,-0.031828786563843664
donor_split2_IFNG,10,permuted_features,4.349409103393555,0.9839621186256409,4.356448173522949,0.0044688571954696376,0.007379003064153167
donor_split2_IFNG,11,random,4.5275163650512695,1.0242551565170288,4.569231986999512,-0.011821463496061013,-0.004844646576306767
donor_split2_IFNG,11,fixed_ridge,4.706183433532715,1.064674735069275,4.792564868927002,0.0008166769820588813,-0.00481514901584193
donor_split2_IFNG,11,adaptive_ridge,5.01003885269165,1.133415699005127,5.172384262084961,0.0013221742865277386,-0.0037498771721272426
donor_split2_IFNG,11,controller,5.411106109619141,1.2241486310958862,5.673718452453613,-0.005871470872024017,-0.023762952189350338
donor_split2_IFNG,11,controller_no_feedback,5.530817985534668,1.2512309551239014,5.823358535766602,-0.028721556073917697,-0.054476854159130304
donor_split2_IFNG,11,shuffled_feedback,5.411106109619141,1.2241486310958862,5.673718452453613,-0.005871470872024017,-0.023762952189350338
donor_split2_IFNG,11,permuted_features,4.389718532562256,0.993081271648407,4.396984100341797,0.03287253079536419,-0.005007900423606171
donor_split2_IFNG,12,random,4.4367146492004395,1.0037131309509277,4.4705305099487305,-0.01657106316760549,0.013463706692919986
donor_split2_IFNG,12,fixed_ridge,4.700661659240723,1.0634255409240723,4.800463676452637,-0.01548473241193185,-1.6135496961754494e-05
donor_split2_IFNG,12,adaptive_ridge,4.721256256103516,1.068084716796875,4.826207637786865,-0.01947207590752873,0.000412337844734742
donor_split2_IFNG,12,controller,5.418827533721924,1.2258955240249634,5.698171615600586,-0.01713917976418996,-0.014584139689775238
donor_split2_IFNG,12,controller_no_feedback,5.562308311462402,1.2583550214767456,5.877523422241211,-0.04146675240917759,-0.05318904631359238
donor_split2_IFNG,12,shuffled_feedback,5.418827533721924,1.2258955240249634,5.698171615600586,-0.01713917976418996,-0.014584139689775238
donor_split2_IFNG,12,permuted_features,4.363421440124512,0.9871320724487305,4.378913402557373,-0.022365114904452664,-0.0001997989051600195
donor_split2_IFNG,13,random,4.218993186950684,0.9544582366943359,4.1956377029418945,0.013505365210432718,0.002743562087312707
donor_split2_IFNG,13,fixed_ridge,4.430699348449707,1.0023523569107056,4.460269927978516,-0.000932499283525623,-0.009758853735629385
donor_split2_IFNG,13,adaptive_ridge,4.6379194259643555,1.0492315292358398,4.719295024871826,-0.014330891856912817,-0.01844547730166874
donor_split2_IFNG,13,controller,5.395840644836426,1.2206951379776,5.666695594787598,-0.0030249527685614628,-0.024659894837148734
donor_split2_IFNG,13,controller_no_feedback,5.5388922691345215,1.253057599067688,5.845510959625244,0.00808353739896086,-0.005270408860293929
donor_split2_IFNG,13,shuffled_feedback,5.395840644836426,1.2206951379776,5.666695594787598,-0.0030249527685614628,-0.024659894837148734
donor_split2_IFNG,13,permuted_features,4.300176620483398,0.9728242754936218,4.297116756439209,0.0041989120164791114,0.009722542834798722
donor_split2_IFNG,14,random,4.531595706939697,1.0251779556274414,4.553535461425781,-0.012150081891700661,-0.0063753997157004
donor_split2_IFNG,14,fixed_ridge,4.553297996520996,1.0300877094268799,4.580663681030273,0.0020582346352340615,-0.010418126354049035
donor_split2_IFNG,14,adaptive_ridge,4.599601745605469,1.0405628681182861,4.638543128967285,-0.0008305913845563798,-0.0036901349094705556
donor_split2_IFNG,14,controller,5.390399932861328,1.2194643020629883,5.627041339874268,-0.03610179916661741,-0.033246416110280744
donor_split2_IFNG,14,controller_no_feedback,4.629566192626953,1.0473417043685913,4.675998687744141,-0.00045646021892506233,-0.008722276290736818
donor_split2_IFNG,14,shuffled_feedback,5.390399932861328,1.2194643020629883,5.627041339874268,-0.03610179916661741,-0.033246416110280744
donor_split2_IFNG,14,permuted_features,4.437016487121582,1.0037814378738403,4.435311317443848,0.009245339375451045,-0.0027683528438671194
donor_split2_IFNG,15,random,4.453883171081543,1.0075972080230713,4.444701194763184,0.007677536322177864,0.01401211917803107
donor_split2_IFNG,15,fixed_ridge,4.837521553039551,1.0943872928619385,4.924249172210693,0.008752528018739048,0.03852889505663154
donor_split2_IFNG,15,adaptive_ridge,4.749579429626465,1.0744922161102295,4.8143205642700195,0.004855281098469388,0.022615355755633774
donor_split2_IFNG,15,controller,5.49530553817749,1.243196964263916,5.746479034423828,-0.00902680354036729,-0.030301940497706327
donor_split2_IFNG,15,controller_no_feedback,5.553167819976807,1.2562870979309082,5.818806171417236,-0.03522599968061551,-0.04873911538035874
donor_split2_IFNG,15,shuffled_feedback,5.49530553817749,1.243196964263916,5.746479034423828,-0.00902680354036729,-0.030301940497706327
donor_split2_IFNG,15,permuted_features,4.377005577087402,0.9902052283287048,4.34860372543335,-0.01001775671087803,0.0021483769246104845
donor_split2_IFNG,16,random,4.390015602111816,0.9931484460830688,4.409031391143799,-0.010628836341333815,-0.020297155482639204
donor_split2_IFNG,16,fixed_ridge,4.614330291748047,1.04389488697052,4.689424514770508,-0.006378267724437729,-0.005899785536478483
donor_split2_IFNG,16,adaptive_ridge,4.543155670166016,1.0277931690216064,4.600456237792969,-0.014499448512315886,-0.0051313386312772345
donor_split2_IFNG,16,controller,5.441875457763672,1.231109619140625,5.723855972290039,-0.024245775725286946,-0.03049046709085969
donor_split2_IFNG,16,controller_no_feedback,5.584301948547363,1.2633305788040161,5.901888847351074,-0.04263156121239728,-0.037607989249657664
donor_split2_IFNG,16,shuffled_feedback,5.321637153625488,1.2039082050323486,5.573557376861572,-0.01818911127109161,-0.01978035600764564
donor_split2_IFNG,16,permuted_features,4.365715026855469,0.987650990486145,4.378655433654785,0.022579196867448574,0.024307630218417402
donor_split2_IFNG,17,random,4.493776798248291,1.0166223049163818,4.528537750244141,0.011966445481667764,0.007124865191796864
donor_split2_IFNG,17,fixed_ridge,4.651486873626709,1.0523008108139038,4.7256760597229,-0.008047286510001219,-0.013919382313025091
donor_split2_IFNG,17,adaptive_ridge,4.7270355224609375,1.0693920850753784,4.8201117515563965,-0.01626406738891673,0.005132260659014761
donor_split2_IFNG,17,controller,5.427889823913574,1.2279456853866577,5.696179389953613,-0.02544678735700785,-0.031746957078941485
donor_split2_IFNG,17,controller_no_feedback,5.5608978271484375,1.2580358982086182,5.8624396324157715,-0.017412646056439295,-0.028204057587563724
donor_split2_IFNG,17,shuffled_feedback,5.427889823913574,1.2279456853866577,5.696179389953613,-0.02544678735700785,-0.031746957078941485
donor_split2_IFNG,17,permuted_features,4.452389717102051,1.0072592496871948,4.476804256439209,-0.002639788471411121,0.024303633721945484
donor_split2_IFNG,18,random,4.345387935638428,0.9830523729324341,4.376980781555176,-0.01450634146062289,0.010640601259982377
donor_split2_IFNG,18,fixed_ridge,4.656527519226074,1.0534411668777466,4.765905380249023,0.00693769158526786,0.008621558864288068
donor_split2_IFNG,18,adaptive_ridge,4.887300968170166,1.1056487560272217,5.054371356964111,-0.014341395881853125,0.00477028650323464
donor_split2_IFNG,18,controller,5.316552639007568,1.2027579545974731,5.590937614440918,-0.030696251675700593,-0.009462605487684591
donor_split2_IFNG,18,controller_no_feedback,4.78505802154541,1.082518458366394,4.926568984985352,0.014772702808896667,0.009710272575348068
donor_split2_IFNG,18,shuffled_feedback,5.316552639007568,1.2027579545974731,5.590937614440918,-0.030696251675700593,-0.009462605487684591
donor_split2_IFNG,18,permuted_features,4.362456321716309,0.9869137406349182,4.398315906524658,-0.003601765718277715,-0.006209131342456728
donor_split2_IFNG,19,random,4.497780799865723,1.0175280570983887,4.536677360534668,-0.011946436635280411,-0.009842904633988441
donor_split2_IFNG,19,fixed_ridge,4.687749862670898,1.0605045557022095,4.774138450622559,-0.011918980730646758,-0.016763949153250624
donor_split2_IFNG,19,adaptive_ridge,4.542008399963379,1.0275336503982544,4.59196138381958,0.007120571760904612,-0.006686764000761979
donor_split2_IFNG,19,controller,5.352963447570801,1.210995078086853,5.605655670166016,-0.01802249408413234,-0.020825549952178862
donor_split2_IFNG,19,controller_no_feedback,5.529794216156006,1.2509993314743042,5.826694011688232,-0.007651657023682384,-0.03325885056469775
donor_split2_IFNG,19,shuffled_feedback,5.347704887390137,1.2098054885864258,5.599081993103027,-0.019304161545532286,-0.02356802745225096
donor_split2_IFNG,19,permuted_features,4.404334545135498,0.9963878393173218,4.419869422912598,0.02485420533981842,0.009752221986028592
donor_split2_TNFA,0,random,4.4381103515625,1.0040289163589478,4.4521307945251465,0.038683262079261496,-0.008307145596618399
donor_split2_TNFA,0,fixed_ridge,4.648017883300781,1.051516056060791,4.71451473236084,0.0003152701656882542,-0.020430266336163284
donor_split2_TNFA,0,adaptive_ridge,4.8019914627075195,1.086349368095398,4.906982421875,0.03886951173235318,0.0022535217872337297
donor_split2_TNFA,0,controller,5.447126388549805,1.2322975397109985,5.713400840759277,0.002572809854981007,-0.008393494614483528
donor_split2_TNFA,0,controller_no_feedback,5.548792362213135,1.255297303199768,5.84048318862915,0.008378306530501934,-0.012517072557572503
donor_split2_TNFA,0,shuffled_feedback,5.447126388549805,1.2322975397109985,5.713400840759277,0.002572809854981007,-0.008393494614483528
donor_split2_TNFA,0,permuted_features,4.42598819732666,1.001286506652832,4.436977386474609,0.0032699761555745055,-0.006583389494232032
donor_split2_TNFA,1,random,4.4864935874938965,1.014974594116211,4.531444072723389,-0.0014313491687593049,-0.017099237100864022
donor_split2_TNFA,1,fixed_ridge,4.718470096588135,1.0674543380737305,4.821414470672607,0.012366889883925267,-0.01713810776804377
donor_split2_TNFA,1,adaptive_ridge,4.996701717376709,1.1303983926773071,5.169204235076904,0.022435783297041795,-0.0014278848417484766
donor_split2_TNFA,1,controller,5.481482028961182,1.2400697469711304,5.775178909301758,0.008633217232331217,-0.014351096480731495
donor_split2_TNFA,1,controller_no_feedback,5.555205345153809,1.256748080253601,5.867333889007568,0.018335289984169053,-0.004450737270894445
donor_split2_TNFA,1,shuffled_feedback,5.481482028961182,1.2400697469711304,5.775178909301758,0.008633217232331217,-0.014351096480731495
donor_split2_TNFA,1,permuted_features,4.337347507476807,0.9812334179878235,4.3450117111206055,-0.002128716610116608,-0.03451585340624804
donor_split2_TNFA,2,random,4.408789157867432,0.9973955750465393,4.421642303466797,-0.008551681684370982,-0.02461259249266732
donor_split2_TNFA,2,fixed_ridge,4.750967502593994,1.0748062133789062,4.849365234375,0.0008104587859220025,-0.023088965693871838
donor_split2_TNFA,2,adaptive_ridge,4.853039741516113,1.0978978872299194,4.976955413818359,0.020210507307516844,-0.013022667649374048
donor_split2_TNFA,2,controller,5.421120643615723,1.2264142036437988,5.687057018280029,0.006389478204203716,-0.01523407824883824
donor_split2_TNFA,2,controller_no_feedback,5.536562442779541,1.252530574798584,5.831358909606934,0.0009914207768923267,-0.026875207436378685
donor_split2_TNFA,2,shuffled_feedback,5.421120643615723,1.2264142036437988,5.687057018280029,0.006389478204203716,-0.01523407824883824
donor_split2_TNFA,2,permuted_features,4.417507171630859,0.9993678331375122,4.432540416717529,0.0130092246369164,-0.030338780173423997
donor_split2_TNFA,3,random,4.501741886138916,1.018424153327942,4.462817192077637,-0.023050921577590977,-0.02354372095291907
donor_split2_TNFA,3,fixed_ridge,4.742942810058594,1.0729907751083374,4.764318943023682,0.01835762212003818,-0.008776697285571587
donor_split2_TNFA,3,adaptive_ridge,4.795088768005371,1.0847877264022827,4.829501152038574,0.0009489905575214092,-0.013521075772423919
donor_split2_TNFA,3,controller,5.426285266876221,1.227582573890686,5.618496417999268,0.002903212584607355,0.0025034337724845783
donor_split2_TNFA,3,controller_no_feedback,5.515328884124756,1.2477269172668457,5.729801177978516,-0.012693247135091295,-0.009728526449142159
donor_split2_TNFA,3,shuffled_feedback,5.426285266876221,1.227582573890686,5.618496417999268,0.002903212584607355,0.0025034337724845783
donor_split2_TNFA,3,permuted_features,4.474360466003418,1.0122296810150146,4.428590297698975,-0.0015915441788703349,-0.012866080082097265
donor_split2_TNFA,4,random,4.453007698059082,1.007399082183838,4.483026504516602,0.0031651611060767456,0.0033538414272522112
donor_split2_TNFA,4,fixed_ridge,4.612605094909668,1.0435045957565308,4.682524681091309,0.03140585757391774,-0.008312653873578959
donor_split2_TNFA,4,adaptive_ridge,4.655812740325928,1.0532795190811157,4.736533164978027,0.02974852509326767,-0.02580612352680669
donor_split2_TNFA,4,controller,5.413546085357666,1.224700689315796,5.6837005615234375,0.016486694148587087,-0.014467172471691075
donor_split2_TNFA,4,controller_no_feedback,5.555372714996338,1.2567859888076782,5.860983371734619,0.01676791070809887,-0.013120822305309162
donor_split2_TNFA,4,shuffled_feedback,5.413546085357666,1.224700689315796,5.6837005615234375,0.016486694148587087,-0.014467172471691075
donor_split2_TNFA,4,permuted_features,4.40347957611084,0.9961944222450256,4.421116828918457,0.017758868571399557,-0.022515873469674687
donor_split2_TNFA,5,random,4.38242769241333,0.9914318919181824,4.375453472137451,0.0034439738173698206,-0.013180677147853412
donor_split2_TNFA,5,fixed_ridge,4.684624671936035,1.0597975254058838,4.753199577331543,-0.005486470708091251,-0.0008098823588845634
donor_split2_TNFA,5,adaptive_ridge,4.907559871673584,1.1102319955825806,5.031868934631348,-0.009315996019469527,0.008582665365781578
donor_split2_TNFA,5,controller,5.423459529876709,1.2269433736801147,5.676743507385254,0.011433471297516581,0.003318905866240627
donor_split2_TNFA,5,controller_no_feedback,5.417407035827637,1.2255741357803345,5.669177532196045,0.025601931469234757,0.008048307588284016
donor_split2_TNFA,5,shuffled_feedback,5.423459529876709,1.2269433736801147,5.676743507385254,0.011433471297516581,0.003318905866240627
donor_split2_TNFA,5,permuted_features,4.482336521148682,1.0140341520309448,4.500339508056641,0.019501163815321305,-0.0004000137873378065
donor_split2_TNFA,6,random,4.389047622680664,0.9929294586181641,4.387991905212402,-0.025677842193984408,-0.03414979255813978
donor_split2_TNFA,6,fixed_ridge,4.714967250823975,1.0666619539260864,4.795392036437988,-0.0065878589708110126,-0.01469224557645316
donor_split2_TNFA,6,adaptive_ridge,4.813338279724121,1.088916301727295,4.9183549880981445,-0.0035892343531587515,0.0019301833772510755
donor_split2_TNFA,6,controller,5.453926086425781,1.2338358163833618,5.719089984893799,-0.009166742988854932,-0.02193016941577531
donor_split2_TNFA,6,controller_no_feedback,5.542121887207031,1.2537882328033447,5.829334735870361,-0.011932536597532973,-0.02506701318909983
donor_split2_TNFA,6,shuffled_feedback,5.453926086425781,1.2338358163833618,5.719089984893799,-0.009166742988854932,-0.02193016941577531
donor_split2_TNFA,6,permuted_features,4.316195011138916,0.976448118686676,4.2969255447387695,-0.02186126346996425,-0.014799214877237704
donor_split2_TNFA,7,random,4.406836032867432,0.9969537258148193,4.466436862945557,-0.006809286176524448,-0.02963489458810691
donor_split2_TNFA,7,fixed_ridge,4.888545513153076,1.1059303283691406,5.068573951721191,-0.00986903703296163,-0.010486741559343909
donor_split2_TNFA,7,adaptive_ridge,4.7777862548828125,1.0808733701705933,4.930125713348389,-0.0018775054038425263,-0.021551438674917527
donor_split2_TNFA,7,controller,5.333890914916992,1.2066802978515625,5.625255584716797,-0.011790397947184719,-0.025829748157941625
donor_split2_TNFA,7,controller_no_feedback,5.538768291473389,1.2530295848846436,5.881352424621582,0.0010906474640101755,-0.02291022800148806
donor_split2_TNFA,7,shuffled_feedback,5.3350725173950195,1.206947684288025,5.626732349395752,0.0032371130464092348,-0.015135694269722336
donor_split2_TNFA,7,permuted_features,4.449470043182373,1.0065988302230835,4.519729137420654,0.007157183701818436,-0.020447053501346117
donor_split2_TNFA,8,random,4.561928749084473,1.0320402383804321,4.556100845336914,-0.021351326796144814,-0.023580047541651057
donor_split2_TNFA,8,fixed_ridge,4.804708957672119,1.0869641304016113,4.8595757484436035,0.0017167230104025825,-0.01539087859296811
donor_split2_TNFA,8,adaptive_ridge,4.657471656799316,1.0536547899246216,4.675529479980469,-0.013882378847866856,-0.01921141557269794
donor_split2_TNFA,8,controller,5.443541049957275,1.231486439704895,5.658115386962891,-0.004300433531861848,-0.005216146917180894
donor_split2_TNFA,8,controller_no_feedback,5.4833502769470215,1.240492343902588,5.707878112792969,0.027513867735528517,-0.010866540788651768
donor_split2_TNFA,8,shuffled_feedback,5.443541049957275,1.231486439704895,5.658115386962891,-0.004300433531861848,-0.005216146917180894
donor_split2_TNFA,8,permuted_features,4.394845008850098,0.9942409992218018,4.347245693206787,0.007696617200969996,-0.014470310529256836
donor_split2_TNFA,9,random,4.407378196716309,0.9970763921737671,4.366576194763184,0.011197323833813017,-0.012369991962949144
donor_split2_TNFA,9,fixed_ridge,4.751186370849609,1.0748556852340698,4.7963361740112305,-0.0037266899314236353,-0.020966664026451802
donor_split2_TNFA,9,adaptive_ridge,4.9136271476745605,1.1116045713424683,4.999386787414551,0.023635081461485827,-0.005301382187240277
donor_split2_TNFA,9,controller,5.484230041503906,1.2406914234161377,5.712640762329102,0.0036867580639826395,-0.008689806045623688
donor_split2_TNFA,9,controller_no_feedback,5.5187554359436035,1.2485020160675049,5.755796909332275,0.017689866588261292,-0.0025908837342472684
donor_split2_TNFA,9,shuffled_feedback,5.484230041503906,1.2406914234161377,5.712640762329102,0.0036867580639826395,-0.008689806045623688
donor_split2_TNFA,9,permuted_features,4.525681495666504,1.023840069770813,4.514453887939453,-0.014888963042286518,-0.014833496690167338
donor_split2_TNFA,10,random,4.3640851974487305,0.9872822761535645,4.37479305267334,-0.017938603836449185,-0.031140909739394585
donor_split2_TNFA,10,fixed_ridge,4.500344753265381,1.0181081295013428,4.54511833190918,0.014933246696523374,-0.015093656577401368
donor_split2_TNFA,10,adaptive_ridge,4.693697452545166,1.0618500709533691,4.786808967590332,0.0004472881805466851,-0.020222534138392208
donor_split2_TNFA,10,controller,5.412795066833496,1.224530816078186,5.685680389404297,-0.011197285505565716,-0.026736993889650534
donor_split2_TNFA,10,controller_no_feedback,5.534202575683594,1.251996636390686,5.837440490722656,0.00637771676796869,-0.02739041634515446
donor_split2_TNFA,10,shuffled_feedback,5.412795066833496,1.224530816078186,5.685680389404297,-0.011197285505565716,-0.026736993889650534
donor_split2_TNFA,10,permuted_features,4.349409103393555,0.9839621186256409,4.356448173522949,0.008322273949751727,-0.02963902663247505
donor_split2_TNFA,11,random,4.5275163650512695,1.0242551565170288,4.569231986999512,0.009586718254969482,-0.03117039726049777
donor_split2_TNFA,11,fixed_ridge,4.698877334594727,1.0630218982696533,4.783432960510254,-0.0052965574574731136,-0.0355928454596716
donor_split2_TNFA,11,adaptive_ridge,4.6325225830078125,1.0480105876922607,4.700489044189453,-0.012644548103529602,-0.030412114431092895
donor_split2_TNFA,11,controller,5.28893518447876,1.1965100765228271,5.521004676818848,-0.007678444949985722,-0.03443661012067319
donor_split2_TNFA,11,controller_no_feedback,4.770601272583008,1.0792479515075684,4.8730878829956055,-0.0006338252855239048,-0.035971456650013466
donor_split2_TNFA,11,shuffled_feedback,5.28893518447876,1.1965100765228271,5.521004676818848,-0.007678444949985722,-0.03443661012067319
donor_split2_TNFA,11,permuted_features,4.389718532562256,0.993081271648407,4.396984100341797,-0.008280846435147784,-0.03640084870048608
donor_split2_TNFA,12,random,4.4367146492004395,1.0037131309509277,4.4705305099487305,-0.019793594032483115,-0.03709402073379253
donor_split2_TNFA,12,fixed_ridge,4.505765914916992,1.0193345546722412,4.556845188140869,0.006603989358877603,-0.02878768778766925
donor_split2_TNFA,12,adaptive_ridge,4.854367733001709,1.0981982946395874,4.992596626281738,0.0014824651204537007,-0.022786628239676116
donor_split2_TNFA,12,controller,5.418827533721924,1.2258955240249634,5.698171615600586,0.0030550112339642636,-0.018609898046376964
donor_split2_TNFA,12,controller_no_feedback,5.562308311462402,1.2583550214767456,5.877523422241211,0.011272636594367919,-0.004036279522743836
donor_split2_TNFA,12,shuffled_feedback,5.418827533721924,1.2258955240249634,5.698171615600586,0.0030550112339642636,-0.018609898046376964
donor_split2_TNFA,12,permuted_features,4.363421440124512,0.9871320724487305,4.378913402557373,-0.008196306370875414,-0.033945838536820115
donor_split2_TNFA,13,random,4.218993186950684,0.9544582366943359,4.1956377029418945,0.00016684934556200208,-0.02528736155606956
donor_split2_TNFA,13,fixed_ridge,4.644952774047852,1.0508226156234741,4.728086471557617,-0.001326696415832275,-0.0039030504567949763
donor_split2_TNFA,13,adaptive_ridge,4.7783203125,1.0809942483901978,4.894796371459961,-0.0041073740112172056,0.0032117414630429414
donor_split2_TNFA,13,controller,5.395840644836426,1.2206951379776,5.666695594787598,0.00131514368612758,-0.01242473000245662
donor_split2_TNFA,13,controller_no_feedback,5.5388922691345215,1.253057599067688,5.845510959625244,0.00607069534427831,0.000442812774120431
donor_split2_TNFA,13,shuffled_feedback,5.395840644836426,1.2206951379776,5.666695594787598,0.00131514368612758,-0.01242473000245662
donor_split2_TNFA,13,permuted_features,4.31915283203125,0.9771172404289246,4.320836544036865,0.021016105480834792,0.010012395114617052
donor_split2_TNFA,14,random,4.531595706939697,1.0251779556274414,4.553535461425781,-0.011921894534275904,-0.006663869202686688
donor_split2_TNFA,14,fixed_ridge,4.847247123718262,1.0965874195098877,4.9481000900268555,0.020513617064583455,-0.015081461808160815
donor_split2_TNFA,14,adaptive_ridge,4.934257984161377,1.1162718534469604,5.056863307952881,0.011551193669661182,-0.01991452941511927
donor_split2_TNFA,14,controller,5.464317321777344,1.2361866235733032,5.719437599182129,-0.000670391991593611,-0.011463955918926062
donor_split2_TNFA,14,controller_no_feedback,5.612505912780762,1.2697111368179321,5.904673099517822,0.0008189453011379924,-0.009056733518683796
donor_split2_TNFA,14,shuffled_feedback,5.464317321777344,1.2361866235733032,5.719437599182129,-0.000670391991593611,-0.011463955918926062
donor_split2_TNFA,14,permuted_features,4.437016487121582,1.0037814378738403,4.435311317443848,0.021726639291995278,-0.00917722367659613
donor_split2_TNFA,15,random,4.453883171081543,1.0075972080230713,4.444701194763184,0.011111645976513634,-0.029227642440284175
donor_split2_TNFA,15,fixed_ridge,4.813307762145996,1.088909387588501,4.89398193359375,0.0035000262492793726,0.006074226680780611
donor_split2_TNFA,15,adaptive_ridge,4.967526912689209,1.1237982511520386,5.086755752563477,0.03433262530602132,0.018679846926910566
donor_split2_TNFA,15,controller,5.324473857879639,1.2045499086380005,5.5329389572143555,0.019506211541293245,0.010919917908722664
donor_split2_TNFA,15,controller_no_feedback,4.882206916809082,1.1044963598251343,4.980104923248291,0.006136224468180461,0.0036976403608139966
donor_split2_TNFA,15,shuffled_feedback,5.324473857879639,1.2045499086380005,5.5329389572143555,0.019506211541293245,0.010919917908722664
donor_split2_TNFA,15,permuted_features,4.3789873123168945,0.9906535744667053,4.351080417633057,-0.02796784698648238,-0.010853739734016153
donor_split2_TNFA,16,random,4.390015602111816,0.9931484460830688,4.409031391143799,-0.01230703411840718,-0.047711073218523956
donor_split2_TNFA,16,fixed_ridge,4.47463321685791,1.012291431427002,4.514803886413574,-0.00782830787199822,-0.02328722621730405
donor_split2_TNFA,16,adaptive_ridge,4.598198890686035,1.040245532989502,4.6692609786987305,0.017828124470298086,-0.013497626452645201
donor_split2_TNFA,16,controller,5.39199161529541,1.2198244333267212,5.661501884460449,0.0021760340755183297,-0.017613061211525637
donor_split2_TNFA,16,controller_no_feedback,5.584301948547363,1.2633305788040161,5.901888847351074,0.0070186017480635965,-0.001751938726168556
donor_split2_TNFA,16,shuffled_feedback,5.441875457763672,1.231109619140625,5.723855972290039,-0.01198262284742857,-0.017488741480357655
donor_split2_TNFA,16,permuted_features,4.368028163909912,0.9881742596626282,4.381546974182129,0.005438415949945705,-0.014833951234177929
donor_split2_TNFA,17,random,4.493776798248291,1.0166223049163818,4.528537750244141,-0.0029989999407541434,0.005602016513800785
donor_split2_TNFA,17,fixed_ridge,4.722508430480957,1.0683679580688477,4.814452648162842,0.028017950305873413,-0.00776580988271606
donor_split2_TNFA,17,adaptive_ridge,4.782698631286621,1.0819847583770752,4.889691352844238,0.019477238149114406,-0.011566665892896537
donor_split2_TNFA,17,controller,5.427889823913574,1.2279456853866577,5.696179389953613,-0.005797503514416743,-0.009919570092553615
donor_split2_TNFA,17,controller_no_feedback,5.5608978271484375,1.2580358982086182,5.8624396324157715,0.0058543109729699465,0.0013429760521010137
donor_split2_TNFA,17,shuffled_feedback,5.427889823913574,1.2279456853866577,5.696179389953613,-0.005797503514416743,-0.009919570092553615
donor_split2_TNFA,17,permuted_features,4.452389717102051,1.0072592496871948,4.476804256439209,-0.01801447249962217,-0.01467133240831757
donor_split2_TNFA,18,random,4.345387935638428,0.9830523729324341,4.376980781555176,0.02039862721390459,0.0016119343802334513
donor_split2_TNFA,18,fixed_ridge,4.54086971282959,1.0272760391235352,4.621333122253418,0.004614169860287451,-0.015200606407148775
donor_split2_TNFA,18,adaptive_ridge,4.63191032409668,1.0478720664978027,4.735134124755859,0.018735161436115297,-0.012083034998630388
donor_split2_TNFA,18,controller,5.428610801696777,1.2281087636947632,5.731009483337402,-0.0007625696751978016,-0.00989015612678752
donor_split2_TNFA,18,controller_no_feedback,5.546605110168457,1.2548024654388428,5.878502368927002,0.004674387121422666,-0.013247906055886275
donor_split2_TNFA,18,shuffled_feedback,5.428610801696777,1.2281087636947632,5.731009483337402,-0.0007625696751978016,-0.00989015612678752
donor_split2_TNFA,18,permuted_features,4.362456321716309,0.9869137406349182,4.398315906524658,0.0058629343139988835,-0.02186381632547598
donor_split2_TNFA,19,random,4.497780799865723,1.0175280570983887,4.536677360534668,0.013047201388162646,-0.01433931287952924
donor_split2_TNFA,19,fixed_ridge,4.852491855621338,1.0977740287780762,4.980065822601318,0.00038418105323976686,-0.014725293458992626
donor_split2_TNFA,19,adaptive_ridge,4.809073448181152,1.087951421737671,4.925793647766113,0.015810119326414004,-0.017681010071513743
donor_split2_TNFA,19,controller,5.457518577575684,1.2346484661102295,5.736350059509277,0.0014321214022595223,-0.02207339177867475
donor_split2_TNFA,19,controller_no_feedback,5.529794216156006,1.2509993314743042,5.826694011688232,0.010031761104898866,-0.01615637082763858
donor_split2_TNFA,19,shuffled_feedback,5.457518577575684,1.2346484661102295,5.736350059509277,0.0014321214022595223,-0.02207339177867475
donor_split2_TNFA,19,permuted_features,4.404334545135498,0.9963878393173218,4.419869422912598,-0.002335319769315261,-0.04746238699027235
donor_split2_IL2STAT5,0,random,4.4381103515625,1.0040289163589478,4.4521307945251465,0.020028767369453,0.014474543775295274
donor_split2_IL2STAT5,0,fixed_ridge,4.589011192321777,1.0381669998168945,4.640756607055664,0.02191734264105382,0.010410836702930037
donor_split2_IL2STAT5,0,adaptive_ridge,5.04323148727417,1.1409248113632202,5.208532333374023,0.007710545076810078,-0.0007012679810036312
donor_split2_IL2STAT5,0,controller,5.447126388549805,1.2322975397109985,5.713400840759277,0.0014402996963402079,0.012689689894432487
donor_split2_IL2STAT5,0,controller_no_feedback,5.548792362213135,1.255297303199768,5.84048318862915,0.008269759583489278,0.016345211638811776
donor_split2_IL2STAT5,0,shuffled_feedback,5.447126388549805,1.2322975397109985,5.713400840759277,0.0014402996963402079,0.012689689894432487
donor_split2_IL2STAT5,0,permuted_features,4.38353967666626,0.9916834235191345,4.383916854858398,0.011330815984821382,0.010389613599994766
donor_split2_IL2STAT5,1,random,4.4864935874938965,1.014974594116211,4.531444072723389,0.01545274728118023,0.022826653669382024
donor_split2_IL2STAT5,1,fixed_ridge,4.59118127822876,1.0386579036712646,4.662303447723389,0.013635391530350049,0.007271700471388866
donor_split2_IL2STAT5,1,adaptive_ridge,4.800604820251465,1.0860356092453003,4.924083232879639,0.012393665566873728,0.017319796462902513
donor_split2_IL2STAT5,1,controller,5.481482028961182,1.2400697469711304,5.775178909301758,0.006194918923633221,0.01427341990183822
donor_split2_IL2STAT5,1,controller_no_feedback,5.555205345153809,1.256748080253601,5.867333889007568,0.016350295733935767,0.02228052612497371
donor_split2_IL2STAT5,1,shuffled_feedback,5.481482028961182,1.2400697469711304,5.775178909301758,0.006194918923633221,0.01427341990183822
donor_split2_IL2STAT5,1,permuted_features,4.337347507476807,0.9812334179878235,4.3450117111206055,0.008204130984574367,0.006291068537774137
donor_split2_IL2STAT5,2,random,4.408789157867432,0.9973955750465393,4.421642303466797,0.0023753512954454497,0.0032062083371783927
donor_split2_IL2STAT5,2,fixed_ridge,4.49795389175415,1.0175672769546509,4.533098220825195,0.00142061432928801,0.015594051416184746
donor_split2_IL2STAT5,2,adaptive_ridge,4.762789249420166,1.077480673789978,4.864142894744873,-0.0012443542907202248,0.018183578473475508
donor_split2_IL2STAT5,2,controller,5.421120643615723,1.2264142036437988,5.687057018280029,0.008742044718513444,0.017675460894909442
donor_split2_IL2STAT5,2,controller_no_feedback,5.536562442779541,1.252530574798584,5.831358909606934,0.01134270068088138,0.015815877860322524
donor_split2_IL2STAT5,2,shuffled_feedback,5.421120643615723,1.2264142036437988,5.687057018280029,0.008742044718513444,0.017675460894909442
donor_split2_IL2STAT5,2,permuted_features,4.417507171630859,0.9993678331375122,4.432540416717529,0.02298440200087461,0.020530260788273462
donor_split2_IL2STAT5,3,random,4.501741886138916,1.018424153327942,4.462817192077637,0.016677685811815557,0.005948541613863228
donor_split2_IL2STAT5,3,fixed_ridge,4.882301330566406,1.1045176982879639,4.938517093658447,0.007829994559947475,0.009208813393633178
donor_split2_IL2STAT5,3,adaptive_ridge,4.965085029602051,1.1232458353042603,5.041996002197266,0.01184961442403128,0.019614168405780452
donor_split2_IL2STAT5,3,controller,5.426285266876221,1.227582573890686,5.618496417999268,0.0043973404254587884,0.015828527439147304
donor_split2_IL2STAT5,3,controller_no_feedback,5.515328884124756,1.2477269172668457,5.729801177978516,0.0028478192033914848,0.008083556863622868
donor_split2_IL2STAT5,3,shuffled_feedback,5.426285266876221,1.227582573890686,5.618496417999268,0.0043973404254587884,0.015828527439147304
donor_split2_IL2STAT5,3,permuted_features,4.443716049194336,1.005297064781189,4.390285491943359,0.003596755308483887,0.006449862973413756
donor_split2_IL2STAT5,4,random,4.453007698059082,1.007399082183838,4.483026504516602,0.01684390888105165,0.01876090420899405
donor_split2_IL2STAT5,4,fixed_ridge,4.8103156089782715,1.0882325172424316,4.929662704467773,0.0018782527643867696,0.019854991167099146
donor_split2_IL2STAT5,4,adaptive_ridge,4.912451267242432,1.111338496208191,5.0573320388793945,0.011185740382517998,0.011598405287124157
donor_split2_IL2STAT5,4,controller,5.40816068649292,1.223482370376587,5.676968574523926,0.0083734453322455,0.006744774801642218
donor_split2_IL2STAT5,4,controller_no_feedback,4.923931121826172,1.1139355897903442,5.071681976318359,-0.0004283353373640428,0.018968250233560247
donor_split2_IL2STAT5,4,shuffled_feedback,5.40816068649292,1.223482370376587,5.676968574523926,0.0083734453322455,0.006744774801642218
donor_split2_IL2STAT5,4,permuted_features,4.449635028839111,1.006636142730713,4.478811264038086,0.010264776240499207,0.009825308786256459
donor_split2_IL2STAT5,5,random,4.38242769241333,0.9914318919181824,4.375453472137451,0.004750112518699295,0.0034686492261914925
donor_split2_IL2STAT5,5,fixed_ridge,4.5092453956604,1.020121693611145,4.533975124359131,0.0017544137300741895,0.0117124615835504
donor_split2_IL2STAT5,5,adaptive_ridge,4.72127628326416,1.068089246749878,4.799014091491699,0.014453720617650313,0.017512239323878215
donor_split2_IL2STAT5,5,controller,5.423459529876709,1.2269433736801147,5.676743507385254,0.015408255629029217,0.022416511070992372
donor_split2_IL2STAT5,5,controller_no_feedback,5.417407035827637,1.2255741357803345,5.669177532196045,0.014687356229431233,0.01727073384330296
donor_split2_IL2STAT5,5,shuffled_feedback,5.423459529876709,1.2269433736801147,5.676743507385254,0.015408255629029217,0.022416511070992372
donor_split2_IL2STAT5,5,permuted_features,4.482336521148682,1.0140341520309448,4.500339508056641,0.01594313775250189,0.009206643792141556
donor_split2_IL2STAT5,6,random,4.389047622680664,0.9929294586181641,4.387991905212402,0.000689231208086264,0.005895461556598999
donor_split2_IL2STAT5,6,fixed_ridge,4.697112083435059,1.0626225471496582,4.773072242736816,0.008403505245224867,0.010904288578449295
donor_split2_IL2STAT5,6,adaptive_ridge,4.809142112731934,1.087967038154602,4.913110733032227,0.01452856155715949,0.009534401314604538
donor_split2_IL2STAT5,6,controller,5.453926086425781,1.2338358163833618,5.719089984893799,-0.002266948222932227,2.731333075411263e-05
donor_split2_IL2STAT5,6,controller_no_feedback,5.542121887207031,1.2537882328033447,5.829334735870361,0.011845452671468438,0.01254042540374065
donor_split2_IL2STAT5,6,shuffled_feedback,5.453926086425781,1.2338358163833618,5.719089984893799,-0.002266948222932227,2.731333075411263e-05
donor_split2_IL2STAT5,6,permuted_features,4.316195011138916,0.976448118686676,4.2969255447387695,0.0007570006761849043,0.009903792020233212
donor_split2_IL2STAT5,7,random,4.406836032867432,0.9969537258148193,4.466436862945557,0.0020383907106740267,0.01305408278318319
donor_split2_IL2STAT5,7,fixed_ridge,4.681188583374023,1.0590201616287231,4.809377670288086,0.012141587882767448,0.016279249534412434
donor_split2_IL2STAT5,7,adaptive_ridge,4.740677833557129,1.0724784135818481,4.883739948272705,0.00724225704380536,0.013095411300137128
donor_split2_IL2STAT5,7,controller,5.125889778137207,1.159624457359314,5.3652544021606445,0.011711164027992122,0.004590237982964195
donor_split2_IL2STAT5,7,controller_no_feedback,4.764337062835693,1.0778307914733887,4.913313865661621,0.00995771497116293,0.0125531006124661
donor_split2_IL2STAT5,7,shuffled_feedback,5.306827545166016,1.200557827949524,5.591426849365234,0.005355306147893242,0.005403365108128607
donor_split2_IL2STAT5,7,permuted_features,4.449470043182373,1.0065988302230835,4.519729137420654,0.009553249258058935,0.011005198507256838
donor_split2_IL2STAT5,8,random,4.561928749084473,1.0320402383804321,4.556100845336914,-0.0012771319951996936,0.010249429527578994
donor_split2_IL2STAT5,8,fixed_ridge,5.013373851776123,1.1341701745986938,5.1204071044921875,0.0071661095923738595,0.009340963280504159
donor_split2_IL2STAT5,8,adaptive_ridge,4.853424072265625,1.0979849100112915,4.920470237731934,-3.794861724523441e-05,0.0049219224258780815
donor_split2_IL2STAT5,8,controller,5.443541049957275,1.231486439704895,5.658115386962891,0.005148907853472413,0.010465510712012176
donor_split2_IL2STAT5,8,controller_no_feedback,5.4833502769470215,1.240492343902588,5.707878112792969,0.010724082692381244,0.010853251231378813
donor_split2_IL2STAT5,8,shuffled_feedback,5.443541049957275,1.231486439704895,5.658115386962891,0.005148907853472413,0.010465510712012176
donor_split2_IL2STAT5,8,permuted_features,4.374972343444824,0.9897452592849731,4.322404861450195,0.022886879098670838,0.013425783504928507
donor_split2_IL2STAT5,9,random,4.407378196716309,0.9970763921737671,4.366576194763184,0.021090859659353325,0.006448165543080675
donor_split2_IL2STAT5,9,fixed_ridge,4.681134223937988,1.0590078830718994,4.708770751953125,0.02189945141315342,0.0064767644714876765
donor_split2_IL2STAT5,9,adaptive_ridge,4.797791957855225,1.0853992700576782,4.854592800140381,0.013210402060502108,0.011921811470504997
donor_split2_IL2STAT5,9,controller,5.484230041503906,1.2406914234161377,5.712640762329102,0.0020804728062520073,0.009249220014151955
donor_split2_IL2STAT5,9,controller_no_feedback,5.5187554359436035,1.2485020160675049,5.755796909332275,0.007087595447591822,0.013372309670448359
donor_split2_IL2STAT5,9,shuffled_feedback,5.484230041503906,1.2406914234161377,5.712640762329102,0.0020804728062520073,0.009249220014151955
donor_split2_IL2STAT5,9,permuted_features,4.525681495666504,1.023840069770813,4.514453887939453,0.005429412819811521,0.005005449624863289
donor_split2_IL2STAT5,10,random,4.3640851974487305,0.9872822761535645,4.37479305267334,0.01025874482052764,0.008485415673578942
donor_split2_IL2STAT5,10,fixed_ridge,4.468580722808838,1.0109221935272217,4.505413055419922,0.004068530597204909,0.00929976883157674
donor_split2_IL2STAT5,10,adaptive_ridge,4.761053562164307,1.0770879983901978,4.871004104614258,0.008469799425765524,-0.002771225391195253
donor_split2_IL2STAT5,10,controller,5.237706661224365,1.1849206686019897,5.466820240020752,0.005946145484408417,0.004719082568102493
donor_split2_IL2STAT5,10,controller_no_feedback,5.534202575683594,1.251996636390686,5.837440490722656,0.014890192950627847,0.012094177505948081
donor_split2_IL2STAT5,10,shuffled_feedback,5.412795066833496,1.224530816078186,5.685680389404297,0.00583432617122783,0.0074430082821467045
donor_split2_IL2STAT5,10,permuted_features,4.349409103393555,0.9839621186256409,4.356448173522949,0.022098582498155626,0.02104003371571811
donor_split2_IL2STAT5,11,random,4.5275163650512695,1.0242551565170288,4.569231986999512,0.005975049509244304,0.007181579078392605
donor_split2_IL2STAT5,11,fixed_ridge,4.605856895446777,1.0419780015945435,4.667157173156738,0.012152277569907189,0.0012381288382511694
donor_split2_IL2STAT5,11,adaptive_ridge,4.7586350440979,1.0765408277511597,4.858129501342773,0.009761625058290415,0.012309812840381643
donor_split2_IL2STAT5,11,controller,5.286703586578369,1.1960052251815796,5.518215656280518,-0.00021180952680620833,0.005547919039116933
donor_split2_IL2STAT5,11,controller_no_feedback,4.693538188934326,1.0618140697479248,4.776759147644043,0.009908250630016883,0.0029932013929156688
donor_split2_IL2STAT5,11,shuffled_feedback,5.322203159332275,1.2040362358093262,5.562589645385742,-0.006363893792374928,0.0006067537223810218
donor_split2_IL2STAT5,11,permuted_features,4.389718532562256,0.993081271648407,4.396984100341797,0.01710992266082719,0.012968955428642093
donor_split2_IL2STAT5,12,random,4.4367146492004395,1.0037131309509277,4.4705305099487305,-0.00046600714417111623,0.012169040999498138
donor_split2_IL2STAT5,12,fixed_ridge,4.534979343414307,1.0259435176849365,4.593360900878906,0.002183873109600925,-0.0025881384893826852
donor_split2_IL2STAT5,12,adaptive_ridge,4.5182061195373535,1.022148847579956,4.572394371032715,0.008857457848519637,-5.115776423606638e-05
donor_split2_IL2STAT5,12,controller,5.418827533721924,1.2258955240249634,5.698171615600586,0.010839637514736763,0.0142761566628748
donor_split2_IL2STAT5,12,controller_no_feedback,5.562308311462402,1.2583550214767456,5.877523422241211,0.01687101577590581,0.022323755179867465
donor_split2_IL2STAT5,12,shuffled_feedback,5.418827533721924,1.2258955240249634,5.698171615600586,0.010839637514736763,0.0142761566628748
donor_split2_IL2STAT5,12,permuted_features,4.363421440124512,0.9871320724487305,4.378913402557373,0.00877342573331405,0.010371883943261894
donor_split2_IL2STAT5,13,random,4.218993186950684,0.9544582366943359,4.1956377029418945,0.021083224008754987,0.021289293018094863
donor_split2_IL2STAT5,13,fixed_ridge,4.529984474182129,1.0248135328292847,4.584376335144043,0.026184216825084695,0.022181507506352983
donor_split2_IL2STAT5,13,adaptive_ridge,4.9335527420043945,1.116112232208252,5.088836193084717,0.020033772858314303,0.01749341346309012
donor_split2_IL2STAT5,13,controller,5.395840644836426,1.2206951379776,5.666695594787598,0.01713502425254179,0.021504355466842408
donor_split2_IL2STAT5,13,controller_no_feedback,5.5388922691345215,1.253057599067688,5.845510959625244,0.02070630329737435,0.0335024500169067
donor_split2_IL2STAT5,13,shuffled_feedback,5.395840644836426,1.2206951379776,5.666695594787598,0.01713502425254179,0.021504355466842408
donor_split2_IL2STAT5,13,permuted_features,4.300176620483398,0.9728242754936218,4.297116756439209,0.020451067569117326,0.03358021604582193
donor_split2_IL2STAT5,14,random,4.531595706939697,1.0251779556274414,4.553535461425781,0.007366883210529073,0.01700340828271474
donor_split2_IL2STAT5,14,fixed_ridge,4.701910972595215,1.0637081861495972,4.766429901123047,0.0239742809933026,0.01909911381899134
donor_split2_IL2STAT5,14,adaptive_ridge,4.935849189758301,1.1166318655014038,5.058852195739746,0.016214662664467628,0.014682845388758789
donor_split2_IL2STAT5,14,controller,5.464317321777344,1.2361866235733032,5.719437599182129,0.01196105125170553,0.013491666646704559
donor_split2_IL2STAT5,14,controller_no_feedback,5.612505912780762,1.2697111368179321,5.904673099517822,0.00622207365478402,0.016744889970358164
donor_split2_IL2STAT5,14,shuffled_feedback,5.464317321777344,1.2361866235733032,5.719437599182129,0.01196105125170553,0.013491666646704559
donor_split2_IL2STAT5,14,permuted_features,4.437016487121582,1.0037814378738403,4.435311317443848,0.023861752246415315,0.011575531399267988
donor_split2_IL2STAT5,15,random,4.453883171081543,1.0075972080230713,4.444701194763184,0.013698796534287645,0.010203474574908115
donor_split2_IL2STAT5,15,fixed_ridge,4.808453559875488,1.0878112316131592,4.887914180755615,0.00794941385386494,0.013622395682152472
donor_split2_IL2STAT5,15,adaptive_ridge,4.808493137359619,1.0878201723098755,4.88796329498291,-0.005613571206432557,0.01699784288706463
donor_split2_IL2STAT5,15,controller,5.387700080871582,1.2188535928726196,5.611971855163574,0.003640640976586723,0.0075072252686478975
donor_split2_IL2STAT5,15,controller_no_feedback,4.924036979675293,1.113959550857544,5.032392501831055,0.0072392886892220076,0.015371306169007845
donor_split2_IL2STAT5,15,shuffled_feedback,5.387700080871582,1.2188535928726196,5.611971855163574,0.003640640976586723,0.0075072252686478975
donor_split2_IL2STAT5,15,permuted_features,4.44395637512207,1.0053514242172241,4.4322919845581055,0.006000177134272574,0.007530590134284901
donor_split2_IL2STAT5,16,random,4.390015602111816,0.9931484460830688,4.409031391143799,0.0034653527008916656,0.0070048618829430835
donor_split2_IL2STAT5,16,fixed_ridge,4.56268310546875,1.0322108268737793,4.6248650550842285,0.0012534912637024783,0.010216810134154639
donor_split2_IL2STAT5,16,adaptive_ridge,4.729459762573242,1.0699405670166016,4.833335876464844,0.005685016197751481,0.021485048171008207
donor_split2_IL2STAT5,16,controller,5.441875457763672,1.231109619140625,5.723855972290039,0.0032562767330072614,0.015584997573458442
donor_split2_IL2STAT5,16,controller_no_feedback,5.584301948547363,1.2633305788040161,5.901888847351074,0.008279805748975274,0.022510534426989214
donor_split2_IL2STAT5,16,shuffled_feedback,5.441875457763672,1.231109619140625,5.723855972290039,0.0032562767330072614,0.015584997573458442
donor_split2_IL2STAT5,16,permuted_features,4.365715026855469,0.987650990486145,4.378655433654785,0.008174963840068035,0.01383180245395961
donor_split2_IL2STAT5,17,random,4.493776798248291,1.0166223049163818,4.528537750244141,0.009279279076000681,0.023233680127957214
donor_split2_IL2STAT5,17,fixed_ridge,4.639796257019043,1.0496560335159302,4.711062431335449,0.016313935553873192,0.019549597746253013
donor_split2_IL2STAT5,17,adaptive_ridge,4.847466945648193,1.09663724899292,4.970650672912598,0.008012708657481465,0.0068879636407008366
donor_split2_IL2STAT5,17,controller,5.427889823913574,1.2279456853866577,5.696179389953613,0.00613814239643631,0.012785635166436122
donor_split2_IL2STAT5,17,controller_no_feedback,5.5608978271484375,1.2580358982086182,5.8624396324157715,0.001779552464901902,0.010320958238307656
donor_split2_IL2STAT5,17,shuffled_feedback,5.427889823913574,1.2279456853866577,5.696179389953613,0.00613814239643631,0.012785635166436122
donor_split2_IL2STAT5,17,permuted_features,4.452389717102051,1.0072592496871948,4.476804256439209,0.006363440706640575,0.010202751734403107
donor_split2_IL2STAT5,18,random,4.345387935638428,0.9830523729324341,4.376980781555176,0.0068215991220823054,0.010059136066300729
donor_split2_IL2STAT5,18,fixed_ridge,4.492071151733398,1.016236424446106,4.560335159301758,0.0013329560830372018,0.003369489311122306
donor_split2_IL2STAT5,18,adaptive_ridge,4.828553199768066,1.0923583507537842,4.980937480926514,0.006417203152406284,0.0070575593961198805
donor_split2_IL2STAT5,18,controller,5.303653717041016,1.1998398303985596,5.574812889099121,0.009844443817183735,0.014462366304931983
donor_split2_IL2STAT5,18,controller_no_feedback,4.61991024017334,1.0451573133468628,4.7201337814331055,-0.0007794992786151802,0.00459818102461255
donor_split2_IL2STAT5,18,shuffled_feedback,5.303653717041016,1.1998398303985596,5.574812889099121,0.009844443817183735,0.014462366304931983
donor_split2_IL2STAT5,18,permuted_features,4.362456321716309,0.9869137406349182,4.398315906524658,0.018142852061490588,0.004391891990399402
donor_split2_IL2STAT5,19,random,4.497780799865723,1.0175280570983887,4.536677360534668,0.01830908051606428,0.011370285892407484
donor_split2_IL2STAT5,19,fixed_ridge,4.732972145080566,1.0707350969314575,4.8306660652160645,0.006137857758841739,0.0030638417998292123
donor_split2_IL2STAT5,19,adaptive_ridge,4.742462635040283,1.0728821754455566,4.842529773712158,-0.0006769060335582458,0.003944687994873343
donor_split2_IL2STAT5,19,controller,5.292158603668213,1.1972392797470093,5.529649257659912,0.009698160438802358,0.005323443399041857
donor_split2_IL2STAT5,19,controller_no_feedback,4.832571506500244,1.0932674407958984,4.955165386199951,0.0035594015298724565,0.00025311855353847974
donor_split2_IL2STAT5,19,shuffled_feedback,5.318268775939941,1.20314621925354,5.562287330627441,0.009072783468113941,0.01347909901833454
donor_split2_IL2STAT5,19,permuted_features,4.404334545135498,0.9963878393173218,4.419869422912598,0.013312991777150004,0.006476004669722163
donor_split3_IFNG,0,random,4.4381103515625,1.0040289163589478,4.4521307945251465,-0.051973913468321295,-0.017647651894421534
donor_split3_IFNG,0,fixed_ridge,4.524115562438965,1.023485779762268,4.559637069702148,-0.016905968402776337,0.014275742942388824
donor_split3_IFNG,0,adaptive_ridge,4.587632179260254,1.0378550291061401,4.63903284072876,-0.04233621374855294,-0.012365098631218622
donor_split3_IFNG,0,controller,5.163985729217529,1.1682429313659668,5.359475135803223,-0.011951907709338338,0.010628156807289443
donor_split3_IFNG,0,controller_no_feedback,4.6104207038879395,1.0430104732513428,4.667518615722656,-0.016834060422169523,0.010338568081954814
donor_split3_IFNG,0,shuffled_feedback,5.288601875305176,1.1964346170425415,5.515244960784912,-0.01690393806056232,0.0022366547287254153
donor_split3_IFNG,0,permuted_features,4.395899295806885,0.9944795370101929,4.39936637878418,-0.0047879554537508025,0.00394737633850868
donor_split3_IFNG,1,random,4.4864935874938965,1.014974594116211,4.531444072723389,-0.02320285880902575,0.007197741417070471
donor_split3_IFNG,1,fixed_ridge,4.517449855804443,1.0219777822494507,4.570138931274414,-0.018639767376423946,0.010198867648850547
donor_split3_IFNG,1,adaptive_ridge,4.539051532745361,1.0268646478652954,4.597141265869141,0.008517247810232154,0.020284997779557296
donor_split3_IFNG,1,controller,5.306198596954346,1.2004156112670898,5.556075096130371,-0.013090809927217215,0.013093848862057176
donor_split3_IFNG,1,controller_no_feedback,5.555205345153809,1.256748080253601,5.867333889007568,-0.02569612837609872,-0.01437688582205247
donor_split3_IFNG,1,shuffled_feedback,5.481482028961182,1.2400697469711304,5.775178909301758,-0.004569701528887212,-0.0028218595307283045
donor_split3_IFNG,1,permuted_features,4.337347507476807,0.9812334179878235,4.3450117111206055,-0.0003596938698966157,0.0266500108702619
donor_split3_IFNG,2,random,4.408789157867432,0.9973955750465393,4.421642303466797,-0.022584141417671004,0.025754169521692915
donor_split3_IFNG,2,fixed_ridge,4.645153045654297,1.0508679151535034,4.717097282409668,-0.039186956574307444,-0.01592037484743769
donor_split3_IFNG,2,adaptive_ridge,4.669496059417725,1.0563750267028809,4.747526168823242,-0.006339817340297068,0.018155995504094514
donor_split3_IFNG,2,controller,5.421120643615723,1.2264142036437988,5.687057018280029,-0.01917157551760102,-0.004278675771058779
donor_split3_IFNG,2,controller_no_feedback,5.536562442779541,1.252530574798584,5.831358909606934,-0.01907875619369219,0.0037834888540445298
donor_split3_IFNG,2,shuffled_feedback,5.318965911865234,1.2033039331436157,5.559364318847656,-0.01403866607537826,-0.003627374144403849
donor_split3_IFNG,2,permuted_features,4.462491035461426,1.0095444917678833,4.488770484924316,-0.022115108688517016,0.010900231671969558
donor_split3_IFNG,3,random,4.501741886138916,1.018424153327942,4.462817192077637,-0.014532566825587437,0.032635874194978404
donor_split3_IFNG,3,fixed_ridge,4.765103340148926,1.0780041217803955,4.792019367218018,-0.0163839514297348,0.04148963431520915
donor_split3_IFNG,3,adaptive_ridge,4.756218910217285,1.0759942531585693,4.780914306640625,-0.014649396970622865,0.030365859444862205
donor_split3_IFNG,3,controller,5.359155654907227,1.2123960256576538,5.534584045410156,-0.02332314553605652,-0.00027833989234860165
donor_split3_IFNG,3,controller_no_feedback,4.8684234619140625,1.1013782024383545,4.921169757843018,-0.019142610293210304,0.04096118114504156
donor_split3_IFNG,3,shuffled_feedback,5.359155654907227,1.2123960256576538,5.534584045410156,-0.02332314553605652,-0.00027833989234860165
donor_split3_IFNG,3,permuted_features,4.474360466003418,1.0122296810150146,4.428590297698975,0.0027516216225459953,0.0012318907939165764
donor_split3_IFNG,4,random,4.453007698059082,1.007399082183838,4.483026504516602,0.0033464277660473886,0.00983092673941819
donor_split3_IFNG,4,fixed_ridge,4.558821201324463,1.0313371419906616,4.615294456481934,-0.016549642583172035,0.018066794033357335
donor_split3_IFNG,4,adaptive_ridge,4.60940408706665,1.0427805185317993,4.678522109985352,-0.011387985884723225,0.018026062613731453
donor_split3_IFNG,4,controller,5.413546085357666,1.224700689315796,5.6837005615234375,-0.03627985535252755,-0.008951730597230463
donor_split3_IFNG,4,controller_no_feedback,5.555372714996338,1.2567859888076782,5.860983371734619,-0.013545938547650993,0.022040428578605182
donor_split3_IFNG,4,shuffled_feedback,5.413546085357666,1.224700689315796,5.6837005615234375,-0.03627985535252755,-0.008951730597230463
donor_split3_IFNG,4,permuted_features,4.4299163818359375,1.002175211906433,4.454163551330566,-0.014028494866797695,0.0128091502948045
donor_split3_IFNG,5,random,4.38242769241333,0.9914318919181824,4.375453472137451,-0.025005630547178907,-0.005724252091168369
donor_split3_IFNG,5,fixed_ridge,4.749477386474609,1.0744690895080566,4.83426570892334,-0.001577611003137571,0.01011333015295188
donor_split3_IFNG,5,adaptive_ridge,4.894345283508301,1.107242465019226,5.015350341796875,0.022552198955406656,0.02727353548507243
donor_split3_IFNG,5,controller,5.274393558502197,1.1932203769683838,5.490410804748535,-0.026239822956357316,-0.01037793464779915
donor_split3_IFNG,5,controller_no_feedback,5.417407035827637,1.2255741357803345,5.669177532196045,-0.07386384260966024,-0.03909521526120416
donor_split3_IFNG,5,shuffled_feedback,5.423459529876709,1.2269433736801147,5.676743507385254,-0.027172881143684862,-0.012800804170885268
donor_split3_IFNG,5,permuted_features,4.497899055480957,1.0175548791885376,4.519792556762695,0.0037934374049914538,0.003990820656037518
donor_split3_IFNG,6,random,4.389047622680664,0.9929294586181641,4.387991905212402,0.0056196734335302225,0.012227342561571992
donor_split3_IFNG,6,fixed_ridge,4.565779209136963,1.0329113006591797,4.608905792236328,-0.00286886868709174,0.01749448779004367
donor_split3_IFNG,6,adaptive_ridge,4.680305480957031,1.0588204860687256,4.752064228057861,-0.013797298390079222,0.0010838105250393546
donor_split3_IFNG,6,controller,5.453926086425781,1.2338358163833618,5.719089984893799,-0.014156425810475493,0.0007348376930440701
donor_split3_IFNG,6,controller_no_feedback,5.542121887207031,1.2537882328033447,5.829334735870361,-0.005758328667829261,0.009580204249599298
donor_split3_IFNG,6,shuffled_feedback,5.453926086425781,1.2338358163833618,5.719089984893799,-0.014156425810475493,0.0007348376930440701
donor_split3_IFNG,6,permuted_features,4.316195011138916,0.976448118686676,4.2969255447387695,-0.003265394195181095,0.014845178679352474
donor_split3_IFNG,7,random,4.406836032867432,0.9969537258148193,4.466436862945557,-0.02606584275626015,0.018353129880195312
donor_split3_IFNG,7,fixed_ridge,4.7372636795043945,1.0717060565948486,4.8794708251953125,-0.026001861624527455,0.0035863818288285852
donor_split3_IFNG,7,adaptive_ridge,4.783476829528809,1.0821608304977417,4.937237739562988,-0.019250365104906065,0.006143602516346375
donor_split3_IFNG,7,controller,5.307239055633545,1.200650930404663,5.591940879821777,-0.002210647131455898,0.028403046969124286
donor_split3_IFNG,7,controller_no_feedback,5.538768291473389,1.2530295848846436,5.881352424621582,-0.023554720610858598,-0.013396444884066102
donor_split3_IFNG,7,shuffled_feedback,5.455618381500244,1.2342185974121094,5.7774152755737305,-0.0012214273210552496,0.02740551659956223
donor_split3_IFNG,7,permuted_features,4.449470043182373,1.0065988302230835,4.519729137420654,-0.010654910195071903,0.021019926739232093
donor_split3_IFNG,8,random,4.561928749084473,1.0320402383804321,4.556100845336914,-0.007721049664229972,0.0005890291134401316
donor_split3_IFNG,8,fixed_ridge,4.5653581619262695,1.0328160524368286,4.56038761138916,-0.006029835730344951,0.022308111647201635
donor_split3_IFNG,8,adaptive_ridge,4.624902725219727,1.046286702156067,4.634818077087402,0.007209876501226993,0.02477584142939105
donor_split3_IFNG,8,controller,5.443541049957275,1.231486439704895,5.658115386962891,-0.03688147465039151,-0.019382274474984428
donor_split3_IFNG,8,controller_no_feedback,5.4833502769470215,1.240492343902588,5.707878112792969,-0.053188750013044614,-0.03976567876154507
donor_split3_IFNG,8,shuffled_feedback,5.443541049957275,1.231486439704895,5.658115386962891,-0.03688147465039151,-0.019382274474984428
donor_split3_IFNG,8,permuted_features,4.412703037261963,0.9982810020446777,4.369568347930908,-0.02617796065620929,-0.0020029460206668613
donor_split3_IFNG,9,random,4.407378196716309,0.9970763921737671,4.366576194763184,-0.034988077000978765,0.0048126102179094216
donor_split3_IFNG,9,fixed_ridge,4.6319899559021,1.047890067100525,4.647340774536133,-0.004571510600406134,0.018833775456238294
donor_split3_IFNG,9,adaptive_ridge,4.6939544677734375,1.06190824508667,4.724795818328857,-0.01229443254017005,0.0340367188685447
donor_split3_IFNG,9,controller,5.484230041503906,1.2406914234161377,5.712640762329102,-0.03516762667126185,-0.006185479767578869
donor_split3_IFNG,9,controller_no_feedback,5.5187554359436035,1.2485020160675049,5.755796909332275,-0.03432450024420314,-0.023957772504557155
donor_split3_IFNG,9,shuffled_feedback,5.448639392852783,1.2326397895812988,5.668152332305908,-0.028554237515454477,-0.00351054527370553
donor_split3_IFNG,9,permuted_features,4.525681495666504,1.023840069770813,4.514453887939453,-0.01980988931617735,0.015777252522520636
donor_split3_IFNG,10,random,4.3640851974487305,0.9872822761535645,4.37479305267334,-0.023361206188902202,0.00497122952421896
donor_split3_IFNG,10,fixed_ridge,4.609501838684082,1.0428025722503662,4.6815643310546875,-0.00015826505177002486,0.02549380237483915
donor_split3_IFNG,10,adaptive_ridge,4.63035249710083,1.047519564628601,4.707627773284912,-0.022290909922005175,0.01882846741615779
donor_split3_IFNG,10,controller,5.412795066833496,1.224530816078186,5.685680389404297,-0.025618718942029346,-0.001837682073791616
donor_split3_IFNG,10,controller_no_feedback,5.534202575683594,1.251996636390686,5.837440490722656,-0.023489548913985935,-0.02035924518788693
donor_split3_IFNG,10,shuffled_feedback,5.328806400299072,1.205530047416687,5.580695152282715,-0.02861779283662532,-0.002342166328061437
donor_split3_IFNG,10,permuted_features,4.349409103393555,0.9839621186256409,4.356448173522949,-0.007054665912184113,0.022158171080339562
donor_split3_IFNG,11,random,4.5275163650512695,1.0242551565170288,4.569231986999512,-0.014706268921371276,-0.010333313731864188
donor_split3_IFNG,11,fixed_ridge,4.706594467163086,1.0647677183151245,4.793079376220703,-0.008096834007335237,0.008405419376692643
donor_split3_IFNG,11,adaptive_ridge,4.787024974822998,1.082963466644287,4.893617630004883,-0.0020906809821884475,0.033795762077067006
donor_split3_IFNG,11,controller,5.411106109619141,1.2241486310958862,5.673718452453613,-0.01886091230667361,-0.010478405916929246
donor_split3_IFNG,11,controller_no_feedback,5.530817985534668,1.2512309551239014,5.823358535766602,-0.03806939643227977,-0.04994206024753003
donor_split3_IFNG,11,shuffled_feedback,5.273066997528076,1.192920207977295,5.5011701583862305,-0.011217554386461579,0.004028702307910222
donor_split3_IFNG,11,permuted_features,4.389718532562256,0.993081271648407,4.396984100341797,0.0009822367866394025,0.02619841294357448
donor_split3_IFNG,12,random,4.4367146492004395,1.0037131309509277,4.4705305099487305,0.006793880569312202,-0.0126559051063992
donor_split3_IFNG,12,fixed_ridge,4.919051170349121,1.1128315925598145,5.073451042175293,-0.02669227179894239,-0.01570797768267767
donor_split3_IFNG,12,adaptive_ridge,4.717700004577637,1.0672801733016968,4.8217620849609375,-0.02930127765877602,-0.024845022340051252
donor_split3_IFNG,12,controller,5.418827533721924,1.2258955240249634,5.698171615600586,-0.017268907791011978,-0.014654072586975282
donor_split3_IFNG,12,controller_no_feedback,5.562308311462402,1.2583550214767456,5.877523422241211,-0.050769222071547396,-0.042363528112868025
donor_split3_IFNG,12,shuffled_feedback,5.418827533721924,1.2258955240249634,5.698171615600586,-0.017268907791011978,-0.014654072586975282
donor_split3_IFNG,12,permuted_features,4.363421440124512,0.9871320724487305,4.378913402557373,-0.015607748154785089,-0.0175829846956945
donor_split3_IFNG,13,random,4.218993186950684,0.9544582366943359,4.1956377029418945,0.009084928821217681,0.0025984826759056826
donor_split3_IFNG,13,fixed_ridge,4.5661725997924805,1.0330002307891846,4.629611968994141,-0.009026376759017232,0.006199868953216147
donor_split3_IFNG,13,adaptive_ridge,4.683022499084473,1.0594351291656494,4.775673866271973,-0.004251673192465349,0.0053754586039256175
donor_split3_IFNG,13,controller,5.395840644836426,1.2206951379776,5.666695594787598,-0.016071286833843033,-0.005830819168661444
donor_split3_IFNG,13,controller_no_feedback,5.5388922691345215,1.253057599067688,5.845510959625244,0.0011521684121850034,0.0056251649894678915
donor_split3_IFNG,13,shuffled_feedback,5.395840644836426,1.2206951379776,5.666695594787598,-0.016071286833843033,-0.005830819168661444
donor_split3_IFNG,13,permuted_features,4.300176620483398,0.9728242754936218,4.297116756439209,0.003130564993727971,0.009977280061027615
donor_split3_IFNG,14,random,4.531595706939697,1.0251779556274414,4.553535461425781,-0.020902372216448684,0.003136075505285757
donor_split3_IFNG,14,fixed_ridge,4.652963161468506,1.052634835243225,4.705244541168213,0.017524691796059495,-0.014736127909970009
donor_split3_IFNG,14,adaptive_ridge,4.696494102478027,1.0624827146530151,4.7596588134765625,0.003414077910025716,0.0043211937403803535
donor_split3_IFNG,14,controller,5.464317321777344,1.2361866235733032,5.719437599182129,-0.023839743043063334,-0.008757813726111275
donor_split3_IFNG,14,controller_no_feedback,5.612505912780762,1.2697111368179321,5.904673099517822,-0.046341893255688896,-0.021385267832002168
donor_split3_IFNG,14,shuffled_feedback,5.464317321777344,1.2361866235733032,5.719437599182129,-0.023839743043063334,-0.008757813726111275
donor_split3_IFNG,14,permuted_features,4.437016487121582,1.0037814378738403,4.435311317443848,-0.007207114160505193,0.01726788950145552
donor_split3_IFNG,15,random,4.453883171081543,1.0075972080230713,4.444701194763184,0.01602529379130972,0.0077666890154617875
donor_split3_IFNG,15,fixed_ridge,4.881708145141602,1.1043835878372192,4.979482173919678,0.0016554178650514013,0.011404167557005612
donor_split3_IFNG,15,adaptive_ridge,4.894309997558594,1.1072344779968262,4.995234489440918,-0.006244996699640057,0.004525919277083511
donor_split3_IFNG,15,controller,5.415396213531494,1.2251192331314087,5.646591663360596,-0.005466870878778793,-0.007598850429128778
donor_split3_IFNG,15,controller_no_feedback,4.921769142150879,1.1134464740753174,5.029558181762695,0.0030422829966051538,0.01422375412185301
donor_split3_IFNG,15,shuffled_feedback,5.415396213531494,1.2251192331314087,5.646591663360596,-0.005466870878778793,-0.007598850429128778
donor_split3_IFNG,15,permuted_features,4.377005577087402,0.9902052283287048,4.34860372543335,-0.0018081900328778405,-0.008126360780599123
donor_split3_IFNG,16,random,4.390015602111816,0.9931484460830688,4.409031391143799,-0.020344769700030775,-0.010802689349405021
donor_split3_IFNG,16,fixed_ridge,4.6445207595825195,1.0507248640060425,4.727163314819336,-0.01378580545283824,-0.011496967735971867
donor_split3_IFNG,16,adaptive_ridge,4.874301910400391,1.1027079820632935,5.0143890380859375,-0.012333677866465415,0.0002469861715873281
donor_split3_IFNG,16,controller,5.441875457763672,1.231109619140625,5.723855972290039,-0.026657419987822666,-0.02330016039841613
donor_split3_IFNG,16,controller_no_feedback,5.584301948547363,1.2633305788040161,5.901888847351074,-0.04697583031945775,-0.02904416628342984
donor_split3_IFNG,16,shuffled_feedback,5.31936502456665,1.2033941745758057,5.570717811584473,-0.023264637926707642,-0.026850691775369917
donor_split3_IFNG,16,permuted_features,4.365715026855469,0.987650990486145,4.378655433654785,0.012624100636280245,0.03033096183527071
donor_split3_IFNG,17,random,4.493776798248291,1.0166223049163818,4.528537750244141,-0.005121411552908159,0.03032279558179556
donor_split3_IFNG,17,fixed_ridge,4.669206619262695,1.0563095808029175,4.747825622558594,-0.024760859216750218,-0.010594735686369173
donor_split3_IFNG,17,adaptive_ridge,4.560487270355225,1.0317140817642212,4.611927032470703,0.0005555023375742159,0.02095244657889927
donor_split3_IFNG,17,controller,5.422175884246826,1.226652979850769,5.689037799835205,-0.024772874442757088,-0.013551762052851782
donor_split3_IFNG,17,controller_no_feedback,4.758330345153809,1.0764719247817993,4.859230041503906,-0.02887918947455604,-0.008601075476906184
donor_split3_IFNG,17,shuffled_feedback,5.422175884246826,1.226652979850769,5.689037799835205,-0.024772874442757088,-0.013551762052851782
donor_split3_IFNG,17,permuted_features,4.452389717102051,1.0072592496871948,4.476804256439209,0.008642850654016331,0.0136914051175212
donor_split3_IFNG,18,random,4.345387935638428,0.9830523729324341,4.376980781555176,-0.016540492699675974,0.01240802988985738
donor_split3_IFNG,18,fixed_ridge,4.570375919342041,1.0339511632919312,4.658215522766113,-0.011769520136042443,0.01037592244838922
donor_split3_IFNG,18,adaptive_ridge,4.784575939178467,1.082409381866455,4.925966262817383,-0.011748546412017603,0.010119713322664491
donor_split3_IFNG,18,controller,5.210707187652588,1.1788126230239868,5.458629608154297,-0.03397453435584697,-0.01861466661074557
donor_split3_IFNG,18,controller_no_feedback,4.722304821014404,1.068321943283081,4.848127365112305,0.006512900562071744,0.01893934040013938
donor_split3_IFNG,18,shuffled_feedback,5.338863849639893,1.2078053951263428,5.618825435638428,-0.03797815259920351,-0.013449267710059915
donor_split3_IFNG,18,permuted_features,4.362456321716309,0.9869137406349182,4.398315906524658,-0.012823333291541695,0.0009856960894625622
donor_split3_IFNG,19,random,4.497780799865723,1.0175280570983887,4.536677360534668,-0.014366514998971503,-0.0159958441484725
donor_split3_IFNG,19,fixed_ridge,4.871186256408691,1.1020032167434692,5.003434181213379,-0.01343159115144979,-0.011868179701505001
donor_split3_IFNG,19,adaptive_ridge,4.481861114501953,1.01392662525177,4.516777992248535,-0.02022356925433094,-0.015288307171400306
donor_split3_IFNG,19,controller,5.457518577575684,1.2346484661102295,5.736350059509277,-0.011484068155868613,0.0017496800765396607
donor_split3_IFNG,19,controller_no_feedback,5.529794216156006,1.2509993314743042,5.826694011688232,-0.016078494233725253,-0.020740869301553222
donor_split3_IFNG,19,shuffled_feedback,5.457518577575684,1.2346484661102295,5.736350059509277,-0.011484068155868613,0.0017496800765396607
donor_split3_IFNG,19,permuted_features,4.404334545135498,0.9963878393173218,4.419869422912598,0.01915068089182692,0.018136345373482205
donor_split3_TNFA,0,random,4.4381103515625,1.0040289163589478,4.4521307945251465,0.007129354424029841,0.014825917305952655
donor_split3_TNFA,0,fixed_ridge,4.701591968536377,1.063636064529419,4.781482696533203,-0.028955233043552474,-0.012539994934052523
donor_split3_TNFA,0,adaptive_ridge,4.837317943572998,1.0943411588668823,4.951140403747559,-0.022323275326809645,0.00860396468082648
donor_split3_TNFA,0,controller,5.447126388549805,1.2322975397109985,5.713400840759277,-0.020428874499986715,0.0036239568189083567
donor_split3_TNFA,0,controller_no_feedback,5.548792362213135,1.255297303199768,5.84048318862915,-0.024763425703220994,0.012205348455946664
donor_split3_TNFA,0,shuffled_feedback,5.447126388549805,1.2322975397109985,5.713400840759277,-0.020428874499986715,0.0036239568189083567
donor_split3_TNFA,0,permuted_features,4.395899295806885,0.9944795370101929,4.39936637878418,-0.0072819818292123445,0.00761032800455555
donor_split3_TNFA,1,random,4.4864935874938965,1.014974594116211,4.531444072723389,-0.024844632509274198,-0.004564413162557789
donor_split3_TNFA,1,fixed_ridge,4.63771915435791,1.0491862297058105,4.720475673675537,-0.025608736810178567,0.010983047907967397
donor_split3_TNFA,1,adaptive_ridge,4.774212837219238,1.0800650119781494,4.891092300415039,-0.01788791100006559,0.016472008073761212
donor_split3_TNFA,1,controller,5.481482028961182,1.2400697469711304,5.775178909301758,-0.011105246689182656,-0.008580432437507893
donor_split3_TNFA,1,controller_no_feedback,5.555205345153809,1.256748080253601,5.867333889007568,-0.0008158754411355136,0.004190858785973791
donor_split3_TNFA,1,shuffled_feedback,5.481482028961182,1.2400697469711304,5.775178909301758,-0.011105246689182656,-0.008580432437507893
donor_split3_TNFA,1,permuted_features,4.337347507476807,0.9812334179878235,4.3450117111206055,-0.033789076634267154,-0.010263426022529751
donor_split3_TNFA,2,random,4.408789157867432,0.9973955750465393,4.421642303466797,-0.03523045717453609,0.00284424617276784
donor_split3_TNFA,2,fixed_ridge,4.536947727203369,1.0263887643814087,4.581840991973877,-0.0025481974225696714,0.014470626747238573
donor_split3_TNFA,2,adaptive_ridge,4.560518264770508,1.0317211151123047,4.61130428314209,-0.02057020466249106,0.006354987375642235
donor_split3_TNFA,2,controller,5.421120643615723,1.2264142036437988,5.687057018280029,-0.016133455998704454,-0.0010096158426336585
donor_split3_TNFA,2,controller_no_feedback,5.536562442779541,1.252530574798584,5.831358909606934,-0.027728156647997763,-0.0060501090020053635
donor_split3_TNFA,2,shuffled_feedback,5.421120643615723,1.2264142036437988,5.687057018280029,-0.016133455998704454,-0.0010096158426336585
donor_split3_TNFA,2,permuted_features,4.417507171630859,0.9993678331375122,4.432540416717529,-0.03591427204622658,0.013961459946648765
donor_split3_TNFA,3,random,4.501741886138916,1.018424153327942,4.462817192077637,-0.04593245137417865,-0.0020919868693331763
donor_split3_TNFA,3,fixed_ridge,4.798938751220703,1.0856586694717407,4.83431339263916,-0.009126449322309034,0.024880870271885337
donor_split3_TNFA,3,adaptive_ridge,4.84744930267334,1.0966331958770752,4.894951820373535,-0.021752772138516778,0.01113584925583384
donor_split3_TNFA,3,controller,5.426285266876221,1.227582573890686,5.618496417999268,-0.01731764833700896,0.014546295864582972
donor_split3_TNFA,3,controller_no_feedback,5.515328884124756,1.2477269172668457,5.729801177978516,-0.03472642903687014,0.008571735871194263
donor_split3_TNFA,3,shuffled_feedback,5.426285266876221,1.227582573890686,5.618496417999268,-0.01731764833700896,0.014546295864582972
donor_split3_TNFA,3,permuted_features,4.474360466003418,1.0122296810150146,4.428590297698975,-0.034137068163882595,0.015021600647491126
donor_split3_TNFA,4,random,4.453007698059082,1.007399082183838,4.483026504516602,-0.014589668006118186,0.016001690748639066
donor_split3_TNFA,4,fixed_ridge,4.488212585449219,1.0153634548187256,4.527033805847168,-0.0043740119954552,0.017544134541739
donor_split3_TNFA,4,adaptive_ridge,4.671144962310791,1.0567480325698853,4.755699157714844,-0.01412720147274305,0.008699362190453131
donor_split3_TNFA,4,controller,5.413546085357666,1.224700689315796,5.6837005615234375,-0.014234499380595839,0.0006392209117865691
donor_split3_TNFA,4,controller_no_feedback,5.555372714996338,1.2567859888076782,5.860983371734619,-0.01214547876577982,0.003155176659622931
donor_split3_TNFA,4,shuffled_feedback,5.413546085357666,1.224700689315796,5.6837005615234375,-0.014234499380595839,0.0006392209117865691
donor_split3_TNFA,4,permuted_features,4.416024208068848,0.9990323781967163,4.436798095703125,-0.033777974077807665,0.006623870246170208
donor_split3_TNFA,5,random,4.38242769241333,0.9914318919181824,4.375453472137451,-0.01377267026190925,-0.003915947298592714
donor_split3_TNFA,5,fixed_ridge,4.620413780212402,1.0452711582183838,4.672935962677002,-0.016117165466409875,-0.0050537039097488055
donor_split3_TNFA,5,adaptive_ridge,4.665573596954346,1.0554876327514648,4.7293853759765625,-0.018463072954404813,0.0032773272516109396
donor_split3_TNFA,5,controller,5.339465618133545,1.2079415321350098,5.571750640869141,-0.008295086157213522,-0.002421852842291358
donor_split3_TNFA,5,controller_no_feedback,4.70065975189209,1.0634251832962036,4.773243427276611,-0.0174399226461331,-0.002877395766568094
donor_split3_TNFA,5,shuffled_feedback,5.339465618133545,1.2079415321350098,5.571750640869141,-0.008295086157213522,-0.002421852842291358
donor_split3_TNFA,5,permuted_features,4.482336521148682,1.0140341520309448,4.500339508056641,0.004821723966079612,0.0014360362552182898
donor_split3_TNFA,6,random,4.389047622680664,0.9929294586181641,4.387991905212402,-0.048858993109324414,-0.015921599663807885
donor_split3_TNFA,6,fixed_ridge,4.661566734313965,1.0545811653137207,4.728640556335449,-0.023899636236116704,0.01240369303904124
donor_split3_TNFA,6,adaptive_ridge,4.576803684234619,1.0354052782058716,4.622686862945557,-0.015800549387203162,0.014207984762597409
donor_split3_TNFA,6,controller,5.453926086425781,1.2338358163833618,5.719089984893799,-0.0323613693915523,-0.009303155168136032
donor_split3_TNFA,6,controller_no_feedback,5.542121887207031,1.2537882328033447,5.829334735870361,-0.03694184501622126,-0.007428666132088006
donor_split3_TNFA,6,shuffled_feedback,5.453926086425781,1.2338358163833618,5.719089984893799,-0.0323613693915523,-0.009303155168136032
donor_split3_TNFA,6,permuted_features,4.316195011138916,0.976448118686676,4.2969255447387695,-0.026555016340056564,-0.01972772000157382
donor_split3_TNFA,7,random,4.406836032867432,0.9969537258148193,4.466436862945557,-0.03574051940366994,-0.004546416436862368
donor_split3_TNFA,7,fixed_ridge,4.639481544494629,1.0495848655700684,4.757244110107422,-0.03564316579092205,-0.0014397979416138171
donor_split3_TNFA,7,adaptive_ridge,4.596248626708984,1.0398043394088745,4.703202724456787,-0.02939499973152887,-0.011934483899264806
donor_split3_TNFA,7,controller,5.209597587585449,1.1785615682601929,5.469888687133789,-0.021247096658173918,0.008188550263142687
donor_split3_TNFA,7,controller_no_feedback,4.7104010581970215,1.0656288862228394,4.845893859863281,-0.030921523220813613,0.007054712193538731
donor_split3_TNFA,7,shuffled_feedback,5.269915580749512,1.1922073364257812,5.545286655426025,-0.012788923960558257,0.00952116942575119
donor_split3_TNFA,7,permuted_features,4.451887130737305,1.007145643234253,4.5227508544921875,-0.04687904200269433,-0.0016042474483924847
donor_split3_TNFA,8,random,4.561928749084473,1.0320402383804321,4.556100845336914,-0.03758320666061703,-0.011875062613284162
donor_split3_TNFA,8,fixed_ridge,4.661851406097412,1.0546455383300781,4.681004524230957,-0.03682390369514672,-0.008844919544852243
donor_split3_TNFA,8,adaptive_ridge,4.829813480377197,1.0926434993743896,4.890956401824951,-0.04096868823019252,-0.015429117290825833
donor_split3_TNFA,8,controller,5.443541049957275,1.231486439704895,5.658115386962891,-0.026371292508366652,0.00437610759873556
donor_split3_TNFA,8,controller_no_feedback,5.4833502769470215,1.240492343902588,5.707878112792969,-0.005382749048852416,0.009268372372822404
donor_split3_TNFA,8,shuffled_feedback,5.443541049957275,1.231486439704895,5.658115386962891,-0.026371292508366652,0.00437610759873556
donor_split3_TNFA,8,permuted_features,4.374972343444824,0.9897452592849731,4.322404861450195,-0.040774198206004086,0.01800547111737385
donor_split3_TNFA,9,random,4.407378196716309,0.9970763921737671,4.366576194763184,-0.0031282494587669013,-0.0008853428864813405
donor_split3_TNFA,9,fixed_ridge,4.712850093841553,1.0661829710006714,4.748414993286133,-0.010145126633507345,-0.012910362873168352
donor_split3_TNFA,9,adaptive_ridge,4.7011895179748535,1.0635449886322021,4.733839511871338,-0.010154894508465996,0.0029055039224332906
donor_split3_TNFA,9,controller,5.484230041503906,1.2406914234161377,5.712640762329102,-0.011912960484858372,-0.005574307073971943
donor_split3_TNFA,9,controller_no_feedback,5.5187554359436035,1.2485020160675049,5.755796909332275,-0.009056376395257302,0.005434672530488812
donor_split3_TNFA,9,shuffled_feedback,5.484230041503906,1.2406914234161377,5.712640762329102,-0.011912960484858372,-0.005574307073971943
donor_split3_TNFA,9,permuted_features,4.525681495666504,1.023840069770813,4.514453887939453,-0.03587822874477983,0.007527873551289005
donor_split3_TNFA,10,random,4.3640851974487305,0.9872822761535645,4.37479305267334,-0.04421972918969062,-0.010095483979401165
donor_split3_TNFA,10,fixed_ridge,4.57853889465332,1.0357978343963623,4.642860412597656,-0.031691955698443616,0.007341484454713098
donor_split3_TNFA,10,adaptive_ridge,4.753307342529297,1.0753356218338013,4.861321449279785,-0.01841020253697962,-0.0031487029423178255
donor_split3_TNFA,10,controller,5.26706075668335,1.1915614604949951,5.503513336181641,-0.017072676720615687,0.0014336455296278972
donor_split3_TNFA,10,controller_no_feedback,5.534202575683594,1.251996636390686,5.837440490722656,-0.03667927358596048,0.004267603656331406
donor_split3_TNFA,10,shuffled_feedback,5.412795066833496,1.224530816078186,5.685680389404297,-0.026947882334103758,-0.017804222778331127
donor_split3_TNFA,10,permuted_features,4.349409103393555,0.9839621186256409,4.356448173522949,-0.030654251919369397,0.015564530915692782
donor_split3_TNFA,11,random,4.5275163650512695,1.0242551565170288,4.569231986999512,-0.020930479354727628,-0.013759340070445963
donor_split3_TNFA,11,fixed_ridge,4.6784987449646,1.058411717414856,4.757959365844727,-0.015795074652963897,0.019416714387760464
donor_split3_TNFA,11,adaptive_ridge,4.753281593322754,1.0753297805786133,4.851438045501709,-0.004786934697100875,0.015178235679748653
donor_split3_TNFA,11,controller,5.411106109619141,1.2241486310958862,5.673718452453613,-0.015504656919484749,-0.0051258557947408395
donor_split3_TNFA,11,controller_no_feedback,5.530817985534668,1.2512309551239014,5.823358535766602,-0.02474603040146193,-0.013966049829149415
donor_split3_TNFA,11,shuffled_feedback,5.411106109619141,1.2241486310958862,5.673718452453613,-0.015504656919484749,-0.0051258557947408395
donor_split3_TNFA,11,permuted_features,4.389718532562256,0.993081271648407,4.396984100341797,-0.04538552163854605,-0.00935901101698855
donor_split3_TNFA,12,random,4.4367146492004395,1.0037131309509277,4.4705305099487305,-0.027101901929854465,-0.03165730367010435
donor_split3_TNFA,12,fixed_ridge,4.553619861602783,1.0301604270935059,4.61666202545166,-0.014925120163361689,-0.009829745790051919
donor_split3_TNFA,12,adaptive_ridge,4.903611660003662,1.1093387603759766,5.054152011871338,-0.02238140626221079,-0.008372502509781466
donor_split3_TNFA,12,controller,5.418827533721924,1.2258955240249634,5.698171615600586,-0.02180987185057277,-0.0055895963353149005
donor_split3_TNFA,12,controller_no_feedback,5.562308311462402,1.2583550214767456,5.877523422241211,-0.010905618695695282,-0.001449854259875666
donor_split3_TNFA,12,shuffled_feedback,5.418827533721924,1.2258955240249634,5.698171615600586,-0.02180987185057277,-0.0055895963353149005
donor_split3_TNFA,12,permuted_features,4.363421440124512,0.9871320724487305,4.378913402557373,-0.02938848012562232,-0.016696550825803163
donor_split3_TNFA,13,random,4.218993186950684,0.9544582366943359,4.1956377029418945,-0.02353611541944142,-0.002617759055344509
donor_split3_TNFA,13,fixed_ridge,4.7391791343688965,1.0721393823623657,4.845869541168213,-0.01920048987757415,0.020219232701164276
donor_split3_TNFA,13,adaptive_ridge,4.863098621368408,1.1001734733581543,5.000769138336182,-0.011589067771043552,0.023908647350595277
donor_split3_TNFA,13,controller,5.395840644836426,1.2206951379776,5.666695594787598,-0.02249145317612943,0.0030918753776837116
donor_split3_TNFA,13,controller_no_feedback,5.5388922691345215,1.253057599067688,5.845510959625244,-0.021315104046558533,0.017164248228508226
donor_split3_TNFA,13,shuffled_feedback,5.395840644836426,1.2206951379776,5.666695594787598,-0.02249145317612943,0.0030918753776837116
donor_split3_TNFA,13,permuted_features,4.415581703186035,0.9989322423934937,4.441372871398926,-0.026697088543498226,0.02075559789436523
donor_split3_TNFA,14,random,4.531595706939697,1.0251779556274414,4.553535461425781,-0.013012643715126,-0.013679898661114126
donor_split3_TNFA,14,fixed_ridge,4.725131988525391,1.068961501121521,4.7954559326171875,-0.010205832493171202,-0.018312754762582855
donor_split3_TNFA,14,adaptive_ridge,4.901710510253906,1.1089086532592773,5.016179084777832,-0.037770661521595625,-0.006325338438009806
donor_split3_TNFA,14,controller,5.442539215087891,1.2312597036361694,5.6922149658203125,-0.015220664352920918,-0.016691354920356595
donor_split3_TNFA,14,controller_no_feedback,4.8400774002075195,1.0949654579162598,4.9391374588012695,-0.008760046410906393,-0.016332985999158122
donor_split3_TNFA,14,shuffled_feedback,5.442539215087891,1.2312597036361694,5.6922149658203125,-0.015220664352920918,-0.016691354920356595
donor_split3_TNFA,14,permuted_features,4.429174423217773,1.0020073652267456,4.425508499145508,-0.00854021929159022,0.02397925545277474
donor_split3_TNFA,15,random,4.453883171081543,1.0075972080230713,4.444701194763184,-0.023180897780119652,-0.014214785621258788
donor_split3_TNFA,15,fixed_ridge,4.877703666687012,1.1034775972366333,4.974476337432861,-0.024680501460412098,0.0037317161421319455
donor_split3_TNFA,15,adaptive_ridge,4.886757850646973,1.1055259704589844,4.9857940673828125,-0.012684642581373001,-0.0076226836615523015
donor_split3_TNFA,15,controller,5.49530553817749,1.243196964263916,5.746479034423828,-0.012577305215455956,0.004739949380304304
donor_split3_TNFA,15,controller_no_feedback,5.553167819976807,1.2562870979309082,5.818806171417236,0.0009803823124167083,0.012067985234799744
donor_split3_TNFA,15,shuffled_feedback,5.49530553817749,1.243196964263916,5.746479034423828,-0.012577305215455956,0.004739949380304304
donor_split3_TNFA,15,permuted_features,4.377005577087402,0.9902052283287048,4.34860372543335,-0.032810949851025596,-0.005125926776574115
donor_split3_TNFA,16,random,4.390015602111816,0.9931484460830688,4.409031391143799,-0.0385304301380608,-0.023404674910600793
donor_split3_TNFA,16,fixed_ridge,4.459840774536133,1.0089449882507324,4.496313095092773,-0.029714707213699714,-0.012407196200916275
donor_split3_TNFA,16,adaptive_ridge,4.6275739669799805,1.0468910932540894,4.705979347229004,-0.017992968323060358,0.008129925023218135
donor_split3_TNFA,16,controller,5.441875457763672,1.231109619140625,5.723855972290039,-0.0327187125708582,-0.010930519391608334
donor_split3_TNFA,16,controller_no_feedback,5.584301948547363,1.2633305788040161,5.901888847351074,-0.012633823739339429,-0.0012133913395616762
donor_split3_TNFA,16,shuffled_feedback,5.441875457763672,1.231109619140625,5.723855972290039,-0.0327187125708582,-0.010930519391608334
donor_split3_TNFA,16,permuted_features,4.365715026855469,0.987650990486145,4.378655433654785,-0.012085367454160837,0.0025706327741411134
donor_split3_TNFA,17,random,4.493776798248291,1.0166223049163818,4.528537750244141,-0.009773240409457554,0.009649965297338834
donor_split3_TNFA,17,fixed_ridge,4.742020130157471,1.072782039642334,4.838842391967773,0.018479572101035086,0.027621818295022416
donor_split3_TNFA,17,adaptive_ridge,4.845149517059326,1.0961129665374756,4.967754364013672,-0.002399039719390481,0.027899641700681037
donor_split3_TNFA,17,controller,5.427889823913574,1.2279456853866577,5.696179389953613,-0.013884652272576629,-0.00961725801510376
donor_split3_TNFA,17,controller_no_feedback,5.5608978271484375,1.2580358982086182,5.8624396324157715,-0.0045667783104865285,0.0050942713449525475
donor_split3_TNFA,17,shuffled_feedback,5.427889823913574,1.2279456853866577,5.696179389953613,-0.013884652272576629,-0.00961725801510376
donor_split3_TNFA,17,permuted_features,4.39000940322876,0.993147075176239,4.398828506469727,-0.014309291617578851,0.010071417468723243
donor_split3_TNFA,18,random,4.345387935638428,0.9830523729324341,4.376980781555176,-0.009439005083584357,0.028611574938034078
donor_split3_TNFA,18,fixed_ridge,4.786322593688965,1.082804560661316,4.928149223327637,-0.023272136186043114,-3.0990943456193906e-05
donor_split3_TNFA,18,adaptive_ridge,4.923317909240723,1.1137968301773071,5.099392890930176,-0.008836498454744823,0.027610621379243305
donor_split3_TNFA,18,controller,5.293730735778809,1.1975950002670288,5.562409400939941,-0.02269265004048049,-0.006261608632624149
donor_split3_TNFA,18,controller_no_feedback,4.913739204406738,1.111629843711853,5.087420463562012,-0.034587853979616244,-0.004291845505523776
donor_split3_TNFA,18,shuffled_feedback,5.293730735778809,1.1975950002670288,5.562409400939941,-0.02269265004048049,-0.006261608632624149
donor_split3_TNFA,18,permuted_features,4.362456321716309,0.9869137406349182,4.398315906524658,-0.023531927758901634,0.0036403184944150957
donor_split3_TNFA,19,random,4.497780799865723,1.0175280570983887,4.536677360534668,-0.019023755813202547,0.00698251321906518
donor_split3_TNFA,19,fixed_ridge,4.72703742980957,1.0693925619125366,4.823247909545898,-0.02217179360097409,-0.018620318418752658
donor_split3_TNFA,19,adaptive_ridge,4.8130292892456055,1.0888464450836182,4.9307379722595215,0.01291137463360043,0.013049538795142746
donor_split3_TNFA,19,controller,5.465432643890381,1.2364388704299927,5.746241569519043,-0.025716952630581845,-0.01471700862088535
donor_split3_TNFA,19,controller_no_feedback,5.529794216156006,1.2509993314743042,5.826694011688232,-0.020251789284439187,-0.0005561160295110806
donor_split3_TNFA,19,shuffled_feedback,5.457518577575684,1.2346484661102295,5.736350059509277,-0.023377229123024902,-0.006384144101827258
donor_split3_TNFA,19,permuted_features,4.404334545135498,0.9963878393173218,4.419869422912598,-0.041844290937304914,-0.012905090193539632
donor_split3_IL2STAT5,0,random,4.4381103515625,1.0040289163589478,4.4521307945251465,0.014527955608134177,0.01287426531775088
donor_split3_IL2STAT5,0,fixed_ridge,4.643424034118652,1.0504767894744873,4.708772659301758,-0.0018199175282317727,0.004767173137082644
donor_split3_IL2STAT5,0,adaptive_ridge,4.663692951202393,1.055062174797058,4.734108924865723,0.0033316920613661377,0.02145559386437013
donor_split3_IL2STAT5,0,controller,5.447126388549805,1.2322975397109985,5.713400840759277,0.004757608811712989,0.008830574281589962
donor_split3_IL2STAT5,0,controller_no_feedback,5.548792362213135,1.255297303199768,5.84048318862915,0.00687832656962332,0.015219785236305326
donor_split3_IL2STAT5,0,shuffled_feedback,5.447126388549805,1.2322975397109985,5.713400840759277,0.004757608811712989,0.008830574281589962
donor_split3_IL2STAT5,0,permuted_features,4.395899295806885,0.9944795370101929,4.39936637878418,0.019127020650855663,0.01993796879050765
donor_split3_IL2STAT5,1,random,4.4864935874938965,1.014974594116211,4.531444072723389,0.014502842611756387,0.021074714444142852
donor_split3_IL2STAT5,1,fixed_ridge,4.8244123458862305,1.0914216041564941,4.953842639923096,-0.00037674195138802846,0.01404429092361823
donor_split3_IL2STAT5,1,adaptive_ridge,4.796991348266602,1.0852181911468506,4.9195661544799805,0.005701480810432107,0.007680971737509
donor_split3_IL2STAT5,1,controller,5.481482028961182,1.2400697469711304,5.775178909301758,0.01199868183896137,0.006563999662115481
donor_split3_IL2STAT5,1,controller_no_feedback,5.555205345153809,1.256748080253601,5.867333889007568,0.015983894284049373,0.01892002623812495
donor_split3_IL2STAT5,1,shuffled_feedback,5.481482028961182,1.2400697469711304,5.775178909301758,0.01199868183896137,0.006563999662115481
donor_split3_IL2STAT5,1,permuted_features,4.337347507476807,0.9812334179878235,4.3450117111206055,0.0068528428597427775,0.009073371131862363
donor_split3_IL2STAT5,2,random,4.408789157867432,0.9973955750465393,4.421642303466797,-0.004793389097964633,0.005850393128653763
donor_split3_IL2STAT5,2,fixed_ridge,4.734850883483887,1.0711601972579956,4.829219818115234,0.003814021833408108,0.007689333337127464
donor_split3_IL2STAT5,2,adaptive_ridge,4.83621883392334,1.0940924882888794,4.955930233001709,0.004993947229653031,0.015048094072092144
donor_split3_IL2STAT5,2,controller,5.421120643615723,1.2264142036437988,5.687057018280029,0.011955203247282041,0.014002722264410686
donor_split3_IL2STAT5,2,controller_no_feedback,5.536562442779541,1.252530574798584,5.831358909606934,0.010543159018499918,0.01643409019651049
donor_split3_IL2STAT5,2,shuffled_feedback,5.421120643615723,1.2264142036437988,5.687057018280029,0.011955203247282041,0.014002722264410686
donor_split3_IL2STAT5,2,permuted_features,4.417507171630859,0.9993678331375122,4.432540416717529,0.007595423129226504,0.03242737725728985
donor_split3_IL2STAT5,3,random,4.501741886138916,1.018424153327942,4.462817192077637,0.0009151917469670068,0.02496242983471662
donor_split3_IL2STAT5,3,fixed_ridge,4.747278213500977,1.0739716291427612,4.769737243652344,0.01078084014248425,0.019150502267664366
donor_split3_IL2STAT5,3,adaptive_ridge,4.911307334899902,1.1110796928405762,4.97477388381958,0.006472953183758998,0.02508439181907419
donor_split3_IL2STAT5,3,controller,5.426285266876221,1.227582573890686,5.618496417999268,0.00791099451864551,0.015470760977931531
donor_split3_IL2STAT5,3,controller_no_feedback,5.515328884124756,1.2477269172668457,5.729801177978516,0.0019268918560766477,0.013889472088888155
donor_split3_IL2STAT5,3,shuffled_feedback,5.426285266876221,1.227582573890686,5.618496417999268,0.00791099451864551,0.015470760977931531
donor_split3_IL2STAT5,3,permuted_features,4.384186744689941,0.9918298125267029,4.315873622894287,0.0018807428924024218,0.01858876185802631
donor_split3_IL2STAT5,4,random,4.453007698059082,1.007399082183838,4.483026504516602,0.012138939403195366,0.03250576907176246
donor_split3_IL2STAT5,4,fixed_ridge,4.747933864593506,1.0741199254989624,4.851685523986816,-0.001984324544596596,0.007482657368959454
donor_split3_IL2STAT5,4,adaptive_ridge,4.811206817626953,1.088434100151062,4.930776119232178,0.008797541248936435,0.014691919349100796
donor_split3_IL2STAT5,4,controller,5.438373565673828,1.2303173542022705,5.71473503112793,0.005040447474754143,0.01865732708395061
donor_split3_IL2STAT5,4,controller_no_feedback,4.838287353515625,1.0945605039596558,4.964627265930176,-0.0004368424772976484,0.004319036289068585
donor_split3_IL2STAT5,4,shuffled_feedback,5.438373565673828,1.2303173542022705,5.71473503112793,0.005040447474754143,0.01865732708395061
donor_split3_IL2STAT5,4,permuted_features,4.445242881774902,1.0056425333023071,4.473320960998535,0.0003282408894760752,0.021645185431290587
donor_split3_IL2STAT5,5,random,4.38242769241333,0.9914318919181824,4.375453472137451,0.001937166124758779,0.00720496519555972
donor_split3_IL2STAT5,5,fixed_ridge,4.533530235290527,1.0256155729293823,4.5643310546875,0.0021323577824880905,0.025205007685021225
donor_split3_IL2STAT5,5,adaptive_ridge,4.715212821960449,1.066717505455017,4.791434288024902,-0.005904720098798751,0.004920043359485858
donor_split3_IL2STAT5,5,controller,5.423459529876709,1.2269433736801147,5.676743507385254,0.01448896762444136,0.020321461156370905
donor_split3_IL2STAT5,5,controller_no_feedback,5.417407035827637,1.2255741357803345,5.669177532196045,0.012938645280575844,0.015889850175426812
donor_split3_IL2STAT5,5,shuffled_feedback,5.377161026000977,1.2164692878723145,5.618869781494141,0.01646147524593053,0.01745144964905713
donor_split3_IL2STAT5,5,permuted_features,4.44622278213501,1.005864143371582,4.455196857452393,0.008031848785452978,0.01636998989296707
donor_split3_IL2STAT5,6,random,4.389047622680664,0.9929294586181641,4.387991905212402,0.006879820017339037,0.0002738239869802636
donor_split3_IL2STAT5,6,fixed_ridge,4.821948528289795,1.0908641815185547,4.9291181564331055,0.005041500407458763,0.011462953433915605
donor_split3_IL2STAT5,6,adaptive_ridge,4.63091516494751,1.0476468801498413,4.690325736999512,0.0065866057891211995,0.019644262363226264
donor_split3_IL2STAT5,6,controller,5.374838352203369,1.2159438133239746,5.620230197906494,-0.008987465614463416,0.009260563227866236
donor_split3_IL2STAT5,6,controller_no_feedback,5.542121887207031,1.2537882328033447,5.829334735870361,0.011952922397509471,0.014120723344334212
donor_split3_IL2STAT5,6,shuffled_feedback,5.453926086425781,1.2338358163833618,5.719089984893799,-0.0022266594554513084,0.0026527168869779835
donor_split3_IL2STAT5,6,permuted_features,4.316195011138916,0.976448118686676,4.2969255447387695,-0.0003351572585178198,0.007006788279941621
donor_split3_IL2STAT5,7,random,4.406836032867432,0.9969537258148193,4.466436862945557,0.0035792680560108674,0.011981235168566761
donor_split3_IL2STAT5,7,fixed_ridge,4.6122636795043945,1.0434274673461914,4.723221778869629,0.011997640847736307,0.022440634013710596
donor_split3_IL2STAT5,7,adaptive_ridge,4.722548007965088,1.068376898765564,4.861076354980469,0.0011661024620010494,0.02779003961880539
donor_split3_IL2STAT5,7,controller,5.351345062255859,1.2106289863586426,5.647073745727539,0.009231280738714582,0.02436565368788325
donor_split3_IL2STAT5,7,controller_no_feedback,5.538768291473389,1.2530295848846436,5.881352424621582,0.007218621027410303,0.01904358570673959
donor_split3_IL2STAT5,7,shuffled_feedback,5.340390205383301,1.2081506252288818,5.633378982543945,0.00668049878756854,0.01699666616034489
donor_split3_IL2STAT5,7,permuted_features,4.449470043182373,1.0065988302230835,4.519729137420654,0.002804842325357998,0.023910030418890386
donor_split3_IL2STAT5,8,random,4.561928749084473,1.0320402383804321,4.556100845336914,0.0069910914938583705,0.0046092289275529875
donor_split3_IL2STAT5,8,fixed_ridge,4.874110221862793,1.1026647090911865,4.946328639984131,0.001778080511357845,0.00947685554114459
donor_split3_IL2STAT5,8,adaptive_ridge,4.7905073165893555,1.0837513208389282,4.841824531555176,0.003150155842908616,0.01465197666702622
donor_split3_IL2STAT5,8,controller,5.443541049957275,1.231486439704895,5.658115386962891,0.0008670984792559025,0.016506661853426207
donor_split3_IL2STAT5,8,controller_no_feedback,5.4833502769470215,1.240492343902588,5.707878112792969,0.004629198854114805,0.017946552964782377
donor_split3_IL2STAT5,8,shuffled_feedback,5.443541049957275,1.231486439704895,5.658115386962891,0.0008670984792559025,0.016506661853426207
donor_split3_IL2STAT5,8,permuted_features,4.374972343444824,0.9897452592849731,4.322404861450195,0.007994819092759998,0.023620776527911835
donor_split3_IL2STAT5,9,random,4.407378196716309,0.9970763921737671,4.366576194763184,0.006307099187599136,0.022563924205446707
donor_split3_IL2STAT5,9,fixed_ridge,4.8109564781188965,1.0883774757385254,4.8710479736328125,0.0059132195740458264,0.014445548000454755
donor_split3_IL2STAT5,9,adaptive_ridge,5.002559661865234,1.1317236423492432,5.110552787780762,-0.0026093954734754603,0.011705759285304127
donor_split3_IL2STAT5,9,controller,5.484230041503906,1.2406914234161377,5.712640762329102,0.009682718494206896,0.00046416499551363635
donor_split3_IL2STAT5,9,controller_no_feedback,5.5187554359436035,1.2485020160675049,5.755796909332275,0.007897838822007995,0.006690762337918629
donor_split3_IL2STAT5,9,shuffled_feedback,5.484230041503906,1.2406914234161377,5.712640762329102,0.009682718494206896,0.00046416499551363635
donor_split3_IL2STAT5,9,permuted_features,4.525681495666504,1.023840069770813,4.514453887939453,0.0004178134760035888,0.015145475304297783
donor_split3_IL2STAT5,10,random,4.3640851974487305,0.9872822761535645,4.37479305267334,0.005274622402457111,0.014371734079597537
donor_split3_IL2STAT5,10,fixed_ridge,4.399544715881348,0.9953042268753052,4.4191179275512695,-0.0006482464830074991,0.002182767001577024
donor_split3_IL2STAT5,10,adaptive_ridge,4.6374101638793945,1.0491162538528442,4.71644926071167,-0.0043135184456158104,0.012923381621263852
donor_split3_IL2STAT5,10,controller,5.23966121673584,1.1853628158569336,5.469264030456543,0.001668440489355058,0.007583146443467255
donor_split3_IL2STAT5,10,controller_no_feedback,5.534202575683594,1.251996636390686,5.837440490722656,0.009509018813204744,0.014615078559268798
donor_split3_IL2STAT5,10,shuffled_feedback,5.412795066833496,1.224530816078186,5.685680389404297,0.007842635451482668,0.00595996502935177
donor_split3_IL2STAT5,10,permuted_features,4.349409103393555,0.9839621186256409,4.356448173522949,0.016164445676512137,0.024296549582034678
donor_split3_IL2STAT5,11,random,4.5275163650512695,1.0242551565170288,4.569231986999512,0.0025469678895674143,0.010970085018580373
donor_split3_IL2STAT5,11,fixed_ridge,4.578067779541016,1.035691261291504,4.632420539855957,0.0023285600512898954,0.008024920167368128
donor_split3_IL2STAT5,11,adaptive_ridge,4.530877113342285,1.0250154733657837,4.573432445526123,0.008258471158321817,0.011700787575449505
donor_split3_IL2STAT5,11,controller,5.411106109619141,1.2241486310958862,5.673718452453613,0.01752354694212854,0.011949596834328488
donor_split3_IL2STAT5,11,controller_no_feedback,5.530817985534668,1.2512309551239014,5.823358535766602,0.009545455724850592,-0.0002606191967504931
donor_split3_IL2STAT5,11,shuffled_feedback,5.411106109619141,1.2241486310958862,5.673718452453613,0.01752354694212854,0.011949596834328488
donor_split3_IL2STAT5,11,permuted_features,4.471144199371338,1.0115021467208862,4.49876594543457,0.007848405324345598,0.02237602689112963
donor_split3_IL2STAT5,12,random,4.4367146492004395,1.0037131309509277,4.4705305099487305,0.015797498276952135,-0.0028146064830394434
donor_split3_IL2STAT5,12,fixed_ridge,4.5200514793396,1.022566318511963,4.574702262878418,-0.001754727219702994,0.003978422609917079
donor_split3_IL2STAT5,12,adaptive_ridge,4.740992069244385,1.0725494623184204,4.85087776184082,-0.0015355717073494654,0.013363972831467629
donor_split3_IL2STAT5,12,controller,5.418827533721924,1.2258955240249634,5.698171615600586,0.015686734765759658,0.006127040362796059
donor_split3_IL2STAT5,12,controller_no_feedback,5.562308311462402,1.2583550214767456,5.877523422241211,0.017557313341959976,0.01845973329753737
donor_split3_IL2STAT5,12,shuffled_feedback,5.418827533721924,1.2258955240249634,5.698171615600586,0.015686734765759658,0.006127040362796059
donor_split3_IL2STAT5,12,permuted_features,4.363421440124512,0.9871320724487305,4.378913402557373,0.012884689419674383,0.005464763076885399
donor_split3_IL2STAT5,13,random,4.218993186950684,0.9544582366943359,4.1956377029418945,0.017020896123764166,0.02593065553513297
donor_split3_IL2STAT5,13,fixed_ridge,4.713462829589844,1.066321611404419,4.813724517822266,0.01580105942635313,0.023697501169946147
donor_split3_IL2STAT5,13,adaptive_ridge,4.850665092468262,1.0973607301712036,4.985227108001709,0.019974626418721223,0.02992735327470152
donor_split3_IL2STAT5,13,controller,5.395840644836426,1.2206951379776,5.666695594787598,0.016469991076215818,0.023780322192576524
donor_split3_IL2STAT5,13,controller_no_feedback,5.5388922691345215,1.253057599067688,5.845510959625244,0.02068013863677481,0.03639432928219176
donor_split3_IL2STAT5,13,shuffled_feedback,5.395840644836426,1.2206951379776,5.666695594787598,0.016469991076215818,0.023780322192576524
donor_split3_IL2STAT5,13,permuted_features,4.300176620483398,0.9728242754936218,4.297116756439209,0.020263311082919615,0.03299873668936699
donor_split3_IL2STAT5,14,random,4.531595706939697,1.0251779556274414,4.553535461425781,0.01082493281056729,0.016575776960333025
donor_split3_IL2STAT5,14,fixed_ridge,4.751071453094482,1.0748296976089478,4.827879905700684,-0.001756260473563711,0.022398064207949604
donor_split3_IL2STAT5,14,adaptive_ridge,4.779065132141113,1.081162691116333,4.862872123718262,-0.002655500801005287,0.006893328088604808
donor_split3_IL2STAT5,14,controller,5.463250637054443,1.235945224761963,5.718104362487793,0.005427119551174688,0.004363575611302478
donor_split3_IL2STAT5,14,controller_no_feedback,4.807065486907959,1.0874972343444824,4.8978729248046875,-0.006361679906807946,0.01971672736862754
donor_split3_IL2STAT5,14,shuffled_feedback,5.463250637054443,1.235945224761963,5.718104362487793,0.005427119551174688,0.004363575611302478
donor_split3_IL2STAT5,14,permuted_features,4.437016487121582,1.0037814378738403,4.435311317443848,0.008611584843506968,0.02676697444003499
donor_split3_IL2STAT5,15,random,4.453883171081543,1.0075972080230713,4.444701194763184,0.012375481908085541,0.010051234333407473
donor_split3_IL2STAT5,15,fixed_ridge,4.76462459564209,1.0778958797454834,4.833127975463867,0.015099851195039881,0.013932939118295153
donor_split3_IL2STAT5,15,adaptive_ridge,4.797123908996582,1.0852481126785278,4.873751640319824,0.0011488039997287216,-0.0018269208934096365
donor_split3_IL2STAT5,15,controller,5.36750602722168,1.2142850160598755,5.586728572845459,0.007691954379133628,0.003375515442628757
donor_split3_IL2STAT5,15,controller_no_feedback,4.84371280670166,1.0957878828048706,4.931987285614014,0.017792205608162283,0.01516883840088486
donor_split3_IL2STAT5,15,shuffled_feedback,5.36750602722168,1.2142850160598755,5.586728572845459,0.007691954379133628,0.003375515442628757
donor_split3_IL2STAT5,15,permuted_features,4.391861915588379,0.9935661554336548,4.367173671722412,0.012509721456634381,0.012086892582493191
donor_split3_IL2STAT5,16,random,4.390015602111816,0.9931484460830688,4.409031391143799,0.011695609218433056,-0.002213142711227901
donor_split3_IL2STAT5,16,fixed_ridge,4.587918758392334,1.0379198789596558,4.656410217285156,0.01472256907357101,0.012846260581810598
donor_split3_IL2STAT5,16,adaptive_ridge,4.7599873542785645,1.076846718788147,4.871496200561523,0.01589648940782503,0.012147237339266323
donor_split3_IL2STAT5,16,controller,5.441875457763672,1.231109619140625,5.723855972290039,0.014671325591990008,0.004425074574915548
donor_split3_IL2STAT5,16,controller_no_feedback,5.584301948547363,1.2633305788040161,5.901888847351074,0.013708892063845119,0.014688028420195445
donor_split3_IL2STAT5,16,shuffled_feedback,5.441875457763672,1.231109619140625,5.723855972290039,0.014671325591990008,0.004425074574915548
donor_split3_IL2STAT5,16,permuted_features,4.365715026855469,0.987650990486145,4.378655433654785,0.008412443858655503,0.010984543532968228
donor_split3_IL2STAT5,17,random,4.493776798248291,1.0166223049163818,4.528537750244141,0.007432964402643067,0.0255001261641691
donor_split3_IL2STAT5,17,fixed_ridge,4.68887186050415,1.060758352279663,4.772407054901123,0.01293204784631739,0.005761642014411416
donor_split3_IL2STAT5,17,adaptive_ridge,4.733328342437744,1.0708156824111938,4.827978134155273,0.019526082090713076,0.01587095402742087
donor_split3_IL2STAT5,17,controller,5.391271114349365,1.2196614742279053,5.650406360626221,0.008623179248135392,0.01118874989273282
donor_split3_IL2STAT5,17,controller_no_feedback,4.750967979431152,1.0748063325881958,4.850028038024902,0.01777624347169176,0.003319221158642556
donor_split3_IL2STAT5,17,shuffled_feedback,5.391271114349365,1.2196614742279053,5.650406360626221,0.008623179248135392,0.01118874989273282
donor_split3_IL2STAT5,17,permuted_features,4.452389717102051,1.0072592496871948,4.476804256439209,0.007867412837388076,0.010754491685753593
donor_split3_IL2STAT5,18,random,4.345387935638428,0.9830523729324341,4.376980781555176,0.005267190096821854,0.014937029579371347
donor_split3_IL2STAT5,18,fixed_ridge,4.478382110595703,1.0131394863128662,4.5432233810424805,-0.002335350504224956,0.002308942631135532
donor_split3_IL2STAT5,18,adaptive_ridge,4.8119988441467285,1.0886132717132568,4.960244178771973,0.007438812604360976,0.008595422800903927
donor_split3_IL2STAT5,18,controller,5.428610801696777,1.2281087636947632,5.731009483337402,0.005269331861737834,0.01763093538122235
donor_split3_IL2STAT5,18,controller_no_feedback,5.546605110168457,1.2548024654388428,5.878502368927002,0.009327825933046695,0.02106004293124004
donor_split3_IL2STAT5,18,shuffled_feedback,5.428610801696777,1.2281087636947632,5.731009483337402,0.005269331861737834,0.01763093538122235
donor_split3_IL2STAT5,18,permuted_features,4.380446434020996,0.9909836649894714,4.420803546905518,0.006055053569810681,0.011809342070742333
donor_split3_IL2STAT5,19,random,4.497780799865723,1.0175280570983887,4.536677360534668,0.013774067430688342,0.012040564162691036
donor_split3_IL2STAT5,19,fixed_ridge,4.755687713623047,1.0758740901947021,4.859060764312744,-0.00012520338129910386,0.012332118964329985
donor_split3_IL2STAT5,19,adaptive_ridge,4.864222526550293,1.1004277467727661,4.994729518890381,0.009437820874484379,0.00993949080062322
donor_split3_IL2STAT5,19,controller,5.457518577575684,1.2346484661102295,5.736350059509277,0.009880904913416429,0.01383221663876917
donor_split3_IL2STAT5,19,controller_no_feedback,5.529794216156006,1.2509993314743042,5.826694011688232,0.010904208710498749,0.013954096880443054
donor_split3_IL2STAT5,19,shuffled_feedback,5.457518577575684,1.2346484661102295,5.736350059509277,0.009880904913416429,0.01383221663876917
donor_split3_IL2STAT5,19,permuted_features,4.404334545135498,0.9963878393173218,4.419869422912598,-0.0025231515788697347,0.019192837328141782
