task,study,seed,policy,budget,initial,precision_a,precision_b,mean_a,mean_b,scaled_a,scaled_b,selected_norm,precision_c
Frangieh_Coculture_IFNG,Frangieh,0,random,41,10,0.21951219512195122,0.17073170731707318,-0.006109823181840304,0.013918298752250688,-0.07559544942456392,0.2033374230549397,4.718402931852358,
Frangieh_Coculture_IFNG,Frangieh,0,fixed_ridge,41,10,0.34146341463414637,0.21951219512195122,0.027677988593173195,0.032790508968871306,0.34245344334803857,0.47904831711648604,4.6348139641518555,
Frangieh_Coculture_IFNG,Frangieh,0,greedy_ridge,41,10,0.2926829268292683,0.2682926829268293,0.024620340032814495,0.03463329166304098,0.3046218547368171,0.5059701910432192,4.549094458712549,
Frangieh_Coculture_IFNG,Frangieh,0,linear_ucb,41,10,0.2682926829268293,0.24390243902439024,0.023252863852156417,0.031471104980322726,0.28770238368543116,0.459772670589895,4.636518863683323,
Frangieh_Coculture_IFNG,Frangieh,0,diversity,41,10,0.24390243902439024,0.14634146341463414,-0.00205032504756481,0.008616829087433912,-0.02536820441838335,0.12588634952675726,5.040106280683174,
Frangieh_Coculture_IFNG,Frangieh,0,extra_trees,41,10,0.24390243902439024,0.21951219512195122,0.017847077799729855,0.027468634859250805,0.2208178251697562,0.40129914772909625,4.573219924624363,
Frangieh_Coculture_IFNG,Frangieh,0,gated_random,41,10,0.21951219512195122,0.17073170731707318,-0.006109823181840304,0.013918298752250688,-0.07559544942456392,0.2033374230549397,4.718402931852358,
Frangieh_Coculture_IFNG,Frangieh,0,old_controller,41,10,0.24390243902439024,0.14634146341463414,-0.00205032504756481,0.008616829087433912,-0.02536820441838335,0.12588634952675726,5.040106280683174,
Frangieh_Coculture_IFNG,Frangieh,1,random,41,10,0.3902439024390244,0.36585365853658536,0.01903690413876698,0.03523021891010124,0.2355392752280872,0.5146909154887183,4.6354112883697045,
Frangieh_Coculture_IFNG,Frangieh,1,fixed_ridge,41,10,0.43902439024390244,0.2926829268292683,0.02786241191662697,0.0368868428034203,0.344735271087718,0.5388931286639649,4.609786668422176,
Frangieh_Coculture_IFNG,Frangieh,1,greedy_ridge,41,10,0.3902439024390244,0.24390243902439024,0.02952782260857748,0.03737581842382546,0.3653410179297325,0.5460367490416922,4.697657300972665,
Frangieh_Coculture_IFNG,Frangieh,1,linear_ucb,41,10,0.4146341463414634,0.21951219512195122,0.025489728905216762,0.033431506563440336,0.3153786050678747,0.4884128810897234,4.636778844611953,
Frangieh_Coculture_IFNG,Frangieh,1,diversity,41,10,0.36585365853658536,0.2926829268292683,0.02521947631092481,0.03557802680330755,0.3120348313258823,0.5197721658614554,5.063519274427017,
Frangieh_Coculture_IFNG,Frangieh,1,extra_trees,41,10,0.3902439024390244,0.2926829268292683,0.030142306354746764,0.03668913327540998,0.37294388524245975,0.5360047191927624,4.583239407708543,
Frangieh_Coculture_IFNG,Frangieh,1,gated_random,41,10,0.3902439024390244,0.36585365853658536,0.01903690413876698,0.03523021891010124,0.2355392752280872,0.5146909154887183,4.6354112883697045,
Frangieh_Coculture_IFNG,Frangieh,1,old_controller,41,10,0.36585365853658536,0.2926829268292683,0.02521947631092481,0.03557802680330755,0.3120348313258823,0.5197721658614554,5.063519274427017,
Frangieh_Coculture_IFNG,Frangieh,2,random,41,10,0.43902439024390244,0.2926829268292683,0.016363099184242856,0.032977228670982246,0.20245689605029973,0.48177617227584485,4.729901307291693,
Frangieh_Coculture_IFNG,Frangieh,2,fixed_ridge,41,10,0.24390243902439024,0.24390243902439024,0.006940766004683328,0.032356497783354574,0.08587651554864345,0.47270769189993644,4.651539254296899,
Frangieh_Coculture_IFNG,Frangieh,2,greedy_ridge,41,10,0.2926829268292683,0.2682926829268293,0.009319195474246124,0.03314031664010688,0.11530428118523765,0.48415878296436055,4.579797527972058,
Frangieh_Coculture_IFNG,Frangieh,2,linear_ucb,41,10,0.3170731707317073,0.2682926829268293,0.008220877805816368,0.032975468281609674,0.1017150470478795,0.481750454115532,4.656785189613129,
Frangieh_Coculture_IFNG,Frangieh,2,diversity,41,10,0.36585365853658536,0.21951219512195122,0.013333529158178405,0.025437422353825123,0.16497271674307667,0.37162443504458537,5.133114823376215,
Frangieh_Coculture_IFNG,Frangieh,2,extra_trees,41,10,0.24390243902439024,0.1951219512195122,0.007363413209313755,0.02807979554411001,0.09110583306425268,0.4102278135771165,4.762756632173348,
Frangieh_Coculture_IFNG,Frangieh,2,gated_random,41,10,0.43902439024390244,0.2926829268292683,0.016363099184242856,0.032977228670982246,0.20245689605029973,0.48177617227584485,4.729901307291693,
Frangieh_Coculture_IFNG,Frangieh,2,old_controller,41,10,0.36585365853658536,0.21951219512195122,0.013333529158178405,0.025437422353825123,0.16497271674307667,0.37162443504458537,5.133114823376215,
Frangieh_Coculture_IFNG,Frangieh,3,random,41,10,0.3170731707317073,0.14634146341463414,0.00867526739267225,0.018230067301051287,0.10733710582272377,0.2663295976826524,4.792905890595219,
Frangieh_Coculture_IFNG,Frangieh,3,fixed_ridge,41,10,0.3902439024390244,0.17073170731707318,0.0137384891174607,0.016486279888660183,0.16998319400400413,0.24085398136611724,4.484471670379955,
Frangieh_Coculture_IFNG,Frangieh,3,greedy_ridge,41,10,0.4878048780487805,0.24390243902439024,0.012143488623735809,0.019904414520851992,0.1502486164938221,0.29079073729703403,4.653961190201376,
Frangieh_Coculture_IFNG,Frangieh,3,linear_ucb,41,10,0.3902439024390244,0.17073170731707318,0.008881129521886664,0.013560801391176457,0.10988419101885769,0.19811461576766112,4.826568158669495,
Frangieh_Coculture_IFNG,Frangieh,3,diversity,41,10,0.34146341463414637,0.17073170731707318,0.0011611867311734274,0.014050846194154483,0.014367098718960915,0.20527385621742544,5.1138774699493785,
Frangieh_Coculture_IFNG,Frangieh,3,extra_trees,41,10,0.34146341463414637,0.24390243902439024,0.02273590191978859,0.030142479046455603,0.2813061315436522,0.44036229735352395,4.602955023286329,
Frangieh_Coculture_IFNG,Frangieh,3,gated_random,41,10,0.21951219512195122,0.1951219512195122,-0.0038129093963399797,0.014222052589701705,-0.04717625876443855,0.20777507191201364,4.73630860234626,
Frangieh_Coculture_IFNG,Frangieh,3,old_controller,41,10,0.36585365853658536,0.14634146341463414,0.01455880964879659,0.022314296096953314,0.1801328329367392,0.32599756237490357,5.066338529565322,
Frangieh_Coculture_IFNG,Frangieh,4,random,41,10,0.2682926829268293,0.24390243902439024,0.0035687913730753896,0.027245535217145362,0.0441558421120921,0.39803980496618396,4.539182506642599,
Frangieh_Coculture_IFNG,Frangieh,4,fixed_ridge,41,10,0.34146341463414637,0.2926829268292683,0.032048019620465794,0.051341202552468046,0.39652284104998137,0.7500620592637006,4.523140644188032,
Frangieh_Coculture_IFNG,Frangieh,4,greedy_ridge,41,10,0.36585365853658536,0.34146341463414637,0.02647034142723976,0.043498372477620895,0.32751150026098164,0.6354833391726895,4.599160803763321,
Frangieh_Coculture_IFNG,Frangieh,4,linear_ucb,41,10,0.36585365853658536,0.4146341463414634,0.02218462417341013,0.04767692038488435,0.27448529765780344,0.6965292456227984,4.69729211325994,
Frangieh_Coculture_IFNG,Frangieh,4,diversity,41,10,0.2682926829268293,0.1951219512195122,-0.005012889905121986,0.012719353392049007,-0.06202334405026338,0.18582159987377228,5.199793671672882,
Frangieh_Coculture_IFNG,Frangieh,4,extra_trees,41,10,0.3170731707317073,0.24390243902439024,0.021107326659730485,0.031124631013879182,0.26115614110338276,0.45471090803210673,4.608170995226772,
Frangieh_Coculture_IFNG,Frangieh,4,gated_random,41,10,0.2682926829268293,0.24390243902439024,0.0035687913730753896,0.027245535217145362,0.0441558421120921,0.39803980496618396,4.539182506642599,
Frangieh_Coculture_IFNG,Frangieh,4,old_controller,41,10,0.2682926829268293,0.1951219512195122,-0.005012889905121986,0.012719353392049007,-0.06202334405026338,0.18582159987377228,5.199793671672882,
Frangieh_Coculture_IFNG,Frangieh,5,random,41,10,0.36585365853658536,0.2926829268292683,0.013796516692863386,0.03162597782234463,0.1707011559664095,0.46203526353738694,4.580370518920114,
Frangieh_Coculture_IFNG,Frangieh,5,fixed_ridge,41,10,0.2926829268292683,0.2682926829268293,0.022120777133558343,0.03535043793851096,0.2736953327883831,0.5164472384326448,4.55131100089896,
Frangieh_Coculture_IFNG,Frangieh,5,greedy_ridge,41,10,0.34146341463414637,0.21951219512195122,0.0009683292435038866,0.014365214599012901,0.011980916988104355,0.20986657710031825,4.735739598678759,
Frangieh_Coculture_IFNG,Frangieh,5,linear_ucb,41,10,0.2682926829268293,0.2682926829268293,0.0007077465763941456,0.0207898150193561,0.008756787050766459,0.30372587103299237,4.803762534341114,
Frangieh_Coculture_IFNG,Frangieh,5,diversity,41,10,0.24390243902439024,0.24390243902439024,0.008330305891319402,0.026623052848856806,0.10306897580442,0.3889457365805299,5.094427895779004,
Frangieh_Coculture_IFNG,Frangieh,5,extra_trees,41,10,0.34146341463414637,0.2682926829268293,-0.0018200361188600203,0.019757135277688645,-0.02251889200052442,0.2886390819613218,4.695359860019952,
Frangieh_Coculture_IFNG,Frangieh,5,gated_random,41,10,0.3170731707317073,0.3170731707317073,0.010718992384787664,0.03381622123051358,0.13262364925959017,0.4940333157711864,4.748578799773279,
Frangieh_Coculture_IFNG,Frangieh,5,old_controller,41,10,0.2926829268292683,0.21951219512195122,0.0020853329787544807,0.019011183659881296,0.025801349570533275,0.2777412069847496,4.810826569114121,
Frangieh_Coculture_IFNG,Frangieh,6,random,41,10,0.2682926829268293,0.17073170731707318,0.008793989945224689,0.019137949381236162,0.1088060329012861,0.279593172916134,4.589931392891614,
Frangieh_Coculture_IFNG,Frangieh,6,fixed_ridge,41,10,0.24390243902439024,0.21951219512195122,0.020051269263039684,0.04342391976346325,0.24808978367453655,0.6343956327434959,4.709633237315856,
Frangieh_Coculture_IFNG,Frangieh,6,greedy_ridge,41,10,0.3170731707317073,0.2926829268292683,0.007003845529757256,0.027053276597980562,0.08665698413268116,0.39523102977914826,4.796438241657412,
Frangieh_Coculture_IFNG,Frangieh,6,linear_ucb,41,10,0.2926829268292683,0.21951219512195122,0.003264827853146766,0.02158897731094265,0.04039497077198966,0.31540111984510827,4.9014563447873645,
Frangieh_Coculture_IFNG,Frangieh,6,diversity,41,10,0.2682926829268293,0.2682926829268293,0.010884655027293695,0.0239503324596899,0.1346733553706158,0.34989900492507436,5.0720250057350755,
Frangieh_Coculture_IFNG,Frangieh,6,extra_trees,41,10,0.2682926829268293,0.24390243902439024,0.009186095658476438,0.034364172491379574,0.11365746750635057,0.5020385324522969,4.656229148479754,
Frangieh_Coculture_IFNG,Frangieh,6,gated_random,41,10,0.2682926829268293,0.17073170731707318,0.008793989945224689,0.019137949381236162,0.1088060329012861,0.279593172916134,4.589931392891614,
Frangieh_Coculture_IFNG,Frangieh,6,old_controller,41,10,0.2682926829268293,0.2682926829268293,0.010884655027293695,0.0239503324596899,0.1346733553706158,0.34989900492507436,5.0720250057350755,
Frangieh_Coculture_IFNG,Frangieh,7,random,41,10,0.2682926829268293,0.2926829268292683,-0.003625666953418607,0.023021336185025765,-0.044859550702237155,0.3363269648445798,4.7091533644770935,
Frangieh_Coculture_IFNG,Frangieh,7,fixed_ridge,41,10,0.2926829268292683,0.24390243902439024,-0.0021705048094787225,0.01939855430728793,-0.026855161216187577,0.2834004438363836,4.942831877591065,
Frangieh_Coculture_IFNG,Frangieh,7,greedy_ridge,41,10,0.24390243902439024,0.2682926829268293,-0.004537569293056594,0.022305599459972153,-0.05614231047196935,0.3258705100832068,4.86166934561727,
Frangieh_Coculture_IFNG,Frangieh,7,linear_ucb,41,10,0.21951219512195122,0.2926829268292683,0.0006346680003320778,0.03156253646618367,0.007852602488250983,0.4611084259901764,4.900207403133657,
Frangieh_Coculture_IFNG,Frangieh,7,diversity,41,10,0.2682926829268293,0.1951219512195122,-0.006143062304499028,0.01641543770429234,-0.07600670951198066,0.23981902246278067,5.053898666025312,
Frangieh_Coculture_IFNG,Frangieh,7,extra_trees,41,10,0.24390243902439024,0.21951219512195122,0.0022952359956839715,0.02753348180010009,0.02839843174919909,0.4022465199676148,4.747766219041161,
Frangieh_Coculture_IFNG,Frangieh,7,gated_random,41,10,0.2682926829268293,0.2926829268292683,-0.003625666953418607,0.023021336185025765,-0.044859550702237155,0.3363269648445798,4.7091533644770935,
Frangieh_Coculture_IFNG,Frangieh,7,old_controller,41,10,0.2682926829268293,0.1951219512195122,-0.006143062304499028,0.01641543770429234,-0.07600670951198066,0.23981902246278067,5.053898666025312,
Frangieh_Coculture_IFNG,Frangieh,8,random,41,10,0.34146341463414637,0.34146341463414637,0.02687443256629591,0.04635173794058186,0.3325112278073085,0.6771691795616686,4.5453198600251845,
Frangieh_Coculture_IFNG,Frangieh,8,fixed_ridge,41,10,0.3170731707317073,0.3170731707317073,-0.0032146332472996727,0.023451837750477638,-0.039773924356280306,0.3426163167616699,4.745791940928851,
Frangieh_Coculture_IFNG,Frangieh,8,greedy_ridge,41,10,0.34146341463414637,0.2682926829268293,0.0008150315130502133,0.02199921572506953,0.01008419911517885,0.3213944401101454,4.7597057465256665,
Frangieh_Coculture_IFNG,Frangieh,8,linear_ucb,41,10,0.34146341463414637,0.3170731707317073,0.0011338024193860803,0.029211636496784633,0.014028278871784363,0.4267632843786532,4.831994521026472,
Frangieh_Coculture_IFNG,Frangieh,8,diversity,41,10,0.3170731707317073,0.2682926829268293,0.006535201564717702,0.02611692840926168,0.08085855918601947,0.38155158294693614,5.015056672794765,
Frangieh_Coculture_IFNG,Frangieh,8,extra_trees,41,10,0.24390243902439024,0.3170731707317073,-0.0025025449645720227,0.021887103098933686,-0.030963418362791206,0.3197565465071863,4.672646373344406,
Frangieh_Coculture_IFNG,Frangieh,8,gated_random,41,10,0.4634146341463415,0.4146341463414634,0.03595746120713369,0.04698871255375274,0.44489347059972606,0.6864749703554349,4.674143991525509,
Frangieh_Coculture_IFNG,Frangieh,8,old_controller,41,10,0.3170731707317073,0.2682926829268293,0.006535201564717702,0.02611692840926168,0.08085855918601947,0.38155158294693614,5.015056672794765,
Frangieh_Coculture_IFNG,Frangieh,9,random,41,10,0.34146341463414637,0.36585365853658536,0.02378366828434664,0.04371111016907581,0.2942699059219559,0.6385913004786721,4.542163225519008,
Frangieh_Coculture_IFNG,Frangieh,9,fixed_ridge,41,10,0.21951219512195122,0.2926829268292683,-0.0019191542013405234,0.01837236904555892,-0.023745257439950727,0.268408534953612,4.819170861926499,
Frangieh_Coculture_IFNG,Frangieh,9,greedy_ridge,41,10,0.3902439024390244,0.3170731707317073,0.014124080398650988,0.02921255921700004,0.17475402702621173,0.42677676472953086,4.864593149753544,
Frangieh_Coculture_IFNG,Frangieh,9,linear_ucb,41,10,0.3902439024390244,0.2926829268292683,0.0020768917990381377,0.020737667401919523,0.0256969087781668,0.30296402776918874,4.960605998289813,
Frangieh_Coculture_IFNG,Frangieh,9,diversity,41,10,0.3170731707317073,0.21951219512195122,-0.0011445938596103872,0.012208495176394944,-0.014161798901647007,0.17835828880633708,5.134888020069375,
Frangieh_Coculture_IFNG,Frangieh,9,extra_trees,41,10,0.34146341463414637,0.3170731707317073,0.003717077849596176,0.02087184150356048,0.04599055688247887,0.3049242253877355,4.833642298349908,
Frangieh_Coculture_IFNG,Frangieh,9,gated_random,41,10,0.2926829268292683,0.4146341463414634,0.020954759991409597,0.03752260304289966,0.2592684684955722,0.5481811782365191,4.607982861170786,
Frangieh_Coculture_IFNG,Frangieh,9,old_controller,41,10,0.2926829268292683,0.2682926829268293,-0.0004228829216884523,0.015050696323759627,-0.005232233989033758,0.21988102570084966,5.141044852316408,
Frangieh_Coculture_IFNG,Frangieh,10,random,41,10,0.3170731707317073,0.3170731707317073,0.002450938526535128,0.024153581998530786,0.030324903669240795,0.3528683504033303,4.805328940927459,
Frangieh_Coculture_IFNG,Frangieh,10,fixed_ridge,41,10,0.36585365853658536,0.24390243902439024,0.0056830505795020135,0.020581751460470858,0.07031508930354707,0.30068619580770495,4.746472753782568,
Frangieh_Coculture_IFNG,Frangieh,10,greedy_ridge,41,10,0.3902439024390244,0.2682926829268293,0.006294978821147181,0.021786043575443764,0.07788633794135401,0.31828013164877716,4.728392124865628,
Frangieh_Coculture_IFNG,Frangieh,10,linear_ucb,41,10,0.36585365853658536,0.2682926829268293,0.00512402235349829,0.02179617037123366,0.06339836050010579,0.3184280776439289,4.784056960650514,
Frangieh_Coculture_IFNG,Frangieh,10,diversity,41,10,0.3170731707317073,0.2926829268292683,0.012961410132797087,0.02683245130744403,0.16036857287083808,0.3920049138347843,5.037120357927315,
Frangieh_Coculture_IFNG,Frangieh,10,extra_trees,41,10,0.34146341463414637,0.2926829268292683,0.016079341237445886,0.026816918742542016,0.19894602366046285,0.3917779930180359,4.724190943188335,
Frangieh_Coculture_IFNG,Frangieh,10,gated_random,41,10,0.4146341463414634,0.3170731707317073,0.017408369040660985,0.032136318075282944,0.21538978170249587,0.46949100750156236,4.724618026431018,
Frangieh_Coculture_IFNG,Frangieh,10,old_controller,41,10,0.3170731707317073,0.2926829268292683,0.012961410132797087,0.02683245130744403,0.16036857287083808,0.3920049138347843,5.037120357927315,
Frangieh_Coculture_IFNG,Frangieh,11,random,41,10,0.36585365853658536,0.2926829268292683,0.005976709156772959,0.022320490994743862,0.07394845993727607,0.3260880658606557,4.790699862765354,
Frangieh_Coculture_IFNG,Frangieh,11,fixed_ridge,41,10,0.3170731707317073,0.24390243902439024,0.0027233898945257877,0.011544460015992072,0.033695882336971655,0.16865716076348924,4.612600381502626,
Frangieh_Coculture_IFNG,Frangieh,11,greedy_ridge,41,10,0.3170731707317073,0.24390243902439024,0.0034919731459859852,0.019865118469378804,0.04320538769991178,0.2902166471740224,4.76660524831597,
Frangieh_Coculture_IFNG,Frangieh,11,linear_ucb,41,10,0.34146341463414637,0.2926829268292683,0.007368103785950884,0.023870703620739533,0.09116386849971309,0.34873567863058696,4.875534063619364,
Frangieh_Coculture_IFNG,Frangieh,11,diversity,41,10,0.2926829268292683,0.1951219512195122,0.01076087580357165,0.02039204219149722,0.1331418632523982,0.29791466499281294,5.156021037112608,
Frangieh_Coculture_IFNG,Frangieh,11,extra_trees,41,10,0.2926829268292683,0.2682926829268293,0.0015961896877548854,0.019063084759064448,0.01974929113682472,0.27849944877489036,4.6446287645253115,
Frangieh_Coculture_IFNG,Frangieh,11,gated_random,41,10,0.36585365853658536,0.2926829268292683,0.005976709156772959,0.022320490994743862,0.07394845993727607,0.3260880658606557,4.790699862765354,
Frangieh_Coculture_IFNG,Frangieh,11,old_controller,41,10,0.2926829268292683,0.1951219512195122,0.01076087580357165,0.02039204219149722,0.1331418632523982,0.29791466499281294,5.156021037112608,
Frangieh_Coculture_IFNG,Frangieh,12,random,41,10,0.3902439024390244,0.2926829268292683,0.0059470843437645325,0.023587571602432737,0.07358191887923908,0.3445993013324967,4.649662470875508,
Frangieh_Coculture_IFNG,Frangieh,12,fixed_ridge,41,10,0.2926829268292683,0.21951219512195122,-0.00033892223996646366,0.017175638177965656,-0.004193407613889012,0.2509250640899501,4.601401866589546,
Frangieh_Coculture_IFNG,Frangieh,12,greedy_ridge,41,10,0.2682926829268293,0.21951219512195122,-0.003087796271561764,0.012676560750188685,-0.0382045993694201,0.18519642680654064,4.723880168073897,
Frangieh_Coculture_IFNG,Frangieh,12,linear_ucb,41,10,0.3170731707317073,0.1951219512195122,0.0026290467486509398,0.01572053731790956,0.03252859609966549,0.2296669732531668,4.8501628196759725,
Frangieh_Coculture_IFNG,Frangieh,12,diversity,41,10,0.21951219512195122,0.17073170731707318,-0.007784092316477051,0.009251503156607936,-0.0963107997585515,0.13515853084739243,5.051214182324636,
Frangieh_Coculture_IFNG,Frangieh,12,extra_trees,41,10,0.34146341463414637,0.24390243902439024,0.0002781285575739543,0.022096136313922377,0.003441221240264417,0.32281038778658955,4.621829877869606,
Frangieh_Coculture_IFNG,Frangieh,12,gated_random,41,10,0.3902439024390244,0.2926829268292683,0.0059470843437645325,0.023587571602432737,0.07358191887923908,0.3445993013324967,4.649662470875508,
Frangieh_Coculture_IFNG,Frangieh,12,old_controller,41,10,0.2926829268292683,0.1951219512195122,-0.0010164065939741542,0.01437520629524132,-0.012575767085688921,0.2100125493774765,4.977773562473754,
Frangieh_Coculture_IFNG,Frangieh,13,random,41,10,0.3170731707317073,0.21951219512195122,-0.001680434681277109,0.014648695538725871,-0.02079163523706163,0.21400805191649194,4.492305240374414,
Frangieh_Coculture_IFNG,Frangieh,13,fixed_ridge,41,10,0.34146341463414637,0.2926829268292683,0.01567473958666963,0.034103385832827446,0.1939399796690001,0.4982286065367087,4.645786534168845,
Frangieh_Coculture_IFNG,Frangieh,13,greedy_ridge,41,10,0.3170731707317073,0.24390243902439024,0.018151406750530303,0.03412842858207186,0.22458321790273156,0.49859446505061267,4.688524431635036,
Frangieh_Coculture_IFNG,Frangieh,13,linear_ucb,41,10,0.34146341463414637,0.1951219512195122,0.004489506094531151,0.019393468481687073,0.055547635473172007,0.2833261431844007,4.737243028217669,
Frangieh_Coculture_IFNG,Frangieh,13,diversity,41,10,0.24390243902439024,0.14634146341463414,-0.007475369002764877,0.013893756894246783,-0.09249103657501484,0.20297888224098518,5.104715078880496,
Frangieh_Coculture_IFNG,Frangieh,13,extra_trees,41,10,0.34146341463414637,0.21951219512195122,-0.0035440330626198995,0.016617926702821986,-0.04384951318076746,0.24277725693460042,4.751133217367001,
Frangieh_Coculture_IFNG,Frangieh,13,gated_random,41,10,0.3170731707317073,0.21951219512195122,-0.001680434681277109,0.014648695538725871,-0.02079163523706163,0.21400805191649194,4.492305240374414,
Frangieh_Coculture_IFNG,Frangieh,13,old_controller,41,10,0.24390243902439024,0.14634146341463414,-0.007475369002764877,0.013893756894246783,-0.09249103657501484,0.20297888224098518,5.104715078880496,
Frangieh_Coculture_IFNG,Frangieh,14,random,41,10,0.3170731707317073,0.2926829268292683,0.013809134220238025,0.03317314955959328,0.17085726975630566,0.48463845087195273,4.783495340338194,
Frangieh_Coculture_IFNG,Frangieh,14,fixed_ridge,41,10,0.34146341463414637,0.2682926829268293,0.010728758746085596,0.03323509544817094,0.13274448622157528,0.48554344059637516,4.851719640888772,
Frangieh_Coculture_IFNG,Frangieh,14,greedy_ridge,41,10,0.3902439024390244,0.2682926829268293,0.011962785932668639,0.02763864140089807,0.14801282329050122,0.4037828343273199,4.868512339506223,
Frangieh_Coculture_IFNG,Frangieh,14,linear_ucb,41,10,0.2926829268292683,0.24390243902439024,0.005651625843373866,0.026343792485553505,0.06992627820706293,0.38486592168028594,4.911380880084508,
Frangieh_Coculture_IFNG,Frangieh,14,diversity,41,10,0.3170731707317073,0.17073170731707318,-0.001977415092993311,0.01097801106489181,-0.024466106171131475,0.16038170468518978,5.132948657952322,
Frangieh_Coculture_IFNG,Frangieh,14,extra_trees,41,10,0.2682926829268293,0.2926829268292683,-0.0008650182603283232,0.022987839368414108,-0.010702673744197921,0.3358375978255497,4.873106655308433,
Frangieh_Coculture_IFNG,Frangieh,14,gated_random,41,10,0.3170731707317073,0.2926829268292683,0.013809134220238025,0.03317314955959328,0.17085726975630566,0.48463845087195273,4.783495340338194,
Frangieh_Coculture_IFNG,Frangieh,14,old_controller,41,10,0.3170731707317073,0.17073170731707318,-0.001977415092993311,0.01097801106489181,-0.024466106171131475,0.16038170468518978,5.132948657952322,
Frangieh_Coculture_IFNG,Frangieh,15,random,41,10,0.34146341463414637,0.2682926829268293,0.012227759960245114,0.02374172579970263,0.15129128652983298,0.3468513953408175,4.698331217927595,
Frangieh_Coculture_IFNG,Frangieh,15,fixed_ridge,41,10,0.3902439024390244,0.14634146341463414,0.0035728845402750046,0.018555509648650156,0.04420648593676848,0.2710841017705175,4.722420387150424,
Frangieh_Coculture_IFNG,Frangieh,15,greedy_ridge,41,10,0.36585365853658536,0.1951219512195122,0.006651203699268303,0.020126188010285855,0.08229382715279557,0.29403070581948665,4.724740055800364,
Frangieh_Coculture_IFNG,Frangieh,15,linear_ucb,41,10,0.36585365853658536,0.17073170731707318,0.02622966480955862,0.030885845169970748,0.32453366333541134,0.4512223999158049,4.714101152649276,
Frangieh_Coculture_IFNG,Frangieh,15,diversity,41,10,0.34146341463414637,0.1951219512195122,0.022516972901081754,0.030923004459155665,0.278597372702576,0.4517652733114627,5.113478340808957,
Frangieh_Coculture_IFNG,Frangieh,15,extra_trees,41,10,0.3902439024390244,0.17073170731707318,-0.001290552292661156,0.008486230903698934,-0.01596770932088349,0.12397839377663142,4.7671999520409996,
Frangieh_Coculture_IFNG,Frangieh,15,gated_random,41,10,0.4634146341463415,0.21951219512195122,0.015655435842270898,0.02874842987417813,0.19370113884006476,0.41999613254067747,4.675866032461624,
Frangieh_Coculture_IFNG,Frangieh,15,old_controller,41,10,0.36585365853658536,0.1951219512195122,0.00881187826248105,0.02134806664900429,0.10902736097285173,0.3118815694994107,4.705673968522566,
Frangieh_Coculture_IFNG,Frangieh,16,random,41,10,0.2926829268292683,0.36585365853658536,-0.0025674284986557756,0.019738237351654944,-0.0317662075390629,0.28836299537565674,4.619737835990246,
Frangieh_Coculture_IFNG,Frangieh,16,fixed_ridge,41,10,0.2682926829268293,0.4146341463414634,-0.00219590453451935,0.02877418577200754,-0.027169426223956305,0.42037240969827555,4.799884808038174,
Frangieh_Coculture_IFNG,Frangieh,16,greedy_ridge,41,10,0.3170731707317073,0.2926829268292683,-0.0013850710553351745,0.01985165149512204,-0.01713716842481192,0.29001990331254474,4.7827750564281715,
Frangieh_Coculture_IFNG,Frangieh,16,linear_ucb,41,10,0.36585365853658536,0.24390243902439024,0.004517285416412635,0.017767108786347057,0.05589134269019622,0.2595660705420902,4.921334994040345,
Frangieh_Coculture_IFNG,Frangieh,16,diversity,41,10,0.3170731707317073,0.2926829268292683,0.000769360225242838,0.017774070303913148,0.009519118682432638,0.25966777385135503,5.023801641990833,
Frangieh_Coculture_IFNG,Frangieh,16,extra_trees,41,10,0.2926829268292683,0.3170731707317073,0.023868669039965817,0.03954298613862156,0.29532160089433374,0.5776976801869763,4.615706988736989,
Frangieh_Coculture_IFNG,Frangieh,16,gated_random,41,10,0.2926829268292683,0.36585365853658536,-0.0025674284986557756,0.019738237351654944,-0.0317662075390629,0.28836299537565674,4.619737835990246,
Frangieh_Coculture_IFNG,Frangieh,16,old_controller,41,10,0.3170731707317073,0.2926829268292683,0.000769360225242838,0.017774070303913148,0.009519118682432638,0.25966777385135503,5.023801641990833,
Frangieh_Coculture_IFNG,Frangieh,17,random,41,10,0.4634146341463415,0.36585365853658536,0.03624572562240948,0.04623752544002998,0.4484601004967501,0.6755006081395236,4.687047133624706,
Frangieh_Coculture_IFNG,Frangieh,17,fixed_ridge,41,10,0.3902439024390244,0.4146341463414634,0.027483067768474454,0.04070201818653837,0.3400417324184811,0.5946303954603414,4.767082074126576,
Frangieh_Coculture_IFNG,Frangieh,17,greedy_ridge,41,10,0.34146341463414637,0.2926829268292683,0.005668762102717186,0.01976700802736905,0.07013830123751075,0.288783316505659,4.795918891790689,
Frangieh_Coculture_IFNG,Frangieh,17,linear_ucb,41,10,0.3170731707317073,0.34146341463414637,0.0033221240410131712,0.01989901609986844,0.041103883443136806,0.2907118698268855,4.956988685951405,
Frangieh_Coculture_IFNG,Frangieh,17,diversity,41,10,0.36585365853658536,0.2682926829268293,0.017967817345352008,0.024990288509707487,0.22231170804377337,0.36509209619758176,5.129677570742289,
Frangieh_Coculture_IFNG,Frangieh,17,extra_trees,41,10,0.36585365853658536,0.21951219512195122,0.004137053151658855,0.017373991140244308,0.05118681555670821,0.2538228737233676,4.740394582970454,
Frangieh_Coculture_IFNG,Frangieh,17,gated_random,41,10,0.4634146341463415,0.36585365853658536,0.03624572562240948,0.04623752544002998,0.4484601004967501,0.6755006081395236,4.687047133624706,
Frangieh_Coculture_IFNG,Frangieh,17,old_controller,41,10,0.36585365853658536,0.2682926829268293,0.017967817345352008,0.024990288509707487,0.22231170804377337,0.36509209619758176,5.129677570742289,
Frangieh_Coculture_IFNG,Frangieh,18,random,41,10,0.36585365853658536,0.2682926829268293,0.0034660003770354284,0.018051171611743088,0.04288403255047744,0.2637160463351011,4.576894765518272,
Frangieh_Coculture_IFNG,Frangieh,18,fixed_ridge,41,10,0.3902439024390244,0.2682926829268293,0.0046048546955708616,0.027582698554281738,0.056974817418798326,0.40296554519796535,4.638829630115019,
Frangieh_Coculture_IFNG,Frangieh,18,greedy_ridge,41,10,0.34146341463414637,0.1951219512195122,0.0028785843932916536,0.016215490125798704,0.035616068491833804,0.23689791650862108,4.7703475862169,
Frangieh_Coculture_IFNG,Frangieh,18,linear_ucb,41,10,0.2926829268292683,0.24390243902439024,0.001106620498346037,0.020931351552029884,0.013691963159186906,0.3057936290495649,4.717288992923078,
Frangieh_Coculture_IFNG,Frangieh,18,diversity,41,10,0.24390243902439024,0.17073170731707318,-0.010206421631179413,0.007912631180345088,-0.1262817281715838,0.11559846949939624,5.088922953368868,
Frangieh_Coculture_IFNG,Frangieh,18,extra_trees,41,10,0.2926829268292683,0.24390243902439024,0.0007309386149432186,0.022565466559752112,0.009043736856842666,0.3296670018345764,4.7371115050204295,
Frangieh_Coculture_IFNG,Frangieh,18,gated_random,41,10,0.36585365853658536,0.2682926829268293,0.0034660003770354284,0.018051171611743088,0.04288403255047744,0.2637160463351011,4.576894765518272,
Frangieh_Coculture_IFNG,Frangieh,18,old_controller,41,10,0.24390243902439024,0.17073170731707318,-0.010206421631179413,0.007912631180345088,-0.1262817281715838,0.11559846949939624,5.088922953368868,
Frangieh_Coculture_IFNG,Frangieh,19,random,41,10,0.3170731707317073,0.2926829268292683,0.005875568775939794,0.03543636215799287,0.0726970730613384,0.5177025362013202,4.566776162392476,
Frangieh_Coculture_IFNG,Frangieh,19,fixed_ridge,41,10,0.2682926829268293,0.3170731707317073,0.00872169027003697,0.03838928869286737,0.10791148550172953,0.5608429000316941,4.640630954866554,
Frangieh_Coculture_IFNG,Frangieh,19,greedy_ridge,41,10,0.2926829268292683,0.2926829268292683,0.007176580204527074,0.03522939767555565,0.0887941908867557,0.5146789177784237,4.6101513876333415,
Frangieh_Coculture_IFNG,Frangieh,19,linear_ucb,41,10,0.2682926829268293,0.2682926829268293,0.004944544074018158,0.031956568924367094,0.06117771666223266,0.46686498762699746,4.714759506175458,
Frangieh_Coculture_IFNG,Frangieh,19,diversity,41,10,0.2682926829268293,0.24390243902439024,0.0048102645661469694,0.026639164437123716,0.059516306921898035,0.3891811165574819,5.114723485399403,
Frangieh_Coculture_IFNG,Frangieh,19,extra_trees,41,10,0.2926829268292683,0.24390243902439024,0.008515255575996045,0.02770430226419378,0.10535731609151994,0.4047420974510514,4.743904022611158,
Frangieh_Coculture_IFNG,Frangieh,19,gated_random,41,10,0.3170731707317073,0.2926829268292683,0.005875568775939794,0.03543636215799287,0.0726970730613384,0.5177025362013202,4.566776162392476,
Frangieh_Coculture_IFNG,Frangieh,19,old_controller,41,10,0.2682926829268293,0.24390243902439024,0.0048102645661469694,0.026639164437123716,0.059516306921898035,0.3891811165574819,5.114723485399403,
Frangieh_Coculture_IFNG,Frangieh,20,random,41,10,0.36585365853658536,0.24390243902439024,0.03705349313107557,0.04402562360979268,0.4584544237415974,0.643186140242488,4.73410195557231,
Frangieh_Coculture_IFNG,Frangieh,20,fixed_ridge,41,10,0.2926829268292683,0.2926829268292683,-0.00021346689930366853,0.03167220689588733,-0.002641177282853607,0.46271064066872425,4.587374397692699,
Frangieh_Coculture_IFNG,Frangieh,20,greedy_ridge,41,10,0.36585365853658536,0.3170731707317073,0.0027660762625084634,0.02457108673573367,0.034224031037173606,0.35896782699074986,4.735008091921826,
Frangieh_Coculture_IFNG,Frangieh,20,linear_ucb,41,10,0.36585365853658536,0.21951219512195122,0.005484645092745356,0.020650720258278653,0.06786026344471573,0.3016937857342516,4.821719015480236,
Frangieh_Coculture_IFNG,Frangieh,20,diversity,41,10,0.2926829268292683,0.17073170731707318,0.001436234395637982,0.012179163553667098,0.017770200771107688,0.17792977260003456,5.114139804223558,
Frangieh_Coculture_IFNG,Frangieh,20,extra_trees,41,10,0.3902439024390244,0.34146341463414637,0.0014505614074230369,0.025880370431128872,0.017947465621917336,0.37809562252154044,4.71248838435387,
Frangieh_Coculture_IFNG,Frangieh,20,gated_random,41,10,0.36585365853658536,0.24390243902439024,0.03705349313107557,0.04402562360979268,0.4584544237415974,0.643186140242488,4.73410195557231,
Frangieh_Coculture_IFNG,Frangieh,20,old_controller,41,10,0.2926829268292683,0.17073170731707318,0.001436234395637982,0.012179163553667098,0.017770200771107688,0.17792977260003456,5.114139804223558,
Frangieh_Coculture_IFNG,Frangieh,21,random,41,10,0.3170731707317073,0.3170731707317073,0.002968266720901425,0.02494554109634984,0.03672568748723321,0.3644383651717948,4.542018723817287,
Frangieh_Coculture_IFNG,Frangieh,21,fixed_ridge,41,10,0.43902439024390244,0.2926829268292683,0.038316647274328326,0.03886786618067786,0.47408314200557355,0.5678346103574806,4.688676081040572,
Frangieh_Coculture_IFNG,Frangieh,21,greedy_ridge,41,10,0.34146341463414637,0.21951219512195122,0.004836259470281953,0.015516806205552356,0.059837935944923315,0.22669059229452904,4.702422198248309,
Frangieh_Coculture_IFNG,Frangieh,21,linear_ucb,41,10,0.4146341463414634,0.24390243902439024,0.030975204099650277,0.0330849059031032,0.3832491391715468,0.48334926761536134,4.594416062939457,
Frangieh_Coculture_IFNG,Frangieh,21,diversity,41,10,0.2926829268292683,0.17073170731707318,0.011015161035791733,0.01889249992846488,0.13628807646341898,0.27600731374576043,5.067627360405426,
Frangieh_Coculture_IFNG,Frangieh,21,extra_trees,41,10,0.24390243902439024,0.36585365853658536,-0.00019017591027870514,0.023453120817469864,-0.002353003185096106,0.34263506154797246,4.699475119067092,
Frangieh_Coculture_IFNG,Frangieh,21,gated_random,41,10,0.36585365853658536,0.2682926829268293,0.006165615752103887,0.019812523876666356,0.07628575817787825,0.28944827388795225,4.5937577379607575,
Frangieh_Coculture_IFNG,Frangieh,21,old_controller,41,10,0.2926829268292683,0.17073170731707318,0.011015161035791733,0.01889249992846488,0.13628807646341898,0.27600731374576043,5.067627360405426,
Frangieh_Coculture_IFNG,Frangieh,22,random,41,10,0.2682926829268293,0.3170731707317073,0.013866333990139569,0.030957899993656265,0.17156498946995316,0.4522750747022634,4.549068359651869,
Frangieh_Coculture_IFNG,Frangieh,22,fixed_ridge,41,10,0.2926829268292683,0.24390243902439024,0.014043667125921644,0.026794009341929197,0.17375909193386035,0.3914433013601499,4.735725971978272,
Frangieh_Coculture_IFNG,Frangieh,22,greedy_ridge,41,10,0.4146341463414634,0.3170731707317073,0.03152887535477794,0.036737575397627675,0.39009958739552164,0.5367124275466635,4.5934399829792625,
Frangieh_Coculture_IFNG,Frangieh,22,linear_ucb,41,10,0.2926829268292683,0.1951219512195122,0.0036337523665954546,0.016824878173368647,0.04495958967631152,0.24580068526211662,4.816858498600954,
Frangieh_Coculture_IFNG,Frangieh,22,diversity,41,10,0.34146341463414637,0.21951219512195122,0.021922303614995628,0.03265877284658347,0.271239665187524,0.4771237368135286,5.040159418901786,
Frangieh_Coculture_IFNG,Frangieh,22,extra_trees,41,10,0.34146341463414637,0.34146341463414637,0.021035178599474205,0.03142835656208141,0.26026346960081054,0.4591481436013894,4.586943141708911,
Frangieh_Coculture_IFNG,Frangieh,22,gated_random,41,10,0.2682926829268293,0.3170731707317073,0.013866333990139569,0.030957899993656265,0.17156498946995316,0.4522750747022634,4.549068359651869,
Frangieh_Coculture_IFNG,Frangieh,22,old_controller,41,10,0.34146341463414637,0.21951219512195122,0.021922303614995628,0.03265877284658347,0.271239665187524,0.4771237368135286,5.040159418901786,
Frangieh_Coculture_IFNG,Frangieh,23,random,41,10,0.34146341463414637,0.43902439024390244,0.04167963998901799,0.05953325495011474,0.5156926842316262,0.8697426936371476,4.696851618854242,
Frangieh_Coculture_IFNG,Frangieh,23,fixed_ridge,41,10,0.1951219512195122,0.2682926829268293,0.004210420879782106,0.033154278772680484,0.052094577731761176,0.4843627607714477,4.720821114708558,
Frangieh_Coculture_IFNG,Frangieh,23,greedy_ridge,41,10,0.2682926829268293,0.24390243902439024,0.005183192197430961,0.03141459217853509,0.06413045549063942,0.4589470547808325,4.830348737099773,
Frangieh_Coculture_IFNG,Frangieh,23,linear_ucb,41,10,0.2682926829268293,0.21951219512195122,0.005009373300063596,0.03071008852461598,0.06197983389752642,0.4486547079882667,4.86225241548087,
Frangieh_Coculture_IFNG,Frangieh,23,diversity,41,10,0.2926829268292683,0.24390243902439024,0.022155684023049738,0.03785062225703124,0.2741272277746339,0.5529733286926397,5.145150326165216,
Frangieh_Coculture_IFNG,Frangieh,23,extra_trees,41,10,0.21951219512195122,0.34146341463414637,0.005301835019109242,0.03594700995207631,0.06559839607727136,0.5251627731444901,4.828160593101783,
Frangieh_Coculture_IFNG,Frangieh,23,gated_random,41,10,0.34146341463414637,0.43902439024390244,0.04167963998901799,0.05953325495011474,0.5156926842316262,0.8697426936371476,4.696851618854242,
Frangieh_Coculture_IFNG,Frangieh,23,old_controller,41,10,0.2926829268292683,0.24390243902439024,0.022155684023049738,0.03785062225703124,0.2741272277746339,0.5529733286926397,5.145150326165216,
Frangieh_Coculture_IFNG,Frangieh,24,random,41,10,0.4146341463414634,0.24390243902439024,0.015417165123886193,0.028453562297059094,0.19075306955803684,0.415688306250906,4.635146005491239,
Frangieh_Coculture_IFNG,Frangieh,24,fixed_ridge,41,10,0.3902439024390244,0.24390243902439024,0.00784228151249858,0.013199796222087572,0.09703076141603052,0.19284056165381502,4.606730331914128,
Frangieh_Coculture_IFNG,Frangieh,24,greedy_ridge,41,10,0.34146341463414637,0.2682926829268293,0.005684248456475795,0.017495869262586845,0.07032991036227387,0.25560343496616306,4.77748970116177,
Frangieh_Coculture_IFNG,Frangieh,24,linear_ucb,41,10,0.34146341463414637,0.24390243902439024,0.005432742102745717,0.015497625152852353,0.0672180795813327,0.22641036940975523,4.816827904697938,
Frangieh_Coculture_IFNG,Frangieh,24,diversity,41,10,0.34146341463414637,0.21951219512195122,0.013103545527286662,0.023729379251370832,0.16212718170546245,0.34667102018390367,5.06435137965836,
Frangieh_Coculture_IFNG,Frangieh,24,extra_trees,41,10,0.36585365853658536,0.1951219512195122,0.006295831845993829,0.014770634601502183,0.07789689222332477,0.21578950345996167,4.818513067407756,
Frangieh_Coculture_IFNG,Frangieh,24,gated_random,41,10,0.4146341463414634,0.24390243902439024,0.015417165123886193,0.028453562297059094,0.19075306955803684,0.415688306250906,4.635146005491239,
Frangieh_Coculture_IFNG,Frangieh,24,old_controller,41,10,0.34146341463414637,0.21951219512195122,0.013103545527286662,0.023729379251370832,0.16212718170546245,0.34667102018390367,5.06435137965836,
Frangieh_Coculture_IFNG,Frangieh,25,random,41,10,0.3170731707317073,0.36585365853658536,0.017007007045043997,0.04243163584008905,0.21042382122580217,0.6198990006831209,4.393978491951638,
Frangieh_Coculture_IFNG,Frangieh,25,fixed_ridge,41,10,0.21951219512195122,0.21951219512195122,0.005656789735161445,0.02416612079724398,0.06999016986298222,0.3530515342150826,4.790823437928715,
Frangieh_Coculture_IFNG,Frangieh,25,greedy_ridge,41,10,0.21951219512195122,0.2926829268292683,0.005025908362897927,0.03127320529647828,0.06218441846061818,0.45688148306384696,4.764093686948581,
Frangieh_Coculture_IFNG,Frangieh,25,linear_ucb,41,10,0.2682926829268293,0.2682926829268293,0.0179022489366727,0.04030836363763479,0.2215004450702559,0.5888793548358566,4.730620148259136,
Frangieh_Coculture_IFNG,Frangieh,25,diversity,41,10,0.3902439024390244,0.2682926829268293,0.003558003708749454,0.018500114867911845,0.04402236880055925,0.2702748195323273,5.0507696963830835,
Frangieh_Coculture_IFNG,Frangieh,25,extra_trees,41,10,0.1951219512195122,0.1951219512195122,-0.005956439435672134,0.015513522552419098,-0.07369766729881122,0.22664262022709408,4.741758323250875,
Frangieh_Coculture_IFNG,Frangieh,25,gated_random,41,10,0.3170731707317073,0.36585365853658536,0.017007007045043997,0.04243163584008905,0.21042382122580217,0.6198990006831209,4.393978491951638,
Frangieh_Coculture_IFNG,Frangieh,25,old_controller,41,10,0.3902439024390244,0.2682926829268293,0.003558003708749454,0.018500114867911845,0.04402236880055925,0.2702748195323273,5.0507696963830835,
Frangieh_Coculture_IFNG,Frangieh,26,random,41,10,0.34146341463414637,0.2682926829268293,0.0020103272505191377,0.016926828089279432,0.02487332079349433,0.24729010818304759,4.635643861576974,
Frangieh_Coculture_IFNG,Frangieh,26,fixed_ridge,41,10,0.1951219512195122,0.21951219512195122,-0.00856821064652704,0.016933093194379703,-0.10601251710748358,0.24738163735259147,4.751900732948761,
Frangieh_Coculture_IFNG,Frangieh,26,greedy_ridge,41,10,0.1951219512195122,0.2682926829268293,-0.009767908038868105,0.016179189721399482,-0.1208560994581243,0.2363675908691318,4.716228480633361,
Frangieh_Coculture_IFNG,Frangieh,26,linear_ucb,41,10,0.21951219512195122,0.2926829268292683,0.008263627450028909,0.024921933356820285,0.10224397865044901,0.3640934712299748,4.821734874697525,
Frangieh_Coculture_IFNG,Frangieh,26,diversity,41,10,0.2926829268292683,0.2682926829268293,-0.0020682346549531407,0.019067385739665935,-0.025589795907898526,0.278562283344523,5.05636452734218,
Frangieh_Coculture_IFNG,Frangieh,26,extra_trees,41,10,0.2926829268292683,0.2682926829268293,-0.0021084629092934246,0.022932348559510766,-0.026087530928358388,0.33502691267742307,4.626067330351282,
Frangieh_Coculture_IFNG,Frangieh,26,gated_random,41,10,0.34146341463414637,0.2682926829268293,0.0020103272505191377,0.016926828089279432,0.02487332079349433,0.24729010818304759,4.635643861576974,
Frangieh_Coculture_IFNG,Frangieh,26,old_controller,41,10,0.2926829268292683,0.21951219512195122,-0.001208624430232213,0.014279895358202028,-0.0149540345554471,0.20862011768223157,4.990821536732372,
Frangieh_Coculture_IFNG,Frangieh,27,random,41,10,0.34146341463414637,0.1951219512195122,0.012687830833941765,0.021633672703758704,0.15698363857164355,0.31605409088412806,4.661623355618602,
Frangieh_Coculture_IFNG,Frangieh,27,fixed_ridge,41,10,0.43902439024390244,0.2682926829268293,0.028342436324924843,0.030566306039652796,0.3506745036645122,0.44655413804841526,4.475903556838952,
Frangieh_Coculture_IFNG,Frangieh,27,greedy_ridge,41,10,0.36585365853658536,0.2926829268292683,0.029254662993192043,0.038289458031099774,0.3619612762784392,0.5593844380553402,4.630449246126553,
Frangieh_Coculture_IFNG,Frangieh,27,linear_ucb,41,10,0.3902439024390244,0.2682926829268293,0.028777692566273667,0.03568811105451553,0.3560598299170635,0.5213804262069192,4.6448271855202785,
Frangieh_Coculture_IFNG,Frangieh,27,diversity,41,10,0.34146341463414637,0.24390243902439024,0.01599440733139471,0.026368597507061553,0.1978951558025507,0.3852283071443466,5.164929291676943,
Frangieh_Coculture_IFNG,Frangieh,27,extra_trees,41,10,0.3902439024390244,0.2682926829268293,0.029609652306559982,0.034021049122037045,0.36635347812885083,0.49702571997040096,4.739653507301145,
Frangieh_Coculture_IFNG,Frangieh,27,gated_random,41,10,0.34146341463414637,0.1951219512195122,0.012687830833941765,0.021633672703758704,0.15698363857164355,0.31605409088412806,4.661623355618602,
Frangieh_Coculture_IFNG,Frangieh,27,old_controller,41,10,0.34146341463414637,0.24390243902439024,0.01599440733139471,0.026368597507061553,0.1978951558025507,0.3852283071443466,5.164929291676943,
Frangieh_Coculture_IFNG,Frangieh,28,random,41,10,0.2682926829268293,0.2682926829268293,-0.0014604823292188073,0.015261889227997389,-0.01807021492570837,0.22296641865580766,4.77260580775528,
Frangieh_Coculture_IFNG,Frangieh,28,fixed_ridge,41,10,0.34146341463414637,0.21951219512195122,0.01612937224804375,0.02336423645153632,0.19956504594944693,0.3413365179371108,4.604099318392251,
Frangieh_Coculture_IFNG,Frangieh,28,greedy_ridge,41,10,0.3170731707317073,0.12195121951219512,0.0047174915876747325,0.00907965943824892,0.05836844800792669,0.13264800427505177,4.650850619151328,
Frangieh_Coculture_IFNG,Frangieh,28,linear_ucb,41,10,0.24390243902439024,0.07317073170731707,-0.006201231393941624,0.0017725305084828463,-0.07672642239534207,0.025895534525933434,4.8589018714645835,
Frangieh_Coculture_IFNG,Frangieh,28,diversity,41,10,0.3170731707317073,0.17073170731707318,0.013138172858536641,0.018006236674783602,0.1625556177813207,0.26305957570969507,5.046029916621635,
Frangieh_Coculture_IFNG,Frangieh,28,extra_trees,41,10,0.2926829268292683,0.2926829268292683,0.025336550597780092,0.03101578273088891,0.31348336478871475,0.4531207043900404,4.5284385389659585,
Frangieh_Coculture_IFNG,Frangieh,28,gated_random,41,10,0.2682926829268293,0.2682926829268293,-0.0014604823292188073,0.015261889227997389,-0.01807021492570837,0.22296641865580766,4.77260580775528,
Frangieh_Coculture_IFNG,Frangieh,28,old_controller,41,10,0.3170731707317073,0.17073170731707318,0.013138172858536641,0.018006236674783602,0.1625556177813207,0.26305957570969507,5.046029916621635,
Frangieh_Coculture_IFNG,Frangieh,29,random,41,10,0.2926829268292683,0.24390243902439024,0.012536039782209948,0.03087710468748148,0.15510556249107885,0.45109470706933996,4.736866492463323,
Frangieh_Coculture_IFNG,Frangieh,29,fixed_ridge,41,10,0.21951219512195122,0.1951219512195122,-0.004901263606975591,0.019225720094948454,-0.060642217309794376,0.28087544678190113,4.766977465873603,
Frangieh_Coculture_IFNG,Frangieh,29,greedy_ridge,41,10,0.24390243902439024,0.24390243902439024,-0.005230146792149835,0.018664548017166223,-0.06471141398725706,0.2726770824402697,4.860981732947209,
Frangieh_Coculture_IFNG,Frangieh,29,linear_ucb,41,10,0.2682926829268293,0.21951219512195122,-0.004930830182277963,0.01790768947680152,-0.06100803780597031,0.2616198643165392,4.922747175316758,
Frangieh_Coculture_IFNG,Frangieh,29,diversity,41,10,0.34146341463414637,0.17073170731707318,0.01015568808563543,0.02050495499078025,0.12565401357786232,0.29956424861253644,5.112163828682255,
Frangieh_Coculture_IFNG,Frangieh,29,extra_trees,41,10,0.2682926829268293,0.21951219512195122,-0.0037228469518204455,0.01487998342485564,-0.046061936669166664,0.2173870196758847,4.803524358235469,
Frangieh_Coculture_IFNG,Frangieh,29,gated_random,41,10,0.2926829268292683,0.24390243902439024,0.012536039782209948,0.03087710468748148,0.15510556249107885,0.45109470706933996,4.736866492463323,
Frangieh_Coculture_IFNG,Frangieh,29,old_controller,41,10,0.34146341463414637,0.17073170731707318,0.01015568808563543,0.02050495499078025,0.12565401357786232,0.29956424861253644,5.112163828682255,
Frangieh_Coculture_TNFA,Frangieh,0,random,41,10,0.07317073170731707,0.14634146341463414,-0.0037275700419077493,-0.003800894129382002,-0.10997877983477168,-0.1077138804201825,4.718402931852358,
Frangieh_Coculture_TNFA,Frangieh,0,fixed_ridge,41,10,0.24390243902439024,0.21951219512195122,0.008675725129348907,0.014184946903092943,0.2559698820358941,0.40198848546587096,4.842553342908797,
Frangieh_Coculture_TNFA,Frangieh,0,greedy_ridge,41,10,0.1951219512195122,0.21951219512195122,0.0041165610342184505,0.013633994463090262,0.12145562781350289,0.3863749947398597,4.807518894574882,
Frangieh_Coculture_TNFA,Frangieh,0,linear_ucb,41,10,0.21951219512195122,0.24390243902439024,0.003922313830465072,0.01209318989988611,0.11572452948002145,0.34270999571005817,4.841577344105491,
Frangieh_Coculture_TNFA,Frangieh,0,diversity,41,10,0.12195121951219512,0.14634146341463414,-0.0059822762029799,0.0005961366967651375,-0.17650196509831342,0.01689397144031556,5.040106280683174,
Frangieh_Coculture_TNFA,Frangieh,0,extra_trees,41,10,0.21951219512195122,0.24390243902439024,0.00597368586699594,0.012031155896912397,0.1762485145502982,0.34095200852313745,4.648450673673847,
Frangieh_Coculture_TNFA,Frangieh,0,gated_random,41,10,0.07317073170731707,0.14634146341463414,-0.0037275700419077493,-0.003800894129382002,-0.10997877983477168,-0.1077138804201825,4.718402931852358,
Frangieh_Coculture_TNFA,Frangieh,0,old_controller,41,10,0.12195121951219512,0.14634146341463414,-0.0059822762029799,0.0005961366967651375,-0.17650196509831342,0.01689397144031556,5.040106280683174,
Frangieh_Coculture_TNFA,Frangieh,1,random,41,10,0.0975609756097561,0.3170731707317073,-0.0011763946689157469,0.012284582035224144,-0.03470852293502952,0.3481338746389133,4.6354112883697045,
Frangieh_Coculture_TNFA,Frangieh,1,fixed_ridge,41,10,0.0975609756097561,0.24390243902439024,-0.005309976717257223,0.0027266776650265966,-0.15666634127580759,0.07727156346835973,4.897805088684667,
Frangieh_Coculture_TNFA,Frangieh,1,greedy_ridge,41,10,0.14634146341463414,0.2682926829268293,-0.002793438213768658,0.0026727052171359724,-0.08241801571537155,0.0757420334156454,4.905176674445699,
Frangieh_Coculture_TNFA,Frangieh,1,linear_ucb,41,10,0.0975609756097561,0.24390243902439024,-0.007645902283739739,0.005814638539263153,-0.22558583593273795,0.16478156428066848,4.965380910181042,
Frangieh_Coculture_TNFA,Frangieh,1,diversity,41,10,0.17073170731707318,0.17073170731707318,0.001966350721122532,0.008807257833484324,0.05801550355995468,0.2495896714860332,5.063519274427017,
Frangieh_Coculture_TNFA,Frangieh,1,extra_trees,41,10,0.14634146341463414,0.2926829268292683,0.00048652250284870086,0.005337615066233785,0.014354432143164958,0.15126315319567998,4.921980213393987,
Frangieh_Coculture_TNFA,Frangieh,1,gated_random,41,10,0.12195121951219512,0.2682926829268293,-0.0008932293652839842,0.015071652975567286,-0.026353971783785284,0.4271169285656214,4.758469758678249,
Frangieh_Coculture_TNFA,Frangieh,1,old_controller,41,10,0.17073170731707318,0.17073170731707318,0.001966350721122532,0.008807257833484324,0.05801550355995468,0.2495896714860332,5.063519274427017,
Frangieh_Coculture_TNFA,Frangieh,2,random,41,10,0.24390243902439024,0.17073170731707318,0.007855563987290324,0.008832500768006415,0.23177172595635553,0.25030503327670983,4.729901307291693,
Frangieh_Coculture_TNFA,Frangieh,2,fixed_ridge,41,10,0.1951219512195122,0.21951219512195122,8.009714219255457e-05,0.0086360272305847,0.0023631979728222547,0.2447371520374042,4.615592214816969,
Frangieh_Coculture_TNFA,Frangieh,2,greedy_ridge,41,10,0.24390243902439024,0.17073170731707318,0.002656465627382762,0.0016593826278670835,0.07837675619451115,0.04702539346405442,4.697007605913523,
Frangieh_Coculture_TNFA,Frangieh,2,linear_ucb,41,10,0.21951219512195122,0.17073170731707318,0.0013930630479448692,0.0040219437214234184,0.0411011389520327,0.11397822468066064,4.674434276997463,
Frangieh_Coculture_TNFA,Frangieh,2,diversity,41,10,0.1951219512195122,0.12195121951219512,-0.0011276474991462056,-0.0014017152069965661,-0.033270279202147486,-0.03972333326056846,5.133114823376215,
Frangieh_Coculture_TNFA,Frangieh,2,extra_trees,41,10,0.17073170731707318,0.12195121951219512,-0.004470433266304252,-0.0031276006507189916,-0.13189632667755036,-0.08863335600152737,4.616734544446007,
Frangieh_Coculture_TNFA,Frangieh,2,gated_random,41,10,0.24390243902439024,0.17073170731707318,0.007855563987290324,0.008832500768006415,0.23177172595635553,0.25030503327670983,4.729901307291693,
Frangieh_Coculture_TNFA,Frangieh,2,old_controller,41,10,0.1951219512195122,0.12195121951219512,-0.0011276474991462056,-0.0014017152069965661,-0.033270279202147486,-0.03972333326056846,5.133114823376215,
Frangieh_Coculture_TNFA,Frangieh,3,random,41,10,0.21951219512195122,0.1951219512195122,0.0053326814116496845,0.0053938971201598004,0.15733622394943436,0.15285813538145707,4.792905890595219,
Frangieh_Coculture_TNFA,Frangieh,3,fixed_ridge,41,10,0.12195121951219512,0.14634146341463414,-0.001775783475207659,0.0059699462580252135,-0.052392979248791306,0.16918284368430922,4.546368931696785,
Frangieh_Coculture_TNFA,Frangieh,3,greedy_ridge,41,10,0.14634146341463414,0.17073170731707318,0.0005046554987702901,0.005380491001550776,0.014889430746486876,0.15247821818103086,4.553363556848656,
Frangieh_Coculture_TNFA,Frangieh,3,linear_ucb,41,10,0.1951219512195122,0.1951219512195122,0.004570370335911827,0.008789183397624672,0.13484488481385262,0.2490774584233754,4.593557334968997,
Frangieh_Coculture_TNFA,Frangieh,3,diversity,41,10,0.12195121951219512,0.24390243902439024,-0.00578233282130762,0.0051834728654950295,-0.1706028058859754,0.14689490351207785,5.1138774699493785,
Frangieh_Coculture_TNFA,Frangieh,3,extra_trees,41,10,0.17073170731707318,0.17073170731707318,0.0039056939681117657,0.0019894733283007822,0.11523417459410681,0.056379863497691154,4.554050555351144,
Frangieh_Coculture_TNFA,Frangieh,3,gated_random,41,10,0.21951219512195122,0.1951219512195122,0.0053326814116496845,0.0053938971201598004,0.15733622394943436,0.15285813538145707,4.792905890595219,
Frangieh_Coculture_TNFA,Frangieh,3,old_controller,41,10,0.12195121951219512,0.24390243902439024,-0.00578233282130762,0.0051834728654950295,-0.1706028058859754,0.14689490351207785,5.1138774699493785,
Frangieh_Coculture_TNFA,Frangieh,4,random,41,10,0.17073170731707318,0.24390243902439024,0.0040701930337325365,0.011827476667074446,0.1200875794443275,0.33517992451868056,4.539182506642599,
Frangieh_Coculture_TNFA,Frangieh,4,fixed_ridge,41,10,0.17073170731707318,0.21951219512195122,0.0009251704924376467,0.012863973270370761,0.027296367540649246,0.36455329493706085,4.709056315236901,
Frangieh_Coculture_TNFA,Frangieh,4,greedy_ridge,41,10,0.17073170731707318,0.21951219512195122,-0.0012708553165353919,0.010421809660642703,-0.03749550390408302,0.2953446008586651,4.914251812066036,
Frangieh_Coculture_TNFA,Frangieh,4,linear_ucb,41,10,0.17073170731707318,0.1951219512195122,-0.0016846473207517841,0.009724708867559273,-0.0497040846195275,0.27558939881645206,4.9473224677065035,
Frangieh_Coculture_TNFA,Frangieh,4,diversity,41,10,0.0975609756097561,0.1951219512195122,-0.0057841033544199375,0.008161916131450515,-0.17065504395773812,0.23130127497804392,5.199793671672882,
Frangieh_Coculture_TNFA,Frangieh,4,extra_trees,41,10,0.17073170731707318,0.17073170731707318,-0.0021197742774741023,0.01034131990284943,-0.06254213494065475,0.29306359437680246,4.792515159664827,
Frangieh_Coculture_TNFA,Frangieh,4,gated_random,41,10,0.17073170731707318,0.24390243902439024,0.0040701930337325365,0.011827476667074446,0.1200875794443275,0.33517992451868056,4.539182506642599,
Frangieh_Coculture_TNFA,Frangieh,4,old_controller,41,10,0.0975609756097561,0.1951219512195122,-0.0057841033544199375,0.008161916131450515,-0.17065504395773812,0.23130127497804392,5.199793671672882,
Frangieh_Coculture_TNFA,Frangieh,5,random,41,10,0.17073170731707318,0.1951219512195122,-0.0017206557357003639,0.009064024747516268,-0.05076648223923853,0.2568662121452683,4.580370518920114,
Frangieh_Coculture_TNFA,Frangieh,5,fixed_ridge,41,10,0.17073170731707318,0.2682926829268293,-0.0013989205940018712,0.0108992318060653,-0.04127396086038921,0.30887430995644466,4.697468577410625,
Frangieh_Coculture_TNFA,Frangieh,5,greedy_ridge,41,10,0.12195121951219512,0.21951219512195122,-0.007242333874784281,0.005141330787085967,-0.2136788936894566,0.145700635363612,4.724409596938341,
Frangieh_Coculture_TNFA,Frangieh,5,linear_ucb,41,10,0.1951219512195122,0.24390243902439024,-0.001900063567671927,0.005401117139343322,-0.056059757544921596,0.15306274415415438,4.790064160073143,
Frangieh_Coculture_TNFA,Frangieh,5,diversity,41,10,0.0975609756097561,0.21951219512195122,-0.005671548534036667,0.0063562844868699925,-0.1673342098295781,0.18013131748205158,5.094427895779004,
Frangieh_Coculture_TNFA,Frangieh,5,extra_trees,41,10,0.21951219512195122,0.1951219512195122,0.0009001551239932538,0.005045454875651092,0.02655831039679916,0.14298359929053642,4.699516211896648,
Frangieh_Coculture_TNFA,Frangieh,5,gated_random,41,10,0.14634146341463414,0.1951219512195122,-0.00525102799615806,0.004091435766525608,-0.15492710945818405,0.11594756599391322,4.564685890102383,
Frangieh_Coculture_TNFA,Frangieh,5,old_controller,41,10,0.0975609756097561,0.21951219512195122,-0.005671548534036667,0.0063562844868699925,-0.1673342098295781,0.18013131748205158,5.094427895779004,
Frangieh_Coculture_TNFA,Frangieh,6,random,41,10,0.12195121951219512,0.17073170731707318,-0.006889216157759739,0.000115982823760707,-0.20326045614977634,0.0032868476690212783,4.589931392891614,
Frangieh_Coculture_TNFA,Frangieh,6,fixed_ridge,41,10,0.17073170731707318,0.2926829268292683,-0.003287998436168666,0.006970418510190515,-0.09700959392929269,0.19753531677751943,4.818697770982502,
Frangieh_Coculture_TNFA,Frangieh,6,greedy_ridge,41,10,0.17073170731707318,0.3170731707317073,-0.005498161030276356,0.007339503854200026,-0.16221855918109385,0.20799485952093869,4.831505596548719,
Frangieh_Coculture_TNFA,Frangieh,6,linear_ucb,41,10,0.14634146341463414,0.2682926829268293,-0.007045995377511036,0.004517168273798379,-0.20788609352153464,0.12801243778943988,4.949353072238391,
Frangieh_Coculture_TNFA,Frangieh,6,diversity,41,10,0.04878048780487805,0.21951219512195122,-0.011550907720183445,0.005707070891854114,-0.3407996959863051,0.16173319505077324,5.0720250057350755,
Frangieh_Coculture_TNFA,Frangieh,6,extra_trees,41,10,0.0975609756097561,0.21951219512195122,-0.010743610211710997,-0.0005434705563347958,-0.31698107046156215,-0.015401460952150836,4.574438177606149,
Frangieh_Coculture_TNFA,Frangieh,6,gated_random,41,10,0.12195121951219512,0.17073170731707318,-0.006889216157759739,0.000115982823760707,-0.20326045614977634,0.0032868476690212783,4.589931392891614,
Frangieh_Coculture_TNFA,Frangieh,6,old_controller,41,10,0.04878048780487805,0.21951219512195122,-0.011550907720183445,0.005707070891854114,-0.3407996959863051,0.16173319505077324,5.0720250057350755,
Frangieh_Coculture_TNFA,Frangieh,7,random,41,10,0.0975609756097561,0.1951219512195122,-0.011783507769557562,-0.0014792727324389994,-0.3476623623700549,-0.04192124294624282,4.7091533644770935,
Frangieh_Coculture_TNFA,Frangieh,7,fixed_ridge,41,10,0.14634146341463414,0.1951219512195122,-0.0026983978652802545,0.004100129663922488,-0.07961393116583573,0.11619394313379562,4.661649969042918,
Frangieh_Coculture_TNFA,Frangieh,7,greedy_ridge,41,10,0.04878048780487805,0.17073170731707318,-0.013000996588236816,-0.001930605808163413,-0.38358333319969856,-0.054711611552525755,4.807644949846624,
Frangieh_Coculture_TNFA,Frangieh,7,linear_ucb,41,10,0.17073170731707318,0.1951219512195122,0.0008928085097652877,0.0034661675904247412,0.026341554800090112,0.09822803494188022,4.678788612109216,
Frangieh_Coculture_TNFA,Frangieh,7,diversity,41,10,0.0975609756097561,0.1951219512195122,-0.011833158802254403,-0.0006329541587384513,-0.34912727380891284,-0.017937344804943568,5.053898666025312,
Frangieh_Coculture_TNFA,Frangieh,7,extra_trees,41,10,0.14634146341463414,0.14634146341463414,-0.005625226180508454,-0.000835658404248405,-0.16596750823501857,-0.023681798640881515,4.543017456921769,
Frangieh_Coculture_TNFA,Frangieh,7,gated_random,41,10,0.0975609756097561,0.1951219512195122,-0.011783507769557562,-0.0014792727324389994,-0.3476623623700549,-0.04192124294624282,4.7091533644770935,
Frangieh_Coculture_TNFA,Frangieh,7,old_controller,41,10,0.0975609756097561,0.1951219512195122,-0.011833158802254403,-0.0006329541587384513,-0.34912727380891284,-0.017937344804943568,5.053898666025312,
Frangieh_Coculture_TNFA,Frangieh,8,random,41,10,0.17073170731707318,0.21951219512195122,0.007377688743105278,0.014022638282101292,0.21767242381639712,0.3973888068645883,4.5453198600251845,
Frangieh_Coculture_TNFA,Frangieh,8,fixed_ridge,41,10,0.14634146341463414,0.17073170731707318,-0.00532143428525137,0.003609901910184534,-0.1570043870626616,0.10230133475078594,4.699428438195938,
Frangieh_Coculture_TNFA,Frangieh,8,greedy_ridge,41,10,0.0975609756097561,0.14634146341463414,-0.005571398424907891,0.005195604281800383,-0.16437936614361887,0.14723869680932886,4.665861361339102,
Frangieh_Coculture_TNFA,Frangieh,8,linear_ucb,41,10,0.12195121951219512,0.17073170731707318,-0.009936631017858782,0.004823512831446144,-0.293171836538625,0.1366939637479675,4.759106364307898,
Frangieh_Coculture_TNFA,Frangieh,8,diversity,41,10,0.0975609756097561,0.14634146341463414,-0.007255735401823244,0.0006079171385789029,-0.21407429433252906,0.01722781843989804,5.015056672794765,
Frangieh_Coculture_TNFA,Frangieh,8,extra_trees,41,10,0.17073170731707318,0.1951219512195122,0.006474185420669805,0.010248367410514254,0.19101532767575408,0.2904294053403988,4.6540415221835705,
Frangieh_Coculture_TNFA,Frangieh,8,gated_random,41,10,0.17073170731707318,0.14634146341463414,0.005092312149294555,0.002203915055504021,0.15024433355263536,0.06245694688249531,4.566100965697316,
Frangieh_Coculture_TNFA,Frangieh,8,old_controller,41,10,0.0975609756097561,0.14634146341463414,-0.007255735401823244,0.0006079171385789029,-0.21407429433252906,0.01722781843989804,5.015056672794765,
Frangieh_Coculture_TNFA,Frangieh,9,random,41,10,0.14634146341463414,0.21951219512195122,0.0025639745307099917,0.008695141090405853,0.07564788514895324,0.24641238502501348,4.542163225519008,
Frangieh_Coculture_TNFA,Frangieh,9,fixed_ridge,41,10,0.07317073170731707,0.2682926829268293,-0.005431611707404616,0.007900870792310853,-0.16025507808054335,0.22390348764506515,4.880351834427575,
Frangieh_Coculture_TNFA,Frangieh,9,greedy_ridge,41,10,0.0975609756097561,0.2682926829268293,-0.006876873525981665,0.007726371883278131,-0.20289629730966297,0.21895834737512057,4.835506501177463,
Frangieh_Coculture_TNFA,Frangieh,9,linear_ucb,41,10,0.14634146341463414,0.2682926829268293,-0.0024360587608903933,0.009335893370169612,-0.07187383928845345,0.26457072148271815,4.922011488833679,
Frangieh_Coculture_TNFA,Frangieh,9,diversity,41,10,0.0975609756097561,0.1951219512195122,-0.008294163911580667,0.003955299091309093,-0.2447122432281351,0.1120895765167222,5.134888020069375,
Frangieh_Coculture_TNFA,Frangieh,9,extra_trees,41,10,0.14634146341463414,0.21951219512195122,-0.0020266114867927556,0.005194986575761583,-0.059793446135361916,0.1472211915823656,4.835664386227622,
Frangieh_Coculture_TNFA,Frangieh,9,gated_random,41,10,0.14634146341463414,0.21951219512195122,0.0025639745307099917,0.008695141090405853,0.07564788514895324,0.24641238502501348,4.542163225519008,
Frangieh_Coculture_TNFA,Frangieh,9,old_controller,41,10,0.0975609756097561,0.1951219512195122,-0.008294163911580667,0.003955299091309093,-0.2447122432281351,0.1120895765167222,5.134888020069375,
Frangieh_Coculture_TNFA,Frangieh,10,random,41,10,0.12195121951219512,0.21951219512195122,-0.0048614359301942175,0.012034930890810296,-0.14343252731316752,0.3410589884145693,4.805328940927459,
Frangieh_Coculture_TNFA,Frangieh,10,fixed_ridge,41,10,0.21951219512195122,0.1951219512195122,-0.00030040313533172226,0.006416336405855587,-0.008863138696493536,0.18183313421265032,4.664965873965234,
Frangieh_Coculture_TNFA,Frangieh,10,greedy_ridge,41,10,0.12195121951219512,0.12195121951219512,-0.005708353275861792,-0.0003054900194193808,-0.16842010239566105,-0.008657309122853315,4.555687401753058,
Frangieh_Coculture_TNFA,Frangieh,10,linear_ucb,41,10,0.17073170731707318,0.1951219512195122,-0.0002542813986281223,0.007286386895220519,-0.007502356130506795,0.2064895732453821,4.7287939120060445,
Frangieh_Coculture_TNFA,Frangieh,10,diversity,41,10,0.12195121951219512,0.21951219512195122,-0.005699305015358391,0.0046640022885847815,-0.1681531411746502,0.13217358013435687,5.037120357927315,
Frangieh_Coculture_TNFA,Frangieh,10,extra_trees,41,10,0.17073170731707318,0.17073170731707318,0.0012279164117130518,0.00413239152089049,0.036228628082378686,0.11710821479864447,4.503702508918507,
Frangieh_Coculture_TNFA,Frangieh,10,gated_random,41,10,0.12195121951219512,0.21951219512195122,-0.0048614359301942175,0.012034930890810296,-0.14343252731316752,0.3410589884145693,4.805328940927459,
Frangieh_Coculture_TNFA,Frangieh,10,old_controller,41,10,0.12195121951219512,0.21951219512195122,-0.005699305015358391,0.0046640022885847815,-0.1681531411746502,0.13217358013435687,5.037120357927315,
Frangieh_Coculture_TNFA,Frangieh,11,random,41,10,0.1951219512195122,0.07317073170731707,-0.0006472153966572972,-0.004430434654585046,-0.019095539135253328,-0.12555448595749197,4.790699862765354,
Frangieh_Coculture_TNFA,Frangieh,11,fixed_ridge,41,10,0.17073170731707318,0.1951219512195122,0.0024244151472129455,0.004284103935332375,0.07153030438214279,0.12140760654994995,4.801976992094516,
Frangieh_Coculture_TNFA,Frangieh,11,greedy_ridge,41,10,0.17073170731707318,0.21951219512195122,-0.0037289720246435534,0.006582000422823623,-0.11002014414151834,0.1865279016821466,4.77337336132516,
Frangieh_Coculture_TNFA,Frangieh,11,linear_ucb,41,10,0.1951219512195122,0.21951219512195122,0.0031530685327629984,0.009972442209923792,0.09302860203029562,0.2826099362761162,4.745081114160262,
Frangieh_Coculture_TNFA,Frangieh,11,diversity,41,10,0.17073170731707318,0.12195121951219512,-0.00040813415225914176,0.0015960692600634648,-0.012041650611449512,0.04523115024220839,5.156021037112608,
Frangieh_Coculture_TNFA,Frangieh,11,extra_trees,41,10,0.17073170731707318,0.21951219512195122,0.0023375420089333855,0.009928525858830941,0.06896718641494462,0.2813653868545633,4.810922010960965,
Frangieh_Coculture_TNFA,Frangieh,11,gated_random,41,10,0.1951219512195122,0.07317073170731707,-0.0006472153966572972,-0.004430434654585046,-0.019095539135253328,-0.12555448595749197,4.790699862765354,
Frangieh_Coculture_TNFA,Frangieh,11,old_controller,41,10,0.17073170731707318,0.12195121951219512,-0.00040813415225914176,0.0015960692600634648,-0.012041650611449512,0.04523115024220839,5.156021037112608,
Frangieh_Coculture_TNFA,Frangieh,12,random,41,10,0.14634146341463414,0.1951219512195122,4.76629850560951e-05,2.3638290468074587e-05,0.0014062557861607644,0.0006698876385777457,4.649662470875508,
Frangieh_Coculture_TNFA,Frangieh,12,fixed_ridge,41,10,0.14634146341463414,0.1951219512195122,0.0009511567895349539,0.0041164364086972195,0.028063071107599,0.11665606143988835,4.643330394590554,
Frangieh_Coculture_TNFA,Frangieh,12,greedy_ridge,41,10,0.1951219512195122,0.3170731707317073,0.0005453175476800658,0.008689338150451899,0.016089129873371754,0.24624793498799355,4.685710886528217,
Frangieh_Coculture_TNFA,Frangieh,12,linear_ucb,41,10,0.17073170731707318,0.1951219512195122,-0.0015301080426560459,-7.40201779497867e-05,-0.04514453481887043,-0.002097664477084582,4.780664990892237,
Frangieh_Coculture_TNFA,Frangieh,12,diversity,41,10,0.0975609756097561,0.17073170731707318,-0.006492729680549812,-0.003350882766640165,-0.19156246027195295,-0.09496096795693036,5.051214182324636,
Frangieh_Coculture_TNFA,Frangieh,12,extra_trees,41,10,0.14634146341463414,0.2682926829268293,-0.0027012482374877663,0.003600807883621079,-0.07969802897055375,0.10204361831448171,4.702765502184104,
Frangieh_Coculture_TNFA,Frangieh,12,gated_random,41,10,0.14634146341463414,0.1951219512195122,4.76629850560951e-05,2.3638290468074587e-05,0.0014062557861607644,0.0006698876385777457,4.649662470875508,
Frangieh_Coculture_TNFA,Frangieh,12,old_controller,41,10,0.12195121951219512,0.17073170731707318,-0.006346245079588731,-0.0011269562130435571,-0.18724055686110838,-0.03193691343102271,5.010344741140082,
Frangieh_Coculture_TNFA,Frangieh,13,random,41,10,0.0975609756097561,0.12195121951219512,-0.007252986693674534,0.0012179954818256318,-0.21399319603929287,0.034516883453162645,4.492305240374414,
Frangieh_Coculture_TNFA,Frangieh,13,fixed_ridge,41,10,0.1951219512195122,0.1951219512195122,0.004400575685819578,0.005993329599516599,0.12983523825331197,0.16984550630091752,4.77920864774815,
Frangieh_Coculture_TNFA,Frangieh,13,greedy_ridge,41,10,0.14634146341463414,0.17073170731707318,-0.0032623552861665234,0.0031521275021130575,-0.09625301462517523,0.08932842464806542,4.663521472160353,
Frangieh_Coculture_TNFA,Frangieh,13,linear_ucb,41,10,0.1951219512195122,0.24390243902439024,-0.0030565595627987567,0.007089176139260498,-0.09018118705473535,0.20090079990364598,4.797632042969208,
Frangieh_Coculture_TNFA,Frangieh,13,diversity,41,10,0.12195121951219512,0.1951219512195122,-0.005373981730888786,0.0012554696124092981,-0.15855475469886016,0.03557886620857174,5.104715078880496,
Frangieh_Coculture_TNFA,Frangieh,13,extra_trees,41,10,0.17073170731707318,0.14634146341463414,0.003519195127472812,0.0025054690827521495,0.10383085542823238,0.07100271356937503,4.764890793390968,
Frangieh_Coculture_TNFA,Frangieh,13,gated_random,41,10,0.17073170731707318,0.21951219512195122,-0.0032379094679851773,0.007285399539986371,-0.09553176157682979,0.20646159249664167,4.791257581933787,
Frangieh_Coculture_TNFA,Frangieh,13,old_controller,41,10,0.07317073170731707,0.14634146341463414,-0.00869947187358324,-0.0035342817725291637,-0.2566705095027368,-0.10015832887177381,5.0781964600256595,
Frangieh_Coculture_TNFA,Frangieh,14,random,41,10,0.17073170731707318,0.2682926829268293,0.0059514938198186795,0.015869459768631734,0.17559375709620575,0.4497260469944279,4.783495340338194,
Frangieh_Coculture_TNFA,Frangieh,14,fixed_ridge,41,10,0.12195121951219512,0.24390243902439024,-0.005658791927679113,0.006462158257134708,-0.16695783702202163,0.18313168377527997,4.751230650832167,
Frangieh_Coculture_TNFA,Frangieh,14,greedy_ridge,41,10,0.14634146341463414,0.2926829268292683,-0.001359897913592801,0.01126069790598798,-0.040122629905096054,0.31911793025674273,4.816681598912139,
Frangieh_Coculture_TNFA,Frangieh,14,linear_ucb,41,10,0.17073170731707318,0.2682926829268293,0.0012522092275556182,0.012153456178426853,0.0369453669270092,0.3444178871953605,4.8342550697008075,
Frangieh_Coculture_TNFA,Frangieh,14,diversity,41,10,0.0975609756097561,0.21951219512195122,-0.007040803772551234,0.005794797587197384,-0.20773291963816182,0.16421928975644165,5.132948657952322,
Frangieh_Coculture_TNFA,Frangieh,14,extra_trees,41,10,0.17073170731707318,0.24390243902439024,0.0015647719352573709,0.011090753793874843,0.046167263451667946,0.31430186878616323,4.704369086991292,
Frangieh_Coculture_TNFA,Frangieh,14,gated_random,41,10,0.17073170731707318,0.2682926829268293,0.0059514938198186795,0.015869459768631734,0.17559375709620575,0.4497260469944279,4.783495340338194,
Frangieh_Coculture_TNFA,Frangieh,14,old_controller,41,10,0.0975609756097561,0.21951219512195122,-0.007040803772551234,0.005794797587197384,-0.20773291963816182,0.16421928975644165,5.132948657952322,
Frangieh_Coculture_TNFA,Frangieh,15,random,41,10,0.14634146341463414,0.14634146341463414,0.0012449179692096675,-0.0014785408971555874,0.03673024455846013,-0.04190050340035667,4.698331217927595,
Frangieh_Coculture_TNFA,Frangieh,15,fixed_ridge,41,10,0.12195121951219512,0.17073170731707318,-0.0010188292992852246,0.006503538290893086,-0.03005969088053891,0.1843043562718848,4.77902780285981,
Frangieh_Coculture_TNFA,Frangieh,15,greedy_ridge,41,10,0.1951219512195122,0.17073170731707318,0.002242581444736141,0.010620968576199968,0.0661654558329783,0.30098858327036054,4.86925838022154,
Frangieh_Coculture_TNFA,Frangieh,15,linear_ucb,41,10,0.12195121951219512,0.21951219512195122,-0.0032225555433408543,0.010390839244299998,-0.09507875710499605,0.29446692744579267,4.907591106803784,
Frangieh_Coculture_TNFA,Frangieh,15,diversity,41,10,0.17073170731707318,0.1951219512195122,0.003281258135300956,0.011981944936865338,0.09681072709196545,0.3395574147024637,5.113478340808957,
Frangieh_Coculture_TNFA,Frangieh,15,extra_trees,41,10,0.12195121951219512,0.14634146341463414,-0.0016435875476001737,0.008743289473057147,-0.04849265097757358,0.2477768663693465,4.571095108438046,
Frangieh_Coculture_TNFA,Frangieh,15,gated_random,41,10,0.14634146341463414,0.14634146341463414,0.0012449179692096675,-0.0014785408971555874,0.03673024455846013,-0.04190050340035667,4.698331217927595,
Frangieh_Coculture_TNFA,Frangieh,15,old_controller,41,10,0.17073170731707318,0.1951219512195122,0.003281258135300956,0.011981944936865338,0.09681072709196545,0.3395574147024637,5.113478340808957,
Frangieh_Coculture_TNFA,Frangieh,16,random,41,10,0.0975609756097561,0.12195121951219512,-0.006194620419387279,3.7071121152636756e-05,-0.1827670003794485,0.0010505618349139492,4.619737835990246,
Frangieh_Coculture_TNFA,Frangieh,16,fixed_ridge,41,10,0.0975609756097561,0.12195121951219512,-0.0073245666641320595,-0.004860626384491189,-0.21610510211296083,-0.13774572806409488,4.871681727351672,
Frangieh_Coculture_TNFA,Frangieh,16,greedy_ridge,41,10,0.12195121951219512,0.12195121951219512,-0.00018172040278441226,-0.0024805781733334975,-0.005361505738222023,-0.07029732784975062,4.815107387339511,
Frangieh_Coculture_TNFA,Frangieh,16,linear_ucb,41,10,0.12195121951219512,0.12195121951219512,-0.0003945223499138649,0.001080311935874042,-0.011640045974526452,0.030615057067151844,4.932031601708798,
Frangieh_Coculture_TNFA,Frangieh,16,diversity,41,10,0.04878048780487805,0.14634146341463414,-0.01003696407719719,0.0013579403134893143,-0.29613207801472624,0.03848279261825044,5.023801641990833,
Frangieh_Coculture_TNFA,Frangieh,16,extra_trees,41,10,0.17073170731707318,0.0975609756097561,-0.0024597795580432397,0.0015336414839557063,-0.07257370120875234,0.04346200388304307,4.64004678692187,
Frangieh_Coculture_TNFA,Frangieh,16,gated_random,41,10,0.17073170731707318,0.14634146341463414,-0.0010587496656220274,0.0055655568982066785,-0.031237507294695863,0.15772281726316548,4.610055325096779,
Frangieh_Coculture_TNFA,Frangieh,16,old_controller,41,10,0.12195121951219512,0.12195121951219512,-0.004548995313805154,-0.002419990087820526,-0.1342142329887215,-0.06858031664773298,5.040947424855245,
Frangieh_Coculture_TNFA,Frangieh,17,random,41,10,0.1951219512195122,0.1951219512195122,0.010373028281182679,0.009733422106793161,0.3060473661742888,0.2758363240863922,4.687047133624706,
Frangieh_Coculture_TNFA,Frangieh,17,fixed_ridge,41,10,0.1951219512195122,0.21951219512195122,0.005617968252390356,0.004850068483803657,0.1657533692464596,0.13744652676739105,4.619378748169963,
Frangieh_Coculture_TNFA,Frangieh,17,greedy_ridge,41,10,0.1951219512195122,0.1951219512195122,0.009074891108970778,0.009955174622474191,0.2677469343506233,0.2821205885630838,4.752299606427469,
Frangieh_Coculture_TNFA,Frangieh,17,linear_ucb,41,10,0.0975609756097561,0.14634146341463414,-0.000975828156947225,0.004016155108564847,-0.028790978793934052,0.11381418066048472,4.921769395793548,
Frangieh_Coculture_TNFA,Frangieh,17,diversity,41,10,0.12195121951219512,0.1951219512195122,-0.003282228254556274,0.004074473484497019,-0.09683934963447828,0.11546687035865283,5.129677570742289,
Frangieh_Coculture_TNFA,Frangieh,17,extra_trees,41,10,0.14634146341463414,0.2682926829268293,0.0014548220531049598,0.009481620672271327,0.04292328580774676,0.26870050059737405,4.605051939303654,
Frangieh_Coculture_TNFA,Frangieh,17,gated_random,41,10,0.14634146341463414,0.14634146341463414,-0.0005090736866812243,0.0003577564580866681,-0.01501978561844432,0.010138492426822993,4.72690329612558,
Frangieh_Coculture_TNFA,Frangieh,17,old_controller,41,10,0.1951219512195122,0.21951219512195122,0.007457139487109299,0.009409100762190934,0.2200165503611139,0.2666453523463092,5.05374037202898,
Frangieh_Coculture_TNFA,Frangieh,18,random,41,10,0.17073170731707318,0.24390243902439024,-0.0001560495365261413,0.009186378172002548,-0.004604108689569565,0.2603335968409472,4.576894765518272,
Frangieh_Coculture_TNFA,Frangieh,18,fixed_ridge,41,10,0.12195121951219512,0.1951219512195122,-0.005480526938172989,0.005900551568088241,-0.16169828031008177,0.16721626132783562,4.649132704528366,
Frangieh_Coculture_TNFA,Frangieh,18,greedy_ridge,41,10,0.12195121951219512,0.17073170731707318,-0.004288472626115657,-0.00025999637778461394,-0.12652773293929462,-0.007368060722839956,4.734283064021469,
Frangieh_Coculture_TNFA,Frangieh,18,linear_ucb,41,10,0.12195121951219512,0.14634146341463414,-0.005991203513942181,-0.0024046862104104933,-0.1767653578061094,-0.06814661869004285,4.801950814383855,
Frangieh_Coculture_TNFA,Frangieh,18,diversity,41,10,0.0975609756097561,0.21951219512195122,-0.008814733136202497,0.001418857065894057,-0.26007119490437,0.04020911794086004,5.088922953368868,
Frangieh_Coculture_TNFA,Frangieh,18,extra_trees,41,10,0.14634146341463414,0.21951219512195122,-0.0020134572588105175,0.012330698116457652,-0.05940534184036802,0.3494407624106706,4.729299579319666,
Frangieh_Coculture_TNFA,Frangieh,18,gated_random,41,10,0.17073170731707318,0.24390243902439024,-0.0001560495365261413,0.009186378172002548,-0.004604108689569565,0.2603335968409472,4.576894765518272,
Frangieh_Coculture_TNFA,Frangieh,18,old_controller,41,10,0.0975609756097561,0.21951219512195122,-0.008814733136202497,0.001418857065894057,-0.26007119490437,0.04020911794086004,5.088922953368868,
Frangieh_Coculture_TNFA,Frangieh,19,random,41,10,0.17073170731707318,0.21951219512195122,-0.0057325789108114,0.009302270563399178,-0.16913485912525342,0.2636178817390733,4.566776162392476,
Frangieh_Coculture_TNFA,Frangieh,19,fixed_ridge,41,10,0.0975609756097561,0.21951219512195122,-0.009578491095403235,0.0007049518934939074,-0.2826052231044151,0.019977695082533158,4.653153814436188,
Frangieh_Coculture_TNFA,Frangieh,19,greedy_ridge,41,10,0.14634146341463414,0.21951219512195122,-0.005120571372931773,0.0029006161618891765,-0.15107809788161053,0.08220082216743549,4.665023796927672,
Frangieh_Coculture_TNFA,Frangieh,19,linear_ucb,41,10,0.12195121951219512,0.21951219512195122,-0.0077324426596093055,-0.0015461367334241329,-0.22813913602839664,-0.0438161078810098,4.726321962709728,
Frangieh_Coculture_TNFA,Frangieh,19,diversity,41,10,0.0975609756097561,0.14634146341463414,-0.006112508922043212,-0.00031560149510139173,-0.18034437057322633,-0.00894385914119355,5.114723485399403,
Frangieh_Coculture_TNFA,Frangieh,19,extra_trees,41,10,0.024390243902439025,0.24390243902439024,-0.012739933238233485,0.010180623796558251,-0.3758808813691087,0.2885096129745761,4.726452734831492,
Frangieh_Coculture_TNFA,Frangieh,19,gated_random,41,10,0.17073170731707318,0.21951219512195122,-0.0057325789108114,0.009302270563399178,-0.16913485912525342,0.2636178817390733,4.566776162392476,
Frangieh_Coculture_TNFA,Frangieh,19,old_controller,41,10,0.0975609756097561,0.14634146341463414,-0.006112508922043212,-0.00031560149510139173,-0.18034437057322633,-0.00894385914119355,5.114723485399403,
Frangieh_Coculture_TNFA,Frangieh,20,random,41,10,0.1951219512195122,0.2682926829268293,0.006340055433641358,0.00890787414557492,0.18705793662828965,0.25244104619943736,4.73410195557231,
Frangieh_Coculture_TNFA,Frangieh,20,fixed_ridge,41,10,0.07317073170731707,0.24390243902439024,-0.009028982868485193,0.012529443968445334,-0.2663924508087441,0.35507303897673465,4.812145503614144,
Frangieh_Coculture_TNFA,Frangieh,20,greedy_ridge,41,10,0.0975609756097561,0.24390243902439024,-0.007736323420528459,0.003501954584958592,-0.22825363457461323,0.09924220579710571,4.776226470489349,
Frangieh_Coculture_TNFA,Frangieh,20,linear_ucb,41,10,0.14634146341463414,0.24390243902439024,-0.0032714753268086472,0.009157087018646566,-0.09652209365805396,0.25950351221281565,4.8485679851382235,
Frangieh_Coculture_TNFA,Frangieh,20,diversity,41,10,0.12195121951219512,0.17073170731707318,-0.005099973814257074,0.004572313042600334,-0.15047038445298258,0.1295751903498481,5.114139804223558,
Frangieh_Coculture_TNFA,Frangieh,20,extra_trees,41,10,0.14634146341463414,0.1951219512195122,-0.0023282350406506683,0.00558515060843261,-0.06869259224121038,0.15827808517866696,4.708710810922636,
Frangieh_Coculture_TNFA,Frangieh,20,gated_random,41,10,0.1951219512195122,0.2682926829268293,0.006340055433641358,0.00890787414557492,0.18705793662828965,0.25244104619943736,4.73410195557231,
Frangieh_Coculture_TNFA,Frangieh,20,old_controller,41,10,0.12195121951219512,0.17073170731707318,-0.005099973814257074,0.004572313042600334,-0.15047038445298258,0.1295751903498481,5.114139804223558,
Frangieh_Coculture_TNFA,Frangieh,21,random,41,10,0.1951219512195122,0.1951219512195122,-0.002075016074535966,0.0015679108553669902,-0.061221582277286406,0.04443316668016892,4.542018723817287,
Frangieh_Coculture_TNFA,Frangieh,21,fixed_ridge,41,10,0.21951219512195122,0.17073170731707318,0.005325585649208518,0.010269305213989824,0.15712686952107935,0.29102276363533125,4.563727350280656,
Frangieh_Coculture_TNFA,Frangieh,21,greedy_ridge,41,10,0.21951219512195122,0.1951219512195122,0.0010969547296779596,0.013214462175573363,0.032364715175739536,0.37448583152937365,4.6480304892983435,
Frangieh_Coculture_TNFA,Frangieh,21,linear_ucb,41,10,0.1951219512195122,0.14634146341463414,0.0015509010555364241,0.004414762874307645,0.04575801495739583,0.12511036196737024,4.677966241692864,
Frangieh_Coculture_TNFA,Frangieh,21,diversity,41,10,0.14634146341463414,0.17073170731707318,-0.002566264684600647,0.0046990346722344265,-0.07571545418929224,0.1331663660038979,5.067627360405426,
Frangieh_Coculture_TNFA,Frangieh,21,extra_trees,41,10,0.21951219512195122,0.1951219512195122,0.0026951045800157327,0.010059330962995437,0.07951676558853794,0.2850722844604208,4.575914437321629,
Frangieh_Coculture_TNFA,Frangieh,21,gated_random,41,10,0.1951219512195122,0.1951219512195122,-0.002075016074535966,0.0015679108553669902,-0.061221582277286406,0.04443316668016892,4.542018723817287,
Frangieh_Coculture_TNFA,Frangieh,21,old_controller,41,10,0.14634146341463414,0.17073170731707318,-0.002566264684600647,0.0046990346722344265,-0.07571545418929224,0.1331663660038979,5.067627360405426,
Frangieh_Coculture_TNFA,Frangieh,22,random,41,10,0.1951219512195122,0.24390243902439024,0.003145960380556609,0.01359128780508208,0.09281888205246833,0.3851647269193806,4.549068359651869,
Frangieh_Coculture_TNFA,Frangieh,22,fixed_ridge,41,10,0.1951219512195122,0.2682926829268293,0.005296725725522226,0.006372801087496428,0.15627538204868874,0.1805993829119911,4.732566632974655,
Frangieh_Coculture_TNFA,Frangieh,22,greedy_ridge,41,10,0.24390243902439024,0.1951219512195122,0.001413300994563032,-0.001110363592041907,0.04169824233316398,-0.031466693652836004,4.7492888124827255,
Frangieh_Coculture_TNFA,Frangieh,22,linear_ucb,41,10,0.24390243902439024,0.3170731707317073,0.00036021468870175207,0.005316041936870354,0.010627827645515033,0.1506517903432978,4.7965330136719455,
Frangieh_Coculture_TNFA,Frangieh,22,diversity,41,10,0.12195121951219512,0.2682926829268293,-0.00017874222900366343,0.010503817556540887,-0.005273637256916429,0.29766862999275834,5.040159418901786,
Frangieh_Coculture_TNFA,Frangieh,22,extra_trees,41,10,0.17073170731707318,0.1951219512195122,0.0030982413282631418,0.007373641548264989,0.09141097205021355,0.20896229070190983,4.5621801196238305,
Frangieh_Coculture_TNFA,Frangieh,22,gated_random,41,10,0.1951219512195122,0.24390243902439024,0.003145960380556609,0.01359128780508208,0.09281888205246833,0.3851647269193806,4.549068359651869,
Frangieh_Coculture_TNFA,Frangieh,22,old_controller,41,10,0.12195121951219512,0.2682926829268293,-0.00017874222900366343,0.010503817556540887,-0.005273637256916429,0.29766862999275834,5.040159418901786,
Frangieh_Coculture_TNFA,Frangieh,23,random,41,10,0.2682926829268293,0.2682926829268293,0.011358647646083998,0.017019043259245345,0.33512722622110164,0.48230419687862475,4.696851618854242,
Frangieh_Coculture_TNFA,Frangieh,23,fixed_ridge,41,10,0.14634146341463414,0.3170731707317073,-0.002336566009460515,0.007915267468979708,-0.06893839038162025,0.22431147635939674,4.672042385519241,
Frangieh_Coculture_TNFA,Frangieh,23,greedy_ridge,41,10,0.14634146341463414,0.24390243902439024,0.0011030220336232088,0.0079756008565743,0.03254372581196723,0.22602126965420896,4.699513413229424,
Frangieh_Coculture_TNFA,Frangieh,23,linear_ucb,41,10,0.1951219512195122,0.2682926829268293,0.004429521341582,0.007555532541296759,0.13068925517760277,0.21411691590482698,4.8095980503576845,
Frangieh_Coculture_TNFA,Frangieh,23,diversity,41,10,0.17073170731707318,0.1951219512195122,0.00415509674984574,0.004377079646522112,0.1225925912875896,0.1240424535875603,5.145150326165216,
Frangieh_Coculture_TNFA,Frangieh,23,extra_trees,41,10,0.17073170731707318,0.24390243902439024,0.0018372364242818468,0.005073577210785114,0.054206096180316105,0.14378056067400302,4.687658827352043,
Frangieh_Coculture_TNFA,Frangieh,23,gated_random,41,10,0.2682926829268293,0.2682926829268293,0.011358647646083998,0.017019043259245345,0.33512722622110164,0.48230419687862475,4.696851618854242,
Frangieh_Coculture_TNFA,Frangieh,23,old_controller,41,10,0.17073170731707318,0.1951219512195122,0.00415509674984574,0.004377079646522112,0.1225925912875896,0.1240424535875603,5.145150326165216,
Frangieh_Coculture_TNFA,Frangieh,24,random,41,10,0.14634146341463414,0.14634146341463414,-0.00044262433625133203,-0.0055970559515072125,-0.013059254119657913,-0.1586154717663085,4.635146005491239,
Frangieh_Coculture_TNFA,Frangieh,24,fixed_ridge,41,10,0.14634146341463414,0.07317073170731707,-0.011127620754827431,-0.006911313383628051,-0.3283109745279707,-0.19586033128251326,4.592344120281816,
Frangieh_Coculture_TNFA,Frangieh,24,greedy_ridge,41,10,0.17073170731707318,0.12195121951219512,-0.006665403334329401,0.00011026738932290854,-0.1966570493846425,0.0031248774586901335,4.5738278600717726,
Frangieh_Coculture_TNFA,Frangieh,24,linear_ucb,41,10,0.14634146341463414,0.12195121951219512,-0.0075094071652779286,0.0005622118754106464,-0.22155866369638486,0.015932572878223052,4.553575553531585,
Frangieh_Coculture_TNFA,Frangieh,24,diversity,41,10,0.04878048780487805,0.1951219512195122,-0.007955992055494977,0.001575297259248526,-0.23473477058814957,0.04464249064378069,5.06435137965836,
Frangieh_Coculture_TNFA,Frangieh,24,extra_trees,41,10,0.14634146341463414,0.1951219512195122,0.002151403249154908,0.008166956280964944,0.06347532081611136,0.23144410822822584,4.430345680827146,
Frangieh_Coculture_TNFA,Frangieh,24,gated_random,41,10,0.14634146341463414,0.14634146341463414,-0.00044262433625133203,-0.0055970559515072125,-0.013059254119657913,-0.1586154717663085,4.635146005491239,
Frangieh_Coculture_TNFA,Frangieh,24,old_controller,41,10,0.04878048780487805,0.1951219512195122,-0.007955992055494977,0.001575297259248526,-0.23473477058814957,0.04464249064378069,5.06435137965836,
Frangieh_Coculture_TNFA,Frangieh,25,random,41,10,0.07317073170731707,0.21951219512195122,-0.004632511164941707,0.0034262540962431676,-0.13667829705769866,0.09709692284217943,4.393978491951638,
Frangieh_Coculture_TNFA,Frangieh,25,fixed_ridge,41,10,0.14634146341463414,0.2682926829268293,4.4645395266302494e-05,0.012285586698983657,0.0013172243690734529,0.3481623458955101,4.7467071328016415,
Frangieh_Coculture_TNFA,Frangieh,25,greedy_ridge,41,10,0.17073170731707318,0.2682926829268293,0.0009214590139553949,0.009969934203829908,0.027186863528579186,0.28253886166596026,4.721841739201658,
Frangieh_Coculture_TNFA,Frangieh,25,linear_ucb,41,10,0.1951219512195122,0.24390243902439024,-0.0004067944603075038,0.005074591623251734,-0.012002124141245293,0.14380930820008683,4.788530198787238,
Frangieh_Coculture_TNFA,Frangieh,25,diversity,41,10,0.07317073170731707,0.12195121951219512,-0.0038787529515208813,-0.003439359415786577,-0.11443930284150056,-0.09746831567084435,5.0507696963830835,
Frangieh_Coculture_TNFA,Frangieh,25,extra_trees,41,10,0.17073170731707318,0.21951219512195122,-0.0003725735214552821,-0.0016872782326488734,-0.010992464481613118,-0.04781592951568681,4.77198854178586,
Frangieh_Coculture_TNFA,Frangieh,25,gated_random,41,10,0.07317073170731707,0.21951219512195122,-0.004632511164941707,0.0034262540962431676,-0.13667829705769866,0.09709692284217943,4.393978491951638,
Frangieh_Coculture_TNFA,Frangieh,25,old_controller,41,10,0.07317073170731707,0.12195121951219512,-0.0038787529515208813,-0.003439359415786577,-0.11443930284150056,-0.09746831567084435,5.0507696963830835,
Frangieh_Coculture_TNFA,Frangieh,26,random,41,10,0.12195121951219512,0.24390243902439024,-0.0023077163572815754,0.00276165690922015,-0.06808720596130727,0.0782628434140775,4.635643861576974,
Frangieh_Coculture_TNFA,Frangieh,26,fixed_ridge,41,10,0.1951219512195122,0.24390243902439024,0.0037901059341667732,0.007119018334272252,0.11182384808277333,0.20174650055079724,4.61937333749222,
Frangieh_Coculture_TNFA,Frangieh,26,greedy_ridge,41,10,0.14634146341463414,0.2926829268292683,-0.001991925484824422,0.012660093506479585,-0.058770065184518265,0.35877552798004225,4.575453600975545,
Frangieh_Coculture_TNFA,Frangieh,26,linear_ucb,41,10,0.14634146341463414,0.21951219512195122,-0.003283774484789926,0.004121440983533408,-0.09688496984081346,0.11679788653606558,4.655177053750267,
Frangieh_Coculture_TNFA,Frangieh,26,diversity,41,10,0.0975609756097561,0.17073170731707318,-0.01031503404526606,-0.003091118485306959,-0.3043362956291743,-0.08759948463629155,5.05636452734218,
Frangieh_Coculture_TNFA,Frangieh,26,extra_trees,41,10,0.0975609756097561,0.21951219512195122,-0.0071247588118979206,0.0004759222750367487,-0.2102099415812836,0.01348720413608169,4.666804627777637,
Frangieh_Coculture_TNFA,Frangieh,26,gated_random,41,10,0.17073170731707318,0.21951219512195122,-0.004392151266268989,0.008288285141589701,-0.12958668292837547,0.23488245771652821,4.524982296762363,
Frangieh_Coculture_TNFA,Frangieh,26,old_controller,41,10,0.07317073170731707,0.12195121951219512,-0.010056410205694033,-0.0049066125141346605,-0.2967058194764691,-0.13904893312605993,4.914013602304287,
Frangieh_Coculture_TNFA,Frangieh,27,random,41,10,0.2682926829268293,0.1951219512195122,0.008682454529605952,0.010084179153741277,0.25616842725998623,0.28577645957173614,4.661623355618602,
Frangieh_Coculture_TNFA,Frangieh,27,fixed_ridge,41,10,0.21951219512195122,0.14634146341463414,0.009016325202049138,0.011299118194047886,0.2660189971393181,0.3202067262539274,4.560504425309429,
Frangieh_Coculture_TNFA,Frangieh,27,greedy_ridge,41,10,0.17073170731707318,0.17073170731707318,0.00926024097557652,0.013245467092533814,0.2732155243281853,0.37536448265835387,4.700202789026072,
Frangieh_Coculture_TNFA,Frangieh,27,linear_ucb,41,10,0.1951219512195122,0.14634146341463414,0.010736664410284686,0.010469359775225784,0.31677614050524955,0.29669212783043075,4.701380586406614,
Frangieh_Coculture_TNFA,Frangieh,27,diversity,41,10,0.14634146341463414,0.1951219512195122,0.0004575330517635776,0.007288406798827886,0.013499123075172252,0.20654681547529383,5.164929291676943,
Frangieh_Coculture_TNFA,Frangieh,27,extra_trees,41,10,0.1951219512195122,0.21951219512195122,0.01082250130743012,0.014374076421015769,0.31930868506020743,0.40734824387639484,4.686292922463118,
Frangieh_Coculture_TNFA,Frangieh,27,gated_random,41,10,0.2682926829268293,0.1951219512195122,0.008682454529605952,0.010084179153741277,0.25616842725998623,0.28577645957173614,4.661623355618602,
Frangieh_Coculture_TNFA,Frangieh,27,old_controller,41,10,0.14634146341463414,0.1951219512195122,0.0004575330517635776,0.007288406798827886,0.013499123075172252,0.20654681547529383,5.164929291676943,
Frangieh_Coculture_TNFA,Frangieh,28,random,41,10,0.04878048780487805,0.024390243902439025,-0.004967378592756951,-0.011385545222042878,-0.14655827535548552,-0.3226559895697772,4.77260580775528,
Frangieh_Coculture_TNFA,Frangieh,28,fixed_ridge,41,10,0.1951219512195122,0.1951219512195122,0.0033648653363349255,0.006605317087107008,0.09927748636187589,0.18718867472736334,4.470569239757327,
Frangieh_Coculture_TNFA,Frangieh,28,greedy_ridge,41,10,0.14634146341463414,0.12195121951219512,-0.004512025028199007,-0.0008826129505624498,-0.1331234561943501,-0.025012447749931357,4.610604207851169,
Frangieh_Coculture_TNFA,Frangieh,28,linear_ucb,41,10,0.12195121951219512,0.14634146341463414,-0.004797439511462924,-0.001244870487066763,-0.14154436747532834,-0.03527849664266384,4.647967123854542,
Frangieh_Coculture_TNFA,Frangieh,28,diversity,41,10,0.12195121951219512,0.14634146341463414,-0.0019373240210166925,0.0002500694511599869,-0.05715909549132554,0.007086740656827264,5.046029916621635,
Frangieh_Coculture_TNFA,Frangieh,28,extra_trees,41,10,0.17073170731707318,0.17073170731707318,0.006129617867194834,0.006010919831821224,0.18084915543062163,0.1703439974755011,4.526327264261231,
Frangieh_Coculture_TNFA,Frangieh,28,gated_random,41,10,0.04878048780487805,0.024390243902439025,-0.004967378592756951,-0.011385545222042878,-0.14655827535548552,-0.3226559895697772,4.77260580775528,
Frangieh_Coculture_TNFA,Frangieh,28,old_controller,41,10,0.12195121951219512,0.14634146341463414,-0.0019373240210166925,0.0002500694511599869,-0.05715909549132554,0.007086740656827264,5.046029916621635,
Frangieh_Coculture_TNFA,Frangieh,29,random,41,10,0.14634146341463414,0.1951219512195122,0.0021903632073619534,0.005062357884649585,0.06462480120624553,0.1434626151820685,4.736866492463323,
Frangieh_Coculture_TNFA,Frangieh,29,fixed_ridge,41,10,0.14634146341463414,0.1951219512195122,-0.0003975875976669173,-0.0003873001832009273,-0.011730483499236102,-0.010975734708717719,4.820736241187459,
Frangieh_Coculture_TNFA,Frangieh,29,greedy_ridge,41,10,0.1951219512195122,0.21951219512195122,-0.002143875807929567,0.004823948035254954,-0.06325323007282992,0.13670629702782872,4.707297850109226,
Frangieh_Coculture_TNFA,Frangieh,29,linear_ucb,41,10,0.17073170731707318,0.17073170731707318,-0.002060211586589196,0.004658583410085815,-0.060784788467335336,0.13202001404943567,4.853705859487122,
Frangieh_Coculture_TNFA,Frangieh,29,diversity,41,10,0.14634146341463414,0.17073170731707318,0.0008310967548314118,0.0022924196498066607,0.024520802022064088,0.06496508653670381,5.112163828682255,
Frangieh_Coculture_TNFA,Frangieh,29,extra_trees,41,10,0.12195121951219512,0.1951219512195122,5.3592838604634165e-05,0.004191450995357642,0.0015812110654808672,0.11878190655481764,4.6415125631320056,
Frangieh_Coculture_TNFA,Frangieh,29,gated_random,41,10,0.0975609756097561,0.1951219512195122,-0.010069341650593724,0.0021817317956665592,-0.2970873507463257,0.06182829348776088,4.609773709963012,
Frangieh_Coculture_TNFA,Frangieh,29,old_controller,41,10,0.0975609756097561,0.12195121951219512,-0.0039251277210248054,-0.003036194216020125,-0.1158075509247881,-0.08604298083146447,4.980069343083623,
Frangieh_Coculture_IL2STAT5,Frangieh,0,random,41,10,0.2926829268292683,0.17073170731707318,0.0003143168199320101,0.0016568186985467495,0.021269674583478053,0.10139988790238766,4.718402931852358,
Frangieh_Coculture_IL2STAT5,Frangieh,0,fixed_ridge,41,10,0.2926829268292683,0.2682926829268293,-0.001574075850537786,0.002774590255704479,-0.10651698855279912,0.16980925019150656,4.782860385235129,
Frangieh_Coculture_IL2STAT5,Frangieh,0,greedy_ridge,41,10,0.2682926829268293,0.1951219512195122,0.0005436322864206629,0.004582822446157407,0.03678734668968973,0.2804758799043666,4.748102160600223,
Frangieh_Coculture_IL2STAT5,Frangieh,0,linear_ucb,41,10,0.2926829268292683,0.21951219512195122,-5.8277133776176495e-05,0.003692560462325113,-0.003943586828554754,0.22599045826859387,4.8948427092299,
Frangieh_Coculture_IL2STAT5,Frangieh,0,diversity,41,10,0.36585365853658536,0.17073170731707318,0.0014034936847123274,0.0009184686847752123,0.09497377187849829,0.05621171571744673,5.040106280683174,
Frangieh_Coculture_IL2STAT5,Frangieh,0,extra_trees,41,10,0.14634146341463414,0.2926829268292683,-0.003593728823518937,0.007391079723951068,-0.24318597596542052,0.4523456043462209,4.773084818587651,
Frangieh_Coculture_IL2STAT5,Frangieh,0,gated_random,41,10,0.2926829268292683,0.17073170731707318,0.0003143168199320101,0.0016568186985467495,0.021269674583478053,0.10139988790238766,4.718402931852358,
Frangieh_Coculture_IL2STAT5,Frangieh,0,old_controller,41,10,0.36585365853658536,0.17073170731707318,0.0014034936847123274,0.0009184686847752123,0.09497377187849829,0.05621171571744673,5.040106280683174,
Frangieh_Coculture_IL2STAT5,Frangieh,1,random,41,10,0.24390243902439024,0.21951219512195122,-0.0005485531799999547,0.0063410873921636605,-0.037120341294032265,0.38808443634093626,4.6354112883697045,
Frangieh_Coculture_IL2STAT5,Frangieh,1,fixed_ridge,41,10,0.34146341463414637,0.1951219512195122,0.0009413645470454131,0.00658874492984268,0.06370170576429929,0.4032414638303416,4.849731221669841,
Frangieh_Coculture_IL2STAT5,Frangieh,1,greedy_ridge,41,10,0.3170731707317073,0.21951219512195122,0.0002948413237148407,0.005174116857338732,0.019951776715395286,0.3166640199004236,4.8102306762706615,
Frangieh_Coculture_IL2STAT5,Frangieh,1,linear_ucb,41,10,0.24390243902439024,0.17073170731707318,-0.0017004844487314653,0.004713402691027185,-0.11507100023029948,0.28846759450999954,4.870590199995442,
Frangieh_Coculture_IL2STAT5,Frangieh,1,diversity,41,10,0.4634146341463415,0.17073170731707318,0.00345069679792477,0.004347862760522079,0.23350706460438772,0.26609598076036245,5.063519274427017,
Frangieh_Coculture_IL2STAT5,Frangieh,1,extra_trees,41,10,0.2926829268292683,0.14634146341463414,-0.0020103096479874524,0.004251656395985313,-0.13603672890928506,0.2602080012318352,4.704247380268574,
Frangieh_Coculture_IL2STAT5,Frangieh,1,gated_random,41,10,0.24390243902439024,0.21951219512195122,-0.0005485531799999547,0.0063410873921636605,-0.037120341294032265,0.38808443634093626,4.6354112883697045,
Frangieh_Coculture_IL2STAT5,Frangieh,1,old_controller,41,10,0.4634146341463415,0.17073170731707318,0.00345069679792477,0.004347862760522079,0.23350706460438772,0.26609598076036245,5.063519274427017,
Frangieh_Coculture_IL2STAT5,Frangieh,2,random,41,10,0.3170731707317073,0.17073170731707318,0.0018083242449349276,0.0010110076016707403,0.12236846962087294,0.061875241731515394,4.729901307291693,
Frangieh_Coculture_IL2STAT5,Frangieh,2,fixed_ridge,41,10,0.14634146341463414,0.17073170731707318,-0.004144119191957762,0.003754176150442848,-0.28043063895579645,0.2297614344614911,4.682145015072579,
Frangieh_Coculture_IL2STAT5,Frangieh,2,greedy_ridge,41,10,0.2682926829268293,0.12195121951219512,-0.0015729402276549688,0.00024505356196808314,-0.10644014147483397,0.014997660115400553,4.787664155710108,
Frangieh_Coculture_IL2STAT5,Frangieh,2,linear_ucb,41,10,0.21951219512195122,0.17073170731707318,-0.002542790136344274,0.003084236516177672,-0.17206943855508425,0.18876008417769685,4.839010951233452,
Frangieh_Coculture_IL2STAT5,Frangieh,2,diversity,41,10,0.3170731707317073,0.12195121951219512,0.0010360501996824398,0.0005152992390582372,0.0701090403121273,0.03153711695946107,5.133114823376215,
Frangieh_Coculture_IL2STAT5,Frangieh,2,extra_trees,41,10,0.34146341463414637,0.21951219512195122,0.0015883516836070026,0.003239602274058843,0.10748302760809363,0.19826871082878345,4.857735041499608,
Frangieh_Coculture_IL2STAT5,Frangieh,2,gated_random,41,10,0.3170731707317073,0.17073170731707318,0.0018083242449349276,0.0010110076016707403,0.12236846962087294,0.061875241731515394,4.729901307291693,
Frangieh_Coculture_IL2STAT5,Frangieh,2,old_controller,41,10,0.2926829268292683,0.0975609756097561,0.0008495122675905596,-6.544502891388739e-05,0.05748610427603653,-0.004005337820883757,5.081056462540806,
Frangieh_Coculture_IL2STAT5,Frangieh,3,random,41,10,0.34146341463414637,0.21951219512195122,0.0003954524695787146,0.0018091895327352046,0.026760086663486313,0.11072522055336188,4.792905890595219,
Frangieh_Coculture_IL2STAT5,Frangieh,3,fixed_ridge,41,10,0.24390243902439024,0.24390243902439024,-0.001026187317449448,0.003713461724450911,-0.06944162360946314,0.22726964810296338,4.689516456692608,
Frangieh_Coculture_IL2STAT5,Frangieh,3,greedy_ridge,41,10,0.24390243902439024,0.2682926829268293,-0.0012677219699619578,0.004311556196705117,-0.08578616241170031,0.2638739624403193,4.81996807944641,
Frangieh_Coculture_IL2STAT5,Frangieh,3,linear_ucb,41,10,0.21951219512195122,0.14634146341463414,-0.0008445663973960802,0.0028753164590893695,-0.05715141951563632,0.17597385090552536,4.828146552074804,
Frangieh_Coculture_IL2STAT5,Frangieh,3,diversity,41,10,0.3170731707317073,0.17073170731707318,0.0015159166191383063,-0.00039974433477969556,0.102581380123827,-0.024464976627695832,5.1138774699493785,
Frangieh_Coculture_IL2STAT5,Frangieh,3,extra_trees,41,10,0.1951219512195122,0.21951219512195122,-0.00220815136414524,0.004902704932936066,-0.14942458681209542,0.3000531869022558,4.703710438977664,
Frangieh_Coculture_IL2STAT5,Frangieh,3,gated_random,41,10,0.34146341463414637,0.21951219512195122,0.0003954524695787146,0.0018091895327352046,0.026760086663486313,0.11072522055336188,4.792905890595219,
Frangieh_Coculture_IL2STAT5,Frangieh,3,old_controller,41,10,0.3170731707317073,0.17073170731707318,0.0015159166191383063,-0.00039974433477969556,0.102581380123827,-0.024464976627695832,5.1138774699493785,
Frangieh_Coculture_IL2STAT5,Frangieh,4,random,41,10,0.36585365853658536,0.24390243902439024,0.0008307429939660012,0.007354648320039082,0.056215996165853405,0.45011594561769364,4.539182506642599,
Frangieh_Coculture_IL2STAT5,Frangieh,4,fixed_ridge,41,10,0.3902439024390244,0.2682926829268293,0.0014094311658050549,0.004682330041001141,0.09537555849212966,0.28656589987543596,4.665614687290803,
Frangieh_Coculture_IL2STAT5,Frangieh,4,greedy_ridge,41,10,0.3170731707317073,0.2682926829268293,-0.00034614965772969,0.004629825989811191,-0.023423788070537858,0.28335257007070114,4.752695663954841,
Frangieh_Coculture_IL2STAT5,Frangieh,4,linear_ucb,41,10,0.36585365853658536,0.24390243902439024,0.0010338174956995828,0.005328883165415663,0.06995795426090395,0.32613595928874184,4.826122068113552,
Frangieh_Coculture_IL2STAT5,Frangieh,4,diversity,41,10,0.2926829268292683,0.17073170731707318,-0.001957315947718678,0.001799598471516075,-0.13245066959519866,0.11013823265098144,5.199793671672882,
Frangieh_Coculture_IL2STAT5,Frangieh,4,extra_trees,41,10,0.34146341463414637,0.14634146341463414,0.0010147302066782166,0.004681077076292797,0.06866632619514193,0.2864892164814815,4.820962134849091,
Frangieh_Coculture_IL2STAT5,Frangieh,4,gated_random,41,10,0.36585365853658536,0.24390243902439024,0.0008307429939660012,0.007354648320039082,0.056215996165853405,0.45011594561769364,4.539182506642599,
Frangieh_Coculture_IL2STAT5,Frangieh,4,old_controller,41,10,0.2926829268292683,0.17073170731707318,-0.001957315947718678,0.001799598471516075,-0.13245066959519866,0.11013823265098144,5.199793671672882,
Frangieh_Coculture_IL2STAT5,Frangieh,5,random,41,10,0.1951219512195122,0.2682926829268293,-0.0011519102805494239,0.00746748993136815,-0.07794923867564235,0.45702202818999227,4.580370518920114,
Frangieh_Coculture_IL2STAT5,Frangieh,5,fixed_ridge,41,10,0.24390243902439024,0.21951219512195122,-0.0008427682266485565,0.007711612203714065,-0.057029738128513516,0.4719626919283147,4.657169119000258,
Frangieh_Coculture_IL2STAT5,Frangieh,5,greedy_ridge,41,10,0.3170731707317073,0.1951219512195122,0.00043174375855950205,0.004780533835941227,0.029215901490714725,0.29257612525932863,4.690995307467142,
Frangieh_Coculture_IL2STAT5,Frangieh,5,linear_ucb,41,10,0.36585365853658536,0.2926829268292683,0.00364730401047365,0.008665166292349464,0.24681138421599466,0.5303216890722406,4.66586887573009,
Frangieh_Coculture_IL2STAT5,Frangieh,5,diversity,41,10,0.34146341463414637,0.1951219512195122,0.0011335155430551012,0.0036528412566505953,0.07670447525306325,0.22355958094538364,5.094427895779004,
Frangieh_Coculture_IL2STAT5,Frangieh,5,extra_trees,41,10,0.3170731707317073,0.21951219512195122,-0.0014034758342394036,0.002720522855587301,-0.09497256394520877,0.16650024099462568,4.767130269549834,
Frangieh_Coculture_IL2STAT5,Frangieh,5,gated_random,41,10,0.1951219512195122,0.2682926829268293,-0.0011519102805494239,0.00746748993136815,-0.07794923867564235,0.45702202818999227,4.580370518920114,
Frangieh_Coculture_IL2STAT5,Frangieh,5,old_controller,41,10,0.34146341463414637,0.1951219512195122,0.0011335155430551012,0.0036528412566505953,0.07670447525306325,0.22355958094538364,5.094427895779004,
Frangieh_Coculture_IL2STAT5,Frangieh,6,random,41,10,0.3170731707317073,0.12195121951219512,-0.0007161704716305678,0.0008884106654647724,-0.048462926295745695,0.054372118064837056,4.589931392891614,
Frangieh_Coculture_IL2STAT5,Frangieh,6,fixed_ridge,41,10,0.36585365853658536,0.3170731707317073,0.001404663175204634,0.00738604741632041,0.09505291076201464,0.4520376192721228,4.820580224579257,
Frangieh_Coculture_IL2STAT5,Frangieh,6,greedy_ridge,41,10,0.24390243902439024,0.24390243902439024,-0.0014780768639047611,0.0038968813561732736,-0.10002078129774426,0.2384952155787882,4.859799866558233,
Frangieh_Coculture_IL2STAT5,Frangieh,6,linear_ucb,41,10,0.3170731707317073,0.1951219512195122,-0.00023386885287620738,0.0032277032146030486,-0.015825797667984268,0.19754046983535448,4.886293319121247,
Frangieh_Coculture_IL2STAT5,Frangieh,6,diversity,41,10,0.34146341463414637,0.1951219512195122,0.000651768341217599,0.002499933051415764,0.044104863762971076,0.15299980100380292,5.0720250057350755,
Frangieh_Coculture_IL2STAT5,Frangieh,6,extra_trees,41,10,0.2682926829268293,0.2682926829268293,-0.001083555836570668,0.0051298353719497,-0.07332372490238259,0.3139539239445187,4.801634549128806,
Frangieh_Coculture_IL2STAT5,Frangieh,6,gated_random,41,10,0.3170731707317073,0.12195121951219512,-0.0007161704716305678,0.0008884106654647724,-0.048462926295745695,0.054372118064837056,4.589931392891614,
Frangieh_Coculture_IL2STAT5,Frangieh,6,old_controller,41,10,0.34146341463414637,0.1951219512195122,0.000651768341217599,0.002499933051415764,0.044104863762971076,0.15299980100380292,5.0720250057350755,
Frangieh_Coculture_IL2STAT5,Frangieh,7,random,41,10,0.24390243902439024,0.1951219512195122,-0.002224281027962729,0.004242348946126302,-0.1505160737411535,0.2596383707869419,4.7091533644770935,
Frangieh_Coculture_IL2STAT5,Frangieh,7,fixed_ridge,41,10,0.24390243902439024,0.24390243902439024,-0.002080704618580041,0.0038132670695502986,-0.14080032417962962,0.233377890853974,4.8409919561074854,
Frangieh_Coculture_IL2STAT5,Frangieh,7,greedy_ridge,41,10,0.2682926829268293,0.24390243902439024,-0.0023381737268655207,0.002494893705216765,-0.15822314027237006,0.15269138515834677,4.863827108413519,
Frangieh_Coculture_IL2STAT5,Frangieh,7,linear_ucb,41,10,0.2682926829268293,0.21951219512195122,-0.0026284213864099294,0.00218708407171216,-0.1778640658469578,0.13385295560656846,4.864100871030285,
Frangieh_Coculture_IL2STAT5,Frangieh,7,diversity,41,10,0.34146341463414637,0.17073170731707318,-0.0017951303993125212,0.0005648524017289403,-0.12147564815826736,0.034569847785365794,5.053898666025312,
Frangieh_Coculture_IL2STAT5,Frangieh,7,extra_trees,41,10,0.1951219512195122,0.17073170731707318,-0.0019392293208199225,0.002861148769076553,-0.13122675587485583,0.17510676618442977,4.845597541386389,
Frangieh_Coculture_IL2STAT5,Frangieh,7,gated_random,41,10,0.24390243902439024,0.1951219512195122,-0.002224281027962729,0.004242348946126302,-0.1505160737411535,0.2596383707869419,4.7091533644770935,
Frangieh_Coculture_IL2STAT5,Frangieh,7,old_controller,41,10,0.34146341463414637,0.17073170731707318,-0.0017951303993125212,0.0005648524017289403,-0.12147564815826736,0.034569847785365794,5.053898666025312,
Frangieh_Coculture_IL2STAT5,Frangieh,8,random,41,10,0.2682926829268293,0.3170731707317073,0.0015473096067667284,0.00882292929937099,0.104705729152314,0.5399770311088545,4.5453198600251845,
Frangieh_Coculture_IL2STAT5,Frangieh,8,fixed_ridge,41,10,0.24390243902439024,0.1951219512195122,-0.0024281985978234014,0.0021543032740536532,-0.16431508186845747,0.13184671967330733,4.829372636057353,
Frangieh_Coculture_IL2STAT5,Frangieh,8,greedy_ridge,41,10,0.21951219512195122,0.21951219512195122,-0.003771428940144358,0.004417913262180982,-0.2552108610952916,0.27038318069476025,4.82522247768347,
Frangieh_Coculture_IL2STAT5,Frangieh,8,linear_ucb,41,10,0.2926829268292683,0.24390243902439024,-0.0008647947568548237,0.0033660100145986235,-0.05852026329287409,0.20600506166304836,4.850743823948804,
Frangieh_Coculture_IL2STAT5,Frangieh,8,diversity,41,10,0.3170731707317073,0.1951219512195122,-0.0008997869359791705,0.0027909415500763594,-0.060888167953854766,0.17080997490436858,5.015056672794765,
Frangieh_Coculture_IL2STAT5,Frangieh,8,extra_trees,41,10,0.21951219512195122,0.24390243902439024,-0.0006352679938907621,0.006697517068011274,-0.0429882928513918,0.4098984882995082,4.7894562018980205,
Frangieh_Coculture_IL2STAT5,Frangieh,8,gated_random,41,10,0.2682926829268293,0.3170731707317073,0.0015473096067667284,0.00882292929937099,0.104705729152314,0.5399770311088545,4.5453198600251845,
Frangieh_Coculture_IL2STAT5,Frangieh,8,old_controller,41,10,0.3170731707317073,0.1951219512195122,-0.0008997869359791705,0.0027909415500763594,-0.060888167953854766,0.17080997490436858,5.015056672794765,
Frangieh_Coculture_IL2STAT5,Frangieh,9,random,41,10,0.24390243902439024,0.2682926829268293,0.0003760357559783599,0.0058304469971916075,0.025446166588036744,0.35683244790429314,4.542163225519008,
Frangieh_Coculture_IL2STAT5,Frangieh,9,fixed_ridge,41,10,0.21951219512195122,0.21951219512195122,-0.0017842982187609895,0.0045334399693753675,-0.12074263948437458,0.2774535953210062,4.88651958040897,
Frangieh_Coculture_IL2STAT5,Frangieh,9,greedy_ridge,41,10,0.21951219512195122,0.21951219512195122,-0.0011143500066788997,0.005084881064448452,-0.07540755222480217,0.3112026502261847,4.805430801978748,
Frangieh_Coculture_IL2STAT5,Frangieh,9,linear_ucb,41,10,0.2682926829268293,0.21951219512195122,-0.00041021150005013553,0.0044388628067751346,-0.02775882346466248,0.2716653254914821,4.856307616864263,
Frangieh_Coculture_IL2STAT5,Frangieh,9,diversity,41,10,0.2926829268292683,0.14634146341463414,-0.0013508502113829856,0.0013406663767317618,-0.09141141226025923,0.08205087281688778,5.134888020069375,
Frangieh_Coculture_IL2STAT5,Frangieh,9,extra_trees,41,10,0.2682926829268293,0.14634146341463414,-0.0013243911931231898,0.002943611274785518,-0.0896209426687627,0.1801536001212832,4.817239377321447,
Frangieh_Coculture_IL2STAT5,Frangieh,9,gated_random,41,10,0.24390243902439024,0.2682926829268293,0.0003760357559783599,0.0058304469971916075,0.025446166588036744,0.35683244790429314,4.542163225519008,
Frangieh_Coculture_IL2STAT5,Frangieh,9,old_controller,41,10,0.2926829268292683,0.14634146341463414,-0.0013508502113829856,0.0013406663767317618,-0.09141141226025923,0.08205087281688778,5.134888020069375,
Frangieh_Coculture_IL2STAT5,Frangieh,10,random,41,10,0.2682926829268293,0.17073170731707318,-0.001244844868999293,0.005433460809217323,-0.08423807951561316,0.33253627416198983,4.805328940927459,
Frangieh_Coculture_IL2STAT5,Frangieh,10,fixed_ridge,41,10,0.3170731707317073,0.24390243902439024,0.00011353111532864413,0.004157087485627414,0.007682598337123405,0.2544202364524101,4.749238507724535,
Frangieh_Coculture_IL2STAT5,Frangieh,10,greedy_ridge,41,10,0.1951219512195122,0.12195121951219512,-0.002692154559844911,0.001054505057373867,-0.18217686036882794,0.06453735384807036,4.760761646615905,
Frangieh_Coculture_IL2STAT5,Frangieh,10,linear_ucb,41,10,0.24390243902439024,0.17073170731707318,-0.0015913077424726664,0.0002300553820720774,-0.10768306275141136,0.014079748118433847,4.820167642128288,
Frangieh_Coculture_IL2STAT5,Frangieh,10,diversity,41,10,0.2926829268292683,0.1951219512195122,0.0016260902444346864,0.0013460204043581542,0.11003677865529261,0.08237854765639717,5.037120357927315,
Frangieh_Coculture_IL2STAT5,Frangieh,10,extra_trees,41,10,0.3170731707317073,0.17073170731707318,-0.0006879766149673419,0.004937315271256135,-0.046555060987711096,0.30217139357688894,4.630745217509054,
Frangieh_Coculture_IL2STAT5,Frangieh,10,gated_random,41,10,0.24390243902439024,0.21951219512195122,-0.003155713825709405,0.007089742122236292,-0.21354570260013628,0.4339032732321081,4.55530424921301,
Frangieh_Coculture_IL2STAT5,Frangieh,10,old_controller,41,10,0.3170731707317073,0.17073170731707318,0.0011820070688000667,0.0012664798190000204,0.07998587448863348,0.07751053980129541,4.985070277047148,
Frangieh_Coculture_IL2STAT5,Frangieh,11,random,41,10,0.3902439024390244,0.17073170731707318,0.003137672336055893,0.002308262107749574,0.21232484329641085,0.14126924037037697,4.790699862765354,
Frangieh_Coculture_IL2STAT5,Frangieh,11,fixed_ridge,41,10,0.4146341463414634,0.21951219512195122,0.0024306515021959535,0.005290568392050402,0.16448106877873436,0.3237910354128521,4.853679123461503,
Frangieh_Coculture_IL2STAT5,Frangieh,11,greedy_ridge,41,10,0.4634146341463415,0.12195121951219512,0.0031856706271387275,0.0030834822381039786,0.21557286556933847,0.18871392118340735,4.815262856363669,
Frangieh_Coculture_IL2STAT5,Frangieh,11,linear_ucb,41,10,0.3902439024390244,0.12195121951219512,0.00295806404029179,0.002966587399881182,0.20017083256220358,0.18155977480483493,4.817899477611858,
Frangieh_Coculture_IL2STAT5,Frangieh,11,diversity,41,10,0.43902439024390244,0.12195121951219512,0.0028418669848457633,0.0020223738893109223,0.19230783128397114,0.12377243560367565,5.156021037112608,
Frangieh_Coculture_IL2STAT5,Frangieh,11,extra_trees,41,10,0.3170731707317073,0.2926829268292683,0.0010484215352898876,0.007163488701868943,0.07094620290046834,0.4384166789019586,4.493301081517532,
Frangieh_Coculture_IL2STAT5,Frangieh,11,gated_random,41,10,0.43902439024390244,0.17073170731707318,0.004481549715653335,0.004855243312127989,0.30326440723803433,0.2971484616997784,4.673317434861172,
Frangieh_Coculture_IL2STAT5,Frangieh,11,old_controller,41,10,0.43902439024390244,0.12195121951219512,0.0028418669848457633,0.0020223738893109223,0.19230783128397114,0.12377243560367565,5.156021037112608,
Frangieh_Coculture_IL2STAT5,Frangieh,12,random,41,10,0.2926829268292683,0.17073170731707318,-0.0003371930783446844,0.0018078315410816656,-0.022817700464595025,0.11064210934658832,4.649662470875508,
Frangieh_Coculture_IL2STAT5,Frangieh,12,fixed_ridge,41,10,0.24390243902439024,0.2682926829268293,-0.0012096519881381407,0.0036495795484265715,-0.08185659346044837,0.2233599593159462,4.514110749547311,
Frangieh_Coculture_IL2STAT5,Frangieh,12,greedy_ridge,41,10,0.3170731707317073,0.21951219512195122,3.450917234058758e-05,0.0026996555942653735,0.0023352198141614908,0.16522313206247202,4.8022950678811895,
Frangieh_Coculture_IL2STAT5,Frangieh,12,linear_ucb,41,10,0.2926829268292683,0.24390243902439024,-0.0002235101257628298,0.0029884192851493633,-0.015124827370409192,0.1828959202266805,4.785100463823131,
Frangieh_Coculture_IL2STAT5,Frangieh,12,diversity,41,10,0.36585365853658536,0.1951219512195122,0.0009732392894351473,0.002637285584332386,0.06585865491582256,0.16140599019823362,5.051214182324636,
Frangieh_Coculture_IL2STAT5,Frangieh,12,extra_trees,41,10,0.2926829268292683,0.21951219512195122,-0.00018209739314045366,0.0030949245827782204,-0.012322446808398354,0.18941421052002957,4.517511847658543,
Frangieh_Coculture_IL2STAT5,Frangieh,12,gated_random,41,10,0.2926829268292683,0.24390243902439024,0.0014859333764128857,0.003233087714806421,0.10055242788428385,0.1978700096440923,4.651411553482208,
Frangieh_Coculture_IL2STAT5,Frangieh,12,old_controller,41,10,0.24390243902439024,0.17073170731707318,-0.0008575260852766364,0.0005142951562501677,-0.058028395631589964,0.031475665525896084,4.970010990085306,
Frangieh_Coculture_IL2STAT5,Frangieh,13,random,41,10,0.2682926829268293,0.1951219512195122,-0.00013107173261286013,0.004806389924322949,-0.008869563838076572,0.2941585581868424,4.492305240374414,
Frangieh_Coculture_IL2STAT5,Frangieh,13,fixed_ridge,41,10,0.1951219512195122,0.17073170731707318,-0.0017746315757753875,0.0027131344878146735,-0.12008850220128903,0.16604806136592934,4.706366674768909,
Frangieh_Coculture_IL2STAT5,Frangieh,13,greedy_ridge,41,10,0.21951219512195122,0.24390243902439024,-0.0032932687653947474,0.002951122224077651,-0.22285398207779852,0.1806132819301201,4.675817793133774,
Frangieh_Coculture_IL2STAT5,Frangieh,13,linear_ucb,41,10,0.3170731707317073,0.17073170731707318,-0.00046948868483835795,0.0015080958172047543,-0.0317700832850657,0.09229781565403242,4.901892367610989,
Frangieh_Coculture_IL2STAT5,Frangieh,13,diversity,41,10,0.34146341463414637,0.1951219512195122,0.0013154960765270598,0.0004556822630271384,0.08901901422146323,0.02788846506294689,5.104715078880496,
Frangieh_Coculture_IL2STAT5,Frangieh,13,extra_trees,41,10,0.2682926829268293,0.21951219512195122,-0.0023722805456748383,0.0022135103481372917,-0.16053113300819868,0.13547028493145852,4.6733983681865645,
Frangieh_Coculture_IL2STAT5,Frangieh,13,gated_random,41,10,0.3170731707317073,0.2682926829268293,0.003010392955337619,0.004912962270809989,0.20371190616612972,0.30068095197486455,4.693821671370574,
Frangieh_Coculture_IL2STAT5,Frangieh,13,old_controller,41,10,0.34146341463414637,0.21951219512195122,0.0011008621780311356,0.003944215395078918,0.0744948370661361,0.24139213256989264,5.036865013549975,
Frangieh_Coculture_IL2STAT5,Frangieh,14,random,41,10,0.3902439024390244,0.36585365853658536,0.003927241193155965,0.008247121936545886,0.26575460456531114,0.5047367226218439,4.783495340338194,
Frangieh_Coculture_IL2STAT5,Frangieh,14,fixed_ridge,41,10,0.4146341463414634,0.24390243902439024,0.0030164461755473574,0.00479464661441545,0.20412152479255613,0.2934398493086363,4.69482179532473,
Frangieh_Coculture_IL2STAT5,Frangieh,14,greedy_ridge,41,10,0.3170731707317073,0.1951219512195122,0.001841589712189945,0.0030626241170000927,0.12461952848413904,0.18743737164685056,4.870484611548889,
Frangieh_Coculture_IL2STAT5,Frangieh,14,linear_ucb,41,10,0.3170731707317073,0.1951219512195122,-0.0001661278800511534,0.0008582869828660573,-0.011241797205429338,0.05252850171659325,4.996831686015272,
Frangieh_Coculture_IL2STAT5,Frangieh,14,diversity,41,10,0.36585365853658536,0.21951219512195122,0.0014287025864879674,0.0017199837062879426,0.0966796466627071,0.10526568487216377,5.132948657952322,
Frangieh_Coculture_IL2STAT5,Frangieh,14,extra_trees,41,10,0.2682926829268293,0.24390243902439024,-0.0006270201465180805,0.0031784569210909362,-0.04243016481462596,0.19452651988047026,4.739179746013176,
Frangieh_Coculture_IL2STAT5,Frangieh,14,gated_random,41,10,0.3902439024390244,0.36585365853658536,0.003927241193155965,0.008247121936545886,0.26575460456531114,0.5047367226218439,4.783495340338194,
Frangieh_Coculture_IL2STAT5,Frangieh,14,old_controller,41,10,0.36585365853658536,0.21951219512195122,0.0014287025864879674,0.0017199837062879426,0.0966796466627071,0.10526568487216377,5.132948657952322,
Frangieh_Coculture_IL2STAT5,Frangieh,15,random,41,10,0.3170731707317073,0.14634146341463414,-9.801348850360599e-05,9.129962187142467e-05,-0.006632527669738169,0.005587679226105511,4.698331217927595,
Frangieh_Coculture_IL2STAT5,Frangieh,15,fixed_ridge,41,10,0.21951219512195122,0.1951219512195122,-0.0019653415250054642,0.005211168583058203,-0.13299375671752134,0.3189316432908644,4.828244044390171,
Frangieh_Coculture_IL2STAT5,Frangieh,15,greedy_ridge,41,10,0.24390243902439024,0.17073170731707318,-0.0019264524292771875,0.0037800854600159054,-0.13036214950297553,0.23134712460890478,4.8118911533418345,
Frangieh_Coculture_IL2STAT5,Frangieh,15,linear_ucb,41,10,0.21951219512195122,0.17073170731707318,-0.003963764851339541,0.003811247129249018,-0.2682261437095761,0.23325426735775256,5.002229891856565,
Frangieh_Coculture_IL2STAT5,Frangieh,15,diversity,41,10,0.4146341463414634,0.12195121951219512,0.0040516057494942555,0.0009781215496153688,0.27417029687094796,0.05986256406503826,5.113478340808957,
Frangieh_Coculture_IL2STAT5,Frangieh,15,extra_trees,41,10,0.2682926829268293,0.1951219512195122,-0.00178841975608257,0.0037835203948810327,-0.12102154201855216,0.23155734797889777,4.781565514235013,
Frangieh_Coculture_IL2STAT5,Frangieh,15,gated_random,41,10,0.3170731707317073,0.14634146341463414,-9.801348850360599e-05,9.129962187142467e-05,-0.006632527669738169,0.005587679226105511,4.698331217927595,
Frangieh_Coculture_IL2STAT5,Frangieh,15,old_controller,41,10,0.4146341463414634,0.12195121951219512,0.0040516057494942555,0.0009781215496153688,0.27417029687094796,0.05986256406503826,5.113478340808957,
Frangieh_Coculture_IL2STAT5,Frangieh,16,random,41,10,0.21951219512195122,0.17073170731707318,-0.0032866477740976026,0.002070008585121131,-0.2224059426431263,0.12668775326616716,4.619737835990246,
Frangieh_Coculture_IL2STAT5,Frangieh,16,fixed_ridge,41,10,0.2926829268292683,0.2926829268292683,0.0014051837813879304,0.004243689072890722,0.09508813994290052,0.25972038863464386,4.646504982990712,
Frangieh_Coculture_IL2STAT5,Frangieh,16,greedy_ridge,41,10,0.21951219512195122,0.14634146341463414,-0.001664550209192032,0.0022098857979967446,-0.11263934677448434,0.13524845681093428,4.894904298918476,
Frangieh_Coculture_IL2STAT5,Frangieh,16,linear_ucb,41,10,0.21951219512195122,0.1951219512195122,-0.0013047168060029018,0.0025354201509176937,-0.08828958594477822,0.15517166682993874,4.891530835990746,
Frangieh_Coculture_IL2STAT5,Frangieh,16,diversity,41,10,0.34146341463414637,0.1951219512195122,0.0005585107389845742,0.004832946787352529,0.03779416472891703,0.29578387961555425,5.023801641990833,
Frangieh_Coculture_IL2STAT5,Frangieh,16,extra_trees,41,10,0.2926829268292683,0.24390243902439024,-0.0012439532460082256,0.005065401308104202,-0.08417774379805514,0.3100104587622633,4.794412421731113,
Frangieh_Coculture_IL2STAT5,Frangieh,16,gated_random,41,10,0.21951219512195122,0.17073170731707318,-0.0032866477740976026,0.002070008585121131,-0.2224059426431263,0.12668775326616716,4.619737835990246,
Frangieh_Coculture_IL2STAT5,Frangieh,16,old_controller,41,10,0.34146341463414637,0.1951219512195122,0.0005585107389845742,0.004832946787352529,0.03779416472891703,0.29578387961555425,5.023801641990833,
Frangieh_Coculture_IL2STAT5,Frangieh,17,random,41,10,0.34146341463414637,0.14634146341463414,0.002605926814353051,0.004073775835497842,0.17634186850591857,0.2493214335529067,4.687047133624706,
Frangieh_Coculture_IL2STAT5,Frangieh,17,fixed_ridge,41,10,0.2682926829268293,0.2926829268292683,0.00212836593167306,0.005232842059171737,0.14402554330703443,0.3202580938254311,4.810137539039219,
Frangieh_Coculture_IL2STAT5,Frangieh,17,greedy_ridge,41,10,0.24390243902439024,0.24390243902439024,0.0016230036352589152,0.004159352311889365,0.10982790923255784,0.2545588473512861,4.801356700965927,
Frangieh_Coculture_IL2STAT5,Frangieh,17,linear_ucb,41,10,0.3170731707317073,0.21951219512195122,0.0031870679523003384,0.002420731699518436,0.2156674219200969,0.14815255476548433,4.9531518273171775,
Frangieh_Coculture_IL2STAT5,Frangieh,17,diversity,41,10,0.3902439024390244,0.1951219512195122,0.002649711210665688,0.0038623183808147808,0.17930473845861558,0.2363799075912587,5.129677570742289,
Frangieh_Coculture_IL2STAT5,Frangieh,17,extra_trees,41,10,0.3170731707317073,0.21951219512195122,0.004016688574024231,0.004963151155108861,0.2718074676727451,0.30375258995572235,4.685748836277237,
Frangieh_Coculture_IL2STAT5,Frangieh,17,gated_random,41,10,0.34146341463414637,0.14634146341463414,0.002605926814353051,0.004073775835497842,0.17634186850591857,0.2493214335529067,4.687047133624706,
Frangieh_Coculture_IL2STAT5,Frangieh,17,old_controller,41,10,0.3902439024390244,0.1951219512195122,0.002649711210665688,0.0038623183808147808,0.17930473845861558,0.2363799075912587,5.129677570742289,
Frangieh_Coculture_IL2STAT5,Frangieh,18,random,41,10,0.2682926829268293,0.2682926829268293,0.00019531818059930059,0.0052876039527417935,0.013217091412679564,0.32360960710458275,4.576894765518272,
Frangieh_Coculture_IL2STAT5,Frangieh,18,fixed_ridge,41,10,0.2926829268292683,0.1951219512195122,-0.000180420040866254,0.0030200995729260634,-0.012208941151775201,0.1848348032391009,4.752673396966016,
Frangieh_Coculture_IL2STAT5,Frangieh,18,greedy_ridge,41,10,0.2682926829268293,0.14634146341463414,-0.001314654679423433,-0.00010071117145814454,-0.08896207726659872,-0.0061636807366619965,4.8264605915216885,
Frangieh_Coculture_IL2STAT5,Frangieh,18,linear_ucb,41,10,0.2682926829268293,0.17073170731707318,-0.0005645563406641529,-9.37105680514584e-05,-0.03820326781291293,-0.005735232891819535,4.871264069650607,
Frangieh_Coculture_IL2STAT5,Frangieh,18,diversity,41,10,0.3170731707317073,0.1951219512195122,0.00035667257271983384,-0.00015608972852986568,0.024135868886188693,-0.009552934783706453,5.088922953368868,
Frangieh_Coculture_IL2STAT5,Frangieh,18,extra_trees,41,10,0.3170731707317073,0.24390243902439024,0.0005844995998592912,0.0014528600036503086,0.03955281898649092,0.08891729773283155,4.812856620323044,
Frangieh_Coculture_IL2STAT5,Frangieh,18,gated_random,41,10,0.2682926829268293,0.2682926829268293,0.00019531818059930059,0.0052876039527417935,0.013217091412679564,0.32360960710458275,4.576894765518272,
Frangieh_Coculture_IL2STAT5,Frangieh,18,old_controller,41,10,0.3170731707317073,0.1951219512195122,0.00035667257271983384,-0.00015608972852986568,0.024135868886188693,-0.009552934783706453,5.088922953368868,
Frangieh_Coculture_IL2STAT5,Frangieh,19,random,41,10,0.1951219512195122,0.17073170731707318,-0.0037686871356092024,0.004279425964520999,-0.2550253244439381,0.26190754212854656,4.566776162392476,
Frangieh_Coculture_IL2STAT5,Frangieh,19,fixed_ridge,41,10,0.2682926829268293,0.14634146341463414,-0.001911983946729367,0.002728581359883819,-0.1293830739461045,0.1669934340235579,4.490031891703454,
Frangieh_Coculture_IL2STAT5,Frangieh,19,greedy_ridge,41,10,0.34146341463414637,0.24390243902439024,-0.0008744216601942555,0.004937940095779516,-0.059171711412388035,0.30220963381203664,4.655555605086168,
Frangieh_Coculture_IL2STAT5,Frangieh,19,linear_ucb,41,10,0.2682926829268293,0.1951219512195122,-0.002144365983711431,0.003852199404180808,-0.1451082594666357,0.23576061044228777,4.832727655046664,
Frangieh_Coculture_IL2STAT5,Frangieh,19,diversity,41,10,0.36585365853658536,0.14634146341463414,-0.0004996604491401026,0.0018057810620814919,-0.03381179269293742,0.11051661683437429,5.114723485399403,
Frangieh_Coculture_IL2STAT5,Frangieh,19,extra_trees,41,10,0.3170731707317073,0.24390243902439024,-7.068913106407538e-06,0.0050091416299966685,-0.0004783500974102953,0.3065672787338558,4.385253993259328,
Frangieh_Coculture_IL2STAT5,Frangieh,19,gated_random,41,10,0.1951219512195122,0.17073170731707318,-0.0037686871356092024,0.004279425964520999,-0.2550253244439381,0.26190754212854656,4.566776162392476,
Frangieh_Coculture_IL2STAT5,Frangieh,19,old_controller,41,10,0.36585365853658536,0.14634146341463414,-0.0004996604491401026,0.0018057810620814919,-0.03381179269293742,0.11051661683437429,5.114723485399403,
Frangieh_Coculture_IL2STAT5,Frangieh,20,random,41,10,0.2926829268292683,0.24390243902439024,0.000855817941038715,0.003824735764856406,0.05791280629694955,0.23407979289035613,4.73410195557231,
Frangieh_Coculture_IL2STAT5,Frangieh,20,fixed_ridge,41,10,0.2926829268292683,0.24390243902439024,0.000955960571357667,0.006107259978664439,0.06468941201368592,0.3737738340172643,4.837126753844512,
Frangieh_Coculture_IL2STAT5,Frangieh,20,greedy_ridge,41,10,0.2682926829268293,0.2926829268292683,-0.0012937720165230111,0.0032568457681329183,-0.08754895707651623,0.1993240395546666,4.804452583806428,
Frangieh_Coculture_IL2STAT5,Frangieh,20,linear_ucb,41,10,0.34146341463414637,0.21951219512195122,-0.0005731398976026329,0.002703253225956052,-0.03878411316153193,0.16544331273188917,4.849966327573445,
Frangieh_Coculture_IL2STAT5,Frangieh,20,diversity,41,10,0.2926829268292683,0.12195121951219512,0.00017807411715014092,-0.000665467332628752,0.012050193573296323,-0.04072763844978562,5.114139804223558,
Frangieh_Coculture_IL2STAT5,Frangieh,20,extra_trees,41,10,0.1951219512195122,0.17073170731707318,-0.0030756881407654397,0.002096890819517009,-0.20813040132085295,0.1283329879298625,4.87437988469155,
Frangieh_Coculture_IL2STAT5,Frangieh,20,gated_random,41,10,0.2926829268292683,0.24390243902439024,0.000855817941038715,0.003824735764856406,0.05791280629694955,0.23407979289035613,4.73410195557231,
Frangieh_Coculture_IL2STAT5,Frangieh,20,old_controller,41,10,0.2926829268292683,0.12195121951219512,0.00017807411715014092,-0.000665467332628752,0.012050193573296323,-0.04072763844978562,5.114139804223558,
Frangieh_Coculture_IL2STAT5,Frangieh,21,random,41,10,0.2926829268292683,0.21951219512195122,-0.0003455819279402819,0.004897781791278099,-0.023385370056908588,0.29975188295591376,4.542018723817287,
Frangieh_Coculture_IL2STAT5,Frangieh,21,fixed_ridge,41,10,0.34146341463414637,0.12195121951219512,0.0011100637575733336,0.003051188996046204,0.07511750371998835,0.18673752441317823,4.708738046283273,
Frangieh_Coculture_IL2STAT5,Frangieh,21,greedy_ridge,41,10,0.2926829268292683,0.12195121951219512,-0.0018598100648292094,0.0012232200220381783,-0.1258524913638131,0.07486297277029894,4.816079301058001,
Frangieh_Coculture_IL2STAT5,Frangieh,21,linear_ucb,41,10,0.21951219512195122,0.17073170731707318,-0.0023544197149250965,0.0012417249452341757,-0.15932249880936783,0.07599550292544643,4.851673196294101,
Frangieh_Coculture_IL2STAT5,Frangieh,21,diversity,41,10,0.2926829268292683,0.17073170731707318,0.0011194732741210847,0.0019214811677422357,0.0757542413753318,0.1175976437171493,5.067627360405426,
Frangieh_Coculture_IL2STAT5,Frangieh,21,extra_trees,41,10,0.2682926829268293,0.21951219512195122,-0.0009770299535430552,0.004179035331751595,-0.06611516741187005,0.25576347885946576,4.537774180902385,
Frangieh_Coculture_IL2STAT5,Frangieh,21,gated_random,41,10,0.2926829268292683,0.21951219512195122,-0.0003455819279402819,0.004897781791278099,-0.023385370056908588,0.29975188295591376,4.542018723817287,
Frangieh_Coculture_IL2STAT5,Frangieh,21,old_controller,41,10,0.2926829268292683,0.17073170731707318,0.0011194732741210847,0.0019214811677422357,0.0757542413753318,0.1175976437171493,5.067627360405426,
Frangieh_Coculture_IL2STAT5,Frangieh,22,random,41,10,0.34146341463414637,0.2926829268292683,0.004671476268233676,0.009644065674694193,0.31611664966343017,0.5902318577132251,4.549068359651869,
Frangieh_Coculture_IL2STAT5,Frangieh,22,fixed_ridge,41,10,0.3902439024390244,0.2682926829268293,0.003268787462336417,0.00845592862098952,0.22119734356401224,0.5175160173113746,4.698876350701645,
Frangieh_Coculture_IL2STAT5,Frangieh,22,greedy_ridge,41,10,0.34146341463414637,0.24390243902439024,0.0028502983018240053,0.005555251600271542,0.19287837462452845,0.33999006048832303,4.690824786362378,
Frangieh_Coculture_IL2STAT5,Frangieh,22,linear_ucb,41,10,0.4146341463414634,0.21951219512195122,0.0048467785794590644,0.004555189162319431,0.32797927640514307,0.2787846798436699,5.010377846334306,
Frangieh_Coculture_IL2STAT5,Frangieh,22,diversity,41,10,0.4878048780487805,0.24390243902439024,0.0052729020956578864,0.005557549921309855,0.35681485868125834,0.3401307213197423,5.040159418901786,
Frangieh_Coculture_IL2STAT5,Frangieh,22,extra_trees,41,10,0.43902439024390244,0.24390243902439024,0.004547888089161992,0.006477609384087397,0.30775349445020317,0.39643979513150274,4.529866581835531,
Frangieh_Coculture_IL2STAT5,Frangieh,22,gated_random,41,10,0.34146341463414637,0.24390243902439024,0.004182563101276448,0.0074436856469462685,0.28303212061084143,0.45556516886429027,4.6090797353621396,
Frangieh_Coculture_IL2STAT5,Frangieh,22,old_controller,41,10,0.4878048780487805,0.24390243902439024,0.0052729020956578864,0.005557549921309855,0.35681485868125834,0.3401307213197423,5.040159418901786,
Frangieh_Coculture_IL2STAT5,Frangieh,23,random,41,10,0.3902439024390244,0.2926829268292683,0.004817766069159217,0.0071791693376286134,0.32601601318219164,0.4393763582619655,4.696851618854242,
Frangieh_Coculture_IL2STAT5,Frangieh,23,fixed_ridge,41,10,0.24390243902439024,0.04878048780487805,-0.002449618166234927,-0.0005737342739462044,-0.16576453420743903,-0.03511343221496203,4.724541447204154,
Frangieh_Coculture_IL2STAT5,Frangieh,23,greedy_ridge,41,10,0.2682926829268293,0.0975609756097561,-0.0012732127708175865,0.0015292540918468971,-0.0861577223792107,0.09359273505517332,4.788609088158816,
Frangieh_Coculture_IL2STAT5,Frangieh,23,linear_ucb,41,10,0.21951219512195122,0.0975609756097561,-0.002602603824762352,0.00010166920845939591,-0.17611700332926739,0.006222314095048425,4.925132149587292,
Frangieh_Coculture_IL2STAT5,Frangieh,23,diversity,41,10,0.3902439024390244,0.14634146341463414,0.0031475542397587687,0.0016503012975508037,0.21299354717319002,0.10100101279856158,5.145150326165216,
Frangieh_Coculture_IL2STAT5,Frangieh,23,extra_trees,41,10,0.3170731707317073,0.14634146341463414,6.15598361129216e-06,0.0024611791075305764,0.0004165725785267585,0.15062799920727546,4.653387795393998,
Frangieh_Coculture_IL2STAT5,Frangieh,23,gated_random,41,10,0.24390243902439024,0.17073170731707318,-5.0717072505823335e-05,0.004222747435561023,-0.0034320009608740172,0.25843872777483673,4.703127951984421,
Frangieh_Coculture_IL2STAT5,Frangieh,23,old_controller,41,10,0.2926829268292683,0.17073170731707318,-0.0011371236688709492,0.001221473078581333,-0.07694863546687533,0.07475605710665312,5.090956740073859,
Frangieh_Coculture_IL2STAT5,Frangieh,24,random,41,10,0.24390243902439024,0.12195121951219512,-0.002678991441972169,0.002685547101085133,-0.18128611823890392,0.16435967027983833,4.635146005491239,
Frangieh_Coculture_IL2STAT5,Frangieh,24,fixed_ridge,41,10,0.2682926829268293,0.1951219512195122,-0.0012942805763349824,0.005228552338611959,-0.08758337108499725,0.31999555623801995,4.522969773907513,
Frangieh_Coculture_IL2STAT5,Frangieh,24,greedy_ridge,41,10,0.2926829268292683,0.21951219512195122,-0.0003772249153297935,0.005342937782997534,-0.02552663645420033,0.32699612380074466,4.723518971418849,
Frangieh_Coculture_IL2STAT5,Frangieh,24,linear_ucb,41,10,0.3170731707317073,0.21951219512195122,0.000450526901426136,0.004580426434449384,0.03048694812612768,0.2803292402516276,4.800638876447283,
Frangieh_Coculture_IL2STAT5,Frangieh,24,diversity,41,10,0.3170731707317073,0.1951219512195122,-0.0003731193027508394,0.002715199376797156,-0.025248811540029087,0.1661744357915308,5.06435137965836,
Frangieh_Coculture_IL2STAT5,Frangieh,24,extra_trees,41,10,0.24390243902439024,0.17073170731707318,-0.0018002636542832024,0.005302053707213197,-0.12182301316025493,0.32449395461037955,4.646992962102577,
Frangieh_Coculture_IL2STAT5,Frangieh,24,gated_random,41,10,0.34146341463414637,0.1951219512195122,0.0007632824414273685,0.005242324810417056,0.05165097161505553,0.32083845298852176,4.619665693930468,
Frangieh_Coculture_IL2STAT5,Frangieh,24,old_controller,41,10,0.3170731707317073,0.1951219512195122,0.00046450542856783144,0.004024114695361496,0.03143286862610121,0.24628209433773057,4.779619826766238,
Frangieh_Coculture_IL2STAT5,Frangieh,25,random,41,10,0.3170731707317073,0.2682926829268293,0.0014651951013345843,0.005687774663637042,0.09914907835168951,0.3481006786154177,4.393978491951638,
Frangieh_Coculture_IL2STAT5,Frangieh,25,fixed_ridge,41,10,0.3170731707317073,0.21951219512195122,-0.0014596923689425437,0.0022125781157486314,-0.0987767109826,0.13541323085560095,4.748117974636676,
Frangieh_Coculture_IL2STAT5,Frangieh,25,greedy_ridge,41,10,0.34146341463414637,0.1951219512195122,-0.0006058291610425167,0.0027357989134394666,-0.04099618057774692,0.16743515955581686,4.741234173090667,
Frangieh_Coculture_IL2STAT5,Frangieh,25,linear_ucb,41,10,0.34146341463414637,0.21951219512195122,-0.00033605543662824136,0.000409629479235294,-0.022740716773087304,0.025069962882725297,4.8086340975750845,
Frangieh_Coculture_IL2STAT5,Frangieh,25,diversity,41,10,0.2926829268292683,0.12195121951219512,0.000270585376540695,-0.0005779570297312052,0.018310387930602568,-0.0353718714537356,5.0507696963830835,
Frangieh_Coculture_IL2STAT5,Frangieh,25,extra_trees,41,10,0.34146341463414637,0.2926829268292683,0.0015526472282063465,0.0050668783771148146,0.10506692353922283,0.31010085768897244,4.587156723500289,
Frangieh_Coculture_IL2STAT5,Frangieh,25,gated_random,41,10,0.3170731707317073,0.17073170731707318,0.0003127005673119509,0.0009331154348442084,0.021160303512337827,0.05710811966100023,4.626514678282391,
Frangieh_Coculture_IL2STAT5,Frangieh,25,old_controller,41,10,0.3902439024390244,0.17073170731707318,0.0011746401049415823,0.0003305963234972204,0.07948735543396723,0.020233010511628863,5.014491089142889,
Frangieh_Coculture_IL2STAT5,Frangieh,26,random,41,10,0.3170731707317073,0.14634146341463414,-0.00047373761333119714,-9.828488798032623e-05,-0.032057606321187995,-0.0060151884044074245,4.635643861576974,
Frangieh_Coculture_IL2STAT5,Frangieh,26,fixed_ridge,41,10,0.1951219512195122,0.14634146341463414,-0.003300496374566555,0.002318688153747177,-0.22334307106493625,0.141907330643229,4.625300323573187,
Frangieh_Coculture_IL2STAT5,Frangieh,26,greedy_ridge,41,10,0.2926829268292683,0.24390243902439024,-0.001990587784939981,0.004324494845309952,-0.1347021595111524,0.26466582791074733,4.763791020168208,
Frangieh_Coculture_IL2STAT5,Frangieh,26,linear_ucb,41,10,0.1951219512195122,0.21951219512195122,-0.002858570464555025,0.002361365028940679,-0.1934381480704052,0.14451922195302713,4.85960741179562,
Frangieh_Coculture_IL2STAT5,Frangieh,26,diversity,41,10,0.24390243902439024,0.14634146341463414,-0.002023664451315024,-0.0009434795277204921,-0.1369404423057404,-0.05774241830622128,5.05636452734218,
Frangieh_Coculture_IL2STAT5,Frangieh,26,extra_trees,41,10,0.36585365853658536,0.2926829268292683,0.00044604720054520634,0.004637061512369905,0.03018380882868472,0.28379539533396764,4.457249241805914,
Frangieh_Coculture_IL2STAT5,Frangieh,26,gated_random,41,10,0.34146341463414637,0.1951219512195122,-0.0005293797035306105,0.0037616326750757973,-0.03582288096332155,0.2302177853963192,4.590423781349544,
Frangieh_Coculture_IL2STAT5,Frangieh,26,old_controller,41,10,0.24390243902439024,0.14634146341463414,-0.002023664451315024,-0.0009434795277204921,-0.1369404423057404,-0.05774241830622128,5.05636452734218,
Frangieh_Coculture_IL2STAT5,Frangieh,27,random,41,10,0.36585365853658536,0.1951219512195122,0.0028227917854903623,0.004857758673606969,0.19101702132034237,0.29730240574460737,4.661623355618602,
Frangieh_Coculture_IL2STAT5,Frangieh,27,fixed_ridge,41,10,0.36585365853658536,0.21951219512195122,0.003376496990380265,0.004136964554127985,0.2284859977681627,0.25318868166606,4.44806025412775,
Frangieh_Coculture_IL2STAT5,Frangieh,27,greedy_ridge,41,10,0.4146341463414634,0.21951219512195122,0.0045177766172968216,0.005207641320159019,0.30571586500377307,0.31871576930121587,4.694319380641734,
Frangieh_Coculture_IL2STAT5,Frangieh,27,linear_ucb,41,10,0.36585365853658536,0.17073170731707318,0.002170052193990062,0.0009319664689750833,0.14684643349762597,0.05703780115817603,4.84427334299206,
Frangieh_Coculture_IL2STAT5,Frangieh,27,diversity,41,10,0.3902439024390244,0.12195121951219512,0.0036137225749036357,0.0015132118926841586,0.24453894392223394,0.09261092745109674,5.164929291676943,
Frangieh_Coculture_IL2STAT5,Frangieh,27,extra_trees,41,10,0.4146341463414634,0.17073170731707318,0.0044813476791764634,0.004504590094931549,0.3032507355226041,0.27568793801814795,4.671469188003626,
Frangieh_Coculture_IL2STAT5,Frangieh,27,gated_random,41,10,0.24390243902439024,0.1951219512195122,0.002569982198436056,0.002592166915361784,0.17390951288540815,0.158644657301679,4.61559190816443,
Frangieh_Coculture_IL2STAT5,Frangieh,27,old_controller,41,10,0.3902439024390244,0.17073170731707318,0.003760811291912474,0.003099370495184935,0.25449236972476025,0.1896863072920301,5.010858262299447,
Frangieh_Coculture_IL2STAT5,Frangieh,28,random,41,10,0.21951219512195122,0.14634146341463414,-0.002137048829561385,0.003592596754160509,-0.1446131110120214,0.21987252345104943,4.77260580775528,
Frangieh_Coculture_IL2STAT5,Frangieh,28,fixed_ridge,41,10,0.2682926829268293,0.21951219512195122,-0.00040972772264015933,0.006090005983706659,-0.027726086469921765,0.37271786262092393,4.422680783220371,
Frangieh_Coculture_IL2STAT5,Frangieh,28,greedy_ridge,41,10,0.34146341463414637,0.21951219512195122,-0.0009985983278501967,0.002933126770025064,-0.06757468937734037,0.17951193208098729,4.690378715935166,
Frangieh_Coculture_IL2STAT5,Frangieh,28,linear_ucb,41,10,0.2682926829268293,0.1951219512195122,-0.000961452719980573,0.0007684529141735181,-0.06506106318398783,0.047030516630338,4.704420217808915,
Frangieh_Coculture_IL2STAT5,Frangieh,28,diversity,41,10,0.34146341463414637,0.17073170731707318,0.0006514947484151878,0.0032900065085471864,0.04408634986391557,0.20135352857704203,5.046029916621635,
Frangieh_Coculture_IL2STAT5,Frangieh,28,extra_trees,41,10,0.2682926829268293,0.24390243902439024,-0.0022522013019455407,0.005164105559752687,-0.15240542583508346,0.3160513128770946,4.628240769716647,
Frangieh_Coculture_IL2STAT5,Frangieh,28,gated_random,41,10,0.24390243902439024,0.12195121951219512,-0.0007904449422448197,0.0014994706580104514,-0.053489045547547,0.09176994246174548,4.82166221467783,
Frangieh_Coculture_IL2STAT5,Frangieh,28,old_controller,41,10,0.34146341463414637,0.17073170731707318,0.0006514947484151878,0.0032900065085471864,0.04408634986391557,0.20135352857704203,5.046029916621635,
Frangieh_Coculture_IL2STAT5,Frangieh,29,random,41,10,0.2682926829268293,0.14634146341463414,-0.00035362644973411166,0.003040227970537921,-0.0239297391453063,0.18606669256005512,4.736866492463323,
Frangieh_Coculture_IL2STAT5,Frangieh,29,fixed_ridge,41,10,0.36585365853658536,0.12195121951219512,0.0015883283677806212,0.004378932226241633,0.10748144983685032,0.2679974805104034,4.692299266883557,
Frangieh_Coculture_IL2STAT5,Frangieh,29,greedy_ridge,41,10,0.3902439024390244,0.14634146341463414,-0.0012572043291981625,0.000865364794418471,-0.08507443850051974,0.052961674820348345,4.911172669252486,
Frangieh_Coculture_IL2STAT5,Frangieh,29,linear_ucb,41,10,0.2926829268292683,0.0975609756097561,-0.002695496193598224,-0.00018476400939423357,-0.18240298718738482,-0.011307845485691413,4.887818939621062,
Frangieh_Coculture_IL2STAT5,Frangieh,29,diversity,41,10,0.4146341463414634,0.12195121951219512,0.0019739268435872543,-0.0007949372773577286,0.13357472127573258,-0.048651400955460965,5.112163828682255,
Frangieh_Coculture_IL2STAT5,Frangieh,29,extra_trees,41,10,0.4146341463414634,0.14634146341463414,0.0009621135802895043,0.003535033601989281,0.06510578329702264,0.21634956877737851,4.553956831027911,
Frangieh_Coculture_IL2STAT5,Frangieh,29,gated_random,41,10,0.2926829268292683,0.14634146341463414,-0.0011729233507578078,0.0027363607927262616,-0.07937118346825249,0.16746954744433218,4.679010594789459,
Frangieh_Coculture_IL2STAT5,Frangieh,29,old_controller,41,10,0.2682926829268293,0.0975609756097561,-0.0026029570259312983,-0.0009232072694995026,-0.17614090428985746,-0.056501724491659897,5.067845476993775,
Frangieh_Control_IFNG,Frangieh,0,random,39,9,0.46153846153846156,0.3076923076923077,0.012920169463382187,0.0027158276780561066,0.6213831035253325,0.09458761880907213,4.707197306652195,
Frangieh_Control_IFNG,Frangieh,0,fixed_ridge,39,9,0.46153846153846156,0.358974358974359,0.008838219317720872,0.004020390581414185,0.4250656436703804,0.14002330665198137,4.572304796567279,
Frangieh_Control_IFNG,Frangieh,0,greedy_ridge,39,9,0.48717948717948717,0.3333333333333333,0.009053776119798766,0.003298534671553822,0.43543264040682217,0.11488230371256831,4.710941658131078,
Frangieh_Control_IFNG,Frangieh,0,linear_ucb,39,9,0.4358974358974359,0.3076923076923077,0.0064620233287659085,0.0014776350258126143,0.3107847867214064,0.051463492949058005,4.730278899876382,
Frangieh_Control_IFNG,Frangieh,0,diversity,39,9,0.41025641025641024,0.23076923076923078,0.005470436948525255,-0.0022929183654975776,0.2630953950215785,-0.07985841298710153,5.0854716789492596,
Frangieh_Control_IFNG,Frangieh,0,extra_trees,39,9,0.38461538461538464,0.1794871794871795,0.0019113778164679862,-0.0004646380009591105,0.09192587473194336,-0.016182544450090725,4.657922359058219,
Frangieh_Control_IFNG,Frangieh,0,gated_random,39,9,0.46153846153846156,0.3076923076923077,0.012920169463382187,0.0027158276780561066,0.6213831035253325,0.09458761880907213,4.707197306652195,
Frangieh_Control_IFNG,Frangieh,0,old_controller,39,9,0.41025641025641024,0.23076923076923078,0.005470436948525255,-0.0022929183654975776,0.2630953950215785,-0.07985841298710153,5.0854716789492596,
Frangieh_Control_IFNG,Frangieh,1,random,39,9,0.3333333333333333,0.28205128205128205,0.004249714571648376,-0.0015436034930113745,0.20438592830472255,-0.053761061487457074,4.578903556240993,
Frangieh_Control_IFNG,Frangieh,1,fixed_ridge,39,9,0.41025641025641024,0.1794871794871795,0.0070261755959365926,-0.0023522910352545617,0.3379171465274368,-0.0819262612162168,4.593596256259047,
Frangieh_Control_IFNG,Frangieh,1,greedy_ridge,39,9,0.3333333333333333,0.2564102564102564,0.00520012419363619,-0.0008516546094444761,0.2500949634845544,-0.029661668965971517,4.671806629569276,
Frangieh_Control_IFNG,Frangieh,1,linear_ucb,39,9,0.3076923076923077,0.1282051282051282,0.00452154355785029,-0.006055044402415353,0.21745928152605665,-0.21088680862756753,4.75242386652403,
Frangieh_Control_IFNG,Frangieh,1,diversity,39,9,0.358974358974359,0.1794871794871795,0.004136082038983265,-0.004601167748982891,0.19892088111559636,-0.1602507790291395,5.164260988659729,
Frangieh_Control_IFNG,Frangieh,1,extra_trees,39,9,0.41025641025641024,0.3076923076923077,0.005151158530694479,0.002124912401180782,0.24774000709709146,0.07400705347749448,4.530853910865953,
Frangieh_Control_IFNG,Frangieh,1,gated_random,39,9,0.46153846153846156,0.1794871794871795,0.0095528825341668,-0.0021318032644128317,0.4594366825850912,-0.07424705042204477,4.708537451573228,
Frangieh_Control_IFNG,Frangieh,1,old_controller,39,9,0.41025641025641024,0.1794871794871795,0.007953007728072232,-0.0038437720207512896,0.38249224504651486,-0.13387198518723128,5.02457060988149,
Frangieh_Control_IFNG,Frangieh,2,random,39,9,0.5384615384615384,0.1794871794871795,0.010610815540761877,-0.001143748953842234,0.5103169513635356,-0.03983481387034794,4.693641894759419,
Frangieh_Control_IFNG,Frangieh,2,fixed_ridge,39,9,0.41025641025641024,0.28205128205128205,0.004240236074554975,0.0019388446123352625,0.20393006911825087,0.06752663160604343,4.706641939907458,
Frangieh_Control_IFNG,Frangieh,2,greedy_ridge,39,9,0.3076923076923077,0.1794871794871795,0.0012216292757766126,-0.0016315320316259247,0.05875308314576565,-0.05682346163902517,4.9140150435501955,
Frangieh_Control_IFNG,Frangieh,2,linear_ucb,39,9,0.358974358974359,0.2564102564102564,0.004232988993033049,0.0016675001173014964,0.20358152771402563,0.05807616835700374,4.830890828184012,
Frangieh_Control_IFNG,Frangieh,2,diversity,39,9,0.4358974358974359,0.20512820512820512,0.006762130741344487,-0.0037124132856912037,0.32521816361693034,-0.1292969858014092,5.169738395877125,
Frangieh_Control_IFNG,Frangieh,2,extra_trees,39,9,0.46153846153846156,0.28205128205128205,0.00787218136626211,0.004837742463549881,0.378604979040401,0.1684902704748354,4.50360359957895,
Frangieh_Control_IFNG,Frangieh,2,gated_random,39,9,0.5384615384615384,0.1794871794871795,0.010610815540761877,-0.001143748953842234,0.5103169513635356,-0.03983481387034794,4.693641894759419,
Frangieh_Control_IFNG,Frangieh,2,old_controller,39,9,0.4358974358974359,0.20512820512820512,0.006762130741344487,-0.0037124132856912037,0.32521816361693034,-0.1292969858014092,5.169738395877125,
Frangieh_Control_IFNG,Frangieh,3,random,39,9,0.358974358974359,0.28205128205128205,0.005453123654838296,-0.0008382940702337582,0.26226272884069457,-0.029196344306326106,4.663806736121398,
Frangieh_Control_IFNG,Frangieh,3,fixed_ridge,39,9,0.3076923076923077,0.1794871794871795,0.005950607693210987,0.0003544557761951681,0.2861887444084049,0.012345086587901583,4.9531479265213125,
Frangieh_Control_IFNG,Frangieh,3,greedy_ridge,39,9,0.3076923076923077,0.23076923076923078,0.0049127709451059235,0.0015332064467367286,0.2362749858220415,0.05339895020266805,4.839420120730543,
Frangieh_Control_IFNG,Frangieh,3,linear_ucb,39,9,0.3076923076923077,0.1794871794871795,0.005395845731757441,-0.005231662506243607,0.25950800230956517,-0.18220982976080488,4.948883837700852,
Frangieh_Control_IFNG,Frangieh,3,diversity,39,9,0.38461538461538464,0.15384615384615385,0.005665820038553412,-0.010147318972873638,0.27249215651160036,-0.35341371129527466,5.136940462457771,
Frangieh_Control_IFNG,Frangieh,3,extra_trees,39,9,0.46153846153846156,0.2564102564102564,0.009531004491801042,-0.0007047874374725877,0.4583844792140114,-0.02454653732846398,4.70336267422207,
Frangieh_Control_IFNG,Frangieh,3,gated_random,39,9,0.358974358974359,0.28205128205128205,0.005453123654838296,-0.0008382940702337582,0.26226272884069457,-0.029196344306326106,4.663806736121398,
Frangieh_Control_IFNG,Frangieh,3,old_controller,39,9,0.38461538461538464,0.15384615384615385,0.005665820038553412,-0.010147318972873638,0.27249215651160036,-0.35341371129527466,5.136940462457771,
Frangieh_Control_IFNG,Frangieh,4,random,39,9,0.2564102564102564,0.3076923076923077,0.0013171241224743907,0.00778363980373485,0.06334581580147244,0.2710908209131165,4.770262134257889,
Frangieh_Control_IFNG,Frangieh,4,fixed_ridge,39,9,0.41025641025641024,0.1794871794871795,0.005775402292419579,0.0017128073617920677,0.2777624094437809,0.05965414195444163,4.81232276661457,
Frangieh_Control_IFNG,Frangieh,4,greedy_ridge,39,9,0.38461538461538464,0.1282051282051282,0.0032416520471511244,-0.002040026536751932,0.15590413231938496,-0.07105062444786561,4.850767865954761,
Frangieh_Control_IFNG,Frangieh,4,linear_ucb,39,9,0.358974358974359,0.15384615384615385,0.004238877375061872,-0.0008209980257300564,0.2038647237750512,-0.0285939527489973,4.800069995786346,
Frangieh_Control_IFNG,Frangieh,4,diversity,39,9,0.38461538461538464,0.1794871794871795,0.0068833032509326595,-0.006611764754677342,0.3310458387324347,-0.230276423398966,5.209973690907264,
Frangieh_Control_IFNG,Frangieh,4,extra_trees,39,9,0.46153846153846156,0.23076923076923078,0.005778044341714578,-0.0001277351093982956,0.27788947625937077,-0.004448794720638937,4.604836710448475,
Frangieh_Control_IFNG,Frangieh,4,gated_random,39,9,0.2564102564102564,0.3076923076923077,0.0013171241224743907,0.00778363980373485,0.06334581580147244,0.2710908209131165,4.770262134257889,
Frangieh_Control_IFNG,Frangieh,4,old_controller,39,9,0.38461538461538464,0.1794871794871795,0.0068833032509326595,-0.006611764754677342,0.3310458387324347,-0.230276423398966,5.209973690907264,
Frangieh_Control_IFNG,Frangieh,5,random,39,9,0.5384615384615384,0.358974358974359,0.012649763659467812,-0.0013553996997029858,0.6083781968850761,-0.04720624624504923,4.584070094065344,
Frangieh_Control_IFNG,Frangieh,5,fixed_ridge,39,9,0.38461538461538464,0.28205128205128205,0.005884118337936877,-0.0001994448403593957,0.2829910029198959,-0.0069463216262873025,4.6193174326193835,
Frangieh_Control_IFNG,Frangieh,5,greedy_ridge,39,9,0.38461538461538464,0.28205128205128205,0.006642581806457584,0.0004601564582639987,0.3194685727625914,0.016026460006461657,4.821762359725935,
Frangieh_Control_IFNG,Frangieh,5,linear_ucb,39,9,0.38461538461538464,0.28205128205128205,0.006921202909141886,0.0009431027271406938,0.33286858628287075,0.032846650018837235,4.980014989900433,
Frangieh_Control_IFNG,Frangieh,5,diversity,39,9,0.38461538461538464,0.20512820512820512,0.0038185202971720024,-0.005114811293242256,0.18364805507048526,-0.17814010247948467,5.168009868005654,
Frangieh_Control_IFNG,Frangieh,5,extra_trees,39,9,0.41025641025641024,0.23076923076923078,0.0030239298004630286,-0.0005202181560083097,0.14543299061052523,-0.018118305898293396,4.682292121296499,
Frangieh_Control_IFNG,Frangieh,5,gated_random,39,9,0.5384615384615384,0.358974358974359,0.012649763659467812,-0.0013553996997029858,0.6083781968850761,-0.04720624624504923,4.584070094065344,
Frangieh_Control_IFNG,Frangieh,5,old_controller,39,9,0.38461538461538464,0.20512820512820512,0.0038185202971720024,-0.005114811293242256,0.18364805507048526,-0.17814010247948467,5.168009868005654,
Frangieh_Control_IFNG,Frangieh,6,random,39,9,0.41025641025641024,0.28205128205128205,0.007630299226260746,-0.00015699956133812725,0.36697189053739226,-0.005468025376216644,4.621763677623849,
Frangieh_Control_IFNG,Frangieh,6,fixed_ridge,39,9,0.4358974358974359,0.23076923076923078,0.008027526107076797,-0.00244762893295659,0.386076134696474,-0.08524671663345901,4.567275581859453,
Frangieh_Control_IFNG,Frangieh,6,greedy_ridge,39,9,0.358974358974359,0.23076923076923078,0.003727912814830242,-0.0019663570088615024,0.17929037549517407,-0.06848484117735565,4.6602268149821064,
Frangieh_Control_IFNG,Frangieh,6,linear_ucb,39,9,0.38461538461538464,0.2564102564102564,0.006614661991572315,0.001334001997993504,0.31812579616260706,0.04646100100396112,4.786279710663062,
Frangieh_Control_IFNG,Frangieh,6,diversity,39,9,0.38461538461538464,0.23076923076923078,0.003162745506023228,-0.001927738817278454,0.15210919823949817,-0.06713983581708638,5.06741780670319,
Frangieh_Control_IFNG,Frangieh,6,extra_trees,39,9,0.358974358974359,0.3076923076923077,0.003477932037231891,0.0008022019187599108,0.1672677908188678,0.027939316589438302,4.44656941217575,
Frangieh_Control_IFNG,Frangieh,6,gated_random,39,9,0.41025641025641024,0.28205128205128205,0.007630299226260746,-0.00015699956133812725,0.36697189053739226,-0.005468025376216644,4.621763677623849,
Frangieh_Control_IFNG,Frangieh,6,old_controller,39,9,0.38461538461538464,0.23076923076923078,0.003162745506023228,-0.001927738817278454,0.15210919823949817,-0.06713983581708638,5.06741780670319,
Frangieh_Control_IFNG,Frangieh,7,random,39,9,0.46153846153846156,0.38461538461538464,0.007943681739110814,0.004879166449527913,0.38204372059173014,0.1699329968403193,4.819321956824617,
Frangieh_Control_IFNG,Frangieh,7,fixed_ridge,39,9,0.4358974358974359,0.2564102564102564,0.006422541073429883,-0.0012108723605869923,0.3088859256867728,-0.042172606971743805,4.828958850600374,
Frangieh_Control_IFNG,Frangieh,7,greedy_ridge,39,9,0.41025641025641024,0.28205128205128205,0.00546557550921158,-0.0030472088869388982,0.26286158878111915,-0.10612905780373261,4.99194667504403,
Frangieh_Control_IFNG,Frangieh,7,linear_ucb,39,9,0.358974358974359,0.23076923076923078,0.004009548371960407,-0.004050448352312931,0.1928353662980127,-0.14107016724589652,5.012158032526912,
Frangieh_Control_IFNG,Frangieh,7,diversity,39,9,0.38461538461538464,0.20512820512820512,0.005013236838671012,-0.0041397091949877856,0.2411067961879079,-0.14417896926221183,5.171847423881877,
Frangieh_Control_IFNG,Frangieh,7,extra_trees,39,9,0.46153846153846156,0.23076923076923078,0.005809314827084151,-0.0033759835369544765,0.279393400128385,-0.11757971482480638,4.757643763794255,
Frangieh_Control_IFNG,Frangieh,7,gated_random,39,9,0.38461538461538464,0.38461538461538464,0.004818165930602602,0.005027332194511566,0.2317250487884955,0.1750933555480217,4.82332153671835,
Frangieh_Control_IFNG,Frangieh,7,old_controller,39,9,0.41025641025641024,0.3076923076923077,0.0042805700253963925,-0.0009824371272388896,0.20586989162772418,-0.03421659969297662,5.0755845083776725,
Frangieh_Control_IFNG,Frangieh,8,random,39,9,0.4358974358974359,0.28205128205128205,0.008764398852409936,-0.0024915604465890083,0.42151531950717197,-0.08677677588528275,4.618800699471293,
Frangieh_Control_IFNG,Frangieh,8,fixed_ridge,39,9,0.41025641025641024,0.1794871794871795,0.005501188507334687,-0.007082250592850723,0.2645743616175975,-0.24666263798680155,4.543891828028014,
Frangieh_Control_IFNG,Frangieh,8,greedy_ridge,39,9,0.41025641025641024,0.15384615384615385,0.00537796082971416,-0.009680560752492663,0.25864784517545036,-0.3371573232401248,4.726167326876906,
Frangieh_Control_IFNG,Frangieh,8,linear_ucb,39,9,0.38461538461538464,0.1282051282051282,0.004583812300505587,-0.008241876984535053,0.22045403671664685,-0.28705043577818673,4.824600120151058,
Frangieh_Control_IFNG,Frangieh,8,diversity,39,9,0.38461538461538464,0.15384615384615385,0.004033388389669953,-0.009625154517352139,0.19398192898315714,-0.3352276191239679,5.095502971086502,
Frangieh_Control_IFNG,Frangieh,8,extra_trees,39,9,0.41025641025641024,0.1282051282051282,0.005018210599665009,-0.005430810888287649,0.2413460044313758,-0.18914582625256615,4.582813834679258,
Frangieh_Control_IFNG,Frangieh,8,gated_random,39,9,0.38461538461538464,0.23076923076923078,0.005002816320575086,-0.0009238703105854101,0.24060563140882818,-0.03217681794495155,4.612882973705259,
Frangieh_Control_IFNG,Frangieh,8,old_controller,39,9,0.41025641025641024,0.1794871794871795,0.004327246457525216,-0.0075646903111341295,0.20811474966460208,-0.26346518571104055,5.007733312975556,
Frangieh_Control_IFNG,Frangieh,9,random,39,9,0.41025641025641024,0.2564102564102564,0.009123620826386526,-0.0021533464331591327,0.43879175428433914,-0.07499736203046506,4.596989458589266,
Frangieh_Control_IFNG,Frangieh,9,fixed_ridge,39,9,0.38461538461538464,0.28205128205128205,0.006617946483176151,-0.001678719057260886,0.3182837606221352,-0.05846690478880864,4.811020460870226,
Frangieh_Control_IFNG,Frangieh,9,greedy_ridge,39,9,0.48717948717948717,0.2564102564102564,0.0101564423871487,-0.0027815844481767276,0.48846431226689335,-0.09687781430142273,4.836740901812656,
Frangieh_Control_IFNG,Frangieh,9,linear_ucb,39,9,0.48717948717948717,0.28205128205128205,0.009625408849341521,-0.0007620322532260407,0.46292476584423503,-0.02654027605313844,4.923785062646956,
Frangieh_Control_IFNG,Frangieh,9,diversity,39,9,0.358974358974359,0.15384615384615385,0.004371493359383024,-0.007501958953026603,0.21024276178361556,-0.261280360128772,5.140545743926948,
Frangieh_Control_IFNG,Frangieh,9,extra_trees,39,9,0.3333333333333333,0.28205128205128205,0.004810034554617546,-0.0009496394430849101,0.23133397809396275,-0.033074312620920025,4.565272115933903,
Frangieh_Control_IFNG,Frangieh,9,gated_random,39,9,0.41025641025641024,0.2564102564102564,0.009123620826386526,-0.0021533464331591327,0.43879175428433914,-0.07499736203046506,4.596989458589266,
Frangieh_Control_IFNG,Frangieh,9,old_controller,39,9,0.358974358974359,0.15384615384615385,0.004371493359383024,-0.007501958953026603,0.21024276178361556,-0.261280360128772,5.140545743926948,
Frangieh_Control_IFNG,Frangieh,10,random,39,9,0.358974358974359,0.28205128205128205,0.0027797280604410102,0.003017566719489533,0.1336883431791404,0.10509667196495874,4.697487586698214,
Frangieh_Control_IFNG,Frangieh,10,fixed_ridge,39,9,0.358974358974359,0.3076923076923077,0.0014406845690148602,0.0030944894798846014,0.06928833644424691,0.10777575974242708,4.8091606838615,
Frangieh_Control_IFNG,Frangieh,10,greedy_ridge,39,9,0.3333333333333333,0.358974358974359,0.0019036316761131323,0.0006289567809928451,0.09155333157392335,0.021905485656775626,4.742239429822825,
Frangieh_Control_IFNG,Frangieh,10,linear_ucb,39,9,0.3076923076923077,0.3333333333333333,0.0007566744927178248,-0.000585963470906672,0.03639153077488936,-0.02040810242490506,4.866635620089113,
Frangieh_Control_IFNG,Frangieh,10,diversity,39,9,0.3333333333333333,0.23076923076923078,0.0018032078686536011,-0.0018675192134678066,0.08672354529875954,-0.06504249032786452,5.1161813078831155,
Frangieh_Control_IFNG,Frangieh,10,extra_trees,39,9,0.38461538461538464,0.38461538461538464,0.0043940620182411055,0.0060872264653653,0.21132817968957918,0.21200765466923469,4.65355599280841,
Frangieh_Control_IFNG,Frangieh,10,gated_random,39,9,0.38461538461538464,0.358974358974359,0.0074187376551407775,0.003611556754181905,0.3567970405850134,0.1257843258363134,4.533807988222866,
Frangieh_Control_IFNG,Frangieh,10,old_controller,39,9,0.3333333333333333,0.23076923076923078,0.0018032078686536011,-0.0018675192134678066,0.08672354529875954,-0.06504249032786452,5.1161813078831155,
Frangieh_Control_IFNG,Frangieh,11,random,39,9,0.358974358974359,0.20512820512820512,0.004081615719462911,-0.0032610046449703576,0.19630137594911384,-0.11357519727240126,4.6412177710493445,
Frangieh_Control_IFNG,Frangieh,11,fixed_ridge,39,9,0.38461538461538464,0.28205128205128205,0.003971821315101462,0.0035402673297587205,0.19102091984324063,0.12330143748631148,4.697196480229088,
Frangieh_Control_IFNG,Frangieh,11,greedy_ridge,39,9,0.3333333333333333,0.20512820512820512,0.0043564316103083915,-0.0019858525814405335,0.20951838147180618,-0.06916383852408345,4.818260452261768,
Frangieh_Control_IFNG,Frangieh,11,linear_ucb,39,9,0.358974358974359,0.20512820512820512,0.00312875326536056,-0.002866465523692758,0.1504743741717015,-0.09983407654143384,4.839609493924572,
Frangieh_Control_IFNG,Frangieh,11,diversity,39,9,0.38461538461538464,0.2564102564102564,0.005179922445636704,-0.002994183526450029,0.2491233798761401,-0.10428227546711369,5.02191096461693,
Frangieh_Control_IFNG,Frangieh,11,extra_trees,39,9,0.4358974358974359,0.1282051282051282,0.007350084680379689,-0.0035938439645764805,0.3534952419016295,-0.12516741976205087,4.585548940701799,
Frangieh_Control_IFNG,Frangieh,11,gated_random,39,9,0.358974358974359,0.20512820512820512,0.004081615719462911,-0.0032610046449703576,0.19630137594911384,-0.11357519727240126,4.6412177710493445,
Frangieh_Control_IFNG,Frangieh,11,old_controller,39,9,0.38461538461538464,0.2564102564102564,0.005179922445636704,-0.002994183526450029,0.2491233798761401,-0.10428227546711369,5.02191096461693,
Frangieh_Control_IFNG,Frangieh,12,random,39,9,0.38461538461538464,0.2564102564102564,0.0046366582492897435,0.0006077308555014422,0.22299561171357757,0.02116622308666748,4.686954704667195,
Frangieh_Control_IFNG,Frangieh,12,fixed_ridge,39,9,0.23076923076923078,0.1282051282051282,0.0030316742477339673,-0.001528468865255881,0.14580545234130537,-0.05323394836738663,4.755190442955995,
Frangieh_Control_IFNG,Frangieh,12,greedy_ridge,39,9,0.358974358974359,0.15384615384615385,0.007090586589633587,-0.0018614887027250816,0.34101493121811155,-0.06483245798451454,4.602979374151642,
Frangieh_Control_IFNG,Frangieh,12,linear_ucb,39,9,0.28205128205128205,0.15384615384615385,0.004986665794542479,-0.0019672757469180917,0.2398288874181127,-0.0685168392476987,4.768340298870867,
Frangieh_Control_IFNG,Frangieh,12,diversity,39,9,0.358974358974359,0.20512820512820512,0.005039734606914823,-0.0043976744605313985,0.24238118082461868,-0.153163456901238,5.192269721488676,
Frangieh_Control_IFNG,Frangieh,12,extra_trees,39,9,0.41025641025641024,0.2564102564102564,0.008748735888071017,-0.0020185637979861144,0.42076202432641535,-0.07030311407768154,4.623299964128009,
Frangieh_Control_IFNG,Frangieh,12,gated_random,39,9,0.38461538461538464,0.2564102564102564,0.0046366582492897435,0.0006077308555014422,0.22299561171357757,0.02116622308666748,4.686954704667195,
Frangieh_Control_IFNG,Frangieh,12,old_controller,39,9,0.358974358974359,0.20512820512820512,0.005039734606914823,-0.0043976744605313985,0.24238118082461868,-0.153163456901238,5.192269721488676,
Frangieh_Control_IFNG,Frangieh,13,random,39,9,0.358974358974359,0.358974358974359,0.005757349704178463,0.00048207359082614535,0.27689418760352397,0.016789796133023293,4.718669087889895,
Frangieh_Control_IFNG,Frangieh,13,fixed_ridge,39,9,0.3333333333333333,0.28205128205128205,0.0008389365497048271,0.0009498953955786266,0.040347845157439284,0.03308322700716938,4.709085441398043,
Frangieh_Control_IFNG,Frangieh,13,greedy_ridge,39,9,0.3333333333333333,0.28205128205128205,0.0013763087939193453,-0.0005516485242115028,0.06619224555828199,-0.019212971701522974,4.925814943989256,
Frangieh_Control_IFNG,Frangieh,13,linear_ucb,39,9,0.358974358974359,0.2564102564102564,0.004843921536559615,-0.002210942665129799,0.23296373984499458,-0.07700333997910269,4.959358725295038,
Frangieh_Control_IFNG,Frangieh,13,diversity,39,9,0.28205128205128205,0.20512820512820512,0.0018151481093718791,-0.004662009561519464,0.0872977996733164,-0.16236979498083695,5.165632166071786,
Frangieh_Control_IFNG,Frangieh,13,extra_trees,39,9,0.38461538461538464,0.3333333333333333,0.004870464520769015,-0.0006091464689648629,0.234240299100011,-0.021215526475001335,4.61551373840225,
Frangieh_Control_IFNG,Frangieh,13,gated_random,39,9,0.358974358974359,0.358974358974359,0.005757349704178463,0.00048207359082614535,0.27689418760352397,0.016789796133023293,4.718669087889895,
Frangieh_Control_IFNG,Frangieh,13,old_controller,39,9,0.28205128205128205,0.20512820512820512,0.0018151481093718791,-0.004662009561519464,0.0872977996733164,-0.16236979498083695,5.165632166071786,
Frangieh_Control_IFNG,Frangieh,14,random,39,9,0.38461538461538464,0.28205128205128205,0.009201064092688309,0.0007607022059284898,0.44251631357112914,0.02649395278756629,4.707101443058702,
Frangieh_Control_IFNG,Frangieh,14,fixed_ridge,39,9,0.3333333333333333,0.3076923076923077,0.0029549952475028452,0.004115727630450765,0.142117649694918,0.143343732511662,4.9135119091032005,
Frangieh_Control_IFNG,Frangieh,14,greedy_ridge,39,9,0.41025641025641024,0.28205128205128205,0.005508194675585598,0.0019213810808335187,0.2649113165301403,0.06691840676391003,4.798773134766965,
Frangieh_Control_IFNG,Frangieh,14,linear_ucb,39,9,0.358974358974359,0.20512820512820512,0.0081734989057109,0.000506289162485431,0.39309655582195613,0.017633182950183846,4.967641001246391,
Frangieh_Control_IFNG,Frangieh,14,diversity,39,9,0.3333333333333333,0.2564102564102564,0.0016917053472790444,-0.003962533584033468,0.08136093895067807,-0.1380082466914754,5.157896171839137,
Frangieh_Control_IFNG,Frangieh,14,extra_trees,39,9,0.46153846153846156,0.3076923076923077,0.007809513348743755,-0.0006037318482788184,0.3755910211099188,-0.021026944525717323,4.650617473460863,
Frangieh_Control_IFNG,Frangieh,14,gated_random,39,9,0.38461538461538464,0.28205128205128205,0.009201064092688309,0.0007607022059284898,0.44251631357112914,0.02649395278756629,4.707101443058702,
Frangieh_Control_IFNG,Frangieh,14,old_controller,39,9,0.3333333333333333,0.2564102564102564,0.0016917053472790444,-0.003962533584033468,0.08136093895067807,-0.1380082466914754,5.157896171839137,
Frangieh_Control_IFNG,Frangieh,15,random,39,9,0.41025641025641024,0.2564102564102564,0.0070809146071216,0.00029048785121340664,0.3405497665368298,0.010117193502831856,4.5640124187910045,
Frangieh_Control_IFNG,Frangieh,15,fixed_ridge,39,9,0.3333333333333333,0.28205128205128205,0.0036123594362156932,0.0009898358683604282,0.17373294707058207,0.03447428515311303,4.65770474706132,
Frangieh_Control_IFNG,Frangieh,15,greedy_ridge,39,9,0.3333333333333333,0.15384615384615385,0.002557984771043264,-0.00305873516181988,0.1230238132948847,-0.10653049818359914,4.661757398553084,
Frangieh_Control_IFNG,Frangieh,15,linear_ucb,39,9,0.38461538461538464,0.23076923076923078,0.0045190885395776466,-0.0035683512137823846,0.21734120978730817,-0.1242795509867269,4.684065111193092,
Frangieh_Control_IFNG,Frangieh,15,diversity,39,9,0.3076923076923077,0.1794871794871795,0.0022418760833558984,-0.00641412756558482,0.10782087048804351,-0.22339305916513488,5.078998127932439,
Frangieh_Control_IFNG,Frangieh,15,extra_trees,39,9,0.41025641025641024,0.2564102564102564,0.00594001380531331,0.001139475269518634,0.2856792415757281,0.039685968777201125,4.475146838763493,
Frangieh_Control_IFNG,Frangieh,15,gated_random,39,9,0.358974358974359,0.23076923076923078,0.0038973084175839313,-0.0059877242112755915,0.18743729382011975,-0.20854216186329297,4.756830229636153,
Frangieh_Control_IFNG,Frangieh,15,old_controller,39,9,0.3076923076923077,0.1794871794871795,0.0022418760833558984,-0.00641412756558482,0.10782087048804351,-0.22339305916513488,5.078998127932439,
Frangieh_Control_IFNG,Frangieh,16,random,39,9,0.3333333333333333,0.20512820512820512,0.003192818545907682,0.001047229043457699,0.15355553212148051,0.03647319097921045,4.676329055236526,
Frangieh_Control_IFNG,Frangieh,16,fixed_ridge,39,9,0.41025641025641024,0.3333333333333333,0.00782567691046117,0.0007870528045456281,0.37636839203933703,0.0274116989308609,4.738697337510524,
Frangieh_Control_IFNG,Frangieh,16,greedy_ridge,39,9,0.38461538461538464,0.28205128205128205,0.005569949922903849,-0.0017528407676923284,0.2678813756571778,-0.06104843680146708,4.665027658041842,
Frangieh_Control_IFNG,Frangieh,16,linear_ucb,39,9,0.358974358974359,0.3076923076923077,0.005136903677024905,-0.0024127256568471727,0.247054433642455,-0.08403109540590441,4.798724846288591,
Frangieh_Control_IFNG,Frangieh,16,diversity,39,9,0.3333333333333333,0.28205128205128205,0.0009744806317383731,-0.0018970781171045153,0.0468667072046596,-0.06607197623088923,5.057933155897231,
Frangieh_Control_IFNG,Frangieh,16,extra_trees,39,9,0.3333333333333333,0.28205128205128205,0.00305262041810721,-0.0032720420294112987,0.14681283822663638,-0.11395961043697146,4.5713013958760005,
Frangieh_Control_IFNG,Frangieh,16,gated_random,39,9,0.38461538461538464,0.3076923076923077,0.005603511496139657,0.0012945730736058096,0.2694954871899688,0.04508775921098241,4.744008717820056,
Frangieh_Control_IFNG,Frangieh,16,old_controller,39,9,0.3333333333333333,0.28205128205128205,0.0009744806317383731,-0.0018970781171045153,0.0468667072046596,-0.06607197623088923,5.057933155897231,
Frangieh_Control_IFNG,Frangieh,17,random,39,9,0.358974358974359,0.3076923076923077,0.0004897928588009748,0.0025745304574965465,0.023556115695608188,0.0896664790235629,4.5337078387189855,
Frangieh_Control_IFNG,Frangieh,17,fixed_ridge,39,9,0.5897435897435898,0.2564102564102564,0.011077495753831976,-0.0028763864130127996,0.53276148662859,-0.100179604096379,4.556536967723382,
Frangieh_Control_IFNG,Frangieh,17,greedy_ridge,39,9,0.5128205128205128,0.20512820512820512,0.007582563236667565,-0.0039468396614082074,0.3646760741050048,-0.13746165429060567,4.626395708598877,
Frangieh_Control_IFNG,Frangieh,17,linear_ucb,39,9,0.48717948717948717,0.23076923076923078,0.00822495049990301,-0.0014141776382580824,0.39557107067805225,-0.04925338100671126,4.7662910536993985,
Frangieh_Control_IFNG,Frangieh,17,diversity,39,9,0.41025641025641024,0.1794871794871795,0.004007789040416778,-0.006077451515950594,0.19275075294229715,-0.2116672099508209,5.141936675727252,
Frangieh_Control_IFNG,Frangieh,17,extra_trees,39,9,0.5128205128205128,0.20512820512820512,0.008507469826215511,0.000985748584457746,0.40915856550832463,0.034331932066842076,4.441318612320954,
Frangieh_Control_IFNG,Frangieh,17,gated_random,39,9,0.23076923076923078,0.23076923076923078,-0.0033987301511393233,-0.0026362209239879342,-0.1634586524074296,-0.09181505213657344,4.7033158006164415,
Frangieh_Control_IFNG,Frangieh,17,old_controller,39,9,0.41025641025641024,0.1282051282051282,0.00443658155459127,-0.008185176345941677,0.21337311582858295,-0.2850756498104187,4.926596796844841,
Frangieh_Control_IFNG,Frangieh,18,random,39,9,0.358974358974359,0.28205128205128205,0.005711299517739964,-0.0022555091553923537,0.27467944824982016,-0.07855551437760135,4.646850821132853,
Frangieh_Control_IFNG,Frangieh,18,fixed_ridge,39,9,0.3333333333333333,0.38461538461538464,0.0002817331122040656,0.006016905410285993,0.013549682620136892,0.2095584929621656,4.616643223577027,
Frangieh_Control_IFNG,Frangieh,18,greedy_ridge,39,9,0.358974358974359,0.3076923076923077,0.0036834338586459524,0.0008347686971593726,0.17715120294688105,0.029073561610202164,4.630778361829798,
Frangieh_Control_IFNG,Frangieh,18,linear_ucb,39,9,0.3076923076923077,0.3333333333333333,0.0007778408667657084,0.0013348869638951503,0.0374095071438161,0.04649182284808631,4.822503010900815,
Frangieh_Control_IFNG,Frangieh,18,diversity,39,9,0.38461538461538464,0.23076923076923078,0.004780791619636073,-0.0035690854900065163,0.22992756730759678,-0.12430512456790435,5.101662707155431,
Frangieh_Control_IFNG,Frangieh,18,extra_trees,39,9,0.38461538461538464,0.3333333333333333,0.00633659293155476,0.002441103869541639,0.3047523326025673,0.08501945986897969,4.723955587682675,
Frangieh_Control_IFNG,Frangieh,18,gated_random,39,9,0.358974358974359,0.28205128205128205,0.005711299517739964,-0.0022555091553923537,0.27467944824982016,-0.07855551437760135,4.646850821132853,
Frangieh_Control_IFNG,Frangieh,18,old_controller,39,9,0.38461538461538464,0.23076923076923078,0.004780791619636073,-0.0035690854900065163,0.22992756730759678,-0.12430512456790435,5.101662707155431,
Frangieh_Control_IFNG,Frangieh,19,random,39,9,0.46153846153846156,0.23076923076923078,0.008380282579626986,-0.004549364612734552,0.40304161741116473,-0.1584465646659957,4.630843761835833,
Frangieh_Control_IFNG,Frangieh,19,fixed_ridge,39,9,0.38461538461538464,0.3076923076923077,0.005088476451301061,0.0019307071848552971,0.24472537287427476,0.067243218967318,4.678945651344249,
Frangieh_Control_IFNG,Frangieh,19,greedy_ridge,39,9,0.38461538461538464,0.15384615384615385,0.0028129879837085077,-0.006644129832117722,0.135287947147304,-0.231403643521359,4.8455875376130795,
Frangieh_Control_IFNG,Frangieh,19,linear_ucb,39,9,0.358974358974359,0.1794871794871795,0.0023220766418000204,-0.004449492690578517,0.11167803908414548,-0.1549681969554987,4.919751642602516,
Frangieh_Control_IFNG,Frangieh,19,diversity,39,9,0.38461538461538464,0.20512820512820512,0.00426013782908934,-0.0034866847282888328,0.20488722482996288,-0.12143524740231475,5.044474738865109,
Frangieh_Control_IFNG,Frangieh,19,extra_trees,39,9,0.48717948717948717,0.2564102564102564,0.010198439055508952,-2.544169276198006e-05,0.4904841015736341,-0.000886090511659475,4.462930080980551,
Frangieh_Control_IFNG,Frangieh,19,gated_random,39,9,0.46153846153846156,0.23076923076923078,0.008380282579626986,-0.004549364612734552,0.40304161741116473,-0.1584465646659957,4.630843761835833,
Frangieh_Control_IFNG,Frangieh,19,old_controller,39,9,0.38461538461538464,0.20512820512820512,0.00426013782908934,-0.0034866847282888328,0.20488722482996288,-0.12143524740231475,5.044474738865109,
Frangieh_Control_IFNG,Frangieh,20,random,39,9,0.38461538461538464,0.28205128205128205,0.005726580532032313,0.0013056906048394222,0.27541437391104356,0.04547496375084319,4.60725193073192,
Frangieh_Control_IFNG,Frangieh,20,fixed_ridge,39,9,0.28205128205128205,0.28205128205128205,0.00213513855057861,-0.006157948848153039,0.1026874316761329,-0.2144707939318789,4.611237581456021,
Frangieh_Control_IFNG,Frangieh,20,greedy_ridge,39,9,0.3333333333333333,0.1794871794871795,0.0011842728125119554,-0.006851504150597009,0.056956460032894625,-0.23862613526691398,4.8660101247341565,
Frangieh_Control_IFNG,Frangieh,20,linear_ucb,39,9,0.358974358974359,0.23076923076923078,0.0017376657950652246,-0.006061673664128617,0.08357136241034951,-0.21111769444001666,4.771326149520897,
Frangieh_Control_IFNG,Frangieh,20,diversity,39,9,0.38461538461538464,0.1282051282051282,0.004286950080001962,-0.007258749855495679,0.2061767342076691,-0.252809804506252,5.125150656214847,
Frangieh_Control_IFNG,Frangieh,20,extra_trees,39,9,0.3333333333333333,0.20512820512820512,0.003431656439912008,-0.002719999130721951,0.16504221054597637,-0.09473290334896582,4.551006960921173,
Frangieh_Control_IFNG,Frangieh,20,gated_random,39,9,0.358974358974359,0.23076923076923078,0.006699030020498902,-0.0028626602889858695,0.3221833952367754,-0.09970154674477463,4.610605948730766,
Frangieh_Control_IFNG,Frangieh,20,old_controller,39,9,0.38461538461538464,0.1282051282051282,0.004286950080001962,-0.007258749855495679,0.2061767342076691,-0.252809804506252,5.125150656214847,
Frangieh_Control_IFNG,Frangieh,21,random,39,9,0.38461538461538464,0.28205128205128205,0.006307617517235647,-0.002380642162411782,0.303358787964738,-0.0829136823364972,4.579148095629525,
Frangieh_Control_IFNG,Frangieh,21,fixed_ridge,39,9,0.38461538461538464,0.23076923076923078,0.005272725278948503,0.0009634568701229998,0.25358664274143494,0.03355554989976552,4.878619715492444,
Frangieh_Control_IFNG,Frangieh,21,greedy_ridge,39,9,0.3333333333333333,0.28205128205128205,0.00365327267913436,0.0010779265481947451,0.17570063007444195,0.03754233240519949,4.870486877368121,
Frangieh_Control_IFNG,Frangieh,21,linear_ucb,39,9,0.358974358974359,0.23076923076923078,0.003126885610584331,0.0023415608199363206,0.15038455111446872,0.08155254622521725,4.888982217096144,
Frangieh_Control_IFNG,Frangieh,21,diversity,39,9,0.38461538461538464,0.20512820512820512,0.00488773375620592,-0.005269252274290907,0.23507084634180272,-0.18351901689366612,5.083793318085665,
Frangieh_Control_IFNG,Frangieh,21,extra_trees,39,9,0.3333333333333333,0.28205128205128205,0.0027964206435938544,0.0018528256789274934,0.13449115688485583,0.06453073972774843,4.536651257597415,
Frangieh_Control_IFNG,Frangieh,21,gated_random,39,9,0.3076923076923077,0.3076923076923077,0.0021925080388015407,0.0006157547891436383,0.10544656194455995,0.02144568292973108,4.868082979918863,
Frangieh_Control_IFNG,Frangieh,21,old_controller,39,9,0.38461538461538464,0.28205128205128205,0.005205373558781897,-0.0019303486697293338,0.2503474266441919,-0.0672307325005418,5.086446523688358,
Frangieh_Control_IFNG,Frangieh,22,random,39,9,0.358974358974359,0.3076923076923077,0.006735081069663187,-0.0019484863655862823,0.323917235716077,-0.0678624373305846,4.670173070893184,
Frangieh_Control_IFNG,Frangieh,22,fixed_ridge,39,9,0.46153846153846156,0.23076923076923078,0.00792539569338712,0.0014552800864731342,0.381164270838753,0.05068490876353406,4.577619732947136,
Frangieh_Control_IFNG,Frangieh,22,greedy_ridge,39,9,0.46153846153846156,0.2564102564102564,0.007310039188728894,-0.0016039064579227076,0.35156929255903824,-0.05586131030080324,4.712640048942921,
Frangieh_Control_IFNG,Frangieh,22,linear_ucb,39,9,0.41025641025641024,0.2564102564102564,0.006244376208576913,-0.0027033666544431134,0.3003172581491468,-0.09415362273450517,4.779100479899396,
Frangieh_Control_IFNG,Frangieh,22,diversity,39,9,0.4358974358974359,0.1282051282051282,0.0044835671669891716,-0.007574016341070256,0.21563284359264928,-0.26378999533417236,5.093150399053835,
Frangieh_Control_IFNG,Frangieh,22,extra_trees,39,9,0.5128205128205128,0.358974358974359,0.010065375568235758,0.006999172415066477,0.48408454134169915,0.24376916758177455,4.499504084764876,
Frangieh_Control_IFNG,Frangieh,22,gated_random,39,9,0.358974358974359,0.3076923076923077,0.006735081069663187,-0.0019484863655862823,0.323917235716077,-0.0678624373305846,4.670173070893184,
Frangieh_Control_IFNG,Frangieh,22,old_controller,39,9,0.4358974358974359,0.1282051282051282,0.0044835671669891716,-0.007574016341070256,0.21563284359264928,-0.26378999533417236,5.093150399053835,
Frangieh_Control_IFNG,Frangieh,23,random,39,9,0.41025641025641024,0.358974358974359,0.0034767632695483696,0.008752737576771308,0.16721158006307663,0.3048428337839417,4.6338715252064855,
Frangieh_Control_IFNG,Frangieh,23,fixed_ridge,39,9,0.3333333333333333,0.23076923076923078,0.004243601193504241,-0.0015143535232440487,0.20409191127228402,-0.05274233522110243,4.881169561779267,
Frangieh_Control_IFNG,Frangieh,23,greedy_ridge,39,9,0.38461538461538464,0.23076923076923078,0.005747824443085409,-0.001026532653376339,0.2764360793475397,-0.03575237121897414,4.857453671462186,
Frangieh_Control_IFNG,Frangieh,23,linear_ucb,39,9,0.38461538461538464,0.1794871794871795,0.004684723801686931,-0.006529147988232924,0.22530727815153506,-0.22739902315931745,4.956006696400649,
Frangieh_Control_IFNG,Frangieh,23,diversity,39,9,0.4358974358974359,0.10256410256410256,0.0055414423207400774,-0.010810113936996664,0.26651032999428653,-0.3764977228183895,5.1443264211471424,
Frangieh_Control_IFNG,Frangieh,23,extra_trees,39,9,0.3333333333333333,0.3076923076923077,0.004018562167426209,0.001897261860167358,0.19326887610738144,0.06607837568654226,4.720775235403114,
Frangieh_Control_IFNG,Frangieh,23,gated_random,39,9,0.41025641025641024,0.358974358974359,0.0034767632695483696,0.008752737576771308,0.16721158006307663,0.3048428337839417,4.6338715252064855,
Frangieh_Control_IFNG,Frangieh,23,old_controller,39,9,0.4358974358974359,0.10256410256410256,0.0055414423207400774,-0.010810113936996664,0.26651032999428653,-0.3764977228183895,5.1443264211471424,
Frangieh_Control_IFNG,Frangieh,24,random,39,9,0.46153846153846156,0.3076923076923077,0.008292202863807533,0.004499525135449039,0.39880550833158657,0.15671074117571454,4.684812127934169,
Frangieh_Control_IFNG,Frangieh,24,fixed_ridge,39,9,0.4358974358974359,0.38461538461538464,0.009213142076625115,0.002059362687178847,0.4430971925730844,0.07172406939453654,4.638421792993438,
Frangieh_Control_IFNG,Frangieh,24,greedy_ridge,39,9,0.41025641025641024,0.358974358974359,0.006665655243297428,0.004135891748140272,0.3205782674793033,0.14404601413764553,4.887821843710447,
Frangieh_Control_IFNG,Frangieh,24,linear_ucb,39,9,0.4358974358974359,0.3076923076923077,0.007352185906052711,0.0019584057190085427,0.35359629832613,0.06820791139284497,4.930686566030727,
Frangieh_Control_IFNG,Frangieh,24,diversity,39,9,0.46153846153846156,0.28205128205128205,0.005611841665504608,-0.0012729163537298497,0.2698961186605973,-0.04433349281152205,5.110092025822803,
Frangieh_Control_IFNG,Frangieh,24,extra_trees,39,9,0.3076923076923077,0.358974358974359,0.004782345087363303,0.0024607863870971637,0.23000227984138422,0.08570496818851984,4.767814491147048,
Frangieh_Control_IFNG,Frangieh,24,gated_random,39,9,0.41025641025641024,0.358974358974359,0.006017349118975555,0.003690015886218375,0.28939860898431713,0.12851692280228447,4.794026860485098,
Frangieh_Control_IFNG,Frangieh,24,old_controller,39,9,0.46153846153846156,0.28205128205128205,0.005611841665504608,-0.0012729163537298497,0.2698961186605973,-0.04433349281152205,5.110092025822803,
Frangieh_Control_IFNG,Frangieh,25,random,39,9,0.3333333333333333,0.28205128205128205,0.0008467501203620512,-0.0009513115881565884,0.040723631310891906,-0.03313255056506918,4.645609214082335,
Frangieh_Control_IFNG,Frangieh,25,fixed_ridge,39,9,0.358974358974359,0.3076923076923077,0.00464282353080028,0.004648198134138924,0.2232921249884214,0.16188876665977103,4.717128984468834,
Frangieh_Control_IFNG,Frangieh,25,greedy_ridge,39,9,0.5128205128205128,0.28205128205128205,0.008803049579439833,0.0034807067779175317,0.4233741889889861,0.12122704564652997,4.6309748464333795,
Frangieh_Control_IFNG,Frangieh,25,linear_ucb,39,9,0.3333333333333333,0.23076923076923078,0.0033588850695439668,0.0010849805856206654,0.16154234159338698,0.03778801242698403,4.851661987875115,
Frangieh_Control_IFNG,Frangieh,25,diversity,39,9,0.4358974358974359,0.2564102564102564,0.00790652804514028,-0.0030616052956770373,0.38025684947271954,-0.10663046002190184,5.097359019510516,
Frangieh_Control_IFNG,Frangieh,25,extra_trees,39,9,0.5128205128205128,0.28205128205128205,0.009164555500314305,0.0016219144984031247,0.4407604679919365,0.05648849945651552,4.592253552014794,
Frangieh_Control_IFNG,Frangieh,25,gated_random,39,9,0.3333333333333333,0.28205128205128205,0.0008467501203620512,-0.0009513115881565884,0.040723631310891906,-0.03313255056506918,4.645609214082335,
Frangieh_Control_IFNG,Frangieh,25,old_controller,39,9,0.4358974358974359,0.2564102564102564,0.00790652804514028,-0.0030616052956770373,0.38025684947271954,-0.10663046002190184,5.097359019510516,
Frangieh_Control_IFNG,Frangieh,26,random,39,9,0.46153846153846156,0.3076923076923077,0.00954859688596255,0.0012749208691813824,0.4592305684633436,0.04440330664579382,4.475811941812989,
Frangieh_Control_IFNG,Frangieh,26,fixed_ridge,39,9,0.41025641025641024,0.28205128205128205,0.005286711859987152,0.003448382886119091,0.25425931388233103,0.12010125994938847,4.679424839136274,
Frangieh_Control_IFNG,Frangieh,26,greedy_ridge,39,9,0.46153846153846156,0.23076923076923078,0.005743703225604901,0.00010107616569537816,0.276237873363044,0.0035203094469970744,4.635889018120385,
Frangieh_Control_IFNG,Frangieh,26,linear_ucb,39,9,0.46153846153846156,0.20512820512820512,0.005715399572196905,-0.00390378214648488,0.27487663641908505,-0.1359620349144055,4.769684606580226,
Frangieh_Control_IFNG,Frangieh,26,diversity,39,9,0.41025641025641024,0.20512820512820512,0.005798528952796719,-0.00657178844922772,0.2788746638952455,-0.22888411726267593,5.06166625136939,
Frangieh_Control_IFNG,Frangieh,26,extra_trees,39,9,0.4358974358974359,0.28205128205128205,0.004633669394185358,0.0022979083777328758,0.2228518656066852,0.0800322065524955,4.568250116502642,
Frangieh_Control_IFNG,Frangieh,26,gated_random,39,9,0.46153846153846156,0.3076923076923077,0.00954859688596255,0.0012749208691813824,0.4592305684633436,0.04440330664579382,4.475811941812989,
Frangieh_Control_IFNG,Frangieh,26,old_controller,39,9,0.41025641025641024,0.20512820512820512,0.005798528952796719,-0.00657178844922772,0.2788746638952455,-0.22888411726267593,5.06166625136939,
Frangieh_Control_IFNG,Frangieh,27,random,39,9,0.41025641025641024,0.38461538461538464,0.008080171487834215,0.0038485113184376233,0.38860806356737854,0.1340370467950055,4.642921948699883,
Frangieh_Control_IFNG,Frangieh,27,fixed_ridge,39,9,0.41025641025641024,0.28205128205128205,0.008112830060913638,0.003428461774881207,0.39017874617756537,0.11940744182121812,4.646706571308064,
Frangieh_Control_IFNG,Frangieh,27,greedy_ridge,39,9,0.41025641025641024,0.2564102564102564,0.008147025909639572,0.0011812644524408693,0.3918233625790163,0.041141414325727314,4.698677157529774,
Frangieh_Control_IFNG,Frangieh,27,linear_ucb,39,9,0.38461538461538464,0.28205128205128205,0.005964848040960363,0.0003516453201557977,0.2868736202147839,0.012247203225610388,4.845220492001996,
Frangieh_Control_IFNG,Frangieh,27,diversity,39,9,0.4358974358974359,0.2564102564102564,0.006806036567653977,-0.006919685115197101,0.32732977203602714,-0.2410007612940868,5.066190365147173,
Frangieh_Control_IFNG,Frangieh,27,extra_trees,39,9,0.41025641025641024,0.3076923076923077,0.007049495010160879,0.0028242561914716712,0.33903867128948795,0.09836399791362807,4.5842767966394105,
Frangieh_Control_IFNG,Frangieh,27,gated_random,39,9,0.41025641025641024,0.38461538461538464,0.008080171487834215,0.0038485113184376233,0.38860806356737854,0.1340370467950055,4.642921948699883,
Frangieh_Control_IFNG,Frangieh,27,old_controller,39,9,0.4358974358974359,0.2564102564102564,0.006806036567653977,-0.006919685115197101,0.32732977203602714,-0.2410007612940868,5.066190365147173,
Frangieh_Control_IFNG,Frangieh,28,random,39,9,0.38461538461538464,0.3333333333333333,0.0060965483773687155,0.003155411488781159,0.29320762101908376,0.1098975687957596,4.767737078539773,
Frangieh_Control_IFNG,Frangieh,28,fixed_ridge,39,9,0.41025641025641024,0.28205128205128205,0.007214870964368347,-0.005040017035964513,0.34699226848998466,-0.175535146813977,4.730876035452016,
Frangieh_Control_IFNG,Frangieh,28,greedy_ridge,39,9,0.3076923076923077,0.20512820512820512,0.0014760991684954834,-0.006414794957271234,0.07099156748914495,-0.22341630327260936,4.824672059578962,
Frangieh_Control_IFNG,Frangieh,28,linear_ucb,39,9,0.3333333333333333,0.28205128205128205,0.004781449673877035,-0.0022437276881114186,0.22995921579237058,-0.07814518608424723,4.868267249543674,
Frangieh_Control_IFNG,Frangieh,28,diversity,39,9,0.4358974358974359,0.28205128205128205,0.007336257491421291,-0.00425715767629022,0.35283023656928064,-0.14826949837379766,5.096298797238758,
Frangieh_Control_IFNG,Frangieh,28,extra_trees,39,9,0.3333333333333333,0.3333333333333333,0.003850587809337422,-0.0012511301687639414,0.18519031117541943,-0.043574717365086425,4.626658717062075,
Frangieh_Control_IFNG,Frangieh,28,gated_random,39,9,0.41025641025641024,0.3333333333333333,0.0074122060856617695,0.0023163752842436628,0.3564829110431943,0.08067537722482451,4.622879203041295,
Frangieh_Control_IFNG,Frangieh,28,old_controller,39,9,0.3333333333333333,0.23076923076923078,0.005697097166071483,-0.008636184618218964,0.2739963998283478,-0.3007834941934013,5.0576311802809615,
Frangieh_Control_IFNG,Frangieh,29,random,39,9,0.46153846153846156,0.23076923076923078,0.009001492528239813,-0.005981760570753518,0.4329181114388833,-0.20833445849500712,4.766502261261415,
Frangieh_Control_IFNG,Frangieh,29,fixed_ridge,39,9,0.2564102564102564,0.3076923076923077,0.0015921560160775607,0.0011045654354558722,0.07657320976870678,0.03847011914738221,4.692177777006007,
Frangieh_Control_IFNG,Frangieh,29,greedy_ridge,39,9,0.28205128205128205,0.23076923076923078,0.001716874469993606,-0.004106233967480458,0.08257142366062785,-0.14301308451753741,4.84269747332357,
Frangieh_Control_IFNG,Frangieh,29,linear_ucb,39,9,0.3076923076923077,0.23076923076923078,0.0021049523347699607,-0.005889004514482767,0.10123565470710591,-0.20510392418546267,4.879792203646687,
Frangieh_Control_IFNG,Frangieh,29,diversity,39,9,0.4358974358974359,0.20512820512820512,0.007323477460542618,-0.005059969053407837,0.3522155932959825,-0.17623004135226078,5.095054491914223,
Frangieh_Control_IFNG,Frangieh,29,extra_trees,39,9,0.38461538461538464,0.28205128205128205,0.007017358644154928,-0.0008820162693454712,0.3374931037254247,-0.03071911349248933,4.571172729386478,
Frangieh_Control_IFNG,Frangieh,29,gated_random,39,9,0.20512820512820512,0.2564102564102564,-0.0021592145191130707,-0.00027197677968435527,-0.10384534218889525,-0.009472484638685282,4.782218845014548,
Frangieh_Control_IFNG,Frangieh,29,old_controller,39,9,0.358974358974359,0.23076923076923078,0.005772400508566139,-0.0021654989594048642,0.2776180415411579,-0.07542061367098198,5.119379983660629,
Frangieh_Control_TNFA,Frangieh,0,random,39,9,0.48717948717948717,0.2564102564102564,0.020700296276176356,0.019767696739272003,0.4776936457885441,0.42733468263638835,4.707197306652195,
Frangieh_Control_TNFA,Frangieh,0,fixed_ridge,39,9,0.41025641025641024,0.23076923076923078,0.013310153601780755,0.01594548567035934,0.3071538549599261,0.34470677835161045,4.770523638907506,
Frangieh_Control_TNFA,Frangieh,0,greedy_ridge,39,9,0.46153846153846156,0.23076923076923078,0.009291723066676832,0.01665940878124309,0.21442191010988954,0.36014024589414856,4.71113832305148,
Frangieh_Control_TNFA,Frangieh,0,linear_ucb,39,9,0.4358974358974359,0.1794871794871795,0.010145402892384862,0.011903681318326215,0.23412198699950995,0.25733174408051823,4.80126360078544,
Frangieh_Control_TNFA,Frangieh,0,diversity,39,9,0.3076923076923077,0.1794871794871795,0.0015696865911634021,0.002166048043695071,0.03622311973095787,0.04682525564491696,5.0854716789492596,
Frangieh_Control_TNFA,Frangieh,0,extra_trees,39,9,0.3076923076923077,0.2564102564102564,0.0034697981888462395,0.015111827001780261,0.08007134414245262,0.32668488802907436,4.611129291013314,
Frangieh_Control_TNFA,Frangieh,0,gated_random,39,9,0.48717948717948717,0.2564102564102564,0.020700296276176356,0.019767696739272003,0.4776936457885441,0.42733468263638835,4.707197306652195,
Frangieh_Control_TNFA,Frangieh,0,old_controller,39,9,0.358974358974359,0.1794871794871795,0.002489645342139717,0.008951838029177244,0.057452692673578845,0.19351930139695633,4.995261596985408,
Frangieh_Control_TNFA,Frangieh,1,random,39,9,0.5384615384615384,0.2564102564102564,0.019879104115756517,0.01941953973913231,0.45874327562136,0.41980828423374816,4.578903556240993,
Frangieh_Control_TNFA,Frangieh,1,fixed_ridge,39,9,0.46153846153846156,0.1794871794871795,0.003907470464935359,0.004698434932311515,0.09017135732275675,0.10156996169908891,4.715081700397378,
Frangieh_Control_TNFA,Frangieh,1,greedy_ridge,39,9,0.4358974358974359,0.10256410256410256,0.00998265205951945,-0.0002309297138515136,0.2303662417836274,-0.004992199004348083,4.682400888059496,
Frangieh_Control_TNFA,Frangieh,1,linear_ucb,39,9,0.46153846153846156,0.10256410256410256,0.007675950805087915,0.00023981604836507858,0.17713528715025997,0.005184302261962856,4.705102700919431,
Frangieh_Control_TNFA,Frangieh,1,diversity,39,9,0.358974358974359,0.15384615384615385,0.007665962202236873,0.00428067172856211,0.17690478358409897,0.09253882830777467,5.164260988659729,
Frangieh_Control_TNFA,Frangieh,1,extra_trees,39,9,0.4358974358974359,0.23076923076923078,0.008139180408693792,0.016298843691108574,0.18782507802240045,0.3523456115270458,4.752823338309486,
Frangieh_Control_TNFA,Frangieh,1,gated_random,39,9,0.5384615384615384,0.2564102564102564,0.019879104115756517,0.01941953973913231,0.45874327562136,0.41980828423374816,4.578903556240993,
Frangieh_Control_TNFA,Frangieh,1,old_controller,39,9,0.358974358974359,0.15384615384615385,0.007665962202236873,0.00428067172856211,0.17690478358409897,0.09253882830777467,5.164260988659729,
Frangieh_Control_TNFA,Frangieh,2,random,39,9,0.5128205128205128,0.1794871794871795,0.02312718381670539,0.00852204970098948,0.5336980981735245,0.18422821092499142,4.693641894759419,
Frangieh_Control_TNFA,Frangieh,2,fixed_ridge,39,9,0.38461538461538464,0.2564102564102564,0.01070776844703856,0.015526930166702329,0.24709950425261293,0.3356585171565852,4.57815401361805,
Frangieh_Control_TNFA,Frangieh,2,greedy_ridge,39,9,0.38461538461538464,0.28205128205128205,0.0072466721769960125,0.019057068510024457,0.16722897130934472,0.4119724432807707,4.6770720916425095,
Frangieh_Control_TNFA,Frangieh,2,linear_ucb,39,9,0.3076923076923077,0.2564102564102564,0.007968189532302083,0.013207636786861671,0.18387918014488364,0.2855204300801146,4.785741062752697,
Frangieh_Control_TNFA,Frangieh,2,diversity,39,9,0.28205128205128205,0.20512820512820512,0.0026962552373233995,0.0021478688373474946,0.062220558445619516,0.04643226067551877,5.169738395877125,
Frangieh_Control_TNFA,Frangieh,2,extra_trees,39,9,0.3076923076923077,0.20512820512820512,0.0015319142761591315,0.011709348365804544,0.03535146095740546,0.253130687594931,4.595441294154347,
Frangieh_Control_TNFA,Frangieh,2,gated_random,39,9,0.5128205128205128,0.1794871794871795,0.02312718381670539,0.00852204970098948,0.5336980981735245,0.18422821092499142,4.693641894759419,
Frangieh_Control_TNFA,Frangieh,2,old_controller,39,9,0.28205128205128205,0.20512820512820512,0.0026962552373233995,0.0021478688373474946,0.062220558445619516,0.04643226067551877,5.169738395877125,
Frangieh_Control_TNFA,Frangieh,3,random,39,9,0.358974358974359,0.1794871794871795,0.005159698608473428,0.010763312681929803,0.11906859721077506,0.2326794502017475,4.663806736121398,
Frangieh_Control_TNFA,Frangieh,3,fixed_ridge,39,9,0.358974358974359,0.1282051282051282,0.013382915927452603,0.010479045741894972,0.3088329662229973,0.22653421617645683,4.5593103574023965,
Frangieh_Control_TNFA,Frangieh,3,greedy_ridge,39,9,0.41025641025641024,0.20512820512820512,0.012993555199988455,0.01305225893141818,0.29984782210004635,0.28216149821160025,4.744765127383155,
Frangieh_Control_TNFA,Frangieh,3,linear_ucb,39,9,0.46153846153846156,0.15384615384615385,0.019388938870502685,0.012247183557023037,0.44743190017435175,0.26475751664747443,4.733084999993095,
Frangieh_Control_TNFA,Frangieh,3,diversity,39,9,0.28205128205128205,0.20512820512820512,0.0014846530641156985,0.005336532919275147,0.03426083015752673,0.11536425469875297,5.136940462457771,
Frangieh_Control_TNFA,Frangieh,3,extra_trees,39,9,0.41025641025641024,0.28205128205128205,0.011204449984085943,0.014848983192358355,0.2585612539330309,0.32100277557238627,4.719797115422027,
Frangieh_Control_TNFA,Frangieh,3,gated_random,39,9,0.358974358974359,0.1794871794871795,0.005159698608473428,0.010763312681929803,0.11906859721077506,0.2326794502017475,4.663806736121398,
Frangieh_Control_TNFA,Frangieh,3,old_controller,39,9,0.28205128205128205,0.20512820512820512,0.0014846530641156985,0.005336532919275147,0.03426083015752673,0.11536425469875297,5.136940462457771,
Frangieh_Control_TNFA,Frangieh,4,random,39,9,0.28205128205128205,0.20512820512820512,0.0015346578687074474,0.020500264653177287,0.035414773902760335,0.4431712103374828,4.770262134257889,
Frangieh_Control_TNFA,Frangieh,4,fixed_ridge,39,9,0.3076923076923077,0.20512820512820512,-0.0010922056264561818,0.012823563272084334,-0.025204455080822984,0.27721759461520445,4.900623978632985,
Frangieh_Control_TNFA,Frangieh,4,greedy_ridge,39,9,0.28205128205128205,0.20512820512820512,-0.0068401081639433816,0.01197781798578674,-0.15784683285826132,0.2589344178608188,4.759775952375068,
Frangieh_Control_TNFA,Frangieh,4,linear_ucb,39,9,0.28205128205128205,0.23076923076923078,-0.006248726334624337,0.01698727635985062,-0.1441997169749183,0.36722803105693175,4.762345684707959,
Frangieh_Control_TNFA,Frangieh,4,diversity,39,9,0.2564102564102564,0.15384615384615385,0.0017108373381343146,-3.434069272602492e-05,0.039480407164274076,-0.0007423712140643672,5.209973690907264,
Frangieh_Control_TNFA,Frangieh,4,extra_trees,39,9,0.3076923076923077,0.1794871794871795,-0.007090036050242015,0.011743974063384538,-0.16361433307165785,0.2538792199951177,4.754198184761328,
Frangieh_Control_TNFA,Frangieh,4,gated_random,39,9,0.28205128205128205,0.20512820512820512,0.0015346578687074474,0.020500264653177287,0.035414773902760335,0.4431712103374828,4.770262134257889,
Frangieh_Control_TNFA,Frangieh,4,old_controller,39,9,0.2564102564102564,0.15384615384615385,0.0017108373381343146,-3.434069272602492e-05,0.039480407164274076,-0.0007423712140643672,5.209973690907264,
Frangieh_Control_TNFA,Frangieh,5,random,39,9,0.4358974358974359,0.23076923076923078,0.017555747606982062,0.015570903173106823,0.4051279733891729,0.33660911807809263,4.584070094065344,
Frangieh_Control_TNFA,Frangieh,5,fixed_ridge,39,9,0.3333333333333333,0.20512820512820512,0.008816717194921223,0.01701428490749173,0.20346036233189727,0.3678118972142749,4.567902982921731,
Frangieh_Control_TNFA,Frangieh,5,greedy_ridge,39,9,0.358974358974359,0.23076923076923078,0.010127012043936772,0.02439059313512436,0.2336975876900941,0.5272716651912525,4.741748698695604,
Frangieh_Control_TNFA,Frangieh,5,linear_ucb,39,9,0.38461538461538464,0.1794871794871795,0.010316682928913678,0.013286486818724158,0.23807455772645214,0.2872249965648322,4.830699982547379,
Frangieh_Control_TNFA,Frangieh,5,diversity,39,9,0.20512820512820512,0.1794871794871795,-0.004355876734498679,0.00773663428683166,-0.1005190751932813,0.16724923501425412,5.168009868005654,
Frangieh_Control_TNFA,Frangieh,5,extra_trees,39,9,0.28205128205128205,0.1794871794871795,0.003473994517885648,0.01582478814812495,0.08016818139014315,0.3420975599869558,4.587210297541535,
Frangieh_Control_TNFA,Frangieh,5,gated_random,39,9,0.4358974358974359,0.23076923076923078,0.017555747606982062,0.015570903173106823,0.4051279733891729,0.33660911807809263,4.584070094065344,
Frangieh_Control_TNFA,Frangieh,5,old_controller,39,9,0.20512820512820512,0.1794871794871795,-0.004355876734498679,0.00773663428683166,-0.1005190751932813,0.16724923501425412,5.168009868005654,
Frangieh_Control_TNFA,Frangieh,6,random,39,9,0.41025641025641024,0.1282051282051282,0.021781367509546682,0.008958669496618953,0.5026411562944748,0.19366698289013423,4.621763677623849,
Frangieh_Control_TNFA,Frangieh,6,fixed_ridge,39,9,0.41025641025641024,0.07692307692307693,0.010438136818807233,0.0020405717906652175,0.24087730753661907,0.04411273149634535,4.649193555928948,
Frangieh_Control_TNFA,Frangieh,6,greedy_ridge,39,9,0.358974358974359,0.05128205128205128,0.0089414840544258,-0.00020745155240647879,0.20633956440684154,-0.0044846521311674836,4.744968760839934,
Frangieh_Control_TNFA,Frangieh,6,linear_ucb,39,9,0.41025641025641024,0.1282051282051282,0.008687623235331236,0.008097084092111073,0.20048130525063257,0.17504137717310325,4.719008756382155,
Frangieh_Control_TNFA,Frangieh,6,diversity,39,9,0.3076923076923077,0.20512820512820512,0.0054442219636114805,0.008073982010422583,0.12563444520708164,0.17454196032769115,5.06741780670319,
Frangieh_Control_TNFA,Frangieh,6,extra_trees,39,9,0.48717948717948717,0.20512820512820512,0.01742613731430719,0.00795927588651082,0.40213700106619044,0.17206226298587077,4.559582260367344,
Frangieh_Control_TNFA,Frangieh,6,gated_random,39,9,0.41025641025641024,0.1282051282051282,0.021781367509546682,0.008958669496618953,0.5026411562944748,0.19366698289013423,4.621763677623849,
Frangieh_Control_TNFA,Frangieh,6,old_controller,39,9,0.3076923076923077,0.20512820512820512,0.0054442219636114805,0.008073982010422583,0.12563444520708164,0.17454196032769115,5.06741780670319,
Frangieh_Control_TNFA,Frangieh,7,random,39,9,0.38461538461538464,0.3076923076923077,0.009558577568570526,0.01575445219213701,0.2205800200327602,0.3405770493363488,4.819321956824617,
Frangieh_Control_TNFA,Frangieh,7,fixed_ridge,39,9,0.41025641025641024,0.28205128205128205,0.006728176388343239,0.012999259502810053,0.15526382161761768,0.28101576564078595,4.8854703962438,
Frangieh_Control_TNFA,Frangieh,7,greedy_ridge,39,9,0.358974358974359,0.3076923076923077,-0.0007804325155464334,0.013686845386476904,-0.018009773805622232,0.2958798795159392,4.995335874008547,
Frangieh_Control_TNFA,Frangieh,7,linear_ucb,39,9,0.3333333333333333,0.2564102564102564,-0.0005684154429987107,0.009755629182500473,-0.01311712845390828,0.21089552088988894,4.994299243765863,
Frangieh_Control_TNFA,Frangieh,7,diversity,39,9,0.28205128205128205,0.23076923076923078,0.004782167692173505,0.00218342183315735,0.11035644558747897,0.047200839250026834,5.171847423881877,
Frangieh_Control_TNFA,Frangieh,7,extra_trees,39,9,0.46153846153846156,0.23076923076923078,0.010078973798259276,0.011775770754421095,0.23258902555123337,0.2545665954163523,4.654178575993762,
Frangieh_Control_TNFA,Frangieh,7,gated_random,39,9,0.38461538461538464,0.3076923076923077,0.009558577568570526,0.01575445219213701,0.2205800200327602,0.3405770493363488,4.819321956824617,
Frangieh_Control_TNFA,Frangieh,7,old_controller,39,9,0.28205128205128205,0.23076923076923078,0.004782167692173505,0.00218342183315735,0.11035644558747897,0.047200839250026834,5.171847423881877,
Frangieh_Control_TNFA,Frangieh,8,random,39,9,0.46153846153846156,0.28205128205128205,0.020539111223936046,0.013166184106937559,0.4739740335557518,0.2846243131448215,4.618800699471293,
Frangieh_Control_TNFA,Frangieh,8,fixed_ridge,39,9,0.38461538461538464,0.23076923076923078,0.013449956409820784,0.013629716380648658,0.3103800364683027,0.29464487445202375,4.631593941451324,
Frangieh_Control_TNFA,Frangieh,8,greedy_ridge,39,9,0.358974358974359,0.23076923076923078,0.008635069251217419,0.018664702108789104,0.19926853496285002,0.4034903336166751,4.694338262471501,
Frangieh_Control_TNFA,Frangieh,8,linear_ucb,39,9,0.38461538461538464,0.20512820512820512,0.016051311748188475,0.012107902136774604,0.37041062245592943,0.2617465547582846,4.952845162566555,
Frangieh_Control_TNFA,Frangieh,8,diversity,39,9,0.3076923076923077,0.20512820512820512,0.007731991206419007,0.002291919449653884,0.1784285122938108,0.04954632214183178,5.095502971086502,
Frangieh_Control_TNFA,Frangieh,8,extra_trees,39,9,0.46153846153846156,0.2564102564102564,0.018375603120130337,0.011395047510232455,0.4240474982051713,0.24633618552725156,4.583673391331901,
Frangieh_Control_TNFA,Frangieh,8,gated_random,39,9,0.46153846153846156,0.28205128205128205,0.020539111223936046,0.013166184106937559,0.4739740335557518,0.2846243131448215,4.618800699471293,
Frangieh_Control_TNFA,Frangieh,8,old_controller,39,9,0.3076923076923077,0.20512820512820512,0.007731991206419007,0.002291919449653884,0.1784285122938108,0.04954632214183178,5.095502971086502,
Frangieh_Control_TNFA,Frangieh,9,random,39,9,0.3076923076923077,0.23076923076923078,0.01140376587195826,0.022289236506999047,0.2631607983970822,0.4818448974888827,4.596989458589266,
Frangieh_Control_TNFA,Frangieh,9,fixed_ridge,39,9,0.358974358974359,0.2564102564102564,0.012944083040199037,0.00927328369288995,0.29870617001644606,0.20046825870337906,4.816076018824636,
Frangieh_Control_TNFA,Frangieh,9,greedy_ridge,39,9,0.358974358974359,0.28205128205128205,0.01473226444470095,0.012433947542564536,0.3399714197042434,0.2687949485011676,4.737903079291041,
Frangieh_Control_TNFA,Frangieh,9,linear_ucb,39,9,0.38461538461538464,0.2564102564102564,0.015392635042292775,0.010380637074403455,0.3552105657592808,0.22440683445637963,4.8840831623919865,
Frangieh_Control_TNFA,Frangieh,9,diversity,39,9,0.23076923076923078,0.1794871794871795,0.002178855741084618,0.009886979945113037,0.050280707518369244,0.21373503918053402,5.140545743926948,
Frangieh_Control_TNFA,Frangieh,9,extra_trees,39,9,0.358974358974359,0.3076923076923077,0.017576181744165725,0.025718578080004047,0.40559952497276264,0.5559798162951004,4.547072007954438,
Frangieh_Control_TNFA,Frangieh,9,gated_random,39,9,0.3076923076923077,0.23076923076923078,0.01140376587195826,0.022289236506999047,0.2631607983970822,0.4818448974888827,4.596989458589266,
Frangieh_Control_TNFA,Frangieh,9,old_controller,39,9,0.23076923076923078,0.1794871794871795,0.002178855741084618,0.009886979945113037,0.050280707518369244,0.21373503918053402,5.140545743926948,
Frangieh_Control_TNFA,Frangieh,10,random,39,9,0.358974358974359,0.23076923076923078,0.015078123687246082,0.008465354016678767,0.3479526949621821,0.1830025733314301,4.697487586698214,
Frangieh_Control_TNFA,Frangieh,10,fixed_ridge,39,9,0.3076923076923077,0.28205128205128205,0.00724998086185379,0.02219080329151309,0.16730532469633927,0.47971698509446586,4.832419345698448,
Frangieh_Control_TNFA,Frangieh,10,greedy_ridge,39,9,0.23076923076923078,0.20512820512820512,-0.0065687831770677935,0.011510487402718128,-0.15158555908493399,0.24883174535243532,4.9199954869011835,
Frangieh_Control_TNFA,Frangieh,10,linear_ucb,39,9,0.2564102564102564,0.23076923076923078,-0.0026300283589569427,0.010966190099486928,-0.060692263461142565,0.2370652194691213,4.929296427337179,
Frangieh_Control_TNFA,Frangieh,10,diversity,39,9,0.2564102564102564,0.23076923076923078,0.003728379074675822,0.014437367167627477,0.08603852666173493,0.31210453084431083,5.1161813078831155,
Frangieh_Control_TNFA,Frangieh,10,extra_trees,39,9,0.358974358974359,0.3076923076923077,0.010748785337166115,0.02072963265608952,0.2480460369747793,0.4481296485422087,4.763450644811185,
Frangieh_Control_TNFA,Frangieh,10,gated_random,39,9,0.358974358974359,0.23076923076923078,0.015078123687246082,0.008465354016678767,0.3479526949621821,0.1830025733314301,4.697487586698214,
Frangieh_Control_TNFA,Frangieh,10,old_controller,39,9,0.2564102564102564,0.23076923076923078,0.003728379074675822,0.014437367167627477,0.08603852666173493,0.31210453084431083,5.1161813078831155,
Frangieh_Control_TNFA,Frangieh,11,random,39,9,0.3076923076923077,0.2564102564102564,-0.00019716868345114651,0.014807540575437653,-0.004549994163199635,0.32010687617737754,4.6412177710493445,
Frangieh_Control_TNFA,Frangieh,11,fixed_ridge,39,9,0.3076923076923077,0.23076923076923078,-0.005941963510545504,0.012283445693978351,-0.13712065637252216,0.26554142531381547,4.863979627443583,
Frangieh_Control_TNFA,Frangieh,11,greedy_ridge,39,9,0.3333333333333333,0.2564102564102564,-0.005448155474075795,0.01557842949205834,-0.12572521748054946,0.3367718207522073,4.6771347288755925,
Frangieh_Control_TNFA,Frangieh,11,linear_ucb,39,9,0.38461538461538464,0.2564102564102564,0.004644689538440497,0.011780431760749385,0.10718390933018009,0.25466735625289977,4.749148036495106,
Frangieh_Control_TNFA,Frangieh,11,diversity,39,9,0.28205128205128205,0.1794871794871795,0.00037395373251841024,0.00755040422454418,0.008629602178619153,0.1632233454220251,5.02191096461693,
Frangieh_Control_TNFA,Frangieh,11,extra_trees,39,9,0.3333333333333333,0.3076923076923077,-0.0018392656659796903,0.018998013601465562,-0.04244410368979627,0.4106958043814598,4.646631692046019,
Frangieh_Control_TNFA,Frangieh,11,gated_random,39,9,0.3076923076923077,0.2564102564102564,-0.00019716868345114651,0.014807540575437653,-0.004549994163199635,0.32010687617737754,4.6412177710493445,
Frangieh_Control_TNFA,Frangieh,11,old_controller,39,9,0.28205128205128205,0.1794871794871795,0.00037395373251841024,0.00755040422454418,0.008629602178619153,0.1632233454220251,5.02191096461693,
Frangieh_Control_TNFA,Frangieh,12,random,39,9,0.41025641025641024,0.1794871794871795,0.012606791948884798,0.012630411659236021,0.29092261904923944,0.2730420761283562,4.686954704667195,
Frangieh_Control_TNFA,Frangieh,12,fixed_ridge,39,9,0.3333333333333333,0.15384615384615385,0.004168587085864067,-0.00011792568160677773,0.09619705613224548,-0.002549297188680365,4.728972520562242,
Frangieh_Control_TNFA,Frangieh,12,greedy_ridge,39,9,0.4358974358974359,0.1282051282051282,0.011509714962058831,0.005588219277538664,0.2656057492539628,0.1208051672871565,4.70901676256922,
Frangieh_Control_TNFA,Frangieh,12,linear_ucb,39,9,0.358974358974359,0.1794871794871795,0.009899507470995848,0.0031404094491356226,0.22844754259741634,0.06788883363576476,4.8049164581955175,
Frangieh_Control_TNFA,Frangieh,12,diversity,39,9,0.3076923076923077,0.1282051282051282,0.005358641786044717,0.00034859357227770153,0.12365954076689024,0.007535836144351057,5.192269721488676,
Frangieh_Control_TNFA,Frangieh,12,extra_trees,39,9,0.358974358974359,0.3076923076923077,0.01474625820172428,0.016418622258677715,0.3402943488411778,0.3549349640871299,4.741896912916545,
Frangieh_Control_TNFA,Frangieh,12,gated_random,39,9,0.41025641025641024,0.1794871794871795,0.012606791948884798,0.012630411659236021,0.29092261904923944,0.2730420761283562,4.686954704667195,
Frangieh_Control_TNFA,Frangieh,12,old_controller,39,9,0.3076923076923077,0.1282051282051282,0.005358641786044717,0.00034859357227770153,0.12365954076689024,0.007535836144351057,5.192269721488676,
Frangieh_Control_TNFA,Frangieh,13,random,39,9,0.46153846153846156,0.15384615384615385,0.02005422593972464,0.0005376455483115472,0.46278450196094384,0.011622729384659882,4.718669087889895,
Frangieh_Control_TNFA,Frangieh,13,fixed_ridge,39,9,0.41025641025641024,0.20512820512820512,0.014991038449503797,0.018629000504243185,0.34594305876391424,0.40271854244396194,4.6811539635243165,
Frangieh_Control_TNFA,Frangieh,13,greedy_ridge,39,9,0.3333333333333333,0.23076923076923078,0.0026253613400799214,0.01667611044213219,0.060584564265315395,0.3605012995388741,4.644124552782535,
Frangieh_Control_TNFA,Frangieh,13,linear_ucb,39,9,0.358974358974359,0.20512820512820512,0.00834340197829305,0.012216170858346424,0.19253782922310686,0.2640870894388083,4.662911723149137,
Frangieh_Control_TNFA,Frangieh,13,diversity,39,9,0.20512820512820512,0.1794871794871795,-0.0027137370121034766,0.007347632075752979,-0.06262397937342334,0.1588398518368044,5.165632166071786,
Frangieh_Control_TNFA,Frangieh,13,extra_trees,39,9,0.38461538461538464,0.2564102564102564,0.013523178367310859,0.015121305521172234,0.31206975449738533,0.3268897930379712,4.69022765038345,
Frangieh_Control_TNFA,Frangieh,13,gated_random,39,9,0.46153846153846156,0.15384615384615385,0.02005422593972464,0.0005376455483115472,0.46278450196094384,0.011622729384659882,4.718669087889895,
Frangieh_Control_TNFA,Frangieh,13,old_controller,39,9,0.20512820512820512,0.1794871794871795,-0.0027137370121034766,0.007347632075752979,-0.06262397937342334,0.1588398518368044,5.165632166071786,
Frangieh_Control_TNFA,Frangieh,14,random,39,9,0.38461538461538464,0.1794871794871795,0.011462736964456401,0.012850020871356187,0.2645216540967173,0.277789550465058,4.707101443058702,
Frangieh_Control_TNFA,Frangieh,14,fixed_ridge,39,9,0.38461538461538464,0.2564102564102564,0.012475772529826002,0.0231030574392308,0.28789912879942486,0.4994379390245307,4.761952410132859,
Frangieh_Control_TNFA,Frangieh,14,greedy_ridge,39,9,0.41025641025641024,0.20512820512820512,0.011454155294460236,0.01632011535559924,0.2643236178380701,0.35280545872695795,4.7699510222804715,
Frangieh_Control_TNFA,Frangieh,14,linear_ucb,39,9,0.4358974358974359,0.1794871794871795,0.013220098386405144,0.014147167373459104,0.3050756816052501,0.30583104139443906,4.787543820883039,
Frangieh_Control_TNFA,Frangieh,14,diversity,39,9,0.28205128205128205,0.20512820512820512,0.0032099825842394135,0.011803764118660643,0.07407566844093001,0.2551717511702579,5.157896171839137,
Frangieh_Control_TNFA,Frangieh,14,extra_trees,39,9,0.3076923076923077,0.23076923076923078,0.006935528845967564,0.015567887940670414,0.16004882324871872,0.3365439352996798,4.7028064348532705,
Frangieh_Control_TNFA,Frangieh,14,gated_random,39,9,0.38461538461538464,0.1794871794871795,0.011462736964456401,0.012850020871356187,0.2645216540967173,0.277789550465058,4.707101443058702,
Frangieh_Control_TNFA,Frangieh,14,old_controller,39,9,0.28205128205128205,0.20512820512820512,0.0032099825842394135,0.011803764118660643,0.07407566844093001,0.2551717511702579,5.157896171839137,
Frangieh_Control_TNFA,Frangieh,15,random,39,9,0.38461538461538464,0.1794871794871795,0.009929159330044485,0.00912081482874197,0.2291318083907351,0.1971722129104888,4.5640124187910045,
Frangieh_Control_TNFA,Frangieh,15,fixed_ridge,39,9,0.3333333333333333,0.28205128205128205,0.0073555422419837166,0.022322224311714645,0.1697413285030466,0.4825580222016372,4.691152619231304,
Frangieh_Control_TNFA,Frangieh,15,greedy_ridge,39,9,0.358974358974359,0.28205128205128205,0.009112668259978748,0.02329027793359199,0.2102899236751828,0.503485239607705,4.714384757770971,
Frangieh_Control_TNFA,Frangieh,15,linear_ucb,39,9,0.358974358974359,0.28205128205128205,0.007806935627493297,0.02169819822820293,0.1801579790249557,0.4690679332008016,4.789576962823809,
Frangieh_Control_TNFA,Frangieh,15,diversity,39,9,0.28205128205128205,0.2564102564102564,0.003284299143732066,0.008447360430823865,0.07579064622544429,0.18261359107405264,5.078998127932439,
Frangieh_Control_TNFA,Frangieh,15,extra_trees,39,9,0.48717948717948717,0.20512820512820512,0.01739667019253384,0.009946122417025603,0.40145699839168736,0.21501357100942825,4.520905156202732,
Frangieh_Control_TNFA,Frangieh,15,gated_random,39,9,0.3333333333333333,0.23076923076923078,0.0008695253488771326,0.015109568690788291,0.02006573859953455,0.32663606824881486,4.557299885170665,
Frangieh_Control_TNFA,Frangieh,15,old_controller,39,9,0.23076923076923078,0.23076923076923078,-0.002776134146825208,0.004922694978714506,-0.06406389667578036,0.10641797697480146,5.016925781103499,
Frangieh_Control_TNFA,Frangieh,16,random,39,9,0.41025641025641024,0.23076923076923078,0.01865627755667052,0.007067872959426677,0.4305245260255331,0.15279206717242175,4.676329055236526,
Frangieh_Control_TNFA,Frangieh,16,fixed_ridge,39,9,0.38461538461538464,0.23076923076923078,0.013560065432611873,0.009686965405304632,0.31292098466679896,0.2094111591140273,4.7647427244013025,
Frangieh_Control_TNFA,Frangieh,16,greedy_ridge,39,9,0.38461538461538464,0.23076923076923078,0.010019454213299677,0.007857884159412984,0.23121551247896427,0.1698703939941116,4.647886947490794,
Frangieh_Control_TNFA,Frangieh,16,linear_ucb,39,9,0.358974358974359,0.23076923076923078,0.00982434139107596,0.010827969612032588,0.22671296072102606,0.23407719264337573,4.790588984988981,
Frangieh_Control_TNFA,Frangieh,16,diversity,39,9,0.20512820512820512,0.20512820512820512,-2.2224162641510122e-05,0.01154547463417022,-0.000512859387864835,0.24958809332995172,5.057933155897231,
Frangieh_Control_TNFA,Frangieh,16,extra_trees,39,9,0.358974358974359,0.2564102564102564,0.013906494818810535,0.014075704055371188,0.32091541693451403,0.3042861596230301,4.516458167403185,
Frangieh_Control_TNFA,Frangieh,16,gated_random,39,9,0.41025641025641024,0.23076923076923078,0.01865627755667052,0.007067872959426677,0.4305245260255331,0.15279206717242175,4.676329055236526,
Frangieh_Control_TNFA,Frangieh,16,old_controller,39,9,0.20512820512820512,0.20512820512820512,-2.2224162641510122e-05,0.01154547463417022,-0.000512859387864835,0.24958809332995172,5.057933155897231,
Frangieh_Control_TNFA,Frangieh,17,random,39,9,0.5128205128205128,0.23076923076923078,0.01711083590979332,0.02169929944687954,0.3948608985681879,0.4690917391575546,4.5337078387189855,
Frangieh_Control_TNFA,Frangieh,17,fixed_ridge,39,9,0.46153846153846156,0.1794871794871795,0.012043845466408985,0.018483877723278017,0.27793169592379613,0.39958130301920614,4.6975971337204205,
Frangieh_Control_TNFA,Frangieh,17,greedy_ridge,39,9,0.46153846153846156,0.23076923076923078,0.011569386024644369,0.0220406838353751,0.2669827579235135,0.47647172840156915,4.738327492815452,
Frangieh_Control_TNFA,Frangieh,17,linear_ucb,39,9,0.46153846153846156,0.1794871794871795,0.0070859538202265844,0.015857476739545826,0.16352012884805636,0.34280421635794917,4.887053590945782,
Frangieh_Control_TNFA,Frangieh,17,diversity,39,9,0.358974358974359,0.20512820512820512,0.0063184371699382715,0.01083417122499551,0.14580841004036021,0.23421125805030193,5.141936675727252,
Frangieh_Control_TNFA,Frangieh,17,extra_trees,39,9,0.46153846153846156,0.23076923076923078,0.007680819859669217,0.020995086049585516,0.17724764865482273,0.45386817454048545,4.601569591568655,
Frangieh_Control_TNFA,Frangieh,17,gated_random,39,9,0.4358974358974359,0.23076923076923078,0.009431497310529266,0.02467499726990084,0.21764743245229434,0.5334198650689717,4.531395495396255,
Frangieh_Control_TNFA,Frangieh,17,old_controller,39,9,0.41025641025641024,0.1282051282051282,0.0049407012565296895,0.008074630218277838,0.11401487034269929,0.17455597317409208,5.059852859153301,
Frangieh_Control_TNFA,Frangieh,18,random,39,9,0.41025641025641024,0.10256410256410256,0.005197657266384683,0.00921131011520108,0.11994455615575578,0.19912852451467608,4.646850821132853,
Frangieh_Control_TNFA,Frangieh,18,fixed_ridge,39,9,0.38461538461538464,0.15384615384615385,0.0040021087511543,0.013104272006754002,0.0923552926332448,0.2832859079662996,4.770810416471893,
Frangieh_Control_TNFA,Frangieh,18,greedy_ridge,39,9,0.3333333333333333,0.1794871794871795,-0.0010681824603860945,0.020557499296347013,-0.024650080707128104,0.4444084990513546,4.735854169340645,
Frangieh_Control_TNFA,Frangieh,18,linear_ucb,39,9,0.28205128205128205,0.23076923076923078,0.0007458232499750924,0.02062565572004547,0.017211107640256042,0.4458818929462007,4.91916803400633,
Frangieh_Control_TNFA,Frangieh,18,diversity,39,9,0.2564102564102564,0.10256410256410256,0.0002161302461737462,0.0051038796179066195,0.004987563650416651,0.1103347954746487,5.101662707155431,
Frangieh_Control_TNFA,Frangieh,18,extra_trees,39,9,0.20512820512820512,0.1282051282051282,-0.01204273251014772,0.020373707143325988,-0.27790601261342446,0.44043531176412437,4.722680039517798,
Frangieh_Control_TNFA,Frangieh,18,gated_random,39,9,0.41025641025641024,0.10256410256410256,0.005197657266384683,0.00921131011520108,0.11994455615575578,0.19912852451467608,4.646850821132853,
Frangieh_Control_TNFA,Frangieh,18,old_controller,39,9,0.2564102564102564,0.10256410256410256,0.0002161302461737462,0.0051038796179066195,0.004987563650416651,0.1103347954746487,5.101662707155431,
Frangieh_Control_TNFA,Frangieh,19,random,39,9,0.46153846153846156,0.20512820512820512,0.020646206808024124,0.005984659718572027,0.47644544166162345,0.12937534884587365,4.630843761835833,
Frangieh_Control_TNFA,Frangieh,19,fixed_ridge,39,9,0.5384615384615384,0.15384615384615385,0.022857572534074666,0.008174184701495578,0.527476370965986,0.17670812494230304,4.505911573081949,
Frangieh_Control_TNFA,Frangieh,19,greedy_ridge,39,9,0.46153846153846156,0.1794871794871795,0.02234498535015592,0.012473670814998002,0.5156475721215736,0.2696536794015112,4.635931711879524,
Frangieh_Control_TNFA,Frangieh,19,linear_ucb,39,9,0.48717948717948717,0.23076923076923078,0.026614961868544843,0.01522124279832481,0.6141843574548437,0.3290502199799071,4.786888304508732,
Frangieh_Control_TNFA,Frangieh,19,diversity,39,9,0.2564102564102564,0.1794871794871795,0.004634262793707094,0.007526734018384033,0.10694329491389572,0.16271164695908333,5.044474738865109,
Frangieh_Control_TNFA,Frangieh,19,extra_trees,39,9,0.358974358974359,0.20512820512820512,0.010531983965242428,0.011975001900828052,0.24304298598534127,0.2588735402184727,4.511435695474913,
Frangieh_Control_TNFA,Frangieh,19,gated_random,39,9,0.46153846153846156,0.20512820512820512,0.020646206808024124,0.005984659718572027,0.47644544166162345,0.12937534884587365,4.630843761835833,
Frangieh_Control_TNFA,Frangieh,19,old_controller,39,9,0.2564102564102564,0.1794871794871795,0.004634262793707094,0.007526734018384033,0.10694329491389572,0.16271164695908333,5.044474738865109,
Frangieh_Control_TNFA,Frangieh,20,random,39,9,0.38461538461538464,0.23076923076923078,0.015265429609268799,0.020991958901152654,0.3522750895586204,0.4538005723812284,4.60725193073192,
Frangieh_Control_TNFA,Frangieh,20,fixed_ridge,39,9,0.3076923076923077,0.1794871794871795,-0.0011903886288694902,0.008030715863347183,-0.027470190592601952,0.17360664017010122,4.597738879054408,
Frangieh_Control_TNFA,Frangieh,20,greedy_ridge,39,9,0.48717948717948717,0.20512820512820512,0.0162537345375449,0.014647290301394812,0.37508186382118675,0.3166426131980471,4.688758239348315,
Frangieh_Control_TNFA,Frangieh,20,linear_ucb,39,9,0.41025641025641024,0.15384615384615385,0.010321848348919414,0.011870761929749798,0.23819375835438755,0.2566200983761434,4.817800470891554,
Frangieh_Control_TNFA,Frangieh,20,diversity,39,9,0.2564102564102564,0.1282051282051282,0.004203567867146923,0.0031182840058570434,0.09700429563841478,0.06741052959223615,5.125150656214847,
Frangieh_Control_TNFA,Frangieh,20,extra_trees,39,9,0.38461538461538464,0.10256410256410256,0.009477295935075942,0.016284500108784697,0.2187043116215544,0.3520355344208918,4.58540382777421,
Frangieh_Control_TNFA,Frangieh,20,gated_random,39,9,0.38461538461538464,0.23076923076923078,0.015265429609268799,0.020991958901152654,0.3522750895586204,0.4538005723812284,4.60725193073192,
Frangieh_Control_TNFA,Frangieh,20,old_controller,39,9,0.2564102564102564,0.1282051282051282,0.004203567867146923,0.0031182840058570434,0.09700429563841478,0.06741052959223615,5.125150656214847,
Frangieh_Control_TNFA,Frangieh,21,random,39,9,0.4358974358974359,0.1282051282051282,0.012296291911531625,0.004876654813887457,0.2837573160563823,0.10542268857654274,4.579148095629525,
Frangieh_Control_TNFA,Frangieh,21,fixed_ridge,39,9,0.358974358974359,0.15384615384615385,0.00313435597867626,0.013922715417149475,0.07233045917203407,0.3009788774432319,4.908730147166302,
Frangieh_Control_TNFA,Frangieh,21,greedy_ridge,39,9,0.4358974358974359,0.2564102564102564,0.00793021795898205,0.01710331595396766,0.18300292315543903,0.3697365551292757,4.784120057162941,
Frangieh_Control_TNFA,Frangieh,21,linear_ucb,39,9,0.38461538461538464,0.23076923076923078,-0.0016815320604077876,0.013709414846032128,-0.038804139309395996,0.29636778222729276,4.787856914268933,
Frangieh_Control_TNFA,Frangieh,21,diversity,39,9,0.3076923076923077,0.1794871794871795,0.007309772574234903,0.0034294489414013873,0.16868511755989096,0.07413723987782259,5.083793318085665,
Frangieh_Control_TNFA,Frangieh,21,extra_trees,39,9,0.358974358974359,0.1794871794871795,0.008261798162694458,0.01310458167286454,0.190654685925858,0.2832926022752429,4.67070252950992,
Frangieh_Control_TNFA,Frangieh,21,gated_random,39,9,0.4358974358974359,0.1282051282051282,0.012296291911531625,0.004876654813887457,0.2837573160563823,0.10542268857654274,4.579148095629525,
Frangieh_Control_TNFA,Frangieh,21,old_controller,39,9,0.3076923076923077,0.1794871794871795,0.007309772574234903,0.0034294489414013873,0.16868511755989096,0.07413723987782259,5.083793318085665,
Frangieh_Control_TNFA,Frangieh,22,random,39,9,0.48717948717948717,0.20512820512820512,0.016171209051540753,0.016095811430632125,0.3731774514517289,0.3479564948919609,4.670173070893184,
Frangieh_Control_TNFA,Frangieh,22,fixed_ridge,39,9,0.38461538461538464,0.1282051282051282,0.006385844548607553,0.006557564559682718,0.14736394702591712,0.14176030758365646,4.772873386882318,
Frangieh_Control_TNFA,Frangieh,22,greedy_ridge,39,9,0.4358974358974359,0.20512820512820512,0.009657165098873563,0.014032326972667014,0.22285509069606982,0.30334844127801647,4.758337598947564,
Frangieh_Control_TNFA,Frangieh,22,linear_ucb,39,9,0.48717948717948717,0.15384615384615385,0.018243028158420677,0.006164374815389294,0.4209881112304906,0.13326039903033954,4.7458108803089925,
Frangieh_Control_TNFA,Frangieh,22,diversity,39,9,0.3333333333333333,0.23076923076923078,0.01235472495757677,0.013508180015517492,0.28510575544234223,0.29201752212528925,5.093150399053835,
Frangieh_Control_TNFA,Frangieh,22,extra_trees,39,9,0.46153846153846156,0.28205128205128205,0.010940756625528932,0.021903770984013787,0.25247609263201637,0.47351196982893307,4.658156117990549,
Frangieh_Control_TNFA,Frangieh,22,gated_random,39,9,0.48717948717948717,0.20512820512820512,0.016171209051540753,0.016095811430632125,0.3731774514517289,0.3479564948919609,4.670173070893184,
Frangieh_Control_TNFA,Frangieh,22,old_controller,39,9,0.3333333333333333,0.23076923076923078,0.01235472495757677,0.013508180015517492,0.28510575544234223,0.29201752212528925,5.093150399053835,
Frangieh_Control_TNFA,Frangieh,23,random,39,9,0.358974358974359,0.20512820512820512,0.015017212115030324,0.015571730498450393,0.3465470594768609,0.3366270030556798,4.6338715252064855,
Frangieh_Control_TNFA,Frangieh,23,fixed_ridge,39,9,0.41025641025641024,0.20512820512820512,0.01079959197978049,0.013118739519609214,0.24921848446137246,0.2835986641814553,4.925005170212709,
Frangieh_Control_TNFA,Frangieh,23,greedy_ridge,39,9,0.358974358974359,0.23076923076923078,0.007936006055518637,0.01404856002485269,0.18313649307636432,0.3036993646200467,4.949436408604541,
Frangieh_Control_TNFA,Frangieh,23,linear_ucb,39,9,0.3333333333333333,0.2564102564102564,0.003092041180193353,0.015484547206930875,0.07135397506338048,0.33474228959087476,5.099230840735451,
Frangieh_Control_TNFA,Frangieh,23,diversity,39,9,0.358974358974359,0.15384615384615385,0.008437296703993211,0.004754907218956032,0.1947046056422273,0.10279076992016214,5.1443264211471424,
Frangieh_Control_TNFA,Frangieh,23,extra_trees,39,9,0.358974358974359,0.23076923076923078,0.0025030398337152013,0.013429889916971348,0.05776179276706595,0.29032506018310855,4.848959354215333,
Frangieh_Control_TNFA,Frangieh,23,gated_random,39,9,0.4358974358974359,0.15384615384615385,0.019217427538746924,0.013019632434994648,0.443473991926693,0.2814561841996249,4.683973414525271,
Frangieh_Control_TNFA,Frangieh,23,old_controller,39,9,0.358974358974359,0.1794871794871795,0.012196515784675734,-0.008064440533462832,0.28145481655760435,-0.17433569431287632,5.1457111286990465,
Frangieh_Control_TNFA,Frangieh,24,random,39,9,0.5128205128205128,0.20512820512820512,0.015128833067206271,0.01786568385224754,0.3491228979518243,0.3862172937889483,4.684812127934169,
Frangieh_Control_TNFA,Frangieh,24,fixed_ridge,39,9,0.3333333333333333,0.28205128205128205,0.003476152405490459,0.016351492241649578,0.08021797822316386,0.35348375887589745,4.6727152969942,
Frangieh_Control_TNFA,Frangieh,24,greedy_ridge,39,9,0.2564102564102564,0.28205128205128205,-0.002397614172855271,0.02060480736315737,-0.05532892090745849,0.44543119673754394,4.827565963813118,
Frangieh_Control_TNFA,Frangieh,24,linear_ucb,39,9,0.2564102564102564,0.23076923076923078,-0.007366919475595283,0.012844869991424849,-0.17000387702555989,0.277678199624857,4.832166571715046,
Frangieh_Control_TNFA,Frangieh,24,diversity,39,9,0.358974358974359,0.23076923076923078,0.0038326932298937246,0.008082444762870351,0.08844574868641392,0.1747249066607514,5.110092025822803,
Frangieh_Control_TNFA,Frangieh,24,extra_trees,39,9,0.4358974358974359,0.358974358974359,0.012902999280655957,0.018155672346519675,0.2977580941716853,0.39248621539385103,4.482013364779936,
Frangieh_Control_TNFA,Frangieh,24,gated_random,39,9,0.5128205128205128,0.20512820512820512,0.015128833067206271,0.01786568385224754,0.3491228979518243,0.3862172937889483,4.684812127934169,
Frangieh_Control_TNFA,Frangieh,24,old_controller,39,9,0.358974358974359,0.23076923076923078,0.0038326932298937246,0.008082444762870351,0.08844574868641392,0.1747249066607514,5.110092025822803,
Frangieh_Control_TNFA,Frangieh,25,random,39,9,0.358974358974359,0.15384615384615385,0.011082481753765548,0.017484690053653055,0.2557466348650333,0.3779810351010379,4.645609214082335,
Frangieh_Control_TNFA,Frangieh,25,fixed_ridge,39,9,0.41025641025641024,0.10256410256410256,0.008508085556502433,0.007525404855082529,0.19633817574118453,0.1626829133344678,4.7417751038533025,
Frangieh_Control_TNFA,Frangieh,25,greedy_ridge,39,9,0.358974358974359,0.1282051282051282,-0.000349565422208971,0.01861761120021674,-0.008066801496401559,0.40247233042008357,4.772717704454737,
Frangieh_Control_TNFA,Frangieh,25,linear_ucb,39,9,0.41025641025641024,0.15384615384615385,0.005433883978813774,0.010623149859294651,0.12539587907342653,0.22964943430671314,5.016355905315461,
Frangieh_Control_TNFA,Frangieh,25,diversity,39,9,0.38461538461538464,0.15384615384615385,0.013512467483038998,0.0042145802862279275,0.3118225830903107,0.09111007482640682,5.097359019510516,
Frangieh_Control_TNFA,Frangieh,25,extra_trees,39,9,0.358974358974359,0.10256410256410256,0.005625223430580781,0.009181047581343204,0.12981135405399263,0.198474314240586,4.5499917529216125,
Frangieh_Control_TNFA,Frangieh,25,gated_random,39,9,0.358974358974359,0.15384615384615385,0.011082481753765548,0.017484690053653055,0.2557466348650333,0.3779810351010379,4.645609214082335,
Frangieh_Control_TNFA,Frangieh,25,old_controller,39,9,0.38461538461538464,0.15384615384615385,0.013512467483038998,0.0042145802862279275,0.3118225830903107,0.09111007482640682,5.097359019510516,
Frangieh_Control_TNFA,Frangieh,26,random,39,9,0.46153846153846156,0.2564102564102564,0.01786213222847511,0.013488314154724112,0.41219830634005916,0.29158806534894305,4.475811941812989,
Frangieh_Control_TNFA,Frangieh,26,fixed_ridge,39,9,0.38461538461538464,0.23076923076923078,0.007754403577700577,0.025322842928044632,0.17894571490798697,0.5474248815547941,4.688992729676506,
Frangieh_Control_TNFA,Frangieh,26,greedy_ridge,39,9,0.358974358974359,0.23076923076923078,0.0038191894232520295,0.024805585798749783,0.08813412596659233,0.5362429055206572,4.805758120519148,
Frangieh_Control_TNFA,Frangieh,26,linear_ucb,39,9,0.3333333333333333,0.2564102564102564,-0.00023364595597306895,0.024721053251680378,-0.005391767685034369,0.5344154953954005,4.946196394678567,
Frangieh_Control_TNFA,Frangieh,26,diversity,39,9,0.28205128205128205,0.1794871794871795,0.007123194709706145,0.004470545961127713,0.16437952409682743,0.096643496948965,5.06166625136939,
Frangieh_Control_TNFA,Frangieh,26,extra_trees,39,9,0.46153846153846156,0.20512820512820512,0.015110960879993572,0.013870695782533114,0.34871046761005786,0.29985432589112915,4.479687055273164,
Frangieh_Control_TNFA,Frangieh,26,gated_random,39,9,0.46153846153846156,0.2564102564102564,0.01786213222847511,0.013488314154724112,0.41219830634005916,0.29158806534894305,4.475811941812989,
Frangieh_Control_TNFA,Frangieh,26,old_controller,39,9,0.28205128205128205,0.1794871794871795,0.007123194709706145,0.004470545961127713,0.16437952409682743,0.096643496948965,5.06166625136939,
Frangieh_Control_TNFA,Frangieh,27,random,39,9,0.5641025641025641,0.20512820512820512,0.024217374756101646,0.012749411908502595,0.5588560610112444,0.2756146031366724,4.642921948699883,
Frangieh_Control_TNFA,Frangieh,27,fixed_ridge,39,9,0.5128205128205128,0.1282051282051282,0.013657590584630137,0.012818688898510958,0.3151715391903737,0.27711222124209456,4.689900988695163,
Frangieh_Control_TNFA,Frangieh,27,greedy_ridge,39,9,0.46153846153846156,0.20512820512820512,0.017842180585202913,0.012230036758615039,0.4117378891031746,0.26438684009610086,4.772034497242471,
Frangieh_Control_TNFA,Frangieh,27,linear_ucb,39,9,0.5384615384615384,0.20512820512820512,0.024409476480779752,0.013659977790547,0.5632891267026453,0.2952990604285491,4.710250779053161,
Frangieh_Control_TNFA,Frangieh,27,diversity,39,9,0.38461538461538464,0.20512820512820512,0.013725958261927101,0.010588608125159316,0.3167492366583886,0.22890271701389325,5.066190365147173,
Frangieh_Control_TNFA,Frangieh,27,extra_trees,39,9,0.48717948717948717,0.15384615384615385,0.01452928883980341,0.015940736207411196,0.3352874212041238,0.3446041052750043,4.628518994846955,
Frangieh_Control_TNFA,Frangieh,27,gated_random,39,9,0.5641025641025641,0.20512820512820512,0.024217374756101646,0.012749411908502595,0.5588560610112444,0.2756146031366724,4.642921948699883,
Frangieh_Control_TNFA,Frangieh,27,old_controller,39,9,0.38461538461538464,0.20512820512820512,0.013725958261927101,0.010588608125159316,0.3167492366583886,0.22890271701389325,5.066190365147173,
Frangieh_Control_TNFA,Frangieh,28,random,39,9,0.4358974358974359,0.23076923076923078,0.012653777446051654,0.016114956139672905,0.2920068872713641,0.348370361933226,4.767737078539773,
Frangieh_Control_TNFA,Frangieh,28,fixed_ridge,39,9,0.38461538461538464,0.1794871794871795,0.006732225913973644,0.01763826200833346,0.15535727113332962,0.3813009273161397,4.849273000950634,
Frangieh_Control_TNFA,Frangieh,28,greedy_ridge,39,9,0.41025641025641024,0.2564102564102564,0.004472571953845751,0.017727778824649012,0.10321201079344237,0.38323608652033914,5.001401285556335,
Frangieh_Control_TNFA,Frangieh,28,linear_ucb,39,9,0.3076923076923077,0.23076923076923078,0.0015582164342936363,0.019919149258086667,0.03595842685024819,0.43060875724992526,4.870318517933299,
Frangieh_Control_TNFA,Frangieh,28,diversity,39,9,0.38461538461538464,0.20512820512820512,0.011449877544572579,0.009450056739421259,0.2642249016693572,0.20428970814862718,5.096298797238758,
Frangieh_Control_TNFA,Frangieh,28,extra_trees,39,9,0.41025641025641024,0.23076923076923078,0.008757541902863548,0.018154635553446274,0.20209479438898018,0.39246380217875443,4.802317170228912,
Frangieh_Control_TNFA,Frangieh,28,gated_random,39,9,0.4358974358974359,0.23076923076923078,0.012653777446051654,0.016114956139672905,0.2920068872713641,0.348370361933226,4.767737078539773,
Frangieh_Control_TNFA,Frangieh,28,old_controller,39,9,0.38461538461538464,0.20512820512820512,0.011449877544572579,0.009450056739421259,0.2642249016693572,0.20428970814862718,5.096298797238758,
Frangieh_Control_TNFA,Frangieh,29,random,39,9,0.41025641025641024,0.1794871794871795,0.01323243630640879,0.0036635907865087856,0.3053603995585275,0.07919887818554146,4.766502261261415,
Frangieh_Control_TNFA,Frangieh,29,fixed_ridge,39,9,0.4358974358974359,0.3076923076923077,0.010674301345609035,0.013574103318101641,0.24632719541787204,0.29344264079033705,4.9600931212142285,
Frangieh_Control_TNFA,Frangieh,29,greedy_ridge,39,9,0.41025641025641024,0.23076923076923078,0.00877367503212343,0.005746277788736439,0.20246709308612493,0.12422204911267001,4.753517100511074,
Frangieh_Control_TNFA,Frangieh,29,linear_ucb,39,9,0.48717948717948717,0.23076923076923078,0.01762556831796632,0.0049053129896230434,0.4067392020178184,0.1060422161115122,4.933237938264933,
Frangieh_Control_TNFA,Frangieh,29,diversity,39,9,0.3333333333333333,0.23076923076923078,0.006639693533815112,0.0036864906046465804,0.15322193309556964,0.07969392253215489,5.095054491914223,
Frangieh_Control_TNFA,Frangieh,29,extra_trees,39,9,0.38461538461538464,0.3076923076923077,0.013951727619413351,0.021012327261068237,0.32195923877845806,0.45424089209753893,4.6764488209616895,
Frangieh_Control_TNFA,Frangieh,29,gated_random,39,9,0.41025641025641024,0.1794871794871795,0.01323243630640879,0.0036635907865087856,0.3053603995585275,0.07919887818554146,4.766502261261415,
Frangieh_Control_TNFA,Frangieh,29,old_controller,39,9,0.3333333333333333,0.23076923076923078,0.006639693533815112,0.0036864906046465804,0.15322193309556964,0.07969392253215489,5.095054491914223,
Frangieh_Control_IL2STAT5,Frangieh,0,random,39,9,0.20512820512820512,0.3333333333333333,0.0032047354871846787,0.006217434763558117,0.199463920163946,0.3404405724390247,4.707197306652195,
Frangieh_Control_IL2STAT5,Frangieh,0,fixed_ridge,39,9,0.28205128205128205,0.23076923076923078,0.0046697224118453645,-0.0011260271425275069,0.29064524734375907,-0.06165650940655188,4.713397787714707,
Frangieh_Control_IL2STAT5,Frangieh,0,greedy_ridge,39,9,0.20512820512820512,0.23076923076923078,0.002960493410745962,-0.00253075023725463,0.1842622031329263,-0.13857323675047362,4.774749643633498,
Frangieh_Control_IL2STAT5,Frangieh,0,linear_ucb,39,9,0.20512820512820512,0.20512820512820512,0.00041213534933686304,-0.0031549923371180597,0.02565145633566318,-0.17275410810656086,4.8422127375202315,
Frangieh_Control_IL2STAT5,Frangieh,0,diversity,39,9,0.15384615384615385,0.20512820512820512,-0.0007473781335370883,-0.001362199293027703,-0.04651709102241113,-0.07458830284999919,5.0854716789492596,
Frangieh_Control_IL2STAT5,Frangieh,0,extra_trees,39,9,0.23076923076923078,0.28205128205128205,0.0024798857244230227,0.0020569451174459294,0.15434900325785242,0.11262966157094016,4.785355675172878,
Frangieh_Control_IL2STAT5,Frangieh,0,gated_random,39,9,0.1794871794871795,0.3076923076923077,0.000410875104719875,0.00030605083981954955,0.02557301824531995,0.01675805650817711,4.838226261380822,
Frangieh_Control_IL2STAT5,Frangieh,0,old_controller,39,9,0.20512820512820512,0.23076923076923078,0.0017150183832225336,-0.002304919207024858,0.10674337749207381,-0.12620767955049422,4.91170716018038,
Frangieh_Control_IL2STAT5,Frangieh,1,random,39,9,0.2564102564102564,0.3333333333333333,0.005326930935702461,0.0018893588676973721,0.3315501485619427,0.103453343528697,4.578903556240993,
Frangieh_Control_IL2STAT5,Frangieh,1,fixed_ridge,39,9,0.20512820512820512,0.2564102564102564,0.004864583409485879,-0.0012845385682972129,0.30277346779498243,-0.07033592826325771,4.840719057268676,
Frangieh_Control_IL2STAT5,Frangieh,1,greedy_ridge,39,9,0.1282051282051282,0.2564102564102564,-0.00016947129743691224,-0.003650599352932944,-0.010547956134667606,-0.19989146339619773,4.684897304552446,
Frangieh_Control_IL2STAT5,Frangieh,1,linear_ucb,39,9,0.15384615384615385,0.20512820512820512,0.0018443606340248935,-0.0030144530420457283,0.11479368694539197,-0.16505876752252543,4.78815103859265,
Frangieh_Control_IL2STAT5,Frangieh,1,diversity,39,9,0.28205128205128205,0.2564102564102564,0.00441933316844322,-0.002294482012945987,0.2750609283709159,-0.12563618270943455,5.164260988659729,
Frangieh_Control_IL2STAT5,Frangieh,1,extra_trees,39,9,0.20512820512820512,0.23076923076923078,0.00439457540225881,-0.000721604347737593,0.2735199958610746,-0.0395120184707313,4.604646772841394,
Frangieh_Control_IL2STAT5,Frangieh,1,gated_random,39,9,0.2564102564102564,0.3333333333333333,0.005326930935702461,0.0018893588676973721,0.3315501485619427,0.103453343528697,4.578903556240993,
Frangieh_Control_IL2STAT5,Frangieh,1,old_controller,39,9,0.28205128205128205,0.2564102564102564,0.00441933316844322,-0.002294482012945987,0.2750609283709159,-0.12563618270943455,5.164260988659729,
Frangieh_Control_IL2STAT5,Frangieh,2,random,39,9,0.3076923076923077,0.28205128205128205,0.00603739870176105,-0.0021049213512352514,0.3757699246822678,-0.11525663830906974,4.693641894759419,
Frangieh_Control_IL2STAT5,Frangieh,2,fixed_ridge,39,9,0.2564102564102564,0.3333333333333333,0.0035569143758171803,0.004019045150752477,0.22138366424470685,0.2200660053242664,4.561797790192546,
Frangieh_Control_IL2STAT5,Frangieh,2,greedy_ridge,39,9,0.28205128205128205,0.38461538461538464,0.00679357289829796,0.004733071302214419,0.4228344859139893,0.2591630736465443,4.675525043004298,
Frangieh_Control_IL2STAT5,Frangieh,2,linear_ucb,39,9,0.23076923076923078,0.358974358974359,0.0034209609149081243,0.005619170633398814,0.21292187063296675,0.30768214542102895,4.722494479150206,
Frangieh_Control_IL2STAT5,Frangieh,2,diversity,39,9,0.2564102564102564,0.20512820512820512,0.00311304382220825,-0.000167643006281962,0.19375699707600516,-0.009179425791251677,5.169738395877125,
Frangieh_Control_IL2STAT5,Frangieh,2,extra_trees,39,9,0.2564102564102564,0.358974358974359,0.005522173171584429,0.002779850529009571,0.3437020974220974,0.1522129208235315,4.50054384019013,
Frangieh_Control_IL2STAT5,Frangieh,2,gated_random,39,9,0.3076923076923077,0.28205128205128205,0.00603739870176105,-0.0021049213512352514,0.3757699246822678,-0.11525663830906974,4.693641894759419,
Frangieh_Control_IL2STAT5,Frangieh,2,old_controller,39,9,0.2564102564102564,0.20512820512820512,0.00311304382220825,-0.000167643006281962,0.19375699707600516,-0.009179425791251677,5.169738395877125,
Frangieh_Control_IL2STAT5,Frangieh,3,random,39,9,0.15384615384615385,0.28205128205128205,-0.0003544702627691153,-0.0020353400150501352,-0.022062360053180057,-0.11144665705107953,4.663806736121398,
Frangieh_Control_IL2STAT5,Frangieh,3,fixed_ridge,39,9,0.1794871794871795,0.2564102564102564,0.0031839607906085994,-0.0017779784296063268,0.1981708953773913,-0.09735461928884268,4.625268268252041,
Frangieh_Control_IL2STAT5,Frangieh,3,greedy_ridge,39,9,0.20512820512820512,0.3076923076923077,0.005195517031121822,0.002146207715253861,0.32337089861244617,0.11751730592118598,4.722388600178139,
Frangieh_Control_IL2STAT5,Frangieh,3,linear_ucb,39,9,0.20512820512820512,0.3076923076923077,0.005089135683373538,0.00264683788703117,0.3167496842441934,0.1449297081001479,4.702594843320924,
Frangieh_Control_IL2STAT5,Frangieh,3,diversity,39,9,0.15384615384615385,0.2564102564102564,0.0024018699679660286,-0.001834809354285615,0.1494932737663872,-0.1004664416506078,5.136940462457771,
Frangieh_Control_IL2STAT5,Frangieh,3,extra_trees,39,9,0.20512820512820512,0.2564102564102564,0.00587113785895766,0.0013091560992752342,0.3654217884295441,0.0716838806997376,4.554641460075275,
Frangieh_Control_IL2STAT5,Frangieh,3,gated_random,39,9,0.15384615384615385,0.28205128205128205,-0.0003544702627691153,-0.0020353400150501352,-0.022062360053180057,-0.11144665705107953,4.663806736121398,
Frangieh_Control_IL2STAT5,Frangieh,3,old_controller,39,9,0.15384615384615385,0.2564102564102564,0.0024018699679660286,-0.001834809354285615,0.1494932737663872,-0.1004664416506078,5.136940462457771,
Frangieh_Control_IL2STAT5,Frangieh,4,random,39,9,0.1282051282051282,0.28205128205128205,-0.0020620823418880615,0.004981676142570377,-0.1283447664428539,0.27277562888523565,4.770262134257889,
Frangieh_Control_IL2STAT5,Frangieh,4,fixed_ridge,39,9,0.2564102564102564,0.3076923076923077,0.0023913090446793625,0.005570438609380672,0.14883595800109775,0.3050137847893922,4.6673355399119405,
Frangieh_Control_IL2STAT5,Frangieh,4,greedy_ridge,39,9,0.1794871794871795,0.38461538461538464,0.0009354545159678843,0.0036536116515466567,0.05822303451756556,0.2000564041962879,4.648792752134599,
Frangieh_Control_IL2STAT5,Frangieh,4,linear_ucb,39,9,0.05128205128205128,0.23076923076923078,-0.0033248412146409992,0.0009112401243369298,-0.20693934499335243,0.04989567584640611,4.862492201937251,
Frangieh_Control_IL2STAT5,Frangieh,4,diversity,39,9,0.1794871794871795,0.23076923076923078,0.00013227380546323073,-0.0013729096323290672,0.008232770497972384,-0.07517475597438807,5.209973690907264,
Frangieh_Control_IL2STAT5,Frangieh,4,extra_trees,39,9,0.2564102564102564,0.46153846153846156,0.0044899669858230575,0.008203550439080214,0.2794572032482236,0.4491919117321953,4.4373329642039305,
Frangieh_Control_IL2STAT5,Frangieh,4,gated_random,39,9,0.20512820512820512,0.3076923076923077,0.0010525030782728634,0.0028002076898084615,0.06550818025900554,0.15332759331132798,4.766751489599924,
Frangieh_Control_IL2STAT5,Frangieh,4,old_controller,39,9,0.1794871794871795,0.23076923076923078,0.00013227380546323073,-0.0013729096323290672,0.008232770497972384,-0.07517475597438807,5.209973690907264,
Frangieh_Control_IL2STAT5,Frangieh,5,random,39,9,0.28205128205128205,0.38461538461538464,0.0017358281146675537,0.004229543436391976,0.10803858286180903,0.2315920059315544,4.584070094065344,
Frangieh_Control_IL2STAT5,Frangieh,5,fixed_ridge,39,9,0.23076923076923078,0.3333333333333333,0.0009815525903110068,0.0008068655130880917,0.0610921956877331,0.04418056121264676,4.741271147886814,
Frangieh_Control_IL2STAT5,Frangieh,5,greedy_ridge,39,9,0.23076923076923078,0.3076923076923077,0.001074465993024031,-0.0008775879901894581,0.06687516018356178,-0.04805302654671265,4.639886012250514,
Frangieh_Control_IL2STAT5,Frangieh,5,linear_ucb,39,9,0.20512820512820512,0.3333333333333333,-0.00026269947547202923,0.0021044723738376896,-0.016350512362783263,0.11523205419551634,4.7507652436914904,
Frangieh_Control_IL2STAT5,Frangieh,5,diversity,39,9,0.20512820512820512,0.23076923076923078,0.001433955092274801,-0.001152729507249051,0.08924989447271103,-0.06311861856844612,5.168009868005654,
Frangieh_Control_IL2STAT5,Frangieh,5,extra_trees,39,9,0.3076923076923077,0.38461538461538464,0.0030378671705872393,0.004144893877597734,0.1890779745179534,0.22695695219178175,4.585254959097745,
Frangieh_Control_IL2STAT5,Frangieh,5,gated_random,39,9,0.28205128205128205,0.38461538461538464,0.0017358281146675537,0.004229543436391976,0.10803858286180903,0.2315920059315544,4.584070094065344,
Frangieh_Control_IL2STAT5,Frangieh,5,old_controller,39,9,0.20512820512820512,0.23076923076923078,0.001433955092274801,-0.001152729507249051,0.08924989447271103,-0.06311861856844612,5.168009868005654,
Frangieh_Control_IL2STAT5,Frangieh,6,random,39,9,0.3076923076923077,0.3076923076923077,0.007303876039153936,0.0020426773297117238,0.45459594184510765,0.11184841753567638,4.621763677623849,
Frangieh_Control_IL2STAT5,Frangieh,6,fixed_ridge,39,9,0.3333333333333333,0.2564102564102564,0.004282974103693563,-0.0030238115902282456,0.26657388982635577,-0.16557120225189784,4.498305124824869,
Frangieh_Control_IL2STAT5,Frangieh,6,greedy_ridge,39,9,0.3333333333333333,0.2564102564102564,0.007708147813994853,-0.003038326574970926,0.47975796640029006,-0.1663659817554489,4.730423252111053,
Frangieh_Control_IL2STAT5,Frangieh,6,linear_ucb,39,9,0.3076923076923077,0.2564102564102564,0.0046880941719617975,-0.0032044329593681246,0.29178871247771143,-0.1754612685964799,4.812516020002516,
Frangieh_Control_IL2STAT5,Frangieh,6,diversity,39,9,0.3076923076923077,0.20512820512820512,0.005114609009244699,-0.00091916010098934,0.3183351534531792,-0.05032934045050518,5.06741780670319,
Frangieh_Control_IL2STAT5,Frangieh,6,extra_trees,39,9,0.3333333333333333,0.3333333333333333,0.006778539902154872,0.005120399015166237,0.4218988266826734,0.28037150981570047,4.423087615906039,
Frangieh_Control_IL2STAT5,Frangieh,6,gated_random,39,9,0.3076923076923077,0.3076923076923077,0.007303876039153936,0.0020426773297117238,0.45459594184510765,0.11184841753567638,4.621763677623849,
Frangieh_Control_IL2STAT5,Frangieh,6,old_controller,39,9,0.3076923076923077,0.20512820512820512,0.005114609009244699,-0.00091916010098934,0.3183351534531792,-0.05032934045050518,5.06741780670319,
Frangieh_Control_IL2STAT5,Frangieh,7,random,39,9,0.2564102564102564,0.28205128205128205,0.0038787506984215127,0.0010301923404948156,0.24141487581100146,0.056408998800599214,4.819321956824617,
Frangieh_Control_IL2STAT5,Frangieh,7,fixed_ridge,39,9,0.23076923076923078,0.1794871794871795,0.004248690295036016,-0.0026448509598260314,0.2644400529152189,-0.14482091232490685,4.727081559071132,
Frangieh_Control_IL2STAT5,Frangieh,7,greedy_ridge,39,9,0.20512820512820512,0.23076923076923078,0.0007649974110527822,2.1527640349258057e-05,0.04761372136141741,0.0011787630240560308,4.79303972713496,
Frangieh_Control_IL2STAT5,Frangieh,7,linear_ucb,39,9,0.1794871794871795,0.15384615384615385,-0.00042153986996925865,-0.0026871227628858904,-0.026236797172715622,-0.1471355384334231,4.951433989190327,
Frangieh_Control_IL2STAT5,Frangieh,7,diversity,39,9,0.23076923076923078,0.20512820512820512,0.0025602571717455495,-0.003530621973608504,0.15935135181869559,-0.19332200681961254,5.171847423881877,
Frangieh_Control_IL2STAT5,Frangieh,7,extra_trees,39,9,0.1794871794871795,0.15384615384615385,0.0019740950667430776,-0.002471658324827826,0.12286840594597558,-0.1353376122110719,4.771442111918413,
Frangieh_Control_IL2STAT5,Frangieh,7,gated_random,39,9,0.2564102564102564,0.28205128205128205,0.0038787506984215127,0.0010301923404948156,0.24141487581100146,0.056408998800599214,4.819321956824617,
Frangieh_Control_IL2STAT5,Frangieh,7,old_controller,39,9,0.23076923076923078,0.1794871794871795,0.0019020232647194463,-0.0020690108177705765,0.11838263037342053,-0.11329032856329473,5.136624694102539,
Frangieh_Control_IL2STAT5,Frangieh,8,random,39,9,0.23076923076923078,0.3076923076923077,0.002788805892555508,-0.00064226358653578,0.17357630860015444,-0.03516765215431893,4.618800699471293,
Frangieh_Control_IL2STAT5,Frangieh,8,fixed_ridge,39,9,0.15384615384615385,0.23076923076923078,0.0006743995825436114,-0.0015307028930855566,0.04197487905912953,-0.0838148511361131,4.7078032389040265,
Frangieh_Control_IL2STAT5,Frangieh,8,greedy_ridge,39,9,0.1794871794871795,0.358974358974359,0.0022427729915152714,0.004805228238254985,0.13959101920091696,0.2631140839177061,4.801321023044383,
Frangieh_Control_IL2STAT5,Frangieh,8,linear_ucb,39,9,0.15384615384615385,0.3333333333333333,0.0014806286336618035,0.004409919230446363,0.09215487292419756,0.24146862561752874,4.80974574790953,
Frangieh_Control_IL2STAT5,Frangieh,8,diversity,39,9,0.1794871794871795,0.15384615384615385,0.0012822715995926067,-0.0047262612316560666,0.07980905787464013,-0.2587901828310548,5.095502971086502,
Frangieh_Control_IL2STAT5,Frangieh,8,extra_trees,39,9,0.15384615384615385,0.2564102564102564,0.0008798628423591551,-0.001408041618704431,0.05476298822331965,-0.07709843575670784,4.575102819681902,
Frangieh_Control_IL2STAT5,Frangieh,8,gated_random,39,9,0.23076923076923078,0.3076923076923077,0.002788805892555508,-0.00064226358653578,0.17357630860015444,-0.03516765215431893,4.618800699471293,
Frangieh_Control_IL2STAT5,Frangieh,8,old_controller,39,9,0.1794871794871795,0.15384615384615385,0.0012822715995926067,-0.0047262612316560666,0.07980905787464013,-0.2587901828310548,5.095502971086502,
Frangieh_Control_IL2STAT5,Frangieh,9,random,39,9,0.2564102564102564,0.2564102564102564,0.00519904224973426,0.0005243611115404632,0.3235903095206736,0.02871180861018614,4.596989458589266,
Frangieh_Control_IL2STAT5,Frangieh,9,fixed_ridge,39,9,0.2564102564102564,0.3333333333333333,0.0022525590171966255,0.002055475446862363,0.1402001050530984,0.11254918859232545,4.7319726411827805,
Frangieh_Control_IL2STAT5,Frangieh,9,greedy_ridge,39,9,0.28205128205128205,0.358974358974359,0.0026845297349194328,-0.0002390885188840297,0.16708612204188808,-0.01309148150770409,4.618836793170719,
Frangieh_Control_IL2STAT5,Frangieh,9,linear_ucb,39,9,0.20512820512820512,0.2564102564102564,0.0008112789558346975,-0.0008754214976972027,0.050494301799447194,-0.047934398531735915,4.7969652354338175,
Frangieh_Control_IL2STAT5,Frangieh,9,diversity,39,9,0.20512820512820512,0.23076923076923078,0.002623690088219634,-0.0004697172435071183,0.16329943996448767,-0.025719740269945394,5.140545743926948,
Frangieh_Control_IL2STAT5,Frangieh,9,extra_trees,39,9,0.28205128205128205,0.28205128205128205,0.0016173775499165044,-0.0005021028832958873,0.10066617597039558,-0.027493041666385453,4.524927522374012,
Frangieh_Control_IL2STAT5,Frangieh,9,gated_random,39,9,0.2564102564102564,0.2564102564102564,0.00519904224973426,0.0005243611115404632,0.3235903095206736,0.02871180861018614,4.596989458589266,
Frangieh_Control_IL2STAT5,Frangieh,9,old_controller,39,9,0.20512820512820512,0.23076923076923078,0.002623690088219634,-0.0004697172435071183,0.16329943996448767,-0.025719740269945394,5.140545743926948,
Frangieh_Control_IL2STAT5,Frangieh,10,random,39,9,0.2564102564102564,0.20512820512820512,0.00344771432626644,-0.003418869388260386,0.21458701283538176,-0.18720290536149253,4.697487586698214,
Frangieh_Control_IL2STAT5,Frangieh,10,fixed_ridge,39,9,0.3076923076923077,0.38461538461538464,0.005509424512928687,0.0046438068884504,0.3429086161995519,0.25427532986218243,4.760971595983167,
Frangieh_Control_IL2STAT5,Frangieh,10,greedy_ridge,39,9,0.28205128205128205,0.4358974358974359,0.004534555051227707,0.005967751933041124,0.28223238090444597,0.3267689909939536,4.702097301731075,
Frangieh_Control_IL2STAT5,Frangieh,10,linear_ucb,39,9,0.23076923076923078,0.2564102564102564,0.003086700859966005,0.000667548861692709,0.19211740137814462,0.03655216745300087,4.8804035093787395,
Frangieh_Control_IL2STAT5,Frangieh,10,diversity,39,9,0.1794871794871795,0.20512820512820512,0.0010736579398021968,-0.002307216910793392,0.06682486665263772,-0.1263334921429865,5.1161813078831155,
Frangieh_Control_IL2STAT5,Frangieh,10,extra_trees,39,9,0.23076923076923078,0.3333333333333333,0.0035483831146856104,0.0033057268904389146,0.22085267540146222,0.18100769814335047,4.517846917650409,
Frangieh_Control_IL2STAT5,Frangieh,10,gated_random,39,9,0.2564102564102564,0.20512820512820512,0.00344771432626644,-0.003418869388260386,0.21458701283538176,-0.18720290536149253,4.697487586698214,
Frangieh_Control_IL2STAT5,Frangieh,10,old_controller,39,9,0.1794871794871795,0.20512820512820512,0.0010736579398021968,-0.002307216910793392,0.06682486665263772,-0.1263334921429865,5.1161813078831155,
Frangieh_Control_IL2STAT5,Frangieh,11,random,39,9,0.23076923076923078,0.28205128205128205,8.11407651530259e-06,0.0007956736086142835,0.0005050231186706356,0.04356773960524068,4.6412177710493445,
Frangieh_Control_IL2STAT5,Frangieh,11,fixed_ridge,39,9,0.20512820512820512,0.3333333333333333,0.0012634751836841187,0.0023962513084800664,0.07863916200737385,0.13120864121457385,4.870676755304374,
Frangieh_Control_IL2STAT5,Frangieh,11,greedy_ridge,39,9,0.2564102564102564,0.3076923076923077,0.00045705974190900917,0.0011657554953569344,0.0284475671189891,0.06383186688011702,4.741671443726479,
Frangieh_Control_IL2STAT5,Frangieh,11,linear_ucb,39,9,0.28205128205128205,0.23076923076923078,0.003652515776900701,-0.0023887330780999576,0.22733393075173663,-0.1307969745462986,4.835258106080523,
Frangieh_Control_IL2STAT5,Frangieh,11,diversity,39,9,0.1794871794871795,0.2564102564102564,0.0007816015835277022,0.001481532935555935,0.04864717118782892,0.08112251110766587,5.02191096461693,
Frangieh_Control_IL2STAT5,Frangieh,11,extra_trees,39,9,0.23076923076923078,0.2564102564102564,0.0002840376487678532,0.00035601097589838497,0.017678608148455014,0.019493663389893178,4.687853410901384,
Frangieh_Control_IL2STAT5,Frangieh,11,gated_random,39,9,0.23076923076923078,0.28205128205128205,8.11407651530259e-06,0.0007956736086142835,0.0005050231186706356,0.04356773960524068,4.6412177710493445,
Frangieh_Control_IL2STAT5,Frangieh,11,old_controller,39,9,0.1794871794871795,0.2564102564102564,0.0007816015835277022,0.001481532935555935,0.04864717118782892,0.08112251110766587,5.02191096461693,
Frangieh_Control_IL2STAT5,Frangieh,12,random,39,9,0.20512820512820512,0.28205128205128205,0.001047275009031326,0.0018410056968554199,0.06518278329879598,0.10080572730324655,4.686954704667195,
Frangieh_Control_IL2STAT5,Frangieh,12,fixed_ridge,39,9,0.23076923076923078,0.2564102564102564,0.0035855028594758307,-0.0016927946266710302,0.22316302202474841,-0.0926903125873391,4.6741000922469125,
Frangieh_Control_IL2STAT5,Frangieh,12,greedy_ridge,39,9,0.15384615384615385,0.28205128205128205,0.0008993778348990628,-0.0013182027879345348,0.05597760856548078,-0.07217923931353469,4.698775807565314,
Frangieh_Control_IL2STAT5,Frangieh,12,linear_ucb,39,9,0.1794871794871795,0.2564102564102564,0.0005477460881963158,-0.001879134308683884,0.034091918800475914,-0.10289348968931446,4.90876930034419,
Frangieh_Control_IL2STAT5,Frangieh,12,diversity,39,9,0.1794871794871795,0.23076923076923078,0.0012549824877045408,0.00017947712870039706,0.07811057347343049,0.009827412551653153,5.192269721488676,
Frangieh_Control_IL2STAT5,Frangieh,12,extra_trees,39,9,0.15384615384615385,0.20512820512820512,-0.0014519585724370044,-0.0021518540404672284,-0.09037043772631403,-0.11782647493717346,4.7134169878729235,
Frangieh_Control_IL2STAT5,Frangieh,12,gated_random,39,9,0.20512820512820512,0.28205128205128205,0.001047275009031326,0.0018410056968554199,0.06518278329879598,0.10080572730324655,4.686954704667195,
Frangieh_Control_IL2STAT5,Frangieh,12,old_controller,39,9,0.1794871794871795,0.23076923076923078,0.0012549824877045408,0.00017947712870039706,0.07811057347343049,0.009827412551653153,5.192269721488676,
Frangieh_Control_IL2STAT5,Frangieh,13,random,39,9,0.3333333333333333,0.20512820512820512,0.006918855911956629,-0.0026122305102605704,0.43063214694849306,-0.1430347537328819,4.718669087889895,
Frangieh_Control_IL2STAT5,Frangieh,13,fixed_ridge,39,9,0.2564102564102564,0.4358974358974359,0.0018488443926917163,0.0035527198373824756,0.11507275774057302,0.19453199287961667,4.769704272537319,
Frangieh_Control_IL2STAT5,Frangieh,13,greedy_ridge,39,9,0.28205128205128205,0.38461538461538464,0.00424331421076586,0.0016005785963476927,0.2641054434449693,0.08764095069691127,4.756774850759121,
Frangieh_Control_IL2STAT5,Frangieh,13,linear_ucb,39,9,0.23076923076923078,0.4358974358974359,0.002603712693499834,0.003470013946531111,0.16205603953989464,0.1900033662198647,4.784567791423078,
Frangieh_Control_IL2STAT5,Frangieh,13,diversity,39,9,0.15384615384615385,0.23076923076923078,0.0006379938202257291,-0.0006301755620611712,0.0397089709685804,-0.034505762785424665,5.165632166071786,
Frangieh_Control_IL2STAT5,Frangieh,13,extra_trees,39,9,0.2564102564102564,0.38461538461538464,0.002895781199923845,0.004798787854459792,0.1802344912344961,0.26276143559418624,4.783276942721232,
Frangieh_Control_IL2STAT5,Frangieh,13,gated_random,39,9,0.3333333333333333,0.20512820512820512,0.006918855911956629,-0.0026122305102605704,0.43063214694849306,-0.1430347537328819,4.718669087889895,
Frangieh_Control_IL2STAT5,Frangieh,13,old_controller,39,9,0.15384615384615385,0.23076923076923078,0.0006379938202257291,-0.0006301755620611712,0.0397089709685804,-0.034505762785424665,5.165632166071786,
Frangieh_Control_IL2STAT5,Frangieh,14,random,39,9,0.28205128205128205,0.358974358974359,0.0022343666030688225,0.002959358262587953,0.13906780247970713,0.16204200916955597,4.707101443058702,
Frangieh_Control_IL2STAT5,Frangieh,14,fixed_ridge,39,9,0.1794871794871795,0.20512820512820512,0.0016340110633649802,-0.0021562313177928617,0.10170145198983621,-0.11806615622939987,4.616062216906977,
Frangieh_Control_IL2STAT5,Frangieh,14,greedy_ridge,39,9,0.1794871794871795,0.3076923076923077,0.002072141212334071,-0.0008480862471899925,0.12897083425394332,-0.046437635206612884,4.750696811076269,
Frangieh_Control_IL2STAT5,Frangieh,14,linear_ucb,39,9,0.23076923076923078,0.3076923076923077,0.002939143533200596,0.0010311230653357963,0.18293337887044092,0.056459961377561645,4.846239897156403,
Frangieh_Control_IL2STAT5,Frangieh,14,diversity,39,9,0.20512820512820512,0.23076923076923078,0.0019824999256398677,0.00023407989674132697,0.12339152746744983,0.012817230429206778,5.157896171839137,
Frangieh_Control_IL2STAT5,Frangieh,14,extra_trees,39,9,0.15384615384615385,0.2564102564102564,0.002049539167296374,-0.0005921823977148089,0.12756407462433608,-0.03242541693368252,4.819477300362651,
Frangieh_Control_IL2STAT5,Frangieh,14,gated_random,39,9,0.28205128205128205,0.358974358974359,0.0022343666030688225,0.002959358262587953,0.13906780247970713,0.16204200916955597,4.707101443058702,
Frangieh_Control_IL2STAT5,Frangieh,14,old_controller,39,9,0.20512820512820512,0.23076923076923078,0.0019824999256398677,0.00023407989674132697,0.12339152746744983,0.012817230429206778,5.157896171839137,
Frangieh_Control_IL2STAT5,Frangieh,15,random,39,9,0.2564102564102564,0.20512820512820512,0.003191715537069415,-0.00048635513298886867,0.1986535536607776,-0.026630761106471678,4.5640124187910045,
Frangieh_Control_IL2STAT5,Frangieh,15,fixed_ridge,39,9,0.1794871794871795,0.20512820512820512,0.0020932647590236734,-0.0002048101235442948,0.13028557160038673,-0.011214540779648558,4.593948506096207,
Frangieh_Control_IL2STAT5,Frangieh,15,greedy_ridge,39,9,0.20512820512820512,0.28205128205128205,0.0038316928587528586,-0.00040400076902962113,0.23848597849255165,-0.022121382580545156,4.544909259824179,
Frangieh_Control_IL2STAT5,Frangieh,15,linear_ucb,39,9,0.23076923076923078,0.2564102564102564,0.00411394902371873,0.0016586859210491378,0.2560537064313067,0.09082266335438986,4.633711978598165,
Frangieh_Control_IL2STAT5,Frangieh,15,diversity,39,9,0.20512820512820512,0.15384615384615385,0.002971060370008059,-0.002729539505140264,0.18491989457955557,-0.14945810080250754,5.078998127932439,
Frangieh_Control_IL2STAT5,Frangieh,15,extra_trees,39,9,0.2564102564102564,0.3076923076923077,0.0032028982948744083,-0.0011769231723116466,0.19934957263611822,-0.0644433618904966,4.519019370051825,
Frangieh_Control_IL2STAT5,Frangieh,15,gated_random,39,9,0.2564102564102564,0.20512820512820512,0.003191715537069415,-0.00048635513298886867,0.1986535536607776,-0.026630761106471678,4.5640124187910045,
Frangieh_Control_IL2STAT5,Frangieh,15,old_controller,39,9,0.20512820512820512,0.15384615384615385,0.002971060370008059,-0.002729539505140264,0.18491989457955557,-0.14945810080250754,5.078998127932439,
Frangieh_Control_IL2STAT5,Frangieh,16,random,39,9,0.3333333333333333,0.28205128205128205,0.007991661778663025,-0.002841071455784627,0.49740398025699545,-0.15556512123240565,4.676329055236526,
Frangieh_Control_IL2STAT5,Frangieh,16,fixed_ridge,39,9,0.2564102564102564,0.15384615384615385,0.0039189734582145514,-0.006248621352026652,0.2439183552339414,-0.3421482188292817,4.731425357942576,
Frangieh_Control_IL2STAT5,Frangieh,16,greedy_ridge,39,9,0.23076923076923078,0.23076923076923078,0.0017153921730164185,-0.0017209659184187632,0.10676664230687793,-0.09423285401377403,4.792918222446566,
Frangieh_Control_IL2STAT5,Frangieh,16,linear_ucb,39,9,0.23076923076923078,0.15384615384615385,-0.001365463662097665,-0.007497698855846644,-0.08498696256603806,-0.4105424483777123,4.7779715084248275,
Frangieh_Control_IL2STAT5,Frangieh,16,diversity,39,9,0.20512820512820512,0.15384615384615385,0.0015028819616316454,-0.0026295574367038565,0.09353992827472761,-0.14398350333481347,5.057933155897231,
Frangieh_Control_IL2STAT5,Frangieh,16,extra_trees,39,9,0.15384615384615385,0.28205128205128205,0.0007574426329548719,0.0011001953069928745,0.047143509182782435,0.0602420667608315,4.538617300231179,
Frangieh_Control_IL2STAT5,Frangieh,16,gated_random,39,9,0.3333333333333333,0.28205128205128205,0.007991661778663025,-0.002841071455784627,0.49740398025699545,-0.15556512123240565,4.676329055236526,
Frangieh_Control_IL2STAT5,Frangieh,16,old_controller,39,9,0.20512820512820512,0.15384615384615385,0.0015028819616316454,-0.0026295574367038565,0.09353992827472761,-0.14398350333481347,5.057933155897231,
Frangieh_Control_IL2STAT5,Frangieh,17,random,39,9,0.2564102564102564,0.3076923076923077,0.0018125465704799022,0.0016926473643587446,0.11281356788208559,0.09268224912261454,4.5337078387189855,
Frangieh_Control_IL2STAT5,Frangieh,17,fixed_ridge,39,9,0.2564102564102564,0.28205128205128205,0.0037927036360778776,0.0016960780825934464,0.236059274875359,0.09287010082096199,4.726894998635518,
Frangieh_Control_IL2STAT5,Frangieh,17,greedy_ridge,39,9,0.23076923076923078,0.20512820512820512,0.004963644826601941,-0.0012491631076527166,0.30893908697758893,-0.0683989168541964,4.796596581699793,
Frangieh_Control_IL2STAT5,Frangieh,17,linear_ucb,39,9,0.28205128205128205,0.1794871794871795,0.006784915903748512,-0.0011143482213887305,0.4222956713763852,-0.061017020815331044,4.87368200363359,
Frangieh_Control_IL2STAT5,Frangieh,17,diversity,39,9,0.2564102564102564,0.1794871794871795,0.0039043627364667276,-0.0022381132616080346,0.24300897851692388,-0.12254966701559179,5.141936675727252,
Frangieh_Control_IL2STAT5,Frangieh,17,extra_trees,39,9,0.3076923076923077,0.28205128205128205,0.006991791260259655,0.0010768397285675158,0.4351716699603671,0.058963213537412504,4.6112343380053575,
Frangieh_Control_IL2STAT5,Frangieh,17,gated_random,39,9,0.3333333333333333,0.3333333333333333,0.007771767310274666,0.005569269420145819,0.4837176673420907,0.3049497649053821,4.531395495396255,
Frangieh_Control_IL2STAT5,Frangieh,17,old_controller,39,9,0.23076923076923078,0.20512820512820512,0.003163244901697359,-0.0021679295442012876,0.1968815308016126,-0.11870670189597421,5.071069788814035,
Frangieh_Control_IL2STAT5,Frangieh,18,random,39,9,0.23076923076923078,0.2564102564102564,0.002288971750130729,0.0008101075881358855,0.14246644699737523,0.04435808360365445,4.646850821132853,
Frangieh_Control_IL2STAT5,Frangieh,18,fixed_ridge,39,9,0.1794871794871795,0.20512820512820512,0.002058951121595725,-0.005046183554125725,0.12814987813556492,-0.27630778337524825,4.821641097726229,
Frangieh_Control_IL2STAT5,Frangieh,18,greedy_ridge,39,9,0.23076923076923078,0.20512820512820512,0.0022771305267992067,-0.0016823096986080682,0.14172944488450598,-0.09211620203411569,4.810565417949742,
Frangieh_Control_IL2STAT5,Frangieh,18,linear_ucb,39,9,0.1794871794871795,0.1794871794871795,0.0010322336911533852,-0.0031540331072535685,0.06424660611962986,-0.17270158471442462,4.843527579077395,
Frangieh_Control_IL2STAT5,Frangieh,18,diversity,39,9,0.23076923076923078,0.1794871794871795,0.0031573936152432067,-0.003145809614075983,0.19651734457194886,-0.17225130082222603,5.101662707155431,
Frangieh_Control_IL2STAT5,Frangieh,18,extra_trees,39,9,0.28205128205128205,0.20512820512820512,0.00395319376039686,-0.0047373010497904575,0.24604823947860785,-0.2593946768303041,4.572285063478576,
Frangieh_Control_IL2STAT5,Frangieh,18,gated_random,39,9,0.23076923076923078,0.2564102564102564,0.002288971750130729,0.0008101075881358855,0.14246644699737523,0.04435808360365445,4.646850821132853,
Frangieh_Control_IL2STAT5,Frangieh,18,old_controller,39,9,0.23076923076923078,0.1794871794871795,0.0031573936152432067,-0.003145809614075983,0.19651734457194886,-0.17225130082222603,5.101662707155431,
Frangieh_Control_IL2STAT5,Frangieh,19,random,39,9,0.3333333333333333,0.28205128205128205,0.008247552852083905,0.0002651131626257734,0.5133307351619152,0.014516481519749345,4.630843761835833,
Frangieh_Control_IL2STAT5,Frangieh,19,fixed_ridge,39,9,0.23076923076923078,0.23076923076923078,0.0022200999331974413,-0.0018159601340587601,0.13817983967853054,-0.09943433764500222,4.517645554472573,
Frangieh_Control_IL2STAT5,Frangieh,19,greedy_ridge,39,9,0.20512820512820512,0.38461538461538464,0.002272604820966775,0.004459505266482118,0.14144776328224723,0.24418374835463227,4.632384891161791,
Frangieh_Control_IL2STAT5,Frangieh,19,linear_ucb,39,9,0.23076923076923078,0.3333333333333333,0.0037087210230655676,0.0026143301257105828,0.230832166028456,0.14314971984236063,4.681036804706431,
Frangieh_Control_IL2STAT5,Frangieh,19,diversity,39,9,0.20512820512820512,0.23076923076923078,0.002488585340072558,0.0004531976245405216,0.15489047054846503,0.024815195429294057,5.044474738865109,
Frangieh_Control_IL2STAT5,Frangieh,19,extra_trees,39,9,0.23076923076923078,0.358974358974359,0.0019375913510390574,0.0034914678442766857,0.1205964012005011,0.19117809140915995,4.568787137874151,
Frangieh_Control_IL2STAT5,Frangieh,19,gated_random,39,9,0.3333333333333333,0.28205128205128205,0.008247552852083905,0.0002651131626257734,0.5133307351619152,0.014516481519749345,4.630843761835833,
Frangieh_Control_IL2STAT5,Frangieh,19,old_controller,39,9,0.20512820512820512,0.23076923076923078,0.002488585340072558,0.0004531976245405216,0.15489047054846503,0.024815195429294057,5.044474738865109,
Frangieh_Control_IL2STAT5,Frangieh,20,random,39,9,0.2564102564102564,0.23076923076923078,0.002236819055388612,-0.00015933954895465592,0.13922044401772998,-0.008724763398603853,4.60725193073192,
Frangieh_Control_IL2STAT5,Frangieh,20,fixed_ridge,39,9,0.20512820512820512,0.3076923076923077,0.0029080776671419053,-0.0035860852711947907,0.18099982789497554,-0.1963589436750345,4.479175014795118,
Frangieh_Control_IL2STAT5,Frangieh,20,greedy_ridge,39,9,0.20512820512820512,0.3076923076923077,0.0007326989321192916,-0.0037574310040007974,0.04560345210544639,-0.2057411151942863,4.580052090367865,
Frangieh_Control_IL2STAT5,Frangieh,20,linear_ucb,39,9,0.1794871794871795,0.358974358974359,0.0006723341072657592,-0.0017727182629937964,0.041846323115099324,-0.0970665946933631,4.685186702360784,
Frangieh_Control_IL2STAT5,Frangieh,20,diversity,39,9,0.20512820512820512,0.10256410256410256,0.002537934758537432,-0.005685865743160912,0.15796199657742355,-0.3113340890617368,5.125150656214847,
Frangieh_Control_IL2STAT5,Frangieh,20,extra_trees,39,9,0.20512820512820512,0.28205128205128205,0.003446768814479966,-0.0013866222572420314,0.21452816383263398,-0.07592560162899362,4.63761097535476,
Frangieh_Control_IL2STAT5,Frangieh,20,gated_random,39,9,0.28205128205128205,0.15384615384615385,0.002752383674206231,-0.0021745609596842655,0.17130937628013443,-0.11906981031109395,4.617705616023233,
Frangieh_Control_IL2STAT5,Frangieh,20,old_controller,39,9,0.20512820512820512,0.10256410256410256,0.002537934758537432,-0.005685865743160912,0.15796199657742355,-0.3113340890617368,5.125150656214847,
Frangieh_Control_IL2STAT5,Frangieh,21,random,39,9,0.23076923076923078,0.3076923076923077,0.0009702976331208477,0.0027399789537253215,0.06039168299599807,0.15002972109084184,4.579148095629525,
Frangieh_Control_IL2STAT5,Frangieh,21,fixed_ridge,39,9,0.3076923076923077,0.41025641025641024,0.0030797105001888693,-0.001401096514246597,0.1916823188042225,-0.07671815105293706,4.646246321289916,
Frangieh_Control_IL2STAT5,Frangieh,21,greedy_ridge,39,9,0.3076923076923077,0.358974358974359,0.00430681278340956,-0.0006152247958705136,0.2680576180550036,-0.03368712172300736,4.793348458918494,
Frangieh_Control_IL2STAT5,Frangieh,21,linear_ucb,39,9,0.28205128205128205,0.28205128205128205,0.0021627054477309005,-0.0022183565089656018,0.13460758570851383,-0.12146787035267403,4.827739636690945,
Frangieh_Control_IL2STAT5,Frangieh,21,diversity,39,9,0.2564102564102564,0.2564102564102564,0.00224760485417728,0.00035681233072431363,0.13989175611730587,0.019537542209059074,5.083793318085665,
Frangieh_Control_IL2STAT5,Frangieh,21,extra_trees,39,9,0.20512820512820512,0.38461538461538464,0.003591904157290644,0.0038806880501330706,0.22356144116460736,0.21249015252851972,4.606022344501757,
Frangieh_Control_IL2STAT5,Frangieh,21,gated_random,39,9,0.23076923076923078,0.3076923076923077,0.0009702976331208477,0.0027399789537253215,0.06039168299599807,0.15002972109084184,4.579148095629525,
Frangieh_Control_IL2STAT5,Frangieh,21,old_controller,39,9,0.2564102564102564,0.3076923076923077,0.003283388058741188,0.005350033588380811,0.2043592852623675,0.29294533302896114,5.136193300143307,
Frangieh_Control_IL2STAT5,Frangieh,22,random,39,9,0.23076923076923078,0.358974358974359,0.0037306009291117326,0.0038360858361670557,0.23219397946055953,0.21004792292224583,4.670173070893184,
Frangieh_Control_IL2STAT5,Frangieh,22,fixed_ridge,39,9,0.20512820512820512,0.20512820512820512,0.002836509100492959,-0.0019599551173929775,0.17654537387797514,-0.10731889718103096,4.824294515248132,
Frangieh_Control_IL2STAT5,Frangieh,22,greedy_ridge,39,9,0.20512820512820512,0.28205128205128205,-0.00022523059974089674,-0.0016286008964605005,-0.014018435700807966,-0.08917533396818872,4.869380080718131,
Frangieh_Control_IL2STAT5,Frangieh,22,linear_ucb,39,9,0.15384615384615385,0.23076923076923078,-0.0011281070792249588,0.0006549503935936352,-0.07021380119723514,0.035862328338541236,4.8288929868310815,
Frangieh_Control_IL2STAT5,Frangieh,22,diversity,39,9,0.2564102564102564,0.20512820512820512,0.004137774174524763,-0.0002533829470296073,0.25753659261560247,-0.013874184259824967,5.093150399053835,
Frangieh_Control_IL2STAT5,Frangieh,22,extra_trees,39,9,0.23076923076923078,0.3076923076923077,0.0007075158537720078,0.0010469993977318215,0.04403604800952901,0.0573292825517563,4.8168121013651835,
Frangieh_Control_IL2STAT5,Frangieh,22,gated_random,39,9,0.23076923076923078,0.358974358974359,0.0037306009291117326,0.0038360858361670557,0.23219397946055953,0.21004792292224583,4.670173070893184,
Frangieh_Control_IL2STAT5,Frangieh,22,old_controller,39,9,0.3076923076923077,0.23076923076923078,0.005538654079878295,0.0027633364659494074,0.3447278752403612,0.15130868020094412,4.9800742463976535,
Frangieh_Control_IL2STAT5,Frangieh,23,random,39,9,0.28205128205128205,0.20512820512820512,0.004236407901433792,-0.00015506906507667392,0.2636755922017862,-0.008490929666317162,4.6338715252064855,
Frangieh_Control_IL2STAT5,Frangieh,23,fixed_ridge,39,9,0.20512820512820512,0.2564102564102564,0.0032164631511047113,0.0009199092985494983,0.20019385429710906,0.050370363357210235,5.006107955088475,
Frangieh_Control_IL2STAT5,Frangieh,23,greedy_ridge,39,9,0.1794871794871795,0.23076923076923078,0.0009296793451861555,0.00014516741544097657,0.05786358575546137,0.007948756986062394,4.8473715550588405,
Frangieh_Control_IL2STAT5,Frangieh,23,linear_ucb,39,9,0.20512820512820512,0.1794871794871795,0.001992571377806944,-0.0012178656094745369,0.12401837836950462,-0.06668519751480903,4.919945658276064,
Frangieh_Control_IL2STAT5,Frangieh,23,diversity,39,9,0.28205128205128205,0.20512820512820512,0.0029591467226950875,-0.0030529813538093388,0.18417838477133625,-0.167168415795603,5.1443264211471424,
Frangieh_Control_IL2STAT5,Frangieh,23,extra_trees,39,9,0.20512820512820512,0.28205128205128205,0.0032286401568041643,0.00014098501660913295,0.20095175562855572,0.007719746420350194,4.777929833952828,
Frangieh_Control_IL2STAT5,Frangieh,23,gated_random,39,9,0.28205128205128205,0.20512820512820512,0.004236407901433792,-0.00015506906507667392,0.2636755922017862,-0.008490929666317162,4.6338715252064855,
Frangieh_Control_IL2STAT5,Frangieh,23,old_controller,39,9,0.28205128205128205,0.20512820512820512,0.0029591467226950875,-0.0030529813538093388,0.18417838477133625,-0.167168415795603,5.1443264211471424,
Frangieh_Control_IL2STAT5,Frangieh,24,random,39,9,0.28205128205128205,0.3076923076923077,0.005778578756026299,0.004074811527571524,0.3596608756829617,0.2231195375234948,4.684812127934169,
Frangieh_Control_IL2STAT5,Frangieh,24,fixed_ridge,39,9,0.3076923076923077,0.28205128205128205,0.00717323005612305,0.0024286813878583798,0.4464644876164451,0.13298437593599097,4.815626603026448,
Frangieh_Control_IL2STAT5,Frangieh,24,greedy_ridge,39,9,0.28205128205128205,0.28205128205128205,0.0045277009137227615,0.002791703962097843,0.28180577685504904,0.15286196495497803,4.876415490420362,
Frangieh_Control_IL2STAT5,Frangieh,24,linear_ucb,39,9,0.2564102564102564,0.28205128205128205,0.0027303736022182864,0.0031398231019752094,0.169939461271747,0.17192350460336644,4.921183865275502,
Frangieh_Control_IL2STAT5,Frangieh,24,diversity,39,9,0.3333333333333333,0.20512820512820512,0.004233005069266365,-0.0008610871538633463,0.26346379867109104,-0.04714951016444034,5.110092025822803,
Frangieh_Control_IL2STAT5,Frangieh,24,extra_trees,39,9,0.23076923076923078,0.358974358974359,0.0024545125676893103,0.007187835581543533,0.15276976861297178,0.3935756389951862,4.584989231858854,
Frangieh_Control_IL2STAT5,Frangieh,24,gated_random,39,9,0.28205128205128205,0.3076923076923077,0.005778578756026299,0.004074811527571524,0.3596608756829617,0.2231195375234948,4.684812127934169,
Frangieh_Control_IL2STAT5,Frangieh,24,old_controller,39,9,0.3333333333333333,0.20512820512820512,0.004233005069266365,-0.0008610871538633463,0.26346379867109104,-0.04714951016444034,5.110092025822803,
Frangieh_Control_IL2STAT5,Frangieh,25,random,39,9,0.3333333333333333,0.3076923076923077,0.0049535276929913875,-0.00017592292611803546,0.3083093928456229,-0.009632799369896021,4.645609214082335,
Frangieh_Control_IL2STAT5,Frangieh,25,fixed_ridge,39,9,0.3333333333333333,0.23076923076923078,0.005469708733774491,-0.0055529800810942736,0.3404366914387908,-0.3040578292241482,4.774801345953321,
Frangieh_Control_IL2STAT5,Frangieh,25,greedy_ridge,39,9,0.23076923076923078,0.2564102564102564,0.0031659034910761614,-0.004130802973325371,0.19704700238631054,-0.2261853935507834,4.655088731320101,
Frangieh_Control_IL2STAT5,Frangieh,25,linear_ucb,39,9,0.2564102564102564,0.23076923076923078,0.004745005917189733,-0.004346239742877632,0.2953309205170115,-0.23798180476215136,4.851229848612713,
Frangieh_Control_IL2STAT5,Frangieh,25,diversity,39,9,0.28205128205128205,0.15384615384615385,0.00428721710164268,-0.0032422195456990807,0.26683797558555894,-0.17753030310512113,5.097359019510516,
Frangieh_Control_IL2STAT5,Frangieh,25,extra_trees,39,9,0.3333333333333333,0.28205128205128205,0.008069057288696033,-0.0031429330801452187,0.5022211053819877,-0.17209379392504562,4.513073503444396,
Frangieh_Control_IL2STAT5,Frangieh,25,gated_random,39,9,0.358974358974359,0.20512820512820512,0.007100413904530682,-0.00456378061160529,0.4419323834518592,-0.2498934275929382,4.673419068484148,
Frangieh_Control_IL2STAT5,Frangieh,25,old_controller,39,9,0.3076923076923077,0.15384615384615385,0.004891856372231996,-0.004795270762715329,0.30447094706763367,-0.2625688544457963,5.029667990228981,
Frangieh_Control_IL2STAT5,Frangieh,26,random,39,9,0.20512820512820512,0.46153846153846156,0.003039821805337321,0.0033680812300276794,0.1891996317066041,0.18442195946991533,4.475811941812989,
Frangieh_Control_IL2STAT5,Frangieh,26,fixed_ridge,39,9,0.3333333333333333,0.41025641025641024,0.0034977740994440666,0.0027241469526047704,0.21770275160398112,0.1491628273108014,4.6441518854232475,
Frangieh_Control_IL2STAT5,Frangieh,26,greedy_ridge,39,9,0.2564102564102564,0.38461538461538464,0.003684900196921083,-0.0012001546538585293,0.229349549012692,-0.06571542009089519,4.635894882068955,
Frangieh_Control_IL2STAT5,Frangieh,26,linear_ucb,39,9,0.23076923076923078,0.28205128205128205,0.0029056691707340025,-0.004457928259030009,0.18084992218914048,-0.24409739806063588,4.725703966031051,
Frangieh_Control_IL2STAT5,Frangieh,26,diversity,39,9,0.2564102564102564,0.2564102564102564,0.003365041228585746,-0.0015267726375611248,0.2094414087062951,-0.08359964687721011,5.06166625136939,
Frangieh_Control_IL2STAT5,Frangieh,26,extra_trees,39,9,0.23076923076923078,0.38461538461538464,0.004127696655758993,0.002543374724841083,0.25690936412620474,0.13926450058260456,4.546636866969796,
Frangieh_Control_IL2STAT5,Frangieh,26,gated_random,39,9,0.20512820512820512,0.46153846153846156,0.003039821805337321,0.0033680812300276794,0.1891996317066041,0.18442195946991533,4.475811941812989,
Frangieh_Control_IL2STAT5,Frangieh,26,old_controller,39,9,0.2564102564102564,0.2564102564102564,0.003365041228585746,-0.0015267726375611248,0.2094414087062951,-0.08359964687721011,5.06166625136939,
Frangieh_Control_IL2STAT5,Frangieh,27,random,39,9,0.28205128205128205,0.3076923076923077,0.004383466020588424,0.00014348143821213974,0.27282854384344823,0.007856439965501347,4.642921948699883,
Frangieh_Control_IL2STAT5,Frangieh,27,fixed_ridge,39,9,0.2564102564102564,0.28205128205128205,0.0021628956619234585,-0.0032628891284111994,0.13461942471010074,-0.1786620825026041,4.63100404143659,
Frangieh_Control_IL2STAT5,Frangieh,27,greedy_ridge,39,9,0.20512820512820512,0.3333333333333333,0.0022954282205148724,-0.0008889243525233026,0.14286830009832335,-0.04867375805883576,4.716147472095959,
Frangieh_Control_IL2STAT5,Frangieh,27,linear_ucb,39,9,0.23076923076923078,0.28205128205128205,0.002718851602923631,-0.0017631609084224197,0.16922232778081508,-0.09654327416246618,4.62788956269386,
Frangieh_Control_IL2STAT5,Frangieh,27,diversity,39,9,0.23076923076923078,0.20512820512820512,0.0029232522979506874,-0.0013796740706244221,0.18194430252018687,-0.07554514815911943,5.066190365147173,
Frangieh_Control_IL2STAT5,Frangieh,27,extra_trees,39,9,0.20512820512820512,0.3333333333333333,0.0035432288463722117,-0.0010446714446493818,0.22053187183827314,-0.05720181363408592,4.526658353591508,
Frangieh_Control_IL2STAT5,Frangieh,27,gated_random,39,9,0.28205128205128205,0.3076923076923077,0.004383466020588424,0.00014348143821213974,0.27282854384344823,0.007856439965501347,4.642921948699883,
Frangieh_Control_IL2STAT5,Frangieh,27,old_controller,39,9,0.23076923076923078,0.20512820512820512,0.0029232522979506874,-0.0013796740706244221,0.18194430252018687,-0.07554514815911943,5.066190365147173,
Frangieh_Control_IL2STAT5,Frangieh,28,random,39,9,0.20512820512820512,0.20512820512820512,0.0016741179711259302,-0.005077482004696605,0.10419772073951723,-0.27802155486365343,4.767737078539773,
Frangieh_Control_IL2STAT5,Frangieh,28,fixed_ridge,39,9,0.1794871794871795,0.20512820512820512,0.0009923961833874385,-0.0037729679053062092,0.06176710492512161,-0.2065918505498618,4.793110752460586,
Frangieh_Control_IL2STAT5,Frangieh,28,greedy_ridge,39,9,0.1794871794871795,0.3076923076923077,0.0016910792191113806,-0.001073474079119875,0.10525339507756465,-0.05877892473211618,4.852650364816747,
Frangieh_Control_IL2STAT5,Frangieh,28,linear_ucb,39,9,0.1794871794871795,0.23076923076923078,0.000377192314625576,-0.0037449284012746695,0.023476588951503154,-0.20505652526436724,4.942009455520308,
Frangieh_Control_IL2STAT5,Frangieh,28,diversity,39,9,0.2564102564102564,0.20512820512820512,0.0032235642378375994,-0.0017859463454700118,0.20063582855764633,-0.09779090884248273,5.096298797238758,
Frangieh_Control_IL2STAT5,Frangieh,28,extra_trees,39,9,0.20512820512820512,0.1794871794871795,0.0014394942790278047,-0.00437332622486531,0.08959465550172342,-0.23946494656965256,4.85416120466791,
Frangieh_Control_IL2STAT5,Frangieh,28,gated_random,39,9,0.20512820512820512,0.20512820512820512,0.0016741179711259302,-0.005077482004696605,0.10419772073951723,-0.27802155486365343,4.767737078539773,
Frangieh_Control_IL2STAT5,Frangieh,28,old_controller,39,9,0.2564102564102564,0.20512820512820512,0.0032235642378375994,-0.0017859463454700118,0.20063582855764633,-0.09779090884248273,5.096298797238758,
Frangieh_Control_IL2STAT5,Frangieh,29,random,39,9,0.3333333333333333,0.3333333333333333,0.007225182067487757,0.0008705076589844793,0.44969799998857213,0.047665337395133775,4.766502261261415,
Frangieh_Control_IL2STAT5,Frangieh,29,fixed_ridge,39,9,0.2564102564102564,0.3076923076923077,0.005814942451846583,-0.0002009330971700867,0.36192416553916595,-0.011002251125089924,4.806472043831895,
Frangieh_Control_IL2STAT5,Frangieh,29,greedy_ridge,39,9,0.20512820512820512,0.23076923076923078,0.0005475014617319926,-0.005402409616149137,0.03407669315900102,-0.2958132239765337,4.810447679628613,
Frangieh_Control_IL2STAT5,Frangieh,29,linear_ucb,39,9,0.20512820512820512,0.2564102564102564,0.002317166329021664,-0.0014642165386003578,0.1442212879992134,-0.08017433805618629,4.953639859463691,
Frangieh_Control_IL2STAT5,Frangieh,29,diversity,39,9,0.23076923076923078,0.1794871794871795,0.0043686847308506875,-0.0032683970508694572,0.27190855091175137,-0.17896367316594802,5.095054491914223,
Frangieh_Control_IL2STAT5,Frangieh,29,extra_trees,39,9,0.20512820512820512,0.23076923076923078,0.0026140722624496088,-0.003942517231016361,0.16270082293690005,-0.21587565837358585,4.861637450966796,
Frangieh_Control_IL2STAT5,Frangieh,29,gated_random,39,9,0.3333333333333333,0.3333333333333333,0.007225182067487757,0.0008705076589844793,0.44969799998857213,0.047665337395133775,4.766502261261415,
Frangieh_Control_IL2STAT5,Frangieh,29,old_controller,39,9,0.23076923076923078,0.1794871794871795,0.0043686847308506875,-0.0032683970508694572,0.27190855091175137,-0.17896367316594802,5.095054491914223,
Frangieh_IFNg_IFNG,Frangieh,0,random,43,10,0.3023255813953488,0.27906976744186046,0.019343667689145735,0.026213399269673834,0.18933178379787088,0.32976259649823153,4.683548217679152,
Frangieh_IFNg_IFNG,Frangieh,0,fixed_ridge,43,10,0.2558139534883721,0.13953488372093023,0.002646927339414886,0.005353196413408504,0.025907572586970174,0.06734280932777986,4.569731114900448,
Frangieh_IFNg_IFNG,Frangieh,0,greedy_ridge,43,10,0.20930232558139536,0.23255813953488372,0.004065776191204684,0.014016582555070767,0.03979496914308765,0.1763275571337019,4.744360319699973,
Frangieh_IFNg_IFNG,Frangieh,0,linear_ucb,43,10,0.3023255813953488,0.16279069767441862,0.0059475242697833355,0.008264148162578564,0.05821312675936162,0.10396236397660857,4.85437577026213,
Frangieh_IFNg_IFNG,Frangieh,0,diversity,43,10,0.18604651162790697,0.2558139534883721,0.003189613483071107,0.010968755358731663,0.031219271343999305,0.13798611962676027,5.128527205677748,
Frangieh_IFNg_IFNG,Frangieh,0,extra_trees,43,10,0.2558139534883721,0.3023255813953488,0.007714189373186987,0.013855615221459438,0.07550487622363476,0.17430260015132082,4.64293993717504,
Frangieh_IFNg_IFNG,Frangieh,0,gated_random,43,10,0.3023255813953488,0.27906976744186046,0.019343667689145735,0.026213399269673834,0.18933178379787088,0.32976259649823153,4.683548217679152,
Frangieh_IFNg_IFNG,Frangieh,0,old_controller,43,10,0.20930232558139536,0.23255813953488372,0.003434233950675818,0.010392844311053839,0.03361356544733823,0.13074120184709762,5.152420316549075,
Frangieh_IFNg_IFNG,Frangieh,1,random,43,10,0.2558139534883721,0.2558139534883721,0.01572668141547437,0.023548730349201612,0.1539294767394799,0.2962412613603033,4.613857662538542,
Frangieh_IFNg_IFNG,Frangieh,1,fixed_ridge,43,10,0.13953488372093023,0.20930232558139536,-0.000310828729167193,0.004622137982284978,-0.0030423267549138143,0.05814614910225478,4.697487022614366,
Frangieh_IFNg_IFNG,Frangieh,1,greedy_ridge,43,10,0.20930232558139536,0.27906976744186046,0.0035920726669989855,0.012318030994987655,0.03515845787384533,0.1549599059192664,4.677226965160239,
Frangieh_IFNg_IFNG,Frangieh,1,linear_ucb,43,10,0.23255813953488372,0.27906976744186046,0.0032588962917237518,0.012032052787623062,0.031897397021069966,0.15136232152235993,4.715912656568615,
Frangieh_IFNg_IFNG,Frangieh,1,diversity,43,10,0.20930232558139536,0.2558139534883721,0.01781903371285483,0.01829906209379742,0.17440898451239856,0.2302008284943842,5.143448887692822,
Frangieh_IFNg_IFNG,Frangieh,1,extra_trees,43,10,0.27906976744186046,0.2558139534883721,0.00892127233684733,0.014286201988278674,0.08731955244608004,0.17971934937881837,4.8195774883904665,
Frangieh_IFNg_IFNG,Frangieh,1,gated_random,43,10,0.2558139534883721,0.2558139534883721,0.01572668141547437,0.023548730349201612,0.1539294767394799,0.2962412613603033,4.613857662538542,
Frangieh_IFNg_IFNG,Frangieh,1,old_controller,43,10,0.20930232558139536,0.2558139534883721,0.01781903371285483,0.01829906209379742,0.17440898451239856,0.2302008284943842,5.143448887692822,
Frangieh_IFNg_IFNG,Frangieh,2,random,43,10,0.27906976744186046,0.2558139534883721,0.006197569987018656,0.0104775182999711,0.06066052207425043,0.13180639427612845,4.769580959705164,
Frangieh_IFNg_IFNG,Frangieh,2,fixed_ridge,43,10,0.32558139534883723,0.18604651162790697,0.02165679108249821,0.01476228590105857,0.2119721530001268,0.18570844928967817,4.735685687723367,
Frangieh_IFNg_IFNG,Frangieh,2,greedy_ridge,43,10,0.3488372093023256,0.23255813953488372,0.01032699290175814,0.008212948215887333,0.10107845206909503,0.10331827248783307,4.68450299788546,
Frangieh_IFNg_IFNG,Frangieh,2,linear_ucb,43,10,0.3488372093023256,0.20930232558139536,0.01083057276139752,0.007823687519977005,0.10600738667665682,0.09842140213242663,4.870368952210019,
Frangieh_IFNg_IFNG,Frangieh,2,diversity,43,10,0.23255813953488372,0.27906976744186046,0.017860566799783897,0.02337010652783455,0.17481550170248267,0.2939941870864,5.09253361402915,
Frangieh_IFNg_IFNG,Frangieh,2,extra_trees,43,10,0.27906976744186046,0.2558139534883721,0.005180229928250282,0.011971176483749419,0.050703009820060464,0.15059650218607062,4.820340366626655,
Frangieh_IFNg_IFNG,Frangieh,2,gated_random,43,10,0.32558139534883723,0.18604651162790697,0.0035720145337259854,0.0018538000882745037,0.034962133049966995,0.023320666053611657,4.610661723059321,
Frangieh_IFNg_IFNG,Frangieh,2,old_controller,43,10,0.2558139534883721,0.18604651162790697,0.019140503099080063,0.01769614479358527,0.18734325117521416,0.22261617408362736,5.066364042266795,
Frangieh_IFNg_IFNG,Frangieh,3,random,43,10,0.23255813953488372,0.32558139534883723,0.021513037311229204,0.024915697715210936,0.21056512107735942,0.31343760828601785,4.670087656790048,
Frangieh_IFNg_IFNG,Frangieh,3,fixed_ridge,43,10,0.3023255813953488,0.11627906976744186,0.01605620152822745,0.012353938623153106,0.1571547508574707,0.15541162118809193,4.4707296268142205,
Frangieh_IFNg_IFNG,Frangieh,3,greedy_ridge,43,10,0.3023255813953488,0.23255813953488372,0.03474315334608377,0.02558738563342908,0.3400587367135186,0.3218873919126823,4.568403702264504,
Frangieh_IFNg_IFNG,Frangieh,3,linear_ucb,43,10,0.3023255813953488,0.23255813953488372,0.034679001097466904,0.026751339575988697,0.3394308278877228,0.3365298451998018,4.567573678798811,
Frangieh_IFNg_IFNG,Frangieh,3,diversity,43,10,0.27906976744186046,0.27906976744186046,0.022613128242418682,0.024332132184863235,0.22133258160703123,0.3060963976885447,5.099871082632014,
Frangieh_IFNg_IFNG,Frangieh,3,extra_trees,43,10,0.2558139534883721,0.2558139534883721,0.03415058515226366,0.029298924376524038,0.33425880285605275,0.36857827089161466,4.517154006033615,
Frangieh_IFNg_IFNG,Frangieh,3,gated_random,43,10,0.23255813953488372,0.32558139534883723,0.021513037311229204,0.024915697715210936,0.21056512107735942,0.31343760828601785,4.670087656790048,
Frangieh_IFNg_IFNG,Frangieh,3,old_controller,43,10,0.27906976744186046,0.27906976744186046,0.022613128242418682,0.024332132184863235,0.22133258160703123,0.3060963976885447,5.099871082632014,
Frangieh_IFNg_IFNG,Frangieh,4,random,43,10,0.3023255813953488,0.18604651162790697,0.019603988545002275,0.019734336686411322,0.1918797500259489,0.2482564752069363,4.525498174618918,
Frangieh_IFNg_IFNG,Frangieh,4,fixed_ridge,43,10,0.3953488372093023,0.27906976744186046,0.02454807738630119,0.024067805536790707,0.24027146015150738,0.30277118828340993,4.481595311356119,
Frangieh_IFNg_IFNG,Frangieh,4,greedy_ridge,43,10,0.4186046511627907,0.32558139534883723,0.016307505744053978,0.014949371407238636,0.15961446409401786,0.1880619709238028,4.612701300103661,
Frangieh_IFNg_IFNG,Frangieh,4,linear_ucb,43,10,0.37209302325581395,0.27906976744186046,0.015249072963031272,0.011045866318730509,0.14925474484730966,0.13895616971931385,4.636889526152884,
Frangieh_IFNg_IFNG,Frangieh,4,diversity,43,10,0.32558139534883723,0.3488372093023256,0.03706972140076017,0.04131627967651203,0.36283069945594093,0.5197556991220105,5.08878350859871,
Frangieh_IFNg_IFNG,Frangieh,4,extra_trees,43,10,0.32558139534883723,0.37209302325581395,0.02243381978750594,0.030042316181220486,0.2195775478583012,0.37793008403153855,4.689993023251223,
Frangieh_IFNg_IFNG,Frangieh,4,gated_random,43,10,0.3023255813953488,0.27906976744186046,0.009352572312086393,0.013121981959600792,0.09154102662441337,0.16507354874829064,4.574557837178635,
Frangieh_IFNg_IFNG,Frangieh,4,old_controller,43,10,0.32558139534883723,0.3488372093023256,0.03706972140076017,0.04131627967651203,0.36283069945594093,0.5197556991220105,5.08878350859871,
Frangieh_IFNg_IFNG,Frangieh,5,random,43,10,0.32558139534883723,0.23255813953488372,0.004663873751159975,0.012622618762827546,0.045649023282728955,0.1587915971910155,4.703525174620777,
Frangieh_IFNg_IFNG,Frangieh,5,fixed_ridge,43,10,0.3023255813953488,0.27906976744186046,0.006464336574206192,0.013589595654464947,0.06327157777586526,0.1709560939531367,4.744681797188527,
Frangieh_IFNg_IFNG,Frangieh,5,greedy_ridge,43,10,0.27906976744186046,0.23255813953488372,0.0070269674708256505,0.009450557777584394,0.06877849161395455,0.11888730793866108,4.789153576950017,
Frangieh_IFNg_IFNG,Frangieh,5,linear_ucb,43,10,0.32558139534883723,0.2558139534883721,0.011153841364858804,0.014980655999158956,0.10917147232591119,0.18845552874344687,4.867140038744914,
Frangieh_IFNg_IFNG,Frangieh,5,diversity,43,10,0.2558139534883721,0.32558139534883723,0.007364061969558929,0.019254864578224926,0.07207790224172465,0.24222475205201738,5.14059221067476,
Frangieh_IFNg_IFNG,Frangieh,5,extra_trees,43,10,0.27906976744186046,0.2558139534883721,0.0054949790977240785,0.014954889074065985,0.053783709026799374,0.18813138275860072,4.902980040275025,
Frangieh_IFNg_IFNG,Frangieh,5,gated_random,43,10,0.32558139534883723,0.23255813953488372,0.004663873751159975,0.012622618762827546,0.045649023282728955,0.1587915971910155,4.703525174620777,
Frangieh_IFNg_IFNG,Frangieh,5,old_controller,43,10,0.2558139534883721,0.32558139534883723,0.007364061969558929,0.019254864578224926,0.07207790224172465,0.24222475205201738,5.14059221067476,
Frangieh_IFNg_IFNG,Frangieh,6,random,43,10,0.27906976744186046,0.3488372093023256,0.01836018189872257,0.024528512538612914,0.17970563005944815,0.3085668478078718,4.695999289519747,
Frangieh_IFNg_IFNG,Frangieh,6,fixed_ridge,43,10,0.20930232558139536,0.27906976744186046,0.03189798147303083,0.033612468589440905,0.31221078798976587,0.42284233352339273,4.449172264456394,
Frangieh_IFNg_IFNG,Frangieh,6,greedy_ridge,43,10,0.23255813953488372,0.27906976744186046,0.033044145677038284,0.03314656030149983,0.32342920410181303,0.4169812422097134,4.584206933599979,
Frangieh_IFNg_IFNG,Frangieh,6,linear_ucb,43,10,0.20930232558139536,0.27906976744186046,0.032581148800094724,0.031539972112873974,0.31889748726231437,0.3967704833098721,4.644819815193568,
Frangieh_IFNg_IFNG,Frangieh,6,diversity,43,10,0.23255813953488372,0.3023255813953488,0.020788782408877837,0.027975419022631228,0.20347626518973055,0.35192867281816215,5.1231901382149605,
Frangieh_IFNg_IFNG,Frangieh,6,extra_trees,43,10,0.2558139534883721,0.20930232558139536,0.01901278767401127,0.020683811262777057,0.1860931992390787,0.26020079415582015,4.649720892347506,
Frangieh_IFNg_IFNG,Frangieh,6,gated_random,43,10,0.27906976744186046,0.3488372093023256,0.01836018189872257,0.024528512538612914,0.17970563005944815,0.3085668478078718,4.695999289519747,
Frangieh_IFNg_IFNG,Frangieh,6,old_controller,43,10,0.23255813953488372,0.3023255813953488,0.020788782408877837,0.027975419022631228,0.20347626518973055,0.35192867281816215,5.1231901382149605,
Frangieh_IFNg_IFNG,Frangieh,7,random,43,10,0.3023255813953488,0.27906976744186046,0.016265364177847665,0.017532775667359356,0.15920199123571113,0.2205610027303176,4.706388415354457,
Frangieh_IFNg_IFNG,Frangieh,7,fixed_ridge,43,10,0.23255813953488372,0.23255813953488372,0.0048619865237131904,0.007007587344484994,0.04758810976950155,0.08815492314188034,4.756954141187338,
Frangieh_IFNg_IFNG,Frangieh,7,greedy_ridge,43,10,0.2558139534883721,0.23255813953488372,0.005323347660984071,0.005324684676157654,0.05210381633033773,0.0669841338118809,4.81757717543833,
Frangieh_IFNg_IFNG,Frangieh,7,linear_ucb,43,10,0.3023255813953488,0.23255813953488372,0.007180748002062704,0.006886508514601624,0.07028366337147152,0.08663176054428852,4.870145361054932,
Frangieh_IFNg_IFNG,Frangieh,7,diversity,43,10,0.2558139534883721,0.3023255813953488,0.020436458980524076,0.02337602429376652,0.20002779697594764,0.29406863213792195,5.10969000988984,
Frangieh_IFNg_IFNG,Frangieh,7,extra_trees,43,10,0.32558139534883723,0.27906976744186046,0.010747500566464868,0.00947712752803954,0.10519429336346736,0.119221553406342,4.7802494917339855,
Frangieh_IFNg_IFNG,Frangieh,7,gated_random,43,10,0.3023255813953488,0.27906976744186046,0.016265364177847665,0.017532775667359356,0.15920199123571113,0.2205610027303176,4.706388415354457,
Frangieh_IFNg_IFNG,Frangieh,7,old_controller,43,10,0.2558139534883721,0.2558139534883721,0.021086834181485527,0.020673749223996014,0.20639353375941324,0.26007421446272627,5.011892537990416,
Frangieh_IFNg_IFNG,Frangieh,8,random,43,10,0.27906976744186046,0.27906976744186046,0.006895969073363263,0.012504217385452937,0.06749630662893573,0.15730211674514333,4.75391881820005,
Frangieh_IFNg_IFNG,Frangieh,8,fixed_ridge,43,10,0.3023255813953488,0.27906976744186046,0.0075972921271203735,0.012190419269303142,0.07436071036664633,0.15335455998254047,4.914381100571845,
Frangieh_IFNg_IFNG,Frangieh,8,greedy_ridge,43,10,0.37209302325581395,0.27906976744186046,0.011807382958944802,0.01124602781832176,0.11556820110469589,0.14147418636969739,4.84857219499301,
Frangieh_IFNg_IFNG,Frangieh,8,linear_ucb,43,10,0.3488372093023256,0.23255813953488372,0.01050022826875699,0.006220802097306474,0.10277404370031269,0.07825722375055222,4.828671140904868,
Frangieh_IFNg_IFNG,Frangieh,8,diversity,43,10,0.2558139534883721,0.3023255813953488,0.007757515579847452,0.016287920711293882,0.07592894409556289,0.204900820761825,5.131822449290218,
Frangieh_IFNg_IFNG,Frangieh,8,extra_trees,43,10,0.3488372093023256,0.32558139534883723,0.01272953424559801,0.0160016408184676,0.12459402551603656,0.2012994411844405,4.63864937613045,
Frangieh_IFNg_IFNG,Frangieh,8,gated_random,43,10,0.27906976744186046,0.27906976744186046,0.006895969073363263,0.012504217385452937,0.06749630662893573,0.15730211674514333,4.75391881820005,
Frangieh_IFNg_IFNG,Frangieh,8,old_controller,43,10,0.2558139534883721,0.3023255813953488,0.007757515579847452,0.016287920711293882,0.07592894409556289,0.204900820761825,5.131822449290218,
Frangieh_IFNg_IFNG,Frangieh,9,random,43,10,0.2558139534883721,0.27906976744186046,0.006533952494853004,0.009613029226578109,0.06395296388363983,0.12093118657972615,4.5825947120603505,
Frangieh_IFNg_IFNG,Frangieh,9,fixed_ridge,43,10,0.3023255813953488,0.27906976744186046,0.020873865042185896,0.014054444172269044,0.20430903625431382,0.17680385343798816,4.484292118920188,
Frangieh_IFNg_IFNG,Frangieh,9,greedy_ridge,43,10,0.27906976744186046,0.2558139534883721,0.03580669923768873,0.020394652775437696,0.3504685020198909,0.25656320207538963,4.536151411354047,
Frangieh_IFNg_IFNG,Frangieh,9,linear_ucb,43,10,0.27906976744186046,0.2558139534883721,0.0025513254887004648,0.0019757340032669998,0.02497184161696929,0.024854585557734805,4.505133525345164,
Frangieh_IFNg_IFNG,Frangieh,9,diversity,43,10,0.18604651162790697,0.3023255813953488,0.0032978322489630504,0.01301870156315173,0.03227849404757288,0.16377428910820988,5.1741417508354965,
Frangieh_IFNg_IFNG,Frangieh,9,extra_trees,43,10,0.27906976744186046,0.23255813953488372,0.020448387702276,0.018309695100752865,0.20014455281584387,0.2303345909242827,4.574137817959828,
Frangieh_IFNg_IFNG,Frangieh,9,gated_random,43,10,0.27906976744186046,0.23255813953488372,0.017956795690741788,0.014338355437151657,0.17575737001157132,0.1803754358535164,4.594407833061314,
Frangieh_IFNg_IFNG,Frangieh,9,old_controller,43,10,0.20930232558139536,0.23255813953488372,0.0010587581806173222,0.0058198106433240155,0.010362904190054282,0.07321278133854367,4.969699539195653,
Frangieh_IFNg_IFNG,Frangieh,10,random,43,10,0.3023255813953488,0.27906976744186046,0.02262637464350235,0.027950994244256334,0.22146223461732772,0.35162141093835253,4.650840350861404,
Frangieh_IFNg_IFNG,Frangieh,10,fixed_ridge,43,10,0.3023255813953488,0.27906976744186046,0.007294855343690188,0.00951766408003383,0.07140052222584933,0.11973150018971045,4.680808481701773,
Frangieh_IFNg_IFNG,Frangieh,10,greedy_ridge,43,10,0.3488372093023256,0.27906976744186046,0.010497106823361406,0.012330819311609785,0.10274349164398755,0.15512078198309814,4.703543858439508,
Frangieh_IFNg_IFNG,Frangieh,10,linear_ucb,43,10,0.3488372093023256,0.32558139534883723,0.011520127440177993,0.018941407284127843,0.11275660401525557,0.23828148280527195,4.7839448383627605,
Frangieh_IFNg_IFNG,Frangieh,10,diversity,43,10,0.2558139534883721,0.27906976744186046,0.006816345359091538,0.01602439402985883,0.06671696632502136,0.2015856748769828,5.118181427430692,
Frangieh_IFNg_IFNG,Frangieh,10,extra_trees,43,10,0.3023255813953488,0.3488372093023256,0.005884102589306241,0.012113706405104537,0.057592368582104224,0.15238951790529207,4.531212977647056,
Frangieh_IFNg_IFNG,Frangieh,10,gated_random,43,10,0.37209302325581395,0.32558139534883723,0.018198997122664096,0.020775063633447798,0.17812798709831854,0.2613487421338535,4.598693704562624,
Frangieh_IFNg_IFNG,Frangieh,10,old_controller,43,10,0.2558139534883721,0.27906976744186046,0.006816345359091538,0.01602439402985883,0.06671696632502136,0.2015856748769828,5.118181427430692,
Frangieh_IFNg_IFNG,Frangieh,11,random,43,10,0.20930232558139536,0.20930232558139536,0.006654427512778425,0.008142099970037715,0.065132148225175,0.10242700686949932,4.713097737718384,
Frangieh_IFNg_IFNG,Frangieh,11,fixed_ridge,43,10,0.37209302325581395,0.3488372093023256,0.010150529579139532,0.015679471920359875,0.09935126588169854,0.19724658061271427,4.620327734180802,
Frangieh_IFNg_IFNG,Frangieh,11,greedy_ridge,43,10,0.37209302325581395,0.32558139534883723,0.010868058465581766,0.013308733094720413,0.10637428892881373,0.16742286401955667,4.7921019474537605,
Frangieh_IFNg_IFNG,Frangieh,11,linear_ucb,43,10,0.4186046511627907,0.3488372093023256,0.013373071978959344,0.01543409425118113,0.1308928385930886,0.19415974794066632,4.845999565689173,
Frangieh_IFNg_IFNG,Frangieh,11,diversity,43,10,0.27906976744186046,0.3488372093023256,0.02342835245041472,0.02757541631922721,0.229311826079976,0.3468966688142624,5.152904100384307,
Frangieh_IFNg_IFNG,Frangieh,11,extra_trees,43,10,0.37209302325581395,0.32558139534883723,0.01074497944975389,0.01815895496472985,0.10516961719906448,0.22843829132040214,4.669219836067755,
Frangieh_IFNg_IFNG,Frangieh,11,gated_random,43,10,0.20930232558139536,0.20930232558139536,0.006654427512778425,0.008142099970037715,0.065132148225175,0.10242700686949932,4.713097737718384,
Frangieh_IFNg_IFNG,Frangieh,11,old_controller,43,10,0.27906976744186046,0.3488372093023256,0.02342835245041472,0.02757541631922721,0.229311826079976,0.3468966688142624,5.152904100384307,
Frangieh_IFNg_IFNG,Frangieh,12,random,43,10,0.3488372093023256,0.3953488372093023,0.011372836772219211,0.02759708432759431,0.1113149536855684,0.3471692507341642,4.561717491843499,
Frangieh_IFNg_IFNG,Frangieh,12,fixed_ridge,43,10,0.32558139534883723,0.2558139534883721,0.04056846483506917,0.03085665843226391,0.3970756702708871,0.3881744484643867,4.535974945206756,
Frangieh_IFNg_IFNG,Frangieh,12,greedy_ridge,43,10,0.37209302325581395,0.27906976744186046,0.012409566892146796,0.016943249585783773,0.12146225181316246,0.21314480884550932,4.738275807362326,
Frangieh_IFNg_IFNG,Frangieh,12,linear_ucb,43,10,0.37209302325581395,0.3023255813953488,0.0449973924164582,0.03577771364870726,0.4404250894591882,0.45008095395003395,4.573018873390102,
Frangieh_IFNg_IFNG,Frangieh,12,diversity,43,10,0.2558139534883721,0.32558139534883723,0.026124252829534896,0.031493869861868924,0.255698736562655,0.3961905204504414,5.051330612499437,
Frangieh_IFNg_IFNG,Frangieh,12,extra_trees,43,10,0.37209302325581395,0.16279069767441862,0.01209143841273612,0.008613908060241366,0.11834847662576482,0.1083623172530871,4.757027060992142,
Frangieh_IFNg_IFNG,Frangieh,12,gated_random,43,10,0.3488372093023256,0.3953488372093023,0.011372836772219211,0.02759708432759431,0.1113149536855684,0.3471692507341642,4.561717491843499,
Frangieh_IFNg_IFNG,Frangieh,12,old_controller,43,10,0.2558139534883721,0.32558139534883723,0.026124252829534896,0.031493869861868924,0.255698736562655,0.3961905204504414,5.051330612499437,
Frangieh_IFNg_IFNG,Frangieh,13,random,43,10,0.3023255813953488,0.20930232558139536,0.015688509643760052,0.010425975650591323,0.15355585940146843,0.13115799161323777,4.578895710780731,
Frangieh_IFNg_IFNG,Frangieh,13,fixed_ridge,43,10,0.3488372093023256,0.23255813953488372,0.004274133785078966,0.010376661017061238,0.04183432980364045,0.13053761722260873,4.657011011540598,
Frangieh_IFNg_IFNG,Frangieh,13,greedy_ridge,43,10,0.3953488372093023,0.3023255813953488,0.037904097228082495,0.03246691208345255,0.3709973959833737,0.40843131860831483,4.5805908725252005,
Frangieh_IFNg_IFNG,Frangieh,13,linear_ucb,43,10,0.3953488372093023,0.27906976744186046,0.008893554099262764,0.015112026086808483,0.08704825211927782,0.19010815459177116,4.738829120730599,
Frangieh_IFNg_IFNG,Frangieh,13,diversity,43,10,0.27906976744186046,0.3023255813953488,0.01715759483042162,0.022596395634027856,0.1679349587228312,0.2842609620797587,5.150961495221786,
Frangieh_IFNg_IFNG,Frangieh,13,extra_trees,43,10,0.3488372093023256,0.2558139534883721,0.02535826458082008,0.023404105480034625,0.24820140338737717,0.2944218913547544,4.582312249721894,
Frangieh_IFNg_IFNG,Frangieh,13,gated_random,43,10,0.3023255813953488,0.20930232558139536,0.015688509643760052,0.010425975650591323,0.15355585940146843,0.13115799161323777,4.578895710780731,
Frangieh_IFNg_IFNG,Frangieh,13,old_controller,43,10,0.27906976744186046,0.3023255813953488,0.01715759483042162,0.022596395634027856,0.1679349587228312,0.2842609620797587,5.150961495221786,
Frangieh_IFNg_IFNG,Frangieh,14,random,43,10,0.2558139534883721,0.32558139534883723,-0.00010389787465865259,0.011232772287991417,-0.0010169307216215432,0.14130743279246288,4.626588727972792,
Frangieh_IFNg_IFNG,Frangieh,14,fixed_ridge,43,10,0.18604651162790697,0.2558139534883721,0.002267451011081312,0.0077372759168339005,0.022193337452917627,0.09733435064677627,4.81777911724319,
Frangieh_IFNg_IFNG,Frangieh,14,greedy_ridge,43,10,0.23255813953488372,0.2558139534883721,0.031426928358663786,0.025519061101109963,0.3076002183790866,0.3210278744212539,4.75659673844603,
Frangieh_IFNg_IFNG,Frangieh,14,linear_ucb,43,10,0.23255813953488372,0.3023255813953488,0.0333588566991378,0.0311879191221642,0.3265095299300109,0.3923416830948717,4.821951578614133,
Frangieh_IFNg_IFNG,Frangieh,14,diversity,43,10,0.13953488372093023,0.20930232558139536,0.0022664667416251835,0.007564952039249115,0.022183703628822774,0.09516652919308392,5.053569145410048,
Frangieh_IFNg_IFNG,Frangieh,14,extra_trees,43,10,0.3023255813953488,0.3023255813953488,0.019912045779110765,0.025384624755335535,0.19489494996542708,0.3193366752757239,4.528048492453692,
Frangieh_IFNg_IFNG,Frangieh,14,gated_random,43,10,0.2558139534883721,0.32558139534883723,-0.00010389787465865259,0.011232772287991417,-0.0010169307216215432,0.14130743279246288,4.626588727972792,
Frangieh_IFNg_IFNG,Frangieh,14,old_controller,43,10,0.13953488372093023,0.20930232558139536,0.0022664667416251835,0.007564952039249115,0.022183703628822774,0.09516652919308392,5.053569145410048,
Frangieh_IFNg_IFNG,Frangieh,15,random,43,10,0.27906976744186046,0.3023255813953488,0.014897477938546115,0.030135337730817908,0.14581340609863047,0.37910028814776026,4.780602090497014,
Frangieh_IFNg_IFNG,Frangieh,15,fixed_ridge,43,10,0.20930232558139536,0.20930232558139536,0.0039031543574475957,0.01095237872829143,0.038203260561007986,0.13778010284426268,4.8545708038036866,
Frangieh_IFNg_IFNG,Frangieh,15,greedy_ridge,43,10,0.2558139534883721,0.18604651162790697,0.0024472689182778494,0.006266888254656827,0.023953357614317744,0.07883698415301403,4.745147852280236,
Frangieh_IFNg_IFNG,Frangieh,15,linear_ucb,43,10,0.2558139534883721,0.23255813953488372,0.003068360134163897,0.007202384132534191,0.030032468861192513,0.09060545212348152,4.834930779612993,
Frangieh_IFNg_IFNG,Frangieh,15,diversity,43,10,0.2558139534883721,0.3023255813953488,0.019350113844063405,0.024026108438469557,0.18939487741738567,0.3022466419143043,5.141924739829796,
Frangieh_IFNg_IFNG,Frangieh,15,extra_trees,43,10,0.2558139534883721,0.23255813953488372,0.03419098586146969,0.026147854218080167,0.3346542365692244,0.32893804466583554,4.551193606365761,
Frangieh_IFNg_IFNG,Frangieh,15,gated_random,43,10,0.27906976744186046,0.3023255813953488,0.014897477938546115,0.030135337730817908,0.14581340609863047,0.37910028814776026,4.780602090497014,
Frangieh_IFNg_IFNG,Frangieh,15,old_controller,43,10,0.20930232558139536,0.20930232558139536,0.0031259015978179843,0.007572506996815378,0.030595672702937678,0.09526156999255656,5.083633336514698,
Frangieh_IFNg_IFNG,Frangieh,16,random,43,10,0.32558139534883723,0.37209302325581395,0.03687017175097141,0.038864696579381755,0.36087754911455316,0.4889149676577727,4.6979538635827,
Frangieh_IFNg_IFNG,Frangieh,16,fixed_ridge,43,10,0.20930232558139536,0.2558139534883721,0.030715128698876045,0.025794028248508752,0.3006332718072143,0.32448694050975,4.511949128747216,
Frangieh_IFNg_IFNG,Frangieh,16,greedy_ridge,43,10,0.20930232558139536,0.32558139534883723,0.03369154863535515,0.034694724375781576,0.3297658491943531,0.4364570301336037,4.542190440269042,
Frangieh_IFNg_IFNG,Frangieh,16,linear_ucb,43,10,0.20930232558139536,0.3488372093023256,0.03456275705798218,0.03650819245697792,0.3382930554804837,0.4592703225635486,4.581633771552831,
Frangieh_IFNg_IFNG,Frangieh,16,diversity,43,10,0.2558139534883721,0.32558139534883723,0.018989439395561483,0.022209921504939386,0.18586467116061153,0.2793991465259459,5.02524415106135,
Frangieh_IFNg_IFNG,Frangieh,16,extra_trees,43,10,0.18604651162790697,0.16279069767441862,0.030091319737914932,0.021742051362664883,0.29452755983853024,0.2735133752319142,4.600170443271338,
Frangieh_IFNg_IFNG,Frangieh,16,gated_random,43,10,0.32558139534883723,0.37209302325581395,0.03687017175097141,0.038864696579381755,0.36087754911455316,0.4889149676577727,4.6979538635827,
Frangieh_IFNg_IFNG,Frangieh,16,old_controller,43,10,0.2558139534883721,0.32558139534883723,0.018989439395561483,0.022209921504939386,0.18586467116061153,0.2793991465259459,5.02524415106135,
Frangieh_IFNg_IFNG,Frangieh,17,random,43,10,0.3023255813953488,0.3023255813953488,0.03449570732091214,0.041234758787291395,0.3376367866421923,0.5187301724506435,4.583478683562754,
Frangieh_IFNg_IFNG,Frangieh,17,fixed_ridge,43,10,0.3488372093023256,0.3023255813953488,0.012497912706232298,0.017284319639572644,0.12232696221041918,0.21743544453789465,4.68978719064632,
Frangieh_IFNg_IFNG,Frangieh,17,greedy_ridge,43,10,0.32558139534883723,0.27906976744186046,0.008564633737174221,0.014183911942238626,0.08382884823566944,0.17843254827259503,4.753932735841321,
Frangieh_IFNg_IFNG,Frangieh,17,linear_ucb,43,10,0.37209302325581395,0.27906976744186046,0.013705071888804701,0.0121236428309998,0.13414238444767465,0.15251451739770527,4.891908811113453,
Frangieh_IFNg_IFNG,Frangieh,17,diversity,43,10,0.23255813953488372,0.32558139534883723,0.009732565845275779,0.020353714548362913,0.0952603240516935,0.256048202249639,5.093480261476432,
Frangieh_IFNg_IFNG,Frangieh,17,extra_trees,43,10,0.32558139534883723,0.27906976744186046,0.01042937626483353,0.011627500586901337,0.1020805590673023,0.14627308518346943,4.693066176151166,
Frangieh_IFNg_IFNG,Frangieh,17,gated_random,43,10,0.3023255813953488,0.3023255813953488,0.03449570732091214,0.041234758787291395,0.3376367866421923,0.5187301724506435,4.583478683562754,
Frangieh_IFNg_IFNG,Frangieh,17,old_controller,43,10,0.23255813953488372,0.32558139534883723,0.009732565845275779,0.020353714548362913,0.0952603240516935,0.256048202249639,5.093480261476432,
Frangieh_IFNg_IFNG,Frangieh,18,random,43,10,0.20930232558139536,0.18604651162790697,0.0009966147062630297,0.008151114348778334,0.009754656827663048,0.10254040707787151,4.695126293403396,
Frangieh_IFNg_IFNG,Frangieh,18,fixed_ridge,43,10,0.27906976744186046,0.3023255813953488,0.005729048243837432,0.013658691155599331,0.056074728996634404,0.17182531017442934,4.577171499812307,
Frangieh_IFNg_IFNG,Frangieh,18,greedy_ridge,43,10,0.32558139534883723,0.3488372093023256,0.018992323608243437,0.023160193447396164,0.18589290123262797,0.29135349628044316,4.539697363846594,
Frangieh_IFNg_IFNG,Frangieh,18,linear_ucb,43,10,0.32558139534883723,0.3023255813953488,0.019561395722425674,0.02219592450622272,0.19146286036443247,0.2792230653320303,4.555721758524308,
Frangieh_IFNg_IFNG,Frangieh,18,diversity,43,10,0.20930232558139536,0.3023255813953488,0.0022086918970950203,0.014024153185571427,0.02161821550375131,0.17642279509751357,5.0699132040769115,
Frangieh_IFNg_IFNG,Frangieh,18,extra_trees,43,10,0.32558139534883723,0.27906976744186046,0.03446030455286367,0.03114053972552836,0.33729027173438303,0.3917456538392067,4.496761436393955,
Frangieh_IFNg_IFNG,Frangieh,18,gated_random,43,10,0.20930232558139536,0.18604651162790697,0.0009966147062630297,0.008151114348778334,0.009754656827663048,0.10254040707787151,4.695126293403396,
Frangieh_IFNg_IFNG,Frangieh,18,old_controller,43,10,0.20930232558139536,0.3023255813953488,0.0022086918970950203,0.014024153185571427,0.02161821550375131,0.17642279509751357,5.0699132040769115,
Frangieh_IFNg_IFNG,Frangieh,19,random,43,10,0.2558139534883721,0.23255813953488372,0.02000124821460117,0.016463782724619316,0.19576804479428364,0.20711315169773278,4.745115305124132,
Frangieh_IFNg_IFNG,Frangieh,19,fixed_ridge,43,10,0.32558139534883723,0.27906976744186046,0.01274787950463324,0.013685593215399399,0.1247735850842214,0.17216373606874227,4.666249244686196,
Frangieh_IFNg_IFNG,Frangieh,19,greedy_ridge,43,10,0.3488372093023256,0.37209302325581395,0.010696212394889333,0.01690721462842818,0.10469229544000344,0.212691491785023,4.70445652750569,
Frangieh_IFNg_IFNG,Frangieh,19,linear_ucb,43,10,0.3953488372093023,0.37209302325581395,0.013147734301210924,0.017881069547304347,0.1286872804140201,0.22494251361387468,4.768681925094016,
Frangieh_IFNg_IFNG,Frangieh,19,diversity,43,10,0.20930232558139536,0.20930232558139536,0.004220076734278593,0.005498723796402482,0.041305230667977075,0.06917353288957315,5.107264253430833,
Frangieh_IFNg_IFNG,Frangieh,19,extra_trees,43,10,0.2558139534883721,0.2558139534883721,0.03306142557744134,0.024231422788704104,0.32359833616196504,0.3048294810392559,4.542267739203613,
Frangieh_IFNg_IFNG,Frangieh,19,gated_random,43,10,0.27906976744186046,0.3023255813953488,0.021008600396958847,0.02439530165657321,0.20562779779787135,0.3068910649042004,4.842603560150843,
Frangieh_IFNg_IFNG,Frangieh,19,old_controller,43,10,0.37209302325581395,0.27906976744186046,0.010227037403479373,0.008981857924508755,0.10010010850500747,0.11299109894498921,4.958948934391695,
Frangieh_IFNg_IFNG,Frangieh,20,random,43,10,0.3023255813953488,0.27906976744186046,0.020840439808403468,0.017432577589344616,0.2039818770393404,0.21930051842493034,4.66206646364975,
Frangieh_IFNg_IFNG,Frangieh,20,fixed_ridge,43,10,0.2558139534883721,0.27906976744186046,0.035231880019598115,0.028202477442183342,0.3448422914340121,0.35478505070406696,4.6699158473321,
Frangieh_IFNg_IFNG,Frangieh,20,greedy_ridge,43,10,0.27906976744186046,0.3488372093023256,0.03387529954068844,0.03638303862872927,0.3315643647209999,0.45769589679219447,4.627808907963851,
Frangieh_IFNg_IFNG,Frangieh,20,linear_ucb,43,10,0.27906976744186046,0.32558139534883723,0.03503490398060292,0.03495202806677584,0.34291433105815605,0.4396938912654985,4.655767936725379,
Frangieh_IFNg_IFNG,Frangieh,20,diversity,43,10,0.3023255813953488,0.3953488372093023,0.023527324515597338,0.027624212189474782,0.2302805440060857,0.3475105172017108,5.149737589693432,
Frangieh_IFNg_IFNG,Frangieh,20,extra_trees,43,10,0.37209302325581395,0.3488372093023256,0.041484187200456775,0.03380581923831798,0.406038569742104,0.4252746701826861,4.5824587427593615,
Frangieh_IFNg_IFNG,Frangieh,20,gated_random,43,10,0.3023255813953488,0.27906976744186046,0.020840439808403468,0.017432577589344616,0.2039818770393404,0.21930051842493034,4.66206646364975,
Frangieh_IFNg_IFNG,Frangieh,20,old_controller,43,10,0.3023255813953488,0.3953488372093023,0.023527324515597338,0.027624212189474782,0.2302805440060857,0.3475105172017108,5.149737589693432,
Frangieh_IFNg_IFNG,Frangieh,21,random,43,10,0.2558139534883721,0.27906976744186046,0.004231862228793377,0.017425898992714794,0.041420584629556764,0.21921650218030075,4.827055625243424,
Frangieh_IFNg_IFNG,Frangieh,21,fixed_ridge,43,10,0.32558139534883723,0.23255813953488372,0.012774194394992791,0.012364179643379712,0.1250311497411564,0.15554045245434528,4.590271265919107,
Frangieh_IFNg_IFNG,Frangieh,21,greedy_ridge,43,10,0.37209302325581395,0.32558139534883723,0.010952630155754338,0.015559637881429401,0.10720205898858161,0.19573907739193588,4.6332896000512775,
Frangieh_IFNg_IFNG,Frangieh,21,linear_ucb,43,10,0.32558139534883723,0.37209302325581395,0.010680717124051635,0.023314024800831543,0.10454063096172155,0.2932886831674935,4.6697835945723005,
Frangieh_IFNg_IFNG,Frangieh,21,diversity,43,10,0.18604651162790697,0.27906976744186046,0.0027996528662755796,0.016342432867463313,0.027402418181750023,0.2055865795973815,5.066656326536683,
Frangieh_IFNg_IFNG,Frangieh,21,extra_trees,43,10,0.27906976744186046,0.23255813953488372,0.005384176094800853,0.01426614743400204,0.05269919235029615,0.17946706459034653,4.57750719180899,
Frangieh_IFNg_IFNG,Frangieh,21,gated_random,43,10,0.2558139534883721,0.27906976744186046,0.004231862228793377,0.017425898992714794,0.041420584629556764,0.21921650218030075,4.827055625243424,
Frangieh_IFNg_IFNG,Frangieh,21,old_controller,43,10,0.16279069767441862,0.27906976744186046,0.0026982409006944823,0.01780209582976907,0.02640981901956056,0.2239490301712416,5.049290518660547,
Frangieh_IFNg_IFNG,Frangieh,22,random,43,10,0.23255813953488372,0.3488372093023256,0.03740766029872218,0.04692853966731391,0.36613837488720036,0.5903575088205737,4.575959884948883,
Frangieh_IFNg_IFNG,Frangieh,22,fixed_ridge,43,10,0.27906976744186046,0.18604651162790697,0.005855671794243537,0.010006144597177037,0.0573140938913622,0.12587654845356908,4.838137172924408,
Frangieh_IFNg_IFNG,Frangieh,22,greedy_ridge,43,10,0.23255813953488372,0.18604651162790697,0.002460316811132483,0.006974691585922146,0.024081067667481935,0.08774109696672977,4.764681982940683,
Frangieh_IFNg_IFNG,Frangieh,22,linear_ucb,43,10,0.27906976744186046,0.2558139534883721,0.006927288320250743,0.014321780992369545,0.06780285288353975,0.18016693058143637,4.821858243087124,
Frangieh_IFNg_IFNG,Frangieh,22,diversity,43,10,0.20930232558139536,0.2558139534883721,0.008903075546138686,0.013511102670630356,0.08714144605490184,0.16996865810439757,5.12663231768708,
Frangieh_IFNg_IFNG,Frangieh,22,extra_trees,43,10,0.23255813953488372,0.18604651162790697,0.003782530392192985,0.012916599361910135,0.03702261835408863,0.16248985107546052,4.769784128840083,
Frangieh_IFNg_IFNG,Frangieh,22,gated_random,43,10,0.3023255813953488,0.32558139534883723,0.03548269701686646,0.04069028079768404,0.34729723587695704,0.5118806801836571,4.5833224753820865,
Frangieh_IFNg_IFNG,Frangieh,22,old_controller,43,10,0.18604651162790697,0.27906976744186046,0.008029632697105379,0.017755766940010607,0.07859236966926043,0.22336621621329356,5.024254428087443,
Frangieh_IFNg_IFNG,Frangieh,23,random,43,10,0.2558139534883721,0.27906976744186046,0.01850779822778819,0.026480999293309514,0.1811504678921085,0.3331289847224089,4.670051992336583,
Frangieh_IFNg_IFNG,Frangieh,23,fixed_ridge,43,10,0.3488372093023256,0.32558139534883723,0.03310954793296669,0.029966734258177856,0.3240693477383933,0.3769792691091984,4.595018390877724,
Frangieh_IFNg_IFNG,Frangieh,23,greedy_ridge,43,10,0.27906976744186046,0.3023255813953488,0.01630010114037027,0.02498804040391013,0.15954198937793598,0.31434767388329843,4.717774656182339,
Frangieh_IFNg_IFNG,Frangieh,23,linear_ucb,43,10,0.23255813953488372,0.3023255813953488,0.014076499719869033,0.021922140279841563,0.13777784256956147,0.275778880301203,4.7589583576414425,
Frangieh_IFNg_IFNG,Frangieh,23,diversity,43,10,0.20930232558139536,0.32558139534883723,0.0049449065619541184,0.016378099432455582,0.04839971380473587,0.206035262309571,5.161028722834232,
Frangieh_IFNg_IFNG,Frangieh,23,extra_trees,43,10,0.3023255813953488,0.32558139534883723,0.0036189679043319685,0.013267586025931949,0.03542170284588225,0.16690523698071347,4.673921916913527,
Frangieh_IFNg_IFNG,Frangieh,23,gated_random,43,10,0.32558139534883723,0.20930232558139536,0.023068479126233703,0.013232872209320753,0.22578946106092151,0.1664685397716905,4.774350576585343,
Frangieh_IFNg_IFNG,Frangieh,23,old_controller,43,10,0.27906976744186046,0.32558139534883723,0.022723893138430925,0.02772849811824435,0.22241672530103976,0.3488224263629567,5.069461417900384,
Frangieh_IFNg_IFNG,Frangieh,24,random,43,10,0.37209302325581395,0.3488372093023256,0.005067727418185338,0.01575010749238969,0.04960185872221122,0.19813517081034793,4.659143769636741,
Frangieh_IFNg_IFNG,Frangieh,24,fixed_ridge,43,10,0.3023255813953488,0.27906976744186046,0.01930294738268882,0.01717626296670874,0.18893322193348308,0.21607609969879224,4.572530270466418,
Frangieh_IFNg_IFNG,Frangieh,24,greedy_ridge,43,10,0.27906976744186046,0.2558139534883721,0.00944324005193725,0.009747787810199847,0.09242846354665311,0.12262643945320369,4.603890808751431,
Frangieh_IFNg_IFNG,Frangieh,24,linear_ucb,43,10,0.32558139534883723,0.32558139534883723,0.012074218375040203,0.014329476114450065,0.11817993048930156,0.18026373463998435,4.665793857038999,
Frangieh_IFNg_IFNG,Frangieh,24,diversity,43,10,0.2558139534883721,0.32558139534883723,0.021179266323335656,0.027626220090809443,0.20729824028032615,0.34753577644988454,5.109458109627012,
Frangieh_IFNg_IFNG,Frangieh,24,extra_trees,43,10,0.20930232558139536,0.27906976744186046,-0.00018442349578946191,0.011461145197800835,-0.0018050987017136865,0.1441803468672023,4.592257284611501,
Frangieh_IFNg_IFNG,Frangieh,24,gated_random,43,10,0.37209302325581395,0.3488372093023256,0.005067727418185338,0.01575010749238969,0.04960185872221122,0.19813517081034793,4.659143769636741,
Frangieh_IFNg_IFNG,Frangieh,24,old_controller,43,10,0.2558139534883721,0.32558139534883723,0.021179266323335656,0.027626220090809443,0.20729824028032615,0.34753577644988454,5.109458109627012,
Frangieh_IFNg_IFNG,Frangieh,25,random,43,10,0.32558139534883723,0.32558139534883723,0.02338251453225432,0.02396736276687565,0.22886317409988854,0.30150762577227147,4.502198307654954,
Frangieh_IFNg_IFNG,Frangieh,25,fixed_ridge,43,10,0.3488372093023256,0.2558139534883721,0.010861161866037881,0.009433820966007306,0.10630678645127087,0.11867676010447967,4.610403247464566,
Frangieh_IFNg_IFNG,Frangieh,25,greedy_ridge,43,10,0.32558139534883723,0.3953488372093023,0.010872956043883952,0.02138396881335637,0.10642222540348564,0.2690087236220297,4.696157338874372,
Frangieh_IFNg_IFNG,Frangieh,25,linear_ucb,43,10,0.32558139534883723,0.32558139534883723,0.012945574495374278,0.01880587273405224,0.1267085824097755,0.23657646833201143,4.691920834945257,
Frangieh_IFNg_IFNG,Frangieh,25,diversity,43,10,0.27906976744186046,0.3023255813953488,0.03480481600301663,0.039471351635512894,0.3406622779352987,0.4965466427576147,5.038676983752525,
Frangieh_IFNg_IFNG,Frangieh,25,extra_trees,43,10,0.27906976744186046,0.32558139534883723,0.010958383799884088,0.018289753094447525,0.10725837445697828,0.23008372198084734,4.694373345478496,
Frangieh_IFNg_IFNG,Frangieh,25,gated_random,43,10,0.32558139534883723,0.32558139534883723,0.02338251453225432,0.02396736276687565,0.22886317409988854,0.30150762577227147,4.502198307654954,
Frangieh_IFNg_IFNG,Frangieh,25,old_controller,43,10,0.27906976744186046,0.3023255813953488,0.03480481600301663,0.039471351635512894,0.3406622779352987,0.4965466427576147,5.038676983752525,
Frangieh_IFNg_IFNG,Frangieh,26,random,43,10,0.2558139534883721,0.3488372093023256,0.009750079867241667,0.019580470022911852,0.09543174764485922,0.24632084412192837,4.660966086160665,
Frangieh_IFNg_IFNG,Frangieh,26,fixed_ridge,43,10,0.3023255813953488,0.27906976744186046,0.006591882386089331,0.01314531954833064,0.06451996957352484,0.16536713386391758,4.628447087623782,
Frangieh_IFNg_IFNG,Frangieh,26,greedy_ridge,43,10,0.32558139534883723,0.3488372093023256,0.010777075245722094,0.020685520883713584,0.10548376415406424,0.26022230105895994,4.696157082798594,
Frangieh_IFNg_IFNG,Frangieh,26,linear_ucb,43,10,0.27906976744186046,0.32558139534883723,0.007749035677903707,0.018060119956990976,0.07584594458444426,0.22719495433683895,4.6884495799112385,
Frangieh_IFNg_IFNG,Frangieh,26,diversity,43,10,0.2558139534883721,0.32558139534883723,0.021645500902622676,0.025352611928694025,0.21186164707490182,0.3189339563179135,5.092083602595945,
Frangieh_IFNg_IFNG,Frangieh,26,extra_trees,43,10,0.3488372093023256,0.3953488372093023,0.0035936539760882155,0.018630756989229988,0.03517393539731249,0.23437352539789474,4.73546184423694,
Frangieh_IFNg_IFNG,Frangieh,26,gated_random,43,10,0.2558139534883721,0.3488372093023256,0.009750079867241667,0.019580470022911852,0.09543174764485922,0.24632084412192837,4.660966086160665,
Frangieh_IFNg_IFNG,Frangieh,26,old_controller,43,10,0.2558139534883721,0.32558139534883723,0.021645500902622676,0.025352611928694025,0.21186164707490182,0.3189339563179135,5.092083602595945,
Frangieh_IFNg_IFNG,Frangieh,27,random,43,10,0.3488372093023256,0.23255813953488372,0.025944575325840703,0.024470314739079204,0.2539400906414444,0.3078347238552594,4.630236351560839,
Frangieh_IFNg_IFNG,Frangieh,27,fixed_ridge,43,10,0.20930232558139536,0.27906976744186046,0.014464509824017558,0.022413024223055945,0.14157560452094464,0.2819541634847517,4.770977332528468,
Frangieh_IFNg_IFNG,Frangieh,27,greedy_ridge,43,10,0.20930232558139536,0.27906976744186046,0.010977799457860291,0.01890835782057171,0.107448410866687,0.2378657230328355,4.69047932397568,
Frangieh_IFNg_IFNG,Frangieh,27,linear_ucb,43,10,0.20930232558139536,0.2558139534883721,0.013722997125844063,0.018263236634211078,0.13431783292819038,0.22975014690012024,4.8202678462339,
Frangieh_IFNg_IFNG,Frangieh,27,diversity,43,10,0.2558139534883721,0.23255813953488372,0.008490301285983918,0.009730501365181062,0.08310129771091423,0.12240897727155473,5.086539859233833,
Frangieh_IFNg_IFNG,Frangieh,27,extra_trees,43,10,0.23255813953488372,0.20930232558139536,0.031357980747786306,0.024313937589294708,0.3069253735479091,0.30586751104110194,4.553957164732082,
Frangieh_IFNg_IFNG,Frangieh,27,gated_random,43,10,0.3488372093023256,0.23255813953488372,0.025944575325840703,0.024470314739079204,0.2539400906414444,0.3078347238552594,4.630236351560839,
Frangieh_IFNg_IFNG,Frangieh,27,old_controller,43,10,0.2558139534883721,0.23255813953488372,0.008490301285983918,0.009730501365181062,0.08310129771091423,0.12240897727155473,5.086539859233833,
Frangieh_IFNg_IFNG,Frangieh,28,random,43,10,0.37209302325581395,0.3023255813953488,0.008468088995958129,0.010735571735595187,0.08288388845014731,0.13505268713922672,4.758996503129828,
Frangieh_IFNg_IFNG,Frangieh,28,fixed_ridge,43,10,0.3023255813953488,0.32558139534883723,0.005671870403245806,0.012814380076181001,0.05551508422156431,0.16120394012864064,4.650165424298311,
Frangieh_IFNg_IFNG,Frangieh,28,greedy_ridge,43,10,0.3953488372093023,0.27906976744186046,0.009333633444845973,0.01257018083543328,0.09135565694295675,0.15813193199785894,4.659773027080751,
Frangieh_IFNg_IFNG,Frangieh,28,linear_ucb,43,10,0.3953488372093023,0.27906976744186046,0.01081030591227468,0.01309398233008627,0.10580901898558329,0.16472131550930055,4.779741283633711,
Frangieh_IFNg_IFNG,Frangieh,28,diversity,43,10,0.32558139534883723,0.3023255813953488,0.010599421553879985,0.015082687138737078,0.10374492688104711,0.18973907282580021,5.107712680135247,
Frangieh_IFNg_IFNG,Frangieh,28,extra_trees,43,10,0.27906976744186046,0.27906976744186046,0.03361226042424512,0.021731248174310235,0.3289897927253915,0.27337747193277934,4.550418316563727,
Frangieh_IFNg_IFNG,Frangieh,28,gated_random,43,10,0.37209302325581395,0.3023255813953488,0.008468088995958129,0.010735571735595187,0.08288388845014731,0.13505268713922672,4.758996503129828,
Frangieh_IFNg_IFNG,Frangieh,28,old_controller,43,10,0.32558139534883723,0.3023255813953488,0.010599421553879985,0.015082687138737078,0.10374492688104711,0.18973907282580021,5.107712680135247,
Frangieh_IFNg_IFNG,Frangieh,29,random,43,10,0.32558139534883723,0.2558139534883721,0.00710990611589436,0.0110919992886006,0.06959027776893739,0.1395365190197625,4.741062868628557,
Frangieh_IFNg_IFNG,Frangieh,29,fixed_ridge,43,10,0.20930232558139536,0.18604651162790697,0.0029846360183951237,0.004145581385543586,0.029212994682865097,0.05215110286261623,4.926937596933719,
Frangieh_IFNg_IFNG,Frangieh,29,greedy_ridge,43,10,0.27906976744186046,0.2558139534883721,0.006083339049947842,0.012461703206291825,0.0595424534934582,0.15676729156036165,4.766108957765276,
Frangieh_IFNg_IFNG,Frangieh,29,linear_ucb,43,10,0.27906976744186046,0.23255813953488372,0.004619744936393737,0.009784632452210085,0.04521709965010442,0.12308994228590957,4.894525945752886,
Frangieh_IFNg_IFNG,Frangieh,29,diversity,43,10,0.20930232558139536,0.32558139534883723,0.01812440735140582,0.028296605680130107,0.17739791797842103,0.3559691768767087,5.130995378022115,
Frangieh_IFNg_IFNG,Frangieh,29,extra_trees,43,10,0.2558139534883721,0.23255813953488372,0.005660798827577343,0.004162843562225416,0.05540671794871216,0.0523682597504067,4.631690480059187,
Frangieh_IFNg_IFNG,Frangieh,29,gated_random,43,10,0.32558139534883723,0.2558139534883721,0.00710990611589436,0.0110919992886006,0.06959027776893739,0.1395365190197625,4.741062868628557,
Frangieh_IFNg_IFNG,Frangieh,29,old_controller,43,10,0.20930232558139536,0.32558139534883723,0.01812440735140582,0.028296605680130107,0.17739791797842103,0.3559691768767087,5.130995378022115,
Frangieh_IFNg_TNFA,Frangieh,0,random,43,10,0.3953488372093023,0.20930232558139536,0.017325137573312374,0.02199149711953638,0.46398057949823907,0.5029785865328008,4.683548217679152,
Frangieh_IFNg_TNFA,Frangieh,0,fixed_ridge,43,10,0.32558139534883723,0.13953488372093023,0.0053950334288266205,0.00972395770366115,0.1444831665045627,0.22240152522164142,4.552484586545508,
Frangieh_IFNg_TNFA,Frangieh,0,greedy_ridge,43,10,0.3488372093023256,0.18604651162790697,0.008331729815851261,0.01914941895843348,0.22313016631603777,0.4379759880959093,4.515056039182228,
Frangieh_IFNg_TNFA,Frangieh,0,linear_ucb,43,10,0.3488372093023256,0.16279069767441862,0.012206584554320714,0.017680377199342966,0.3269017721355478,0.4043767954839339,4.640903812936062,
Frangieh_IFNg_TNFA,Frangieh,0,diversity,43,10,0.4883720930232558,0.18604651162790697,0.013123474942684404,0.02465051829926401,0.3514568056485091,0.5637943967193689,5.128527205677748,
Frangieh_IFNg_TNFA,Frangieh,0,extra_trees,43,10,0.4186046511627907,0.16279069767441862,0.01544072561321706,0.019467115762622677,0.41351457023518684,0.44524219142206284,4.438261643193647,
Frangieh_IFNg_TNFA,Frangieh,0,gated_random,43,10,0.3953488372093023,0.20930232558139536,0.017325137573312374,0.02199149711953638,0.46398057949823907,0.5029785865328008,4.683548217679152,
Frangieh_IFNg_TNFA,Frangieh,0,old_controller,43,10,0.4883720930232558,0.18604651162790697,0.013123474942684404,0.02465051829926401,0.3514568056485091,0.5637943967193689,5.128527205677748,
Frangieh_IFNg_TNFA,Frangieh,1,random,43,10,0.37209302325581395,0.27906976744186046,0.014623663742015978,0.020833241990131698,0.39163302159630276,0.4764875511719206,4.613857662538542,
Frangieh_IFNg_TNFA,Frangieh,1,fixed_ridge,43,10,0.3023255813953488,0.32558139534883723,0.009010072517039752,0.02987667623078922,0.24129670832841743,0.6833244821477298,4.730846543111203,
Frangieh_IFNg_TNFA,Frangieh,1,greedy_ridge,43,10,0.4186046511627907,0.3023255813953488,0.016096035972374568,0.025358674182244887,0.43106428832004984,0.5799909859343063,4.797157192622987,
Frangieh_IFNg_TNFA,Frangieh,1,linear_ucb,43,10,0.3953488372093023,0.20930232558139536,0.016369755673077035,0.015764761960493565,0.43839471353685433,0.36056379630793794,4.8118007264904135,
Frangieh_IFNg_TNFA,Frangieh,1,diversity,43,10,0.5348837209302325,0.18604651162790697,0.023379853407493326,0.015096377539623404,0.6261305508651528,0.34527684019747074,5.143448887692822,
Frangieh_IFNg_TNFA,Frangieh,1,extra_trees,43,10,0.3953488372093023,0.2558139534883721,0.022749419759981113,0.02842731476020943,0.6092470503520898,0.6501754073082677,4.574623397980298,
Frangieh_IFNg_TNFA,Frangieh,1,gated_random,43,10,0.37209302325581395,0.27906976744186046,0.014623663742015978,0.020833241990131698,0.39163302159630276,0.4764875511719206,4.613857662538542,
Frangieh_IFNg_TNFA,Frangieh,1,old_controller,43,10,0.5348837209302325,0.18604651162790697,0.023379853407493326,0.015096377539623404,0.6261305508651528,0.34527684019747074,5.143448887692822,
Frangieh_IFNg_TNFA,Frangieh,2,random,43,10,0.3953488372093023,0.23255813953488372,0.01805747716016135,0.02457988032810584,0.4835931998574045,0.5621788001687767,4.769580959705164,
Frangieh_IFNg_TNFA,Frangieh,2,fixed_ridge,43,10,0.4186046511627907,0.23255813953488372,0.015322984464317615,0.015531391764897779,0.4103613712336791,0.3552262692409255,4.656438948095815,
Frangieh_IFNg_TNFA,Frangieh,2,greedy_ridge,43,10,0.3023255813953488,0.20930232558139536,0.012065444261335358,0.022473820345994263,0.3231219259638919,0.5140100435262499,4.657694452913242,
Frangieh_IFNg_TNFA,Frangieh,2,linear_ucb,43,10,0.4186046511627907,0.20930232558139536,0.018085394039378564,0.017704555206733513,0.48434083546734846,0.40492978284611186,4.928462241895833,
Frangieh_IFNg_TNFA,Frangieh,2,diversity,43,10,0.5116279069767442,0.20930232558139536,0.02241531244110172,0.021133426717794602,0.6002993980305836,0.48335322699189426,5.09253361402915,
Frangieh_IFNg_TNFA,Frangieh,2,extra_trees,43,10,0.4418604651162791,0.3023255813953488,0.023125714519872234,0.024625998230031143,0.6193245149619742,0.5632335858888285,4.534171363540282,
Frangieh_IFNg_TNFA,Frangieh,2,gated_random,43,10,0.46511627906976744,0.23255813953488372,0.02225822868916453,0.024144621926313312,0.5960925737011857,0.552223786441419,4.722359070745053,
Frangieh_IFNg_TNFA,Frangieh,2,old_controller,43,10,0.4883720930232558,0.16279069767441862,0.02144422224303475,0.01624858734842365,0.5742928517080756,0.37162960999160805,5.0547738926304975,
Frangieh_IFNg_TNFA,Frangieh,3,random,43,10,0.4883720930232558,0.32558139534883723,0.0228686514680852,0.029012244151644252,0.6124401676815543,0.6635536214846922,4.670087656790048,
Frangieh_IFNg_TNFA,Frangieh,3,fixed_ridge,43,10,0.3953488372093023,0.23255813953488372,0.01833823750084844,0.019779202059878986,0.4911121788566122,0.45238007402355185,4.815195175648081,
Frangieh_IFNg_TNFA,Frangieh,3,greedy_ridge,43,10,0.46511627906976744,0.23255813953488372,0.026167259624510174,0.019291158584086355,0.7007794444970668,0.4412177863317938,4.86086843836565,
Frangieh_IFNg_TNFA,Frangieh,3,linear_ucb,43,10,0.46511627906976744,0.23255813953488372,0.019794489244042545,0.01953833038779527,0.5301117264702097,0.4468709769165235,4.90904425791729,
Frangieh_IFNg_TNFA,Frangieh,3,diversity,43,10,0.4883720930232558,0.23255813953488372,0.017485788573247105,0.023835731594541117,0.4682829374871019,0.5451590003732433,5.099871082632014,
Frangieh_IFNg_TNFA,Frangieh,3,extra_trees,43,10,0.3488372093023256,0.2558139534883721,0.018596579794467386,0.02394203830746035,0.4980307852223627,0.5475903946486046,4.510931604798239,
Frangieh_IFNg_TNFA,Frangieh,3,gated_random,43,10,0.5116279069767442,0.27906976744186046,0.023751406519657584,0.02118204510828822,0.6360810304828097,0.48446520264307696,4.531130418494511,
Frangieh_IFNg_TNFA,Frangieh,3,old_controller,43,10,0.4883720930232558,0.23255813953488372,0.017485788573247105,0.023835731594541117,0.4682829374871019,0.5451590003732433,5.099871082632014,
Frangieh_IFNg_TNFA,Frangieh,4,random,43,10,0.46511627906976744,0.32558139534883723,0.015399878274152415,0.023409586759090564,0.4124206469130789,0.5354124276034086,4.525498174618918,
Frangieh_IFNg_TNFA,Frangieh,4,fixed_ridge,43,10,0.4883720930232558,0.3023255813953488,0.023543764458723526,0.023558977452435088,0.6305202155482837,0.538829217254934,4.577266347124923,
Frangieh_IFNg_TNFA,Frangieh,4,greedy_ridge,43,10,0.4186046511627907,0.23255813953488372,0.010934791377966054,0.02016871698359337,0.2928421675598294,0.46128886566690236,4.78686030475926,
Frangieh_IFNg_TNFA,Frangieh,4,linear_ucb,43,10,0.46511627906976744,0.18604651162790697,0.013391766697630014,0.013296946555461715,0.35864186628121747,0.3041211495204163,4.875152028783913,
Frangieh_IFNg_TNFA,Frangieh,4,diversity,43,10,0.5116279069767442,0.37209302325581395,0.02175400720691839,0.034089144761299615,0.5825891325574687,0.7796699676675756,5.08878350859871,
Frangieh_IFNg_TNFA,Frangieh,4,extra_trees,43,10,0.3488372093023256,0.2558139534883721,0.015325312497170524,0.01839653115485504,0.41042371775344627,0.42075631263664925,4.662660265548672,
Frangieh_IFNg_TNFA,Frangieh,4,gated_random,43,10,0.5813953488372093,0.3023255813953488,0.023934895252863523,0.02471967507001047,0.6409950006261367,0.5653761159906925,4.66239337720917,
Frangieh_IFNg_TNFA,Frangieh,4,old_controller,43,10,0.5116279069767442,0.3023255813953488,0.018962371487742755,0.01984687508042931,0.5078269695876162,0.45392785769820526,5.0325789836859345,
Frangieh_IFNg_TNFA,Frangieh,5,random,43,10,0.4186046511627907,0.32558139534883723,0.017745173371427204,0.023750109099479284,0.4752294629310339,0.5432006852431945,4.703525174620777,
Frangieh_IFNg_TNFA,Frangieh,5,fixed_ridge,43,10,0.5348837209302325,0.3023255813953488,0.03241377703680131,0.024515166051426018,0.8680660104210893,0.5606986874126518,4.824236082156955,
Frangieh_IFNg_TNFA,Frangieh,5,greedy_ridge,43,10,0.37209302325581395,0.27906976744186046,0.016128958927597664,0.02409785161703992,0.4319459905159815,0.5511540791849205,4.813294973239629,
Frangieh_IFNg_TNFA,Frangieh,5,linear_ucb,43,10,0.4186046511627907,0.2558139534883721,0.017492500199112495,0.02224464852987583,0.468462680017008,0.5087685397069395,4.915412482272282,
Frangieh_IFNg_TNFA,Frangieh,5,diversity,43,10,0.5116279069767442,0.18604651162790697,0.019934868310724926,0.01629778682327197,0.5338711864129142,0.37275487591519907,5.14059221067476,
Frangieh_IFNg_TNFA,Frangieh,5,extra_trees,43,10,0.3953488372093023,0.2558139534883721,0.02208349912809998,0.018106040803453103,0.5914131809601385,0.4141123617698498,4.786745461378015,
Frangieh_IFNg_TNFA,Frangieh,5,gated_random,43,10,0.3953488372093023,0.32558139534883723,0.0136311723548527,0.029308633336478148,0.36505333488302794,0.6703324875364686,4.8806016942477815,
Frangieh_IFNg_TNFA,Frangieh,5,old_controller,43,10,0.5116279069767442,0.18604651162790697,0.019934868310724926,0.01629778682327197,0.5338711864129142,0.37275487591519907,5.14059221067476,
Frangieh_IFNg_TNFA,Frangieh,6,random,43,10,0.4186046511627907,0.16279069767441862,0.017114950239424186,0.022573226600885735,0.4583516001860716,0.5162836139569513,4.695999289519747,
Frangieh_IFNg_TNFA,Frangieh,6,fixed_ridge,43,10,0.37209302325581395,0.20930232558139536,0.018243640464472424,0.026838495824419904,0.4885787970828265,0.61383673067174,4.496157662169481,
Frangieh_IFNg_TNFA,Frangieh,6,greedy_ridge,43,10,0.4418604651162791,0.16279069767441862,0.02473776974428857,0.017088749170293897,0.6624966002653554,0.39084537339898945,4.521657625101952,
Frangieh_IFNg_TNFA,Frangieh,6,linear_ucb,43,10,0.4186046511627907,0.2558139534883721,0.017082622117586595,0.028943177897628423,0.4574858280881114,0.6619739724670209,4.650069677001206,
Frangieh_IFNg_TNFA,Frangieh,6,diversity,43,10,0.5116279069767442,0.23255813953488372,0.022320804547709447,0.0213203322432247,0.5977684035748252,0.4876280372280963,5.1231901382149605,
Frangieh_IFNg_TNFA,Frangieh,6,extra_trees,43,10,0.5116279069767442,0.20930232558139536,0.026583730463431387,0.025678549940955708,0.7119328555663352,0.5873070252247622,4.581474702914918,
Frangieh_IFNg_TNFA,Frangieh,6,gated_random,43,10,0.4186046511627907,0.16279069767441862,0.017114950239424186,0.022573226600885735,0.4583516001860716,0.5162836139569513,4.695999289519747,
Frangieh_IFNg_TNFA,Frangieh,6,old_controller,43,10,0.5116279069767442,0.23255813953488372,0.022320804547709447,0.0213203322432247,0.5977684035748252,0.4876280372280963,5.1231901382149605,
Frangieh_IFNg_TNFA,Frangieh,7,random,43,10,0.3953488372093023,0.18604651162790697,0.013657990704319166,0.019447348108727336,0.365771551016896,0.4447900754719161,4.706388415354457,
Frangieh_IFNg_TNFA,Frangieh,7,fixed_ridge,43,10,0.3488372093023256,0.20930232558139536,0.012731407596270058,0.024596711458551395,0.3409569389766345,0.562563753414808,4.9881801580329626,
Frangieh_IFNg_TNFA,Frangieh,7,greedy_ridge,43,10,0.3953488372093023,0.27906976744186046,0.008688491951310155,0.023560436286758493,0.23268453214157847,0.5388625829881528,4.9016033914608235,
Frangieh_IFNg_TNFA,Frangieh,7,linear_ucb,43,10,0.4186046511627907,0.2558139534883721,0.014753419198389154,0.023885916348946455,0.3951079730410649,0.5463068011209181,4.974971486668019,
Frangieh_IFNg_TNFA,Frangieh,7,diversity,43,10,0.4418604651162791,0.16279069767441862,0.017415267424499323,0.019406947642930928,0.4663943265987659,0.44386605610792784,5.10969000988984,
Frangieh_IFNg_TNFA,Frangieh,7,extra_trees,43,10,0.3953488372093023,0.23255813953488372,0.011673210009229756,0.01983869387055093,0.3126175894285589,0.4537407411340902,4.736437304695347,
Frangieh_IFNg_TNFA,Frangieh,7,gated_random,43,10,0.3953488372093023,0.18604651162790697,0.013657990704319166,0.019447348108727336,0.365771551016896,0.4447900754719161,4.706388415354457,
Frangieh_IFNg_TNFA,Frangieh,7,old_controller,43,10,0.4418604651162791,0.16279069767441862,0.017415267424499323,0.019406947642930928,0.4663943265987659,0.44386605610792784,5.10969000988984,
Frangieh_IFNg_TNFA,Frangieh,8,random,43,10,0.4418604651162791,0.18604651162790697,0.013221596346298993,0.018524114940415427,0.35408457270188054,0.4236743455371315,4.75391881820005,
Frangieh_IFNg_TNFA,Frangieh,8,fixed_ridge,43,10,0.5581395348837209,0.20930232558139536,0.023375003155235004,0.01817544358033021,0.6260006573596031,0.41569970757106345,4.675800521724427,
Frangieh_IFNg_TNFA,Frangieh,8,greedy_ridge,43,10,0.4418604651162791,0.20930232558139536,0.013362172044280004,0.018406319120925663,0.35784929858279185,0.420980178129411,4.809670790790128,
Frangieh_IFNg_TNFA,Frangieh,8,linear_ucb,43,10,0.5116279069767442,0.20930232558139536,0.017055298810605475,0.016388807183298406,0.45675408880158264,0.374836648328553,4.974346409610498,
Frangieh_IFNg_TNFA,Frangieh,8,diversity,43,10,0.5116279069767442,0.16279069767441862,0.01994653046711376,0.019149733468249223,0.5341835079778422,0.4379831814080205,5.131822449290218,
Frangieh_IFNg_TNFA,Frangieh,8,extra_trees,43,10,0.4186046511627907,0.23255813953488372,0.017619827321964016,0.018262793057634473,0.47187259881254445,0.41769752138019456,4.709370610017314,
Frangieh_IFNg_TNFA,Frangieh,8,gated_random,43,10,0.4418604651162791,0.18604651162790697,0.013221596346298993,0.018524114940415427,0.35408457270188054,0.4236743455371315,4.75391881820005,
Frangieh_IFNg_TNFA,Frangieh,8,old_controller,43,10,0.5116279069767442,0.16279069767441862,0.01994653046711376,0.019149733468249223,0.5341835079778422,0.4379831814080205,5.131822449290218,
Frangieh_IFNg_TNFA,Frangieh,9,random,43,10,0.37209302325581395,0.13953488372093023,0.013024125558399664,0.020258565799741755,0.34879615232335265,0.4633438431112444,4.5825947120603505,
Frangieh_IFNg_TNFA,Frangieh,9,fixed_ridge,43,10,0.4418604651162791,0.16279069767441862,0.01854039762006501,0.01309215753692454,0.49652618315346836,0.29943731692269093,4.878245858284659,
Frangieh_IFNg_TNFA,Frangieh,9,greedy_ridge,43,10,0.32558139534883723,0.18604651162790697,0.012311480334016507,0.016468899394400837,0.32971096221812146,0.3766684775538948,4.852277473023628,
Frangieh_IFNg_TNFA,Frangieh,9,linear_ucb,43,10,0.3488372093023256,0.27906976744186046,0.0075613334240249505,0.022287170996531776,0.2024983552951811,0.5097410924193919,4.8850528724308555,
Frangieh_IFNg_TNFA,Frangieh,9,diversity,43,10,0.46511627906976744,0.13953488372093023,0.017137187421969055,0.01367045868978589,0.45894712912775626,0.31266393332244896,5.1741417508354965,
Frangieh_IFNg_TNFA,Frangieh,9,extra_trees,43,10,0.46511627906976744,0.11627906976744186,0.02255027957335684,0.013025477570227855,0.6039139221849782,0.29791224588196774,4.66606278581114,
Frangieh_IFNg_TNFA,Frangieh,9,gated_random,43,10,0.37209302325581395,0.13953488372093023,0.013024125558399664,0.020258565799741755,0.34879615232335265,0.4633438431112444,4.5825947120603505,
Frangieh_IFNg_TNFA,Frangieh,9,old_controller,43,10,0.46511627906976744,0.13953488372093023,0.017137187421969055,0.01367045868978589,0.45894712912775626,0.31266393332244896,5.1741417508354965,
Frangieh_IFNg_TNFA,Frangieh,10,random,43,10,0.3953488372093023,0.2558139534883721,0.019219415983819065,0.024053215385838798,0.5147108199317562,0.5501331815008904,4.650840350861404,
Frangieh_IFNg_TNFA,Frangieh,10,fixed_ridge,43,10,0.3953488372093023,0.32558139534883723,0.02113100915611981,0.03574475096133914,0.5659047630733808,0.8175361694011107,4.647130548141864,
Frangieh_IFNg_TNFA,Frangieh,10,greedy_ridge,43,10,0.3488372093023256,0.2558139534883721,0.010103324459084075,0.025294934931322753,0.27057484060649317,0.5785331734824658,4.6515995750769425,
Frangieh_IFNg_TNFA,Frangieh,10,linear_ucb,43,10,0.3953488372093023,0.27906976744186046,0.02264095031103677,0.028439888262981813,0.6063421546439844,0.6504629822113244,4.654817432485006,
Frangieh_IFNg_TNFA,Frangieh,10,diversity,43,10,0.46511627906976744,0.18604651162790697,0.01988389283006151,0.015697006772787573,0.532506023628011,0.3590141333469588,5.118181427430692,
Frangieh_IFNg_TNFA,Frangieh,10,extra_trees,43,10,0.46511627906976744,0.18604651162790697,0.02536135314152823,0.022296827992668876,0.679196645779708,0.5099619624329608,4.499612459283106,
Frangieh_IFNg_TNFA,Frangieh,10,gated_random,43,10,0.3953488372093023,0.2558139534883721,0.019219415983819065,0.024053215385838798,0.5147108199317562,0.5501331815008904,4.650840350861404,
Frangieh_IFNg_TNFA,Frangieh,10,old_controller,43,10,0.46511627906976744,0.18604651162790697,0.01988389283006151,0.015697006772787573,0.532506023628011,0.3590141333469588,5.118181427430692,
Frangieh_IFNg_TNFA,Frangieh,11,random,43,10,0.37209302325581395,0.3023255813953488,0.01790206924782583,0.02186256963652379,0.47943125580824913,0.5000298212523645,4.713097737718384,
Frangieh_IFNg_TNFA,Frangieh,11,fixed_ridge,43,10,0.32558139534883723,0.3023255813953488,0.016083188736594017,0.02929075764453771,0.43072022941274324,0.6699236435993493,4.671738311986469,
Frangieh_IFNg_TNFA,Frangieh,11,greedy_ridge,43,10,0.4883720930232558,0.2558139534883721,0.026453394798900617,0.029697517226416482,0.7084423656985129,0.6792268464890838,4.746484936579918,
Frangieh_IFNg_TNFA,Frangieh,11,linear_ucb,43,10,0.4186046511627907,0.27906976744186046,0.020792131639318808,0.029118152406342024,0.5568293611633576,0.6659759024217512,4.940082242106507,
Frangieh_IFNg_TNFA,Frangieh,11,diversity,43,10,0.5348837209302325,0.2558139534883721,0.025002853598022328,0.02108626714028641,0.6695957508233558,0.48227461658589865,5.152904100384307,
Frangieh_IFNg_TNFA,Frangieh,11,extra_trees,43,10,0.4883720930232558,0.23255813953488372,0.027483079086748744,0.020868016394478394,0.7360181070485808,0.4772828940560703,4.705046101390803,
Frangieh_IFNg_TNFA,Frangieh,11,gated_random,43,10,0.4186046511627907,0.20930232558139536,0.01673678126868107,0.016068969239262664,0.44822394276048627,0.3675214739165416,4.722911039214794,
Frangieh_IFNg_TNFA,Frangieh,11,old_controller,43,10,0.4883720930232558,0.2558139534883721,0.020349071189764978,0.024371993544310723,0.5449638597630455,0.5574241170244796,5.1252947643371884,
Frangieh_IFNg_TNFA,Frangieh,12,random,43,10,0.4418604651162791,0.20930232558139536,0.01941117536508948,0.020399817804671396,0.5198462844248707,0.4665744887284234,4.561717491843499,
Frangieh_IFNg_TNFA,Frangieh,12,fixed_ridge,43,10,0.3953488372093023,0.20930232558139536,0.020647024709862568,0.02533189755048486,0.5529432854001252,0.5793785641277526,4.599822274741968,
Frangieh_IFNg_TNFA,Frangieh,12,greedy_ridge,43,10,0.3953488372093023,0.18604651162790697,0.020356632175041595,0.02561984742710016,0.545166348794684,0.5859644105185193,4.705014371498249,
Frangieh_IFNg_TNFA,Frangieh,12,linear_ucb,43,10,0.4186046511627907,0.23255813953488372,0.01320359391973679,0.025927414230329016,0.3536024537995999,0.5929989254999952,4.892439559183917,
Frangieh_IFNg_TNFA,Frangieh,12,diversity,43,10,0.5116279069767442,0.23255813953488372,0.018879249781513244,0.027209927339395704,0.5056009060275404,0.6223319275826543,5.051330612499437,
Frangieh_IFNg_TNFA,Frangieh,12,extra_trees,43,10,0.4186046511627907,0.2558139534883721,0.020543177032254337,0.02697798827809741,0.550162164301818,0.6170271327076422,4.5200705925766105,
Frangieh_IFNg_TNFA,Frangieh,12,gated_random,43,10,0.4418604651162791,0.20930232558139536,0.01941117536508948,0.020399817804671396,0.5198462844248707,0.4665744887284234,4.561717491843499,
Frangieh_IFNg_TNFA,Frangieh,12,old_controller,43,10,0.5116279069767442,0.23255813953488372,0.018879249781513244,0.027209927339395704,0.5056009060275404,0.6223319275826543,5.051330612499437,
Frangieh_IFNg_TNFA,Frangieh,13,random,43,10,0.37209302325581395,0.18604651162790697,0.02008342894115428,0.014623062586108702,0.5378497549585062,0.334451415943286,4.578895710780731,
Frangieh_IFNg_TNFA,Frangieh,13,fixed_ridge,43,10,0.46511627906976744,0.3023255813953488,0.010593593987178001,0.022991927968633807,0.2837046376307749,0.5258599434348652,4.720066461609177,
Frangieh_IFNg_TNFA,Frangieh,13,greedy_ridge,43,10,0.4418604651162791,0.23255813953488372,0.012744349902834405,0.018043406824800462,0.3413035439530371,0.41267982855574475,4.951797350862842,
Frangieh_IFNg_TNFA,Frangieh,13,linear_ucb,43,10,0.46511627906976744,0.20930232558139536,0.012619938708258897,0.011521506081390675,0.3379717159712419,0.2635141578605322,4.98263737722427,
Frangieh_IFNg_TNFA,Frangieh,13,diversity,43,10,0.4186046511627907,0.2558139534883721,0.015727361345106203,0.01987485381714837,0.4211908967534645,0.45456777345161825,5.150961495221786,
Frangieh_IFNg_TNFA,Frangieh,13,extra_trees,43,10,0.46511627906976744,0.2558139534883721,0.017442755299369637,0.021562504042279405,0.4671304731406063,0.4931668701926984,4.693293972040955,
Frangieh_IFNg_TNFA,Frangieh,13,gated_random,43,10,0.3953488372093023,0.16279069767441862,0.010388934291822983,0.017069822390810847,0.2782236927523326,0.39041248951026386,4.651718331022749,
Frangieh_IFNg_TNFA,Frangieh,13,old_controller,43,10,0.5116279069767442,0.23255813953488372,0.01803988246193664,0.01635546518140471,0.4831220002352455,0.3740740666410258,5.047277227459297,
Frangieh_IFNg_TNFA,Frangieh,14,random,43,10,0.3953488372093023,0.20930232558139536,0.01488225702738272,0.01807862136399943,0.39855834971511866,0.4134852379853723,4.626588727972792,
Frangieh_IFNg_TNFA,Frangieh,14,fixed_ridge,43,10,0.4186046511627907,0.3023255813953488,0.02278181626038528,0.033623683536706354,0.6101146536809312,0.7690241699959035,4.802621621352622,
Frangieh_IFNg_TNFA,Frangieh,14,greedy_ridge,43,10,0.5116279069767442,0.23255813953488372,0.02732792455328946,0.024743323263185787,0.7318629486816361,0.5659169857055973,4.719674337121002,
Frangieh_IFNg_TNFA,Frangieh,14,linear_ucb,43,10,0.4883720930232558,0.20930232558139536,0.017598550671621225,0.018733476223202483,0.47130279366588657,0.4284627526891566,4.951098687019,
Frangieh_IFNg_TNFA,Frangieh,14,diversity,43,10,0.5813953488372093,0.18604651162790697,0.020307897052192558,0.020795437015110215,0.5438611845242284,0.4756228945822916,5.053569145410048,
Frangieh_IFNg_TNFA,Frangieh,14,extra_trees,43,10,0.5116279069767442,0.11627906976744186,0.021413149598171623,0.018232374320472648,0.5734607022541893,0.4170017991499797,4.6252244948319206,
Frangieh_IFNg_TNFA,Frangieh,14,gated_random,43,10,0.3953488372093023,0.20930232558139536,0.01488225702738272,0.01807862136399943,0.39855834971511866,0.4134852379853723,4.626588727972792,
Frangieh_IFNg_TNFA,Frangieh,14,old_controller,43,10,0.5813953488372093,0.18604651162790697,0.020307897052192558,0.020795437015110215,0.5438611845242284,0.4756228945822916,5.053569145410048,
Frangieh_IFNg_TNFA,Frangieh,15,random,43,10,0.5348837209302325,0.20930232558139536,0.01932725756849772,0.020416004447327177,0.5175989009493804,0.46694470157020773,4.780602090497014,
Frangieh_IFNg_TNFA,Frangieh,15,fixed_ridge,43,10,0.4186046511627907,0.20930232558139536,0.015858237656744642,0.021003645317338514,0.4246958655688426,0.4803849313363129,4.742413937819226,
Frangieh_IFNg_TNFA,Frangieh,15,greedy_ridge,43,10,0.4883720930232558,0.13953488372093023,0.021605944288027954,0.013714412880295339,0.5786238931117047,0.31366923171093364,4.893367221809594,
Frangieh_IFNg_TNFA,Frangieh,15,linear_ucb,43,10,0.4186046511627907,0.18604651162790697,0.022020104524581086,0.017573796756189097,0.5897154244630665,0.40193914058676233,4.921496544443853,
Frangieh_IFNg_TNFA,Frangieh,15,diversity,43,10,0.5348837209302325,0.18604651162790697,0.022406545652470442,0.01982935105978163,0.6000646166528159,0.45352705701202045,5.141924739829796,
Frangieh_IFNg_TNFA,Frangieh,15,extra_trees,43,10,0.4883720930232558,0.2558139534883721,0.022467701484067893,0.02209848492839721,0.6017024171068792,0.5054255584958536,4.70242066141243,
Frangieh_IFNg_TNFA,Frangieh,15,gated_random,43,10,0.5348837209302325,0.20930232558139536,0.01932725756849772,0.020416004447327177,0.5175989009493804,0.46694470157020773,4.780602090497014,
Frangieh_IFNg_TNFA,Frangieh,15,old_controller,43,10,0.5348837209302325,0.18604651162790697,0.022406545652470442,0.01982935105978163,0.6000646166528159,0.45352705701202045,5.141924739829796,
Frangieh_IFNg_TNFA,Frangieh,16,random,43,10,0.4186046511627907,0.32558139534883723,0.024639572169855115,0.02869835557217075,0.6598667932985617,0.6563745179805421,4.6979538635827,
Frangieh_IFNg_TNFA,Frangieh,16,fixed_ridge,43,10,0.5348837209302325,0.23255813953488372,0.03185571043088773,0.01805336898596439,0.8531205552340981,0.41290767815205953,4.531839750176983,
Frangieh_IFNg_TNFA,Frangieh,16,greedy_ridge,43,10,0.46511627906976744,0.16279069767441862,0.025291933553759346,0.015649544093742272,0.6773375355460813,0.357928590553328,4.668306672210476,
Frangieh_IFNg_TNFA,Frangieh,16,linear_ucb,43,10,0.4186046511627907,0.16279069767441862,0.022719389998107183,0.016875845793086628,0.6084428301109807,0.3859759532247421,4.6856702943238275,
Frangieh_IFNg_TNFA,Frangieh,16,diversity,43,10,0.5581395348837209,0.20930232558139536,0.02760397238348342,0.01923394120043328,0.7392557230062637,0.4399091387850398,5.02524415106135,
Frangieh_IFNg_TNFA,Frangieh,16,extra_trees,43,10,0.4883720930232558,0.20930232558139536,0.021934841759365713,0.021905525324590596,0.5874320216879457,0.5010122823895006,4.486229768307356,
Frangieh_IFNg_TNFA,Frangieh,16,gated_random,43,10,0.4186046511627907,0.32558139534883723,0.024639572169855115,0.02869835557217075,0.6598667932985617,0.6563745179805421,4.6979538635827,
Frangieh_IFNg_TNFA,Frangieh,16,old_controller,43,10,0.5581395348837209,0.20930232558139536,0.02760397238348342,0.01923394120043328,0.7392557230062637,0.4399091387850398,5.02524415106135,
Frangieh_IFNg_TNFA,Frangieh,17,random,43,10,0.37209302325581395,0.16279069767441862,0.021555944014190684,0.01674735744513363,0.5772848471196069,0.3830372316230226,4.583478683562754,
Frangieh_IFNg_TNFA,Frangieh,17,fixed_ridge,43,10,0.3488372093023256,0.2558139534883721,0.01709620833210587,0.02786312619409088,0.45784967741739757,0.6372715669748064,4.762240283332025,
Frangieh_IFNg_TNFA,Frangieh,17,greedy_ridge,43,10,0.4186046511627907,0.27906976744186046,0.018550591994925262,0.029551516346928958,0.4967991963942156,0.6758875869744624,4.858488184092668,
Frangieh_IFNg_TNFA,Frangieh,17,linear_ucb,43,10,0.4186046511627907,0.27906976744186046,0.020222837519330513,0.031416731131138284,0.541583224468663,0.7185478520142746,4.927436432870477,
Frangieh_IFNg_TNFA,Frangieh,17,diversity,43,10,0.5348837209302325,0.2558139534883721,0.01812172852122777,0.021180789430398164,0.48531390098401894,0.48443648340277934,5.093480261476432,
Frangieh_IFNg_TNFA,Frangieh,17,extra_trees,43,10,0.4883720930232558,0.23255813953488372,0.024957809531029183,0.02733523561097213,0.6683894358825365,0.6251979160588271,4.583153515092176,
Frangieh_IFNg_TNFA,Frangieh,17,gated_random,43,10,0.37209302325581395,0.16279069767441862,0.021555944014190684,0.01674735744513363,0.5772848471196069,0.3830372316230226,4.583478683562754,
Frangieh_IFNg_TNFA,Frangieh,17,old_controller,43,10,0.5348837209302325,0.2558139534883721,0.01812172852122777,0.021180789430398164,0.48531390098401894,0.48443648340277934,5.093480261476432,
Frangieh_IFNg_TNFA,Frangieh,18,random,43,10,0.37209302325581395,0.3023255813953488,0.017015491844015657,0.01985371504002344,0.4556880274587358,0.4540842978527749,4.695126293403396,
Frangieh_IFNg_TNFA,Frangieh,18,fixed_ridge,43,10,0.4418604651162791,0.2558139534883721,0.02247163256967258,0.020527272672361433,0.601807694618772,0.4694895730834812,4.637105922619986,
Frangieh_IFNg_TNFA,Frangieh,18,greedy_ridge,43,10,0.4883720930232558,0.23255813953488372,0.02150789769222218,0.020986798780451794,0.5759981294692926,0.47999962572182026,4.7092187366254485,
Frangieh_IFNg_TNFA,Frangieh,18,linear_ucb,43,10,0.4418604651162791,0.2558139534883721,0.017722249001688884,0.021702646149704102,0.4746155305849957,0.4963721307860567,4.7961363045204255,
Frangieh_IFNg_TNFA,Frangieh,18,diversity,43,10,0.4883720930232558,0.3023255813953488,0.01608451051673828,0.02390496536217684,0.430755627706968,0.5467424806791303,5.0699132040769115,
Frangieh_IFNg_TNFA,Frangieh,18,extra_trees,43,10,0.4883720930232558,0.2558139534883721,0.02245962832552071,0.017347682970809637,0.6014862116790578,0.3967675785258643,4.552634734089301,
Frangieh_IFNg_TNFA,Frangieh,18,gated_random,43,10,0.37209302325581395,0.3023255813953488,0.017015491844015657,0.01985371504002344,0.4556880274587358,0.4540842978527749,4.695126293403396,
Frangieh_IFNg_TNFA,Frangieh,18,old_controller,43,10,0.4883720930232558,0.3023255813953488,0.01608451051673828,0.02390496536217684,0.430755627706968,0.5467424806791303,5.0699132040769115,
Frangieh_IFNg_TNFA,Frangieh,19,random,43,10,0.46511627906976744,0.16279069767441862,0.02132421391498414,0.014586190379619442,0.5710789358959836,0.3336080931716936,4.745115305124132,
Frangieh_IFNg_TNFA,Frangieh,19,fixed_ridge,43,10,0.4883720930232558,0.13953488372093023,0.020034518022310016,0.016525993720741684,0.5365398827353782,0.37797431059499553,4.792600598429263,
Frangieh_IFNg_TNFA,Frangieh,19,greedy_ridge,43,10,0.46511627906976744,0.11627906976744186,0.018448815546217422,0.014334807693374755,0.49407354440727397,0.3278585933755271,4.792355388957453,
Frangieh_IFNg_TNFA,Frangieh,19,linear_ucb,43,10,0.3488372093023256,0.16279069767441862,0.01340485390495644,0.01963011620757419,0.3589923518120615,0.44897025654470046,4.955905416249158,
Frangieh_IFNg_TNFA,Frangieh,19,diversity,43,10,0.46511627906976744,0.13953488372093023,0.01877421638531906,0.014639241401220521,0.5027880304687388,0.3348214497573772,5.107264253430833,
Frangieh_IFNg_TNFA,Frangieh,19,extra_trees,43,10,0.4418604651162791,0.20930232558139536,0.016391937742736208,0.014891516188613122,0.4389887665128484,0.3405913532473888,4.641264772147648,
Frangieh_IFNg_TNFA,Frangieh,19,gated_random,43,10,0.4418604651162791,0.16279069767441862,0.02241974585389531,0.02270753587476316,0.6004181282529798,0.5193554688818759,4.653226014816962,
Frangieh_IFNg_TNFA,Frangieh,19,old_controller,43,10,0.5348837209302325,0.13953488372093023,0.023782301152704934,0.014857537293317688,0.636908412642636,0.3398142048506814,5.160535095138708,
Frangieh_IFNg_TNFA,Frangieh,20,random,43,10,0.37209302325581395,0.11627906976744186,0.02108184836491541,0.015854720152445868,0.5645881990752544,0.36262127534127847,4.66206646364975,
Frangieh_IFNg_TNFA,Frangieh,20,fixed_ridge,43,10,0.5813953488372093,0.20930232558139536,0.0359542253523476,0.022550014029647156,0.9628819536815426,0.5157527075703643,4.5734822591757505,
Frangieh_IFNg_TNFA,Frangieh,20,greedy_ridge,43,10,0.5116279069767442,0.16279069767441862,0.02849985561972432,0.01780161525117916,0.7632481687432668,0.4071496919181829,4.611032015136956,
Frangieh_IFNg_TNFA,Frangieh,20,linear_ucb,43,10,0.5348837209302325,0.16279069767441862,0.028815110532404313,0.018827895367819616,0.7716909390506292,0.43062226041357493,4.720635962397372,
Frangieh_IFNg_TNFA,Frangieh,20,diversity,43,10,0.5348837209302325,0.2558139534883721,0.026634460110953627,0.023944228715291834,0.7132914347496467,0.5476404925673148,5.149737589693432,
Frangieh_IFNg_TNFA,Frangieh,20,extra_trees,43,10,0.4883720930232558,0.18604651162790697,0.025135361127609113,0.02131909573422594,0.6731444049166002,0.4875997564091483,4.527268176366223,
Frangieh_IFNg_TNFA,Frangieh,20,gated_random,43,10,0.4883720930232558,0.23255813953488372,0.026438554964161066,0.02341025255841918,0.7080449434504656,0.5354276554345745,4.430496279778171,
Frangieh_IFNg_TNFA,Frangieh,20,old_controller,43,10,0.5581395348837209,0.2558139534883721,0.02998483276715088,0.02345529935424716,0.803017004891844,0.5364579433485911,5.063743046576055,
Frangieh_IFNg_TNFA,Frangieh,21,random,43,10,0.5116279069767442,0.16279069767441862,0.01903704282476581,0.014899893145255272,0.509826725726767,0.34078294683414706,4.827055625243424,
Frangieh_IFNg_TNFA,Frangieh,21,fixed_ridge,43,10,0.4883720930232558,0.18604651162790697,0.019813902935975312,0.013279652295941398,0.5306316401502627,0.3037256038164845,4.879621639906604,
Frangieh_IFNg_TNFA,Frangieh,21,greedy_ridge,43,10,0.4883720930232558,0.18604651162790697,0.017971752017890433,0.013511539549271128,0.48129741426724,0.30902921376540193,4.817695866406186,
Frangieh_IFNg_TNFA,Frangieh,21,linear_ucb,43,10,0.4883720930232558,0.13953488372093023,0.02334475997690399,0.013573819756664484,0.6251907216607658,0.3104536556991824,5.025939273177917,
Frangieh_IFNg_TNFA,Frangieh,21,diversity,43,10,0.5581395348837209,0.23255813953488372,0.02257517461797557,0.01967348298387813,0.6045806307279813,0.4499621198875769,5.066656326536683,
Frangieh_IFNg_TNFA,Frangieh,21,extra_trees,43,10,0.4883720930232558,0.27906976744186046,0.024974530350878908,0.02161789539072861,0.6688372323661564,0.4944337535702915,4.53533459024569,
Frangieh_IFNg_TNFA,Frangieh,21,gated_random,43,10,0.4418604651162791,0.20930232558139536,0.013240970448740608,0.02035491545899659,0.3546034261447511,0.46554750460648026,4.698875505172565,
Frangieh_IFNg_TNFA,Frangieh,21,old_controller,43,10,0.5813953488372093,0.20930232558139536,0.024277674573727006,0.022597244960131945,0.6501748958657128,0.5168329499261592,5.097324264062214,
Frangieh_IFNg_TNFA,Frangieh,22,random,43,10,0.4883720930232558,0.27906976744186046,0.02238257660424775,0.03158018462247755,0.5994227070092516,0.7222862789886093,4.575959884948883,
Frangieh_IFNg_TNFA,Frangieh,22,fixed_ridge,43,10,0.3488372093023256,0.18604651162790697,0.010515537446310815,0.015746937725011345,0.2816142231153385,0.36015612925734364,4.8346371771211745,
Frangieh_IFNg_TNFA,Frangieh,22,greedy_ridge,43,10,0.4418604651162791,0.18604651162790697,0.012226989129536354,0.010440894261699625,0.3274482224360379,0.2387989416701804,4.860973749566468,
Frangieh_IFNg_TNFA,Frangieh,22,linear_ucb,43,10,0.37209302325581395,0.16279069767441862,0.009377959577436094,0.006864765148492074,0.25114900824524655,0.15700749487404464,5.003674494641016,
Frangieh_IFNg_TNFA,Frangieh,22,diversity,43,10,0.3953488372093023,0.18604651162790697,0.010960709324377043,0.01933504241913029,0.29353627020370676,0.44222147558505653,5.12663231768708,
Frangieh_IFNg_TNFA,Frangieh,22,extra_trees,43,10,0.3953488372093023,0.27906976744186046,0.011070799758534351,0.024404622937554153,0.29648457714911325,0.5581704002813127,4.783187403463746,
Frangieh_IFNg_TNFA,Frangieh,22,gated_random,43,10,0.5116279069767442,0.20930232558139536,0.02588320657284424,0.021145766645617188,0.6931722841520187,0.48363545968484756,4.5833224753820865,
Frangieh_IFNg_TNFA,Frangieh,22,old_controller,43,10,0.4418604651162791,0.20930232558139536,0.014992276004243554,0.013846661618817103,0.40150474297887695,0.3166939590958342,5.02516105595753,
Frangieh_IFNg_TNFA,Frangieh,23,random,43,10,0.4186046511627907,0.16279069767441862,0.018101854773987222,0.011310384558338755,0.48478166666712236,0.25868549136847374,4.670051992336583,
Frangieh_IFNg_TNFA,Frangieh,23,fixed_ridge,43,10,0.4883720930232558,0.2558139534883721,0.026529372455433575,0.020934366223064896,0.7104771060841467,0.47880041434210324,4.5219607032769975,
Frangieh_IFNg_TNFA,Frangieh,23,greedy_ridge,43,10,0.4418604651162791,0.20930232558139536,0.02733430584279558,0.019939666217366415,0.7320338445484347,0.456050130440516,4.6521694130538425,
Frangieh_IFNg_TNFA,Frangieh,23,linear_ucb,43,10,0.46511627906976744,0.23255813953488372,0.028661011478689623,0.01644508826350295,0.7675640472473105,0.3761238812084224,4.659071927848769,
Frangieh_IFNg_TNFA,Frangieh,23,diversity,43,10,0.5116279069767442,0.18604651162790697,0.023950281779926627,0.018022561460187027,0.6414070637172951,0.41220306374196075,5.161028722834232,
Frangieh_IFNg_TNFA,Frangieh,23,extra_trees,43,10,0.5348837209302325,0.20930232558139536,0.028574674915110152,0.02189453295289168,0.76525188732177,0.5007608703301164,4.461459487790563,
Frangieh_IFNg_TNFA,Frangieh,23,gated_random,43,10,0.4186046511627907,0.16279069767441862,0.018101854773987222,0.011310384558338755,0.48478166666712236,0.25868549136847374,4.670051992336583,
Frangieh_IFNg_TNFA,Frangieh,23,old_controller,43,10,0.5116279069767442,0.18604651162790697,0.023950281779926627,0.018022561460187027,0.6414070637172951,0.41220306374196075,5.161028722834232,
Frangieh_IFNg_TNFA,Frangieh,24,random,43,10,0.32558139534883723,0.23255813953488372,0.010934076333740186,0.029562190593231754,0.2928230181226095,0.6761317230279789,4.659143769636741,
Frangieh_IFNg_TNFA,Frangieh,24,fixed_ridge,43,10,0.3953488372093023,0.18604651162790697,0.01872156178998027,0.018203707096093653,0.5013778996945872,0.4163461366491691,4.6387666716968345,
Frangieh_IFNg_TNFA,Frangieh,24,greedy_ridge,43,10,0.4418604651162791,0.18604651162790697,0.022571014219499003,0.013314607564810219,0.6044692120400815,0.30452508334404677,4.734397187040802,
Frangieh_IFNg_TNFA,Frangieh,24,linear_ucb,43,10,0.4418604651162791,0.13953488372093023,0.022629705973184793,0.011559022981888992,0.6060410225825185,0.2643722257529165,4.733783132232122,
Frangieh_IFNg_TNFA,Frangieh,24,diversity,43,10,0.46511627906976744,0.13953488372093023,0.019453393623839473,0.016002287681213093,0.5209769220361069,0.36599636647918654,5.109458109627012,
Frangieh_IFNg_TNFA,Frangieh,24,extra_trees,43,10,0.4418604651162791,0.23255813953488372,0.02373685196729184,0.02430865569940572,0.6356912483173048,0.555975485331458,4.471613336769607,
Frangieh_IFNg_TNFA,Frangieh,24,gated_random,43,10,0.27906976744186046,0.23255813953488372,0.00824295477025174,0.0223564884191498,0.22075270195663796,0.5113264860404355,4.714531094855999,
Frangieh_IFNg_TNFA,Frangieh,24,old_controller,43,10,0.46511627906976744,0.13953488372093023,0.019453393623839473,0.016002287681213093,0.5209769220361069,0.36599636647918654,5.109458109627012,
Frangieh_IFNg_TNFA,Frangieh,25,random,43,10,0.4418604651162791,0.20930232558139536,0.020197078233709434,0.025365639093220427,0.5408933708834113,0.5801502839147377,4.502198307654954,
Frangieh_IFNg_TNFA,Frangieh,25,fixed_ridge,43,10,0.46511627906976744,0.2558139534883721,0.019914592161692266,0.029848895639657518,0.5333281754648996,0.6826890982816602,4.659935974064031,
Frangieh_IFNg_TNFA,Frangieh,25,greedy_ridge,43,10,0.3488372093023256,0.3023255813953488,0.015096607634021911,0.035889467340767346,0.4042988246904776,0.8208460504691114,4.772502902351595,
Frangieh_IFNg_TNFA,Frangieh,25,linear_ucb,43,10,0.3953488372093023,0.23255813953488372,0.012434052220636713,0.03067985164849748,0.332993532110775,0.7016943109111345,4.825021778463517,
Frangieh_IFNg_TNFA,Frangieh,25,diversity,43,10,0.46511627906976744,0.23255813953488372,0.01977728499953948,0.02768612303853286,0.5296509835006036,0.633223238818224,5.038676983752525,
Frangieh_IFNg_TNFA,Frangieh,25,extra_trees,43,10,0.3488372093023256,0.32558139534883723,0.017877795404280538,0.035182836557740696,0.478781183510287,0.8046843425819494,4.595462782765307,
Frangieh_IFNg_TNFA,Frangieh,25,gated_random,43,10,0.4418604651162791,0.20930232558139536,0.020197078233709434,0.025365639093220427,0.5408933708834113,0.5801502839147377,4.502198307654954,
Frangieh_IFNg_TNFA,Frangieh,25,old_controller,43,10,0.46511627906976744,0.23255813953488372,0.01977728499953948,0.02768612303853286,0.5296509835006036,0.633223238818224,5.038676983752525,
Frangieh_IFNg_TNFA,Frangieh,26,random,43,10,0.3023255813953488,0.23255813953488372,0.011768990190050775,0.028084455966162256,0.31518265672535417,0.6423337114622406,4.660966086160665,
Frangieh_IFNg_TNFA,Frangieh,26,fixed_ridge,43,10,0.32558139534883723,0.13953488372093023,0.009336333475732287,0.016627856159739888,0.2500342290575456,0.38030405764721353,4.775495846545255,
Frangieh_IFNg_TNFA,Frangieh,26,greedy_ridge,43,10,0.3953488372093023,0.20930232558139536,0.017308926955583514,0.02256059283066756,0.4635464466218891,0.5159946606468434,4.783963245467501,
Frangieh_IFNg_TNFA,Frangieh,26,linear_ucb,43,10,0.3023255813953488,0.20930232558139536,0.009316800637165683,0.02209724696088027,0.24951112453851773,0.505397244318403,4.803460441386066,
Frangieh_IFNg_TNFA,Frangieh,26,diversity,43,10,0.4186046511627907,0.18604651162790697,0.012355292057661643,0.024953134266514087,0.33088427405126963,0.5707156786422118,5.092083602595945,
Frangieh_IFNg_TNFA,Frangieh,26,extra_trees,43,10,0.3023255813953488,0.18604651162790697,0.005261100337905104,0.026071327518031793,0.14089633477657232,0.5962904386534006,4.648269045288747,
Frangieh_IFNg_TNFA,Frangieh,26,gated_random,43,10,0.27906976744186046,0.18604651162790697,0.013702509054719801,0.026801280992552308,0.36696378686089937,0.6129855715428697,4.622947657532001,
Frangieh_IFNg_TNFA,Frangieh,26,old_controller,43,10,0.4186046511627907,0.18604651162790697,0.012355292057661643,0.024953134266514087,0.33088427405126963,0.5707156786422118,5.092083602595945,
Frangieh_IFNg_TNFA,Frangieh,27,random,43,10,0.37209302325581395,0.20930232558139536,0.018211379512295834,0.01684314352666139,0.4877148238403215,0.3852280032487319,4.630236351560839,
Frangieh_IFNg_TNFA,Frangieh,27,fixed_ridge,43,10,0.4883720930232558,0.16279069767441862,0.023980880450252574,0.00817878542002539,0.6422265197666126,0.187061113109255,4.591647914784191,
Frangieh_IFNg_TNFA,Frangieh,27,greedy_ridge,43,10,0.3488372093023256,0.16279069767441862,0.014674899258779142,0.009550242668647008,0.39300514834900935,0.21842840132307387,4.749599758338704,
Frangieh_IFNg_TNFA,Frangieh,27,linear_ucb,43,10,0.3953488372093023,0.13953488372093023,0.01011823635341496,0.005909111286015536,0.2709741926661108,0.1351502549439787,4.875167062857057,
Frangieh_IFNg_TNFA,Frangieh,27,diversity,43,10,0.4418604651162791,0.18604651162790697,0.014860456137965675,0.01583315006383212,0.39797450504072607,0.36212793500053875,5.086539859233833,
Frangieh_IFNg_TNFA,Frangieh,27,extra_trees,43,10,0.4186046511627907,0.20930232558139536,0.02342401537685235,0.01813297443998422,0.6273132425493185,0.414728374511455,4.498915342964716,
Frangieh_IFNg_TNFA,Frangieh,27,gated_random,43,10,0.37209302325581395,0.20930232558139536,0.018211379512295834,0.01684314352666139,0.4877148238403215,0.3852280032487319,4.630236351560839,
Frangieh_IFNg_TNFA,Frangieh,27,old_controller,43,10,0.4186046511627907,0.16279069767441862,0.010931207028793154,0.013008823954858308,0.29274617591766616,0.29753135267248293,5.02711493272746,
Frangieh_IFNg_TNFA,Frangieh,28,random,43,10,0.3953488372093023,0.20930232558139536,0.014903866767429691,0.01887896225637727,0.39913707526158965,0.43179023689492774,4.758996503129828,
Frangieh_IFNg_TNFA,Frangieh,28,fixed_ridge,43,10,0.4418604651162791,0.20930232558139536,0.021236121518389724,0.019334215509411345,0.5687197534047446,0.4422025629171575,4.7298577813073965,
Frangieh_IFNg_TNFA,Frangieh,28,greedy_ridge,43,10,0.46511627906976744,0.20930232558139536,0.02118243657241747,0.02048299513098585,0.5672820290439922,0.46847687917477715,4.796734749324636,
Frangieh_IFNg_TNFA,Frangieh,28,linear_ucb,43,10,0.46511627906976744,0.23255813953488372,0.02306789020887599,0.01773167266784761,0.6177759352054445,0.40554999993216967,4.859640646473335,
Frangieh_IFNg_TNFA,Frangieh,28,diversity,43,10,0.46511627906976744,0.18604651162790697,0.01719798290136914,0.01764676716705658,0.46057527907136053,0.40360808353854705,5.107712680135247,
Frangieh_IFNg_TNFA,Frangieh,28,extra_trees,43,10,0.4186046511627907,0.18604651162790697,0.018043304391998805,0.016326598446415635,0.48321364216804563,0.37341384103275094,4.582739530989082,
Frangieh_IFNg_TNFA,Frangieh,28,gated_random,43,10,0.3953488372093023,0.20930232558139536,0.014903866767429691,0.01887896225637727,0.39913707526158965,0.43179023689492774,4.758996503129828,
Frangieh_IFNg_TNFA,Frangieh,28,old_controller,43,10,0.46511627906976744,0.18604651162790697,0.01719798290136914,0.01764676716705658,0.46057527907136053,0.40360808353854705,5.107712680135247,
Frangieh_IFNg_TNFA,Frangieh,29,random,43,10,0.4186046511627907,0.20930232558139536,0.016541572728320273,0.021650844736479744,0.4429961071201433,0.4951873546217799,4.741062868628557,
Frangieh_IFNg_TNFA,Frangieh,29,fixed_ridge,43,10,0.4186046511627907,0.2558139534883721,0.006904939739378092,0.021287783394303574,0.18491962491611802,0.48688359614095106,4.8137744623145915,
Frangieh_IFNg_TNFA,Frangieh,29,greedy_ridge,43,10,0.32558139534883723,0.20930232558139536,0.006888603384784203,0.022170571375312153,0.18448212470930653,0.5070742838636795,4.793233516515273,
Frangieh_IFNg_TNFA,Frangieh,29,linear_ucb,43,10,0.3488372093023256,0.20930232558139536,0.007645438240955538,0.01589435115084996,0.20475074731994392,0.3635276958296983,4.88375593514097,
Frangieh_IFNg_TNFA,Frangieh,29,diversity,43,10,0.5348837209302325,0.23255813953488372,0.01940296002380453,0.02340391954409884,0.5196262712334004,0.5352828098802214,5.130995378022115,
Frangieh_IFNg_TNFA,Frangieh,29,extra_trees,43,10,0.4418604651162791,0.27906976744186046,0.013394955579720575,0.02865785681621239,0.3587272670091522,0.6554482505728458,4.634082851865352,
Frangieh_IFNg_TNFA,Frangieh,29,gated_random,43,10,0.4186046511627907,0.20930232558139536,0.016541572728320273,0.021650844736479744,0.4429961071201433,0.4951873546217799,4.741062868628557,
Frangieh_IFNg_TNFA,Frangieh,29,old_controller,43,10,0.5348837209302325,0.23255813953488372,0.01940296002380453,0.02340391954409884,0.5196262712334004,0.5352828098802214,5.130995378022115,
Frangieh_IFNg_IL2STAT5,Frangieh,0,random,43,10,0.4883720930232558,0.23255813953488372,0.009156813213989432,0.01201058660392846,0.5501604725868939,0.45277481421194454,4.683548217679152,
Frangieh_IFNg_IL2STAT5,Frangieh,0,fixed_ridge,43,10,0.4418604651162791,0.20930232558139536,0.008460484621735943,0.013925401780282502,0.5083235956694231,0.5249594721569893,4.8686513011574695,
Frangieh_IFNg_IL2STAT5,Frangieh,0,greedy_ridge,43,10,0.4418604651162791,0.18604651162790697,0.008488761931480153,0.014302700059059611,0.5100225555290162,0.5391828538875633,4.664955216229819,
Frangieh_IFNg_IL2STAT5,Frangieh,0,linear_ucb,43,10,0.37209302325581395,0.16279069767441862,0.008428957538468892,0.012342975731238812,0.5064293826256331,0.4653052117959218,4.782076803956707,
Frangieh_IFNg_IL2STAT5,Frangieh,0,diversity,43,10,0.3488372093023256,0.20930232558139536,0.0036406023188252593,0.0101536255607664,0.21873499496155147,0.3827711400332401,5.128527205677748,
Frangieh_IFNg_IL2STAT5,Frangieh,0,extra_trees,43,10,0.5116279069767442,0.20930232558139536,0.010072207512333292,0.015227115171657906,0.6051592749006512,0.5740314332837192,4.5750793335003745,
Frangieh_IFNg_IL2STAT5,Frangieh,0,gated_random,43,10,0.37209302325581395,0.27906976744186046,0.009234411296092607,0.01622702752098681,0.5548227275138041,0.6117261057527176,4.6612348839374045,
Frangieh_IFNg_IL2STAT5,Frangieh,0,old_controller,43,10,0.32558139534883723,0.18604651162790697,0.0024876472609544954,0.011706278223757355,0.14946304579253775,0.4413030039799578,5.0975457577063885,
Frangieh_IFNg_IL2STAT5,Frangieh,1,random,43,10,0.4186046511627907,0.32558139534883723,0.005744460533554594,0.017241954057356637,0.34513919286557626,0.6499867826952839,4.613857662538542,
Frangieh_IFNg_IL2STAT5,Frangieh,1,fixed_ridge,43,10,0.4186046511627907,0.23255813953488372,0.00526753867848742,0.016668686409537507,0.31648473120527787,0.6283757522523472,4.823911631064946,
Frangieh_IFNg_IL2STAT5,Frangieh,1,greedy_ridge,43,10,0.4883720930232558,0.20930232558139536,0.00878543547035998,0.012586904553125389,0.5278473216938205,0.47450083484521643,4.732216177968976,
Frangieh_IFNg_IL2STAT5,Frangieh,1,linear_ucb,43,10,0.4186046511627907,0.13953488372093023,0.0037475504246815695,0.007152001143230135,0.22516066064732623,0.26961597261290005,4.875935177308497,
Frangieh_IFNg_IL2STAT5,Frangieh,1,diversity,43,10,0.3488372093023256,0.18604651162790697,0.005381803641190387,0.008780513570357255,0.32335000894019406,0.331007596182156,5.143448887692822,
Frangieh_IFNg_IL2STAT5,Frangieh,1,extra_trees,43,10,0.4883720930232558,0.18604651162790697,0.0039760637715704344,0.013467237586564932,0.23889022004520954,0.5076876090473902,4.703324305247611,
Frangieh_IFNg_IL2STAT5,Frangieh,1,gated_random,43,10,0.4186046511627907,0.32558139534883723,0.005744460533554594,0.017241954057356637,0.34513919286557626,0.6499867826952839,4.613857662538542,
Frangieh_IFNg_IL2STAT5,Frangieh,1,old_controller,43,10,0.3488372093023256,0.18604651162790697,0.005381803641190387,0.008780513570357255,0.32335000894019406,0.331007596182156,5.143448887692822,
Frangieh_IFNg_IL2STAT5,Frangieh,2,random,43,10,0.4883720930232558,0.3023255813953488,0.008531572299225014,0.014549268904630127,0.5125946918825404,0.5484780004882405,4.769580959705164,
Frangieh_IFNg_IL2STAT5,Frangieh,2,fixed_ridge,43,10,0.3953488372093023,0.20930232558139536,0.005411657873709567,0.013487954872782525,0.3251437136153509,0.5084686088209631,4.741135626425008,
Frangieh_IFNg_IL2STAT5,Frangieh,2,greedy_ridge,43,10,0.2558139534883721,0.23255813953488372,0.001975521232999132,0.01359419574048935,0.1186934438601185,0.5124736745786955,4.895382400022559,
Frangieh_IFNg_IL2STAT5,Frangieh,2,linear_ucb,43,10,0.3023255813953488,0.20930232558139536,0.0035513193420331026,0.012590477319302872,0.21337068714418833,0.4746355209014082,4.917482697278712,
Frangieh_IFNg_IL2STAT5,Frangieh,2,diversity,43,10,0.3488372093023256,0.20930232558139536,0.0052880758147618835,0.011625355573706891,0.3177186452684236,0.4382523838020763,5.09253361402915,
Frangieh_IFNg_IL2STAT5,Frangieh,2,extra_trees,43,10,0.3953488372093023,0.23255813953488372,0.00771172397149493,0.0162934813475936,0.46333649114252046,0.6142312805612252,4.741006893756317,
Frangieh_IFNg_IL2STAT5,Frangieh,2,gated_random,43,10,0.5116279069767442,0.18604651162790697,0.007147830243107149,0.009465233525199826,0.42945657759086625,0.3568201531008708,4.686244015881126,
Frangieh_IFNg_IL2STAT5,Frangieh,2,old_controller,43,10,0.2558139534883721,0.23255813953488372,0.0019312277882974937,0.012855427618738684,0.1160322011438943,0.484623611122015,5.016958826839462,
Frangieh_IFNg_IL2STAT5,Frangieh,3,random,43,10,0.4418604651162791,0.2558139534883721,0.010678876045125308,0.016028640124327167,0.6416091880860092,0.6042473022915127,4.670087656790048,
Frangieh_IFNg_IL2STAT5,Frangieh,3,fixed_ridge,43,10,0.27906976744186046,0.32558139534883723,0.005543503547951858,0.014782246762327053,0.3330652772373825,0.5572607943444305,4.805143377691812,
Frangieh_IFNg_IL2STAT5,Frangieh,3,greedy_ridge,43,10,0.2558139534883721,0.20930232558139536,0.0006864603035969852,0.012377684591794065,0.04124396951355089,0.46661366561317946,4.849148608705776,
Frangieh_IFNg_IL2STAT5,Frangieh,3,linear_ucb,43,10,0.20930232558139536,0.23255813953488372,-0.0002486631934720809,0.014695343648146475,-0.014940204287072415,0.5539847227689856,4.91705615261552,
Frangieh_IFNg_IL2STAT5,Frangieh,3,diversity,43,10,0.3023255813953488,0.20930232558139536,0.005208637226816246,0.01128484493882815,0.3129458089044538,0.4254158218148387,5.099871082632014,
Frangieh_IFNg_IL2STAT5,Frangieh,3,extra_trees,43,10,0.3953488372093023,0.18604651162790697,0.007113058835273597,0.011282730576810202,0.4273674387475629,0.42533611464470433,4.559204276922583,
Frangieh_IFNg_IL2STAT5,Frangieh,3,gated_random,43,10,0.4186046511627907,0.2558139534883721,0.006328815066082469,0.012968511212455505,0.3802484342862346,0.48888663380558695,4.740686096829077,
Frangieh_IFNg_IL2STAT5,Frangieh,3,old_controller,43,10,0.27906976744186046,0.3023255813953488,0.004140527889213456,0.013996397712616314,0.2487715679084418,0.527635875161463,4.982456315096451,
Frangieh_IFNg_IL2STAT5,Frangieh,4,random,43,10,0.4883720930232558,0.18604651162790697,0.01011461384110825,0.013162364847145934,0.6077071357485566,0.49619452361361355,4.525498174618918,
Frangieh_IFNg_IL2STAT5,Frangieh,4,fixed_ridge,43,10,0.4883720930232558,0.16279069767441862,0.009819292202386802,0.009452294333906782,0.5899635945702889,0.35633237176870464,4.628470133155473,
Frangieh_IFNg_IL2STAT5,Frangieh,4,greedy_ridge,43,10,0.4883720930232558,0.23255813953488372,0.012295525367252577,0.01232941760588115,0.7387408576181563,0.4647940979017953,4.712264242451832,
Frangieh_IFNg_IL2STAT5,Frangieh,4,linear_ucb,43,10,0.4186046511627907,0.23255813953488372,0.010788572079993048,0.013777950241872254,0.6481999550890473,0.5194008474943831,4.722269733791654,
Frangieh_IFNg_IL2STAT5,Frangieh,4,diversity,43,10,0.3953488372093023,0.23255813953488372,0.01054503447106695,0.016570659795757302,0.6335677066322624,0.6246803472479288,5.08878350859871,
Frangieh_IFNg_IL2STAT5,Frangieh,4,extra_trees,43,10,0.4418604651162791,0.16279069767441862,0.00841517822881312,0.00950116834325106,0.5056014929073457,0.3581748230352739,4.74447790616146,
Frangieh_IFNg_IL2STAT5,Frangieh,4,gated_random,43,10,0.4883720930232558,0.18604651162790697,0.01011461384110825,0.013162364847145934,0.6077071357485566,0.49619452361361355,4.525498174618918,
Frangieh_IFNg_IL2STAT5,Frangieh,4,old_controller,43,10,0.3953488372093023,0.23255813953488372,0.01054503447106695,0.016570659795757302,0.6335677066322624,0.6246803472479288,5.08878350859871,
Frangieh_IFNg_IL2STAT5,Frangieh,5,random,43,10,0.4418604651162791,0.23255813953488372,0.007087603214503465,0.013424996652321188,0.42583801185792264,0.5060952112915558,4.703525174620777,
Frangieh_IFNg_IL2STAT5,Frangieh,5,fixed_ridge,43,10,0.4418604651162791,0.2558139534883721,0.007705703622133588,0.010445628127485736,0.46297477597236564,0.39377904599617736,4.607253040412441,
Frangieh_IFNg_IL2STAT5,Frangieh,5,greedy_ridge,43,10,0.4186046511627907,0.20930232558139536,0.004812830897375617,0.01248344666913428,0.28916493752823536,0.4706006819428167,4.743634186221283,
Frangieh_IFNg_IL2STAT5,Frangieh,5,linear_ucb,43,10,0.37209302325581395,0.18604651162790697,0.004555537264462371,0.012710744679888504,0.27370619840479327,0.4791693570611766,4.8236930211084035,
Frangieh_IFNg_IL2STAT5,Frangieh,5,diversity,43,10,0.3488372093023256,0.20930232558139536,0.004789635742713162,0.011413529501633154,0.2877713241659658,0.43026696946793697,5.14059221067476,
Frangieh_IFNg_IL2STAT5,Frangieh,5,extra_trees,43,10,0.46511627906976744,0.18604651162790697,0.01017190914211428,0.011943041629716848,0.6111495571610988,0.45022850534643005,4.50750297678601,
Frangieh_IFNg_IL2STAT5,Frangieh,5,gated_random,43,10,0.4418604651162791,0.23255813953488372,0.007087603214503465,0.013424996652321188,0.42583801185792264,0.5060952112915558,4.703525174620777,
Frangieh_IFNg_IL2STAT5,Frangieh,5,old_controller,43,10,0.3488372093023256,0.20930232558139536,0.004789635742713162,0.011413529501633154,0.2877713241659658,0.43026696946793697,5.14059221067476,
Frangieh_IFNg_IL2STAT5,Frangieh,6,random,43,10,0.46511627906976744,0.27906976744186046,0.008211822488449073,0.015389239632567777,0.4933834550804936,0.5801431974371594,4.695999289519747,
Frangieh_IFNg_IL2STAT5,Frangieh,6,fixed_ridge,43,10,0.5116279069767442,0.27906976744186046,0.012080087570468283,0.01692243341710297,0.7257969045941013,0.6379415010368163,4.451288483733933,
Frangieh_IFNg_IL2STAT5,Frangieh,6,greedy_ridge,43,10,0.5348837209302325,0.2558139534883721,0.012626838043280542,0.016324495122365702,0.7586468155270827,0.6154004371206441,4.542042777379277,
Frangieh_IFNg_IL2STAT5,Frangieh,6,linear_ucb,43,10,0.4883720930232558,0.27906976744186046,0.010131920701699016,0.015221443836957109,0.6087469680984253,0.573817635440186,4.580448999053738,
Frangieh_IFNg_IL2STAT5,Frangieh,6,diversity,43,10,0.3953488372093023,0.23255813953488372,0.00750655685261223,0.01200348243227778,0.45100962190908983,0.4525070013144285,5.1231901382149605,
Frangieh_IFNg_IL2STAT5,Frangieh,6,extra_trees,43,10,0.5116279069767442,0.27906976744186046,0.010893690733035798,0.014567162731346665,0.6545157034268361,0.5491525615512672,4.52099803132645,
Frangieh_IFNg_IL2STAT5,Frangieh,6,gated_random,43,10,0.46511627906976744,0.27906976744186046,0.008211822488449073,0.015389239632567777,0.4933834550804936,0.5801431974371594,4.695999289519747,
Frangieh_IFNg_IL2STAT5,Frangieh,6,old_controller,43,10,0.3953488372093023,0.23255813953488372,0.00750655685261223,0.01200348243227778,0.45100962190908983,0.4525070013144285,5.1231901382149605,
Frangieh_IFNg_IL2STAT5,Frangieh,7,random,43,10,0.3488372093023256,0.3023255813953488,0.004409315083992034,0.014131558181317084,0.26492086424647004,0.5327311513642735,4.706388415354457,
Frangieh_IFNg_IL2STAT5,Frangieh,7,fixed_ridge,43,10,0.4418604651162791,0.2558139534883721,0.01002993281765303,0.01307061832747113,0.6026193229042267,0.49273586545059217,4.743817800846697,
Frangieh_IFNg_IL2STAT5,Frangieh,7,greedy_ridge,43,10,0.4883720930232558,0.23255813953488372,0.01084751473283976,0.01229237091330875,0.6517413528425943,0.4633975125475755,4.636269902231962,
Frangieh_IFNg_IL2STAT5,Frangieh,7,linear_ucb,43,10,0.4418604651162791,0.20930232558139536,0.008739183612333274,0.013117501567025555,0.5250684134125946,0.49450326872396483,4.739939496476221,
Frangieh_IFNg_IL2STAT5,Frangieh,7,diversity,43,10,0.32558139534883723,0.2558139534883721,0.004076216908615272,0.015069231489101722,0.24490762980556893,0.5680795378939393,5.10969000988984,
Frangieh_IFNg_IL2STAT5,Frangieh,7,extra_trees,43,10,0.46511627906976744,0.18604651162790697,0.005687731683626602,0.011576654863218405,0.3417308050174968,0.43641646555173863,4.595359405983163,
Frangieh_IFNg_IL2STAT5,Frangieh,7,gated_random,43,10,0.3488372093023256,0.3023255813953488,0.004409315083992034,0.014131558181317084,0.26492086424647004,0.5327311513642735,4.706388415354457,
Frangieh_IFNg_IL2STAT5,Frangieh,7,old_controller,43,10,0.32558139534883723,0.2558139534883721,0.004076216908615272,0.015069231489101722,0.24490762980556893,0.5680795378939393,5.10969000988984,
Frangieh_IFNg_IL2STAT5,Frangieh,8,random,43,10,0.46511627906976744,0.18604651162790697,0.007281633026993809,0.010055603696866072,0.4374957284500389,0.37907591408968266,4.75391881820005,
Frangieh_IFNg_IL2STAT5,Frangieh,8,fixed_ridge,43,10,0.4883720930232558,0.20930232558139536,0.005427995365615606,0.009830602050957263,0.32612530426898345,0.3705938072798104,4.662858405016556,
Frangieh_IFNg_IL2STAT5,Frangieh,8,greedy_ridge,43,10,0.5116279069767442,0.23255813953488372,0.0052993055082056675,0.009110320763923725,0.31839334871684594,0.34344066008795876,4.76437049765956,
Frangieh_IFNg_IL2STAT5,Frangieh,8,linear_ucb,43,10,0.4883720930232558,0.23255813953488372,0.005947135274920132,0.011389631531231825,0.3573163148495368,0.4293660643360457,4.901575251857521,
Frangieh_IFNg_IL2STAT5,Frangieh,8,diversity,43,10,0.32558139534883723,0.20930232558139536,0.003963892130520626,0.012205619086242238,0.23815892241626038,0.46012714419023487,5.131822449290218,
Frangieh_IFNg_IL2STAT5,Frangieh,8,extra_trees,43,10,0.5116279069767442,0.18604651162790697,0.008119963996043303,0.01036279589564864,0.4878644049030945,0.39065643844855474,4.533045361176679,
Frangieh_IFNg_IL2STAT5,Frangieh,8,gated_random,43,10,0.46511627906976744,0.18604651162790697,0.007281633026993809,0.010055603696866072,0.4374957284500389,0.37907591408968266,4.75391881820005,
Frangieh_IFNg_IL2STAT5,Frangieh,8,old_controller,43,10,0.32558139534883723,0.20930232558139536,0.003963892130520626,0.012205619086242238,0.23815892241626038,0.46012714419023487,5.131822449290218,
Frangieh_IFNg_IL2STAT5,Frangieh,9,random,43,10,0.4186046511627907,0.2558139534883721,0.0068016592424809605,0.014934428427930123,0.40865790049112805,0.5629977352318438,4.5825947120603505,
Frangieh_IFNg_IL2STAT5,Frangieh,9,fixed_ridge,43,10,0.4186046511627907,0.18604651162790697,0.005835888475340797,0.008862156236533254,0.35063237466204433,0.33408535951117735,4.843343790322712,
Frangieh_IFNg_IL2STAT5,Frangieh,9,greedy_ridge,43,10,0.46511627906976744,0.27906976744186046,0.006426192965902195,0.012115741127690146,0.38609910199478764,0.4567389270009211,4.773022991963588,
Frangieh_IFNg_IL2STAT5,Frangieh,9,linear_ucb,43,10,0.46511627906976744,0.2558139534883721,0.007456497877297453,0.00982423266209001,0.44800197406558917,0.3703536942065596,4.848015514939,
Frangieh_IFNg_IL2STAT5,Frangieh,9,diversity,43,10,0.32558139534883723,0.23255813953488372,0.0034263288898147564,0.011861644230204449,0.20586099958648663,0.4471599880743838,5.1741417508354965,
Frangieh_IFNg_IL2STAT5,Frangieh,9,extra_trees,43,10,0.3953488372093023,0.23255813953488372,0.005049086737336867,0.011477647198715642,0.3033596820891399,0.4326840769200181,4.677965546333846,
Frangieh_IFNg_IL2STAT5,Frangieh,9,gated_random,43,10,0.3488372093023256,0.20930232558139536,0.004521000665228345,0.006872122315524609,0.2716311673528212,0.25906510708108843,4.643583750164848,
Frangieh_IFNg_IL2STAT5,Frangieh,9,old_controller,43,10,0.3953488372093023,0.23255813953488372,0.009428423511804456,0.012330217568232668,0.5664793868546971,0.46482425486390133,5.029791116158638,
Frangieh_IFNg_IL2STAT5,Frangieh,10,random,43,10,0.37209302325581395,0.2558139534883721,0.006172638149151747,0.015740626494468356,0.3708649987592872,0.5933897711774889,4.650840350861404,
Frangieh_IFNg_IL2STAT5,Frangieh,10,fixed_ridge,43,10,0.3488372093023256,0.3023255813953488,0.006650077730980778,0.01714189813035279,0.39955056652531457,0.646214876688199,4.721292266488484,
Frangieh_IFNg_IL2STAT5,Frangieh,10,greedy_ridge,43,10,0.4418604651162791,0.2558139534883721,0.010335045755629262,0.016840273441381327,0.6209511458022767,0.6348442361845852,4.6098712990805035,
Frangieh_IFNg_IL2STAT5,Frangieh,10,linear_ucb,43,10,0.32558139534883723,0.27906976744186046,0.005874875648569726,0.015419071333616518,0.35297480549984767,0.5812677922088711,4.801816745714021,
Frangieh_IFNg_IL2STAT5,Frangieh,10,diversity,43,10,0.3488372093023256,0.2558139534883721,0.00354167660619729,0.012538814204714787,0.21279133142506584,0.47268792601028276,5.118181427430692,
Frangieh_IFNg_IL2STAT5,Frangieh,10,extra_trees,43,10,0.27906976744186046,0.3023255813953488,0.0036533315837509444,0.016821174984568053,0.2194997957982115,0.6341242630042131,4.896820950309259,
Frangieh_IFNg_IL2STAT5,Frangieh,10,gated_random,43,10,0.37209302325581395,0.2558139534883721,0.006172638149151747,0.015740626494468356,0.3708649987592872,0.5933897711774889,4.650840350861404,
Frangieh_IFNg_IL2STAT5,Frangieh,10,old_controller,43,10,0.3488372093023256,0.2558139534883721,0.00354167660619729,0.012538814204714787,0.21279133142506584,0.47268792601028276,5.118181427430692,
Frangieh_IFNg_IL2STAT5,Frangieh,11,random,43,10,0.4418604651162791,0.23255813953488372,0.006534786840030042,0.013825960810269513,0.39262364887742396,0.5212107487842309,4.713097737718384,
Frangieh_IFNg_IL2STAT5,Frangieh,11,fixed_ridge,43,10,0.32558139534883723,0.18604651162790697,0.005224580660246485,0.005646898270353973,0.3139037237014093,0.21287663954706373,4.663264638197225,
Frangieh_IFNg_IL2STAT5,Frangieh,11,greedy_ridge,43,10,0.32558139534883723,0.23255813953488372,0.0049783056918882235,0.011752836674010243,0.2991070089697704,0.44305816335380155,4.854127849155478,
Frangieh_IFNg_IL2STAT5,Frangieh,11,linear_ucb,43,10,0.2558139534883721,0.2558139534883721,0.002531005517098196,0.011537416528570106,0.15206810042596838,0.4349372597255587,4.951996544630173,
Frangieh_IFNg_IL2STAT5,Frangieh,11,diversity,43,10,0.3488372093023256,0.23255813953488372,0.006027022825026432,0.01180063550346574,0.36211612579830055,0.4448600825139517,5.152904100384307,
Frangieh_IFNg_IL2STAT5,Frangieh,11,extra_trees,43,10,0.4418604651162791,0.23255813953488372,0.009731215992589286,0.015517254744514078,0.584671791835705,0.5849691081473697,4.645626403359864,
Frangieh_IFNg_IL2STAT5,Frangieh,11,gated_random,43,10,0.4418604651162791,0.23255813953488372,0.006534786840030042,0.013825960810269513,0.39262364887742396,0.5212107487842309,4.713097737718384,
Frangieh_IFNg_IL2STAT5,Frangieh,11,old_controller,43,10,0.3488372093023256,0.23255813953488372,0.006027022825026432,0.01180063550346574,0.36211612579830055,0.4448600825139517,5.152904100384307,
Frangieh_IFNg_IL2STAT5,Frangieh,12,random,43,10,0.5581395348837209,0.3488372093023256,0.009519409769956513,0.016289218062992078,0.5719460313754539,0.614070563357558,4.561717491843499,
Frangieh_IFNg_IL2STAT5,Frangieh,12,fixed_ridge,43,10,0.4883720930232558,0.2558139534883721,0.012362296911871719,0.014971747501460955,0.7427526315491678,0.5644045887970941,4.572747492474437,
Frangieh_IFNg_IL2STAT5,Frangieh,12,greedy_ridge,43,10,0.46511627906976744,0.3023255813953488,0.011373188994027526,0.017068190064297675,0.6833249609389123,0.6434362317298328,4.617115835130843,
Frangieh_IFNg_IL2STAT5,Frangieh,12,linear_ucb,43,10,0.3953488372093023,0.3023255813953488,0.007842460408529865,0.015941567144258654,0.4711914094751977,0.6009648271157785,4.684908963115271,
Frangieh_IFNg_IL2STAT5,Frangieh,12,diversity,43,10,0.4186046511627907,0.2558139534883721,0.008905154104001362,0.015023635404620282,0.5350402673750729,0.5663606577625456,5.051330612499437,
Frangieh_IFNg_IL2STAT5,Frangieh,12,extra_trees,43,10,0.5116279069767442,0.20930232558139536,0.013805658898171412,0.014308097865213393,0.8294728358319668,0.5393863402582982,4.467815630676718,
Frangieh_IFNg_IL2STAT5,Frangieh,12,gated_random,43,10,0.4186046511627907,0.3488372093023256,0.007517180822525037,0.017301414132714146,0.4516479322220106,0.6522283072319971,4.60879350973474,
Frangieh_IFNg_IL2STAT5,Frangieh,12,old_controller,43,10,0.4186046511627907,0.2558139534883721,0.008905154104001362,0.015023635404620282,0.5350402673750729,0.5663606577625456,5.051330612499437,
Frangieh_IFNg_IL2STAT5,Frangieh,13,random,43,10,0.3488372093023256,0.16279069767441862,0.00409634324288137,0.012387086725587478,0.24611686202561267,0.4669681070340602,4.578895710780731,
Frangieh_IFNg_IL2STAT5,Frangieh,13,fixed_ridge,43,10,0.3953488372093023,0.23255813953488372,0.008671261779274474,0.015115479401830355,0.5209875277484087,0.5698229906314224,4.4505286633866055,
Frangieh_IFNg_IL2STAT5,Frangieh,13,greedy_ridge,43,10,0.4186046511627907,0.23255813953488372,0.008837627365883035,0.013623585172938296,0.5309831198405275,0.5135815967190275,4.491728482188327,
Frangieh_IFNg_IL2STAT5,Frangieh,13,linear_ucb,43,10,0.4186046511627907,0.20930232558139536,0.008063046967814728,0.014738701964185865,0.4844447109094861,0.5556192435577417,4.640061295561076,
Frangieh_IFNg_IL2STAT5,Frangieh,13,diversity,43,10,0.3488372093023256,0.20930232558139536,0.003980129478639334,0.013019075584158286,0.23913449622188293,0.49079280831299876,5.150961495221786,
Frangieh_IFNg_IL2STAT5,Frangieh,13,extra_trees,43,10,0.4418604651162791,0.23255813953488372,0.005438264981548724,0.01559652189933105,0.3267423242543227,0.5879573195044756,4.486995301432688,
Frangieh_IFNg_IL2STAT5,Frangieh,13,gated_random,43,10,0.3488372093023256,0.16279069767441862,0.00409634324288137,0.012387086725587478,0.24611686202561267,0.4669681070340602,4.578895710780731,
Frangieh_IFNg_IL2STAT5,Frangieh,13,old_controller,43,10,0.3488372093023256,0.20930232558139536,0.003980129478639334,0.013019075584158286,0.23913449622188293,0.49079280831299876,5.150961495221786,
Frangieh_IFNg_IL2STAT5,Frangieh,14,random,43,10,0.4186046511627907,0.16279069767441862,0.006517121970957815,0.010791935443425354,0.39156230662987057,0.40683413113111255,4.626588727972792,
Frangieh_IFNg_IL2STAT5,Frangieh,14,fixed_ridge,43,10,0.3953488372093023,0.18604651162790697,0.004045582166849633,0.012282459843545568,0.24306703050388037,0.4630238852703534,4.800733770574361,
Frangieh_IFNg_IL2STAT5,Frangieh,14,greedy_ridge,43,10,0.37209302325581395,0.18604651162790697,0.0045827867271586295,0.01129827230015152,0.27534340306588745,0.4259220061694444,4.782766601036213,
Frangieh_IFNg_IL2STAT5,Frangieh,14,linear_ucb,43,10,0.3488372093023256,0.18604651162790697,0.003880429655929516,0.013041831384551833,0.23314432253404754,0.49165065594652424,4.85844903839265,
Frangieh_IFNg_IL2STAT5,Frangieh,14,diversity,43,10,0.37209302325581395,0.11627906976744186,0.004405923605378914,0.007554418240796744,0.2647170971243328,0.28478628298948355,5.053569145410048,
Frangieh_IFNg_IL2STAT5,Frangieh,14,extra_trees,43,10,0.46511627906976744,0.13953488372093023,0.005392568912470062,0.009536476468089418,0.32399680893450905,0.35950586790352634,4.609353541341686,
Frangieh_IFNg_IL2STAT5,Frangieh,14,gated_random,43,10,0.3488372093023256,0.18604651162790697,0.0061533164419799065,0.01326513565209576,0.3697041102164691,0.5000687750263089,4.709878489565832,
Frangieh_IFNg_IL2STAT5,Frangieh,14,old_controller,43,10,0.3488372093023256,0.23255813953488372,0.004808526758197342,0.01315362109421966,0.288906335852187,0.49586490181933635,5.040756601083018,
Frangieh_IFNg_IL2STAT5,Frangieh,15,random,43,10,0.3023255813953488,0.32558139534883723,0.004324880784875202,0.015885556462670564,0.25984787511596213,0.5988533377450898,4.780602090497014,
Frangieh_IFNg_IL2STAT5,Frangieh,15,fixed_ridge,43,10,0.37209302325581395,0.23255813953488372,0.003246863201014598,0.014051695818841057,0.19507832597984542,0.5297205018826917,4.890244809343491,
Frangieh_IFNg_IL2STAT5,Frangieh,15,greedy_ridge,43,10,0.4186046511627907,0.13953488372093023,0.007819364017436003,0.014690841732795858,0.46980373003451215,0.5538150096688939,4.773724109145004,
Frangieh_IFNg_IL2STAT5,Frangieh,15,linear_ucb,43,10,0.37209302325581395,0.16279069767441862,0.003602240547903323,0.010045041661560616,0.21643013960123475,0.37867774672860116,4.958269441195802,
Frangieh_IFNg_IL2STAT5,Frangieh,15,diversity,43,10,0.37209302325581395,0.23255813953488372,0.0063742020602810985,0.011772265218504174,0.38297537974139234,0.4437905801718753,5.141924739829796,
Frangieh_IFNg_IL2STAT5,Frangieh,15,extra_trees,43,10,0.5348837209302325,0.18604651162790697,0.009487368807293978,0.016065577324340535,0.5700209433837463,0.605639759997791,4.578102183552557,
Frangieh_IFNg_IL2STAT5,Frangieh,15,gated_random,43,10,0.4186046511627907,0.2558139534883721,0.0047694096603300064,0.013658686966405216,0.28655609887060884,0.5149048633120423,4.664785558010285,
Frangieh_IFNg_IL2STAT5,Frangieh,15,old_controller,43,10,0.3953488372093023,0.20930232558139536,0.00689106286351328,0.012577414433100714,0.41402945686654646,0.47414307652143767,5.119904250020934,
Frangieh_IFNg_IL2STAT5,Frangieh,16,random,43,10,0.5813953488372093,0.3488372093023256,0.013366724023117406,0.018566062618869932,0.8031007113109981,0.6999029964245561,4.6979538635827,
Frangieh_IFNg_IL2STAT5,Frangieh,16,fixed_ridge,43,10,0.6511627906976745,0.23255813953488372,0.013296115272527456,0.01511649516075938,0.7988583900267778,0.5698612826878839,4.533426031048078,
Frangieh_IFNg_IL2STAT5,Frangieh,16,greedy_ridge,43,10,0.5581395348837209,0.3023255813953488,0.011124138164704369,0.016103685800199403,0.6683614666798773,0.6070763724336278,4.642339872507779,
Frangieh_IFNg_IL2STAT5,Frangieh,16,linear_ucb,43,10,0.5581395348837209,0.3023255813953488,0.011888591549033708,0.015846488799792755,0.7142914234633951,0.5973805658993409,4.698650502482059,
Frangieh_IFNg_IL2STAT5,Frangieh,16,diversity,43,10,0.4186046511627907,0.27906976744186046,0.006009968402802659,0.012145202215547423,0.361091460473033,0.4578495504051682,5.02524415106135,
Frangieh_IFNg_IL2STAT5,Frangieh,16,extra_trees,43,10,0.5116279069767442,0.2558139534883721,0.01082254745958184,0.014941891350476506,0.6502412668919714,0.5632790723122751,4.633742323108686,
Frangieh_IFNg_IL2STAT5,Frangieh,16,gated_random,43,10,0.5813953488372093,0.3488372093023256,0.013366724023117406,0.018566062618869932,0.8031007113109981,0.6999029964245561,4.6979538635827,
Frangieh_IFNg_IL2STAT5,Frangieh,16,old_controller,43,10,0.4186046511627907,0.27906976744186046,0.006009968402802659,0.012145202215547423,0.361091460473033,0.4578495504051682,5.02524415106135,
Frangieh_IFNg_IL2STAT5,Frangieh,17,random,43,10,0.3953488372093023,0.2558139534883721,0.010491003744363113,0.01554010052221132,0.6303214276656692,0.5858303477431953,4.583478683562754,
Frangieh_IFNg_IL2STAT5,Frangieh,17,fixed_ridge,43,10,0.4418604651162791,0.2558139534883721,0.009340026792807139,0.01608642811196552,0.5611683272576315,0.6064257925043121,4.831960419380942,
Frangieh_IFNg_IL2STAT5,Frangieh,17,greedy_ridge,43,10,0.3953488372093023,0.23255813953488372,0.0052638635083956985,0.011785294928691958,0.31626391930628556,0.4442817738832282,4.892946363624939,
Frangieh_IFNg_IL2STAT5,Frangieh,17,linear_ucb,43,10,0.3953488372093023,0.23255813953488372,0.005545832944549076,0.01102618798084359,0.3332052322526065,0.41566497783376455,4.90510645287976,
Frangieh_IFNg_IL2STAT5,Frangieh,17,diversity,43,10,0.3953488372093023,0.27906976744186046,0.007898848393425298,0.014236072085334887,0.47457931743982656,0.5366711140850575,5.093480261476432,
Frangieh_IFNg_IL2STAT5,Frangieh,17,extra_trees,43,10,0.32558139534883723,0.27906976744186046,0.005542108709775482,0.01196916980800348,0.3329814724449985,0.4512134848032666,4.854250261540871,
Frangieh_IFNg_IL2STAT5,Frangieh,17,gated_random,43,10,0.3953488372093023,0.2558139534883721,0.010491003744363113,0.01554010052221132,0.6303214276656692,0.5858303477431953,4.583478683562754,
Frangieh_IFNg_IL2STAT5,Frangieh,17,old_controller,43,10,0.3953488372093023,0.27906976744186046,0.007898848393425298,0.014236072085334887,0.47457931743982656,0.5366711140850575,5.093480261476432,
Frangieh_IFNg_IL2STAT5,Frangieh,18,random,43,10,0.4418604651162791,0.11627906976744186,0.006668896919913921,0.00820046042352138,0.40068126272225585,0.3091407661552393,4.695126293403396,
Frangieh_IFNg_IL2STAT5,Frangieh,18,fixed_ridge,43,10,0.4186046511627907,0.23255813953488372,0.005087996592189878,0.011268756004561484,0.30569746747734844,0.4248093015453729,4.623995166498119,
Frangieh_IFNg_IL2STAT5,Frangieh,18,greedy_ridge,43,10,0.46511627906976744,0.23255813953488372,0.005374305253124194,0.010211346249896438,0.322899490116043,0.3849470932284396,4.597577537650837,
Frangieh_IFNg_IL2STAT5,Frangieh,18,linear_ucb,43,10,0.4186046511627907,0.23255813953488372,0.005077125434749196,0.009964369252624485,0.3050443056212133,0.37563656013442265,4.616954407015388,
Frangieh_IFNg_IL2STAT5,Frangieh,18,diversity,43,10,0.3023255813953488,0.20930232558139536,0.0019591010303929915,0.014516681553711332,0.11770688377478603,0.5472495232918735,5.0699132040769115,
Frangieh_IFNg_IL2STAT5,Frangieh,18,extra_trees,43,10,0.4186046511627907,0.27906976744186046,0.006256946056399505,0.012339494866779469,0.3759303940021842,0.46517399024856126,4.576142835908044,
Frangieh_IFNg_IL2STAT5,Frangieh,18,gated_random,43,10,0.4418604651162791,0.11627906976744186,0.006668896919913921,0.00820046042352138,0.40068126272225585,0.3091407661552393,4.695126293403396,
Frangieh_IFNg_IL2STAT5,Frangieh,18,old_controller,43,10,0.3023255813953488,0.20930232558139536,0.0019591010303929915,0.014516681553711332,0.11770688377478603,0.5472495232918735,5.0699132040769115,
Frangieh_IFNg_IL2STAT5,Frangieh,19,random,43,10,0.37209302325581395,0.23255813953488372,0.0047471129486208385,0.012267647730438525,0.28521646583841936,0.46246549857524105,4.745115305124132,
Frangieh_IFNg_IL2STAT5,Frangieh,19,fixed_ridge,43,10,0.4883720930232558,0.20930232558139536,0.0047532840362011376,0.01035715886531021,0.28558723767576183,0.3904439338100757,4.728028300277597,
Frangieh_IFNg_IL2STAT5,Frangieh,19,greedy_ridge,43,10,0.4418604651162791,0.27906976744186046,0.006398300885655651,0.013582781218098923,0.3844232875284156,0.512043370179329,4.876562907077875,
Frangieh_IFNg_IL2STAT5,Frangieh,19,linear_ucb,43,10,0.46511627906976744,0.3023255813953488,0.006952340447018844,0.013232755881772059,0.41771114213330496,0.4988481231983837,4.841435421120578,
Frangieh_IFNg_IL2STAT5,Frangieh,19,diversity,43,10,0.3488372093023256,0.13953488372093023,0.0033374532941078763,0.00793125095303207,0.20052116807601772,0.2989921138034029,5.107264253430833,
Frangieh_IFNg_IL2STAT5,Frangieh,19,extra_trees,43,10,0.4883720930232558,0.23255813953488372,0.004149204253250462,0.013135839393850324,0.24929286199049674,0.49519456769273623,4.801332880853065,
Frangieh_IFNg_IL2STAT5,Frangieh,19,gated_random,43,10,0.37209302325581395,0.23255813953488372,0.0047471129486208385,0.012267647730438525,0.28521646583841936,0.46246549857524105,4.745115305124132,
Frangieh_IFNg_IL2STAT5,Frangieh,19,old_controller,43,10,0.3488372093023256,0.13953488372093023,0.0033374532941078763,0.00793125095303207,0.20052116807601772,0.2989921138034029,5.107264253430833,
Frangieh_IFNg_IL2STAT5,Frangieh,20,random,43,10,0.46511627906976744,0.20930232558139536,0.005871971608715976,0.010519778489947024,0.35280032471695816,0.3965743646341677,4.66206646364975,
Frangieh_IFNg_IL2STAT5,Frangieh,20,fixed_ridge,43,10,0.5813953488372093,0.23255813953488372,0.01137936754113973,0.01595248161531371,0.6836961809605194,0.6013762805915445,4.660858465932674,
Frangieh_IFNg_IL2STAT5,Frangieh,20,greedy_ridge,43,10,0.5116279069767442,0.20930232558139536,0.011446723557998119,0.01267665527802288,0.6877430712050172,0.4778842555831808,4.668068942912093,
Frangieh_IFNg_IL2STAT5,Frangieh,20,linear_ucb,43,10,0.4883720930232558,0.23255813953488372,0.010023220324544136,0.01414796544724173,0.602216022291369,0.5333496720931717,4.704960693807314,
Frangieh_IFNg_IL2STAT5,Frangieh,20,diversity,43,10,0.4186046511627907,0.3023255813953488,0.008339173093738852,0.015823525342578644,0.501034945566661,0.5965148900238276,5.149737589693432,
Frangieh_IFNg_IL2STAT5,Frangieh,20,extra_trees,43,10,0.5116279069767442,0.20930232558139536,0.010289876728454345,0.010514940914604578,0.6182372962613822,0.39639199783151746,4.652384850631486,
Frangieh_IFNg_IL2STAT5,Frangieh,20,gated_random,43,10,0.46511627906976744,0.20930232558139536,0.005871971608715976,0.010519778489947024,0.35280032471695816,0.3965743646341677,4.66206646364975,
Frangieh_IFNg_IL2STAT5,Frangieh,20,old_controller,43,10,0.4186046511627907,0.3023255813953488,0.008339173093738852,0.015823525342578644,0.501034945566661,0.5965148900238276,5.149737589693432,
Frangieh_IFNg_IL2STAT5,Frangieh,21,random,43,10,0.46511627906976744,0.27906976744186046,0.00934324520175288,0.014104795001583164,0.5613616959924946,0.5317222336376586,4.827055625243424,
Frangieh_IFNg_IL2STAT5,Frangieh,21,fixed_ridge,43,10,0.46511627906976744,0.20930232558139536,0.00804859078055603,0.011595509142810443,0.4835761529703661,0.4371272337449085,4.70763995027535,
Frangieh_IFNg_IL2STAT5,Frangieh,21,greedy_ridge,43,10,0.4418604651162791,0.18604651162790697,0.004800114260636347,0.011860396243678661,0.28840089541940384,0.4471129415073853,4.9003447961681506,
Frangieh_IFNg_IL2STAT5,Frangieh,21,linear_ucb,43,10,0.3953488372093023,0.2558139534883721,0.005137095386795051,0.01665853435531896,0.30864742565735814,0.6279930403487364,4.811783944700651,
Frangieh_IFNg_IL2STAT5,Frangieh,21,diversity,43,10,0.4186046511627907,0.23255813953488372,0.006073479304776294,0.01401097373028095,0.364907328180245,0.5281853615360833,5.066656326536683,
Frangieh_IFNg_IL2STAT5,Frangieh,21,extra_trees,43,10,0.4883720930232558,0.16279069767441862,0.005782851387225213,0.01143424702500486,0.34744579557820715,0.4310479781817402,4.806829289165625,
Frangieh_IFNg_IL2STAT5,Frangieh,21,gated_random,43,10,0.46511627906976744,0.27906976744186046,0.00934324520175288,0.014104795001583164,0.5613616959924946,0.5317222336376586,4.827055625243424,
Frangieh_IFNg_IL2STAT5,Frangieh,21,old_controller,43,10,0.4186046511627907,0.23255813953488372,0.006073479304776294,0.01401097373028095,0.364907328180245,0.5281853615360833,5.066656326536683,
Frangieh_IFNg_IL2STAT5,Frangieh,22,random,43,10,0.5116279069767442,0.27906976744186046,0.013834390966690892,0.01790313672330835,0.8311991185490727,0.6749120314452931,4.575959884948883,
Frangieh_IFNg_IL2STAT5,Frangieh,22,fixed_ridge,43,10,0.6046511627906976,0.20930232558139536,0.009581890204899808,0.01624002328725787,0.5756999864701501,0.612216019847088,4.753729721346082,
Frangieh_IFNg_IL2STAT5,Frangieh,22,greedy_ridge,43,10,0.4186046511627907,0.20930232558139536,0.004688005414732616,0.010891307704553465,0.28166516168735184,0.41058026431792827,4.807212439609242,
Frangieh_IFNg_IL2STAT5,Frangieh,22,linear_ucb,43,10,0.46511627906976744,0.23255813953488372,0.006233486586196758,0.013230791851351774,0.3745209000099224,0.4987740832253186,4.860350691794107,
Frangieh_IFNg_IL2STAT5,Frangieh,22,diversity,43,10,0.3488372093023256,0.20930232558139536,0.0042167995906237914,0.01202342970506707,0.2533541311116323,0.4532589731397056,5.12663231768708,
Frangieh_IFNg_IL2STAT5,Frangieh,22,extra_trees,43,10,0.5581395348837209,0.18604651162790697,0.008689180067089715,0.012675678803820223,0.5220640959236031,0.47784744448141947,4.680429638350264,
Frangieh_IFNg_IL2STAT5,Frangieh,22,gated_random,43,10,0.5116279069767442,0.27906976744186046,0.013834390966690892,0.01790313672330835,0.8311991185490727,0.6749120314452931,4.575959884948883,
Frangieh_IFNg_IL2STAT5,Frangieh,22,old_controller,43,10,0.3488372093023256,0.20930232558139536,0.0042167995906237914,0.01202342970506707,0.2533541311116323,0.4532589731397056,5.12663231768708,
Frangieh_IFNg_IL2STAT5,Frangieh,23,random,43,10,0.46511627906976744,0.2558139534883721,0.008735807514339979,0.013697633849286711,0.5248655703902368,0.5163730819963017,4.670051992336583,
Frangieh_IFNg_IL2STAT5,Frangieh,23,fixed_ridge,43,10,0.3488372093023256,0.11627906976744186,0.0070318755705836246,0.007046884018732442,0.4224897785590001,0.2656532697005069,4.483871603854422,
Frangieh_IFNg_IL2STAT5,Frangieh,23,greedy_ridge,43,10,0.46511627906976744,0.18604651162790697,0.006071493534004285,0.00814869042733283,0.36478801892266305,0.30718914204402753,4.805344232340516,
Frangieh_IFNg_IL2STAT5,Frangieh,23,linear_ucb,43,10,0.4186046511627907,0.16279069767441862,0.004728953244584257,0.008775978574021386,0.28412539287216726,0.3308366359958523,4.868003614943008,
Frangieh_IFNg_IL2STAT5,Frangieh,23,diversity,43,10,0.3488372093023256,0.23255813953488372,0.0043618835641918985,0.012922167975650071,0.26207107942079616,0.4871395875432756,5.161028722834232,
Frangieh_IFNg_IL2STAT5,Frangieh,23,extra_trees,43,10,0.46511627906976744,0.16279069767441862,0.008128383664357915,0.011453180256038567,0.4883702761697395,0.4317617226845203,4.547387278588842,
Frangieh_IFNg_IL2STAT5,Frangieh,23,gated_random,43,10,0.46511627906976744,0.2558139534883721,0.008735807514339979,0.013697633849286711,0.5248655703902368,0.5163730819963017,4.670051992336583,
Frangieh_IFNg_IL2STAT5,Frangieh,23,old_controller,43,10,0.3488372093023256,0.23255813953488372,0.0043618835641918985,0.012922167975650071,0.26207107942079616,0.4871395875432756,5.161028722834232,
Frangieh_IFNg_IL2STAT5,Frangieh,24,random,43,10,0.3953488372093023,0.3023255813953488,0.005431493682676591,0.015682632798311284,0.32633549046832516,0.5912035261697394,4.659143769636741,
Frangieh_IFNg_IL2STAT5,Frangieh,24,fixed_ridge,43,10,0.5116279069767442,0.2558139534883721,0.012620690252580433,0.013776302847799812,0.7582774434149847,0.5193387440709882,4.70244545652279,
Frangieh_IFNg_IL2STAT5,Frangieh,24,greedy_ridge,43,10,0.37209302325581395,0.16279069767441862,0.007039743667211675,0.0077972886335726885,0.42296251024611525,0.2939420054028037,4.734406664820231,
Frangieh_IFNg_IL2STAT5,Frangieh,24,linear_ucb,43,10,0.3488372093023256,0.20930232558139536,0.007478606576925262,0.010277367705799434,0.449330310939048,0.3874359685362204,4.807004279096613,
Frangieh_IFNg_IL2STAT5,Frangieh,24,diversity,43,10,0.27906976744186046,0.23255813953488372,0.004336961800737867,0.012244527255779052,0.2605737277942912,0.4615939034597277,5.109458109627012,
Frangieh_IFNg_IL2STAT5,Frangieh,24,extra_trees,43,10,0.5581395348837209,0.20930232558139536,0.006684302910471341,0.01128621030065474,0.4016068868283358,0.4254672931931946,4.519234080530849,
Frangieh_IFNg_IL2STAT5,Frangieh,24,gated_random,43,10,0.3953488372093023,0.3023255813953488,0.005431493682676591,0.015682632798311284,0.32633549046832516,0.5912035261697394,4.659143769636741,
Frangieh_IFNg_IL2STAT5,Frangieh,24,old_controller,43,10,0.27906976744186046,0.23255813953488372,0.004336961800737867,0.012244527255779052,0.2605737277942912,0.4615939034597277,5.109458109627012,
Frangieh_IFNg_IL2STAT5,Frangieh,25,random,43,10,0.5116279069767442,0.3023255813953488,0.007921318837199723,0.01528331398757455,0.4759293886575389,0.5761500149379464,4.502198307654954,
Frangieh_IFNg_IL2STAT5,Frangieh,25,fixed_ridge,43,10,0.46511627906976744,0.3023255813953488,0.010149033478252639,0.014261951173504744,0.6097751394737715,0.5376467033484702,4.578454848314613,
Frangieh_IFNg_IL2STAT5,Frangieh,25,greedy_ridge,43,10,0.37209302325581395,0.23255813953488372,0.009065124566366973,0.0145806176362473,0.5446516270389953,0.5496597842430075,4.6175754663158735,
Frangieh_IFNg_IL2STAT5,Frangieh,25,linear_ucb,43,10,0.37209302325581395,0.3023255813953488,0.004085340288392284,0.01233157935983126,0.24545578152739747,0.4648755916518852,4.7789366451507584,
Frangieh_IFNg_IL2STAT5,Frangieh,25,diversity,43,10,0.37209302325581395,0.2558139534883721,0.00778796612657011,0.01500529454744254,0.46791727914015285,0.5656692445555983,5.038676983752525,
Frangieh_IFNg_IL2STAT5,Frangieh,25,extra_trees,43,10,0.5116279069767442,0.37209302325581395,0.01224323501159547,0.017420468394889557,0.7355991437808467,0.6567164120361354,4.453273744146811,
Frangieh_IFNg_IL2STAT5,Frangieh,25,gated_random,43,10,0.5116279069767442,0.3023255813953488,0.007921318837199723,0.01528331398757455,0.4759293886575389,0.5761500149379464,4.502198307654954,
Frangieh_IFNg_IL2STAT5,Frangieh,25,old_controller,43,10,0.37209302325581395,0.2558139534883721,0.00778796612657011,0.01500529454744254,0.46791727914015285,0.5656692445555983,5.038676983752525,
Frangieh_IFNg_IL2STAT5,Frangieh,26,random,43,10,0.3953488372093023,0.23255813953488372,0.006611234103747581,0.012297908421849134,0.3972167602308981,0.4636062654156285,4.660966086160665,
Frangieh_IFNg_IL2STAT5,Frangieh,26,fixed_ridge,43,10,0.37209302325581395,0.18604651162790697,0.004618747383038022,0.009930078611028533,0.27750399441691725,0.3743438723257575,4.726968153307421,
Frangieh_IFNg_IL2STAT5,Frangieh,26,greedy_ridge,43,10,0.37209302325581395,0.16279069767441862,0.0038662843179787573,0.009678617389769864,0.23229444107092,0.3648642930602733,4.688730127880113,
Frangieh_IFNg_IL2STAT5,Frangieh,26,linear_ucb,43,10,0.37209302325581395,0.20930232558139536,0.0033308340170558983,0.012501299161130127,0.20012346807865006,0.4712736847705051,4.768455649904029,
Frangieh_IFNg_IL2STAT5,Frangieh,26,diversity,43,10,0.3953488372093023,0.2558139534883721,0.006122631510274445,0.014348950683763984,0.3678604953983158,0.5409264088610447,5.092083602595945,
Frangieh_IFNg_IL2STAT5,Frangieh,26,extra_trees,43,10,0.3953488372093023,0.23255813953488372,0.004465721353234691,0.011895546717648352,0.26830987077288837,0.4484380432568605,4.519983748947413,
Frangieh_IFNg_IL2STAT5,Frangieh,26,gated_random,43,10,0.3953488372093023,0.23255813953488372,0.006611234103747581,0.012297908421849134,0.3972167602308981,0.4636062654156285,4.660966086160665,
Frangieh_IFNg_IL2STAT5,Frangieh,26,old_controller,43,10,0.3953488372093023,0.2558139534883721,0.006122631510274445,0.014348950683763984,0.3678604953983158,0.5409264088610447,5.092083602595945,
Frangieh_IFNg_IL2STAT5,Frangieh,27,random,43,10,0.4186046511627907,0.23255813953488372,0.006987012637223648,0.012908738993275149,0.4197943197741413,0.48663334207830616,4.630236351560839,
Frangieh_IFNg_IL2STAT5,Frangieh,27,fixed_ridge,43,10,0.37209302325581395,0.16279069767441862,0.007145665537537761,0.009623681001214218,0.4293265175567436,0.36279330236331414,4.594485207816897,
Frangieh_IFNg_IL2STAT5,Frangieh,27,greedy_ridge,43,10,0.20930232558139536,0.18604651162790697,0.0001262616850089379,0.007410716490772398,0.00758606588021366,0.2793690177621613,4.708552873522638,
Frangieh_IFNg_IL2STAT5,Frangieh,27,linear_ucb,43,10,0.3488372093023256,0.16279069767441862,0.004061476328763533,0.00857010317323173,0.2440219849651732,0.32307554992926024,4.748616861319581,
Frangieh_IFNg_IL2STAT5,Frangieh,27,diversity,43,10,0.2558139534883721,0.23255813953488372,0.0023446579713379623,0.011581202852693205,0.1408719504723764,0.4365879155530913,5.086539859233833,
Frangieh_IFNg_IL2STAT5,Frangieh,27,extra_trees,43,10,0.27906976744186046,0.20930232558139536,0.004938113210615099,0.012689532204476064,0.29669216070597926,0.47836968965686333,4.6249775106380175,
Frangieh_IFNg_IL2STAT5,Frangieh,27,gated_random,43,10,0.4186046511627907,0.23255813953488372,0.006987012637223648,0.012908738993275149,0.4197943197741413,0.48663334207830616,4.630236351560839,
Frangieh_IFNg_IL2STAT5,Frangieh,27,old_controller,43,10,0.2558139534883721,0.23255813953488372,0.0023446579713379623,0.011581202852693205,0.1408719504723764,0.4365879155530913,5.086539859233833,
Frangieh_IFNg_IL2STAT5,Frangieh,28,random,43,10,0.5348837209302325,0.18604651162790697,0.006524454456946366,0.011984308131434047,0.39200285771051674,0.4517841689675616,4.758996503129828,
Frangieh_IFNg_IL2STAT5,Frangieh,28,fixed_ridge,43,10,0.37209302325581395,0.20930232558139536,0.0025316599069415925,0.011644217035548327,0.1521074175352165,0.43896342275151684,4.702565850665196,
Frangieh_IFNg_IL2STAT5,Frangieh,28,greedy_ridge,43,10,0.4186046511627907,0.18604651162790697,0.007508240892045105,0.014305911288819048,0.45111080251729857,0.5393039107522835,4.728893178186472,
Frangieh_IFNg_IL2STAT5,Frangieh,28,linear_ucb,43,10,0.3953488372093023,0.20930232558139536,0.007105505962467779,0.014410193958184086,0.4269136463664003,0.5432351563945101,4.714811279753976,
Frangieh_IFNg_IL2STAT5,Frangieh,28,diversity,43,10,0.32558139534883723,0.16279069767441862,0.003938363677520062,0.009146249307760692,0.2366251196140207,0.3447950934971786,5.107712680135247,
Frangieh_IFNg_IL2STAT5,Frangieh,28,extra_trees,43,10,0.5116279069767442,0.20930232558139536,0.010003974463587762,0.015968180738539162,0.6010596907476695,0.6019681057734527,4.435232841239904,
Frangieh_IFNg_IL2STAT5,Frangieh,28,gated_random,43,10,0.5348837209302325,0.18604651162790697,0.006524454456946366,0.011984308131434047,0.39200285771051674,0.4517841689675616,4.758996503129828,
Frangieh_IFNg_IL2STAT5,Frangieh,28,old_controller,43,10,0.32558139534883723,0.16279069767441862,0.003938363677520062,0.009146249307760692,0.2366251196140207,0.3447950934971786,5.107712680135247,
Frangieh_IFNg_IL2STAT5,Frangieh,29,random,43,10,0.4418604651162791,0.2558139534883721,0.0070268100113072916,0.011892552476046297,0.4221854291723459,0.44832516640664627,4.741062868628557,
Frangieh_IFNg_IL2STAT5,Frangieh,29,fixed_ridge,43,10,0.5116279069767442,0.23255813953488372,0.010183026545591826,0.0156881391535027,0.6118175139937009,0.5914111046195681,4.804687444967861,
Frangieh_IFNg_IL2STAT5,Frangieh,29,greedy_ridge,43,10,0.4186046511627907,0.2558139534883721,0.008060528403647392,0.015001497285140879,0.48429339031135216,0.5655260954497431,4.702869891485237,
Frangieh_IFNg_IL2STAT5,Frangieh,29,linear_ucb,43,10,0.37209302325581395,0.2558139534883721,0.007105143719063541,0.01585424673780178,0.42689188202570555,0.5976730244658154,4.8676125089927025,
Frangieh_IFNg_IL2STAT5,Frangieh,29,diversity,43,10,0.3953488372093023,0.2558139534883721,0.008104688015096926,0.014022215631432657,0.48694659204612295,0.5286091584640109,5.130995378022115,
Frangieh_IFNg_IL2STAT5,Frangieh,29,extra_trees,43,10,0.37209302325581395,0.20930232558139536,0.004529558597456058,0.013551770638553944,0.2721453458042908,0.5108743340735079,4.742101152910153,
Frangieh_IFNg_IL2STAT5,Frangieh,29,gated_random,43,10,0.4418604651162791,0.2558139534883721,0.0070268100113072916,0.011892552476046297,0.4221854291723459,0.44832516640664627,4.741062868628557,
Frangieh_IFNg_IL2STAT5,Frangieh,29,old_controller,43,10,0.3953488372093023,0.2558139534883721,0.008104688015096926,0.014022215631432657,0.48694659204612295,0.5286091584640109,5.130995378022115,
Papalexi_IFNg_IFNG,Papalexi,0,random,6,3,0.3333333333333333,0.5,0.09950820372660289,0.12812190360349412,0.25192183141764457,0.4349047210065606,4.697559222824977,0.5
Papalexi_IFNg_IFNG,Papalexi,0,fixed_ridge,6,3,0.5,0.3333333333333333,0.05150012080740211,0.1135771876586934,0.13038125768681888,0.38553325951415796,4.790953593739179,0.3333333333333333
Papalexi_IFNg_IFNG,Papalexi,0,greedy_ridge,6,3,0.5,0.3333333333333333,0.05150012080740211,0.1135771876586934,0.13038125768681888,0.38553325951415796,4.790953593739179,0.3333333333333333
Papalexi_IFNg_IFNG,Papalexi,0,linear_ucb,6,3,0.5,0.3333333333333333,0.05150012080740211,0.1135771876586934,0.13038125768681888,0.38553325951415796,4.790953593739179,0.3333333333333333
Papalexi_IFNg_IFNG,Papalexi,0,diversity,6,3,0.3333333333333333,0.16666666666666666,0.04339440093023072,0.0988206304236237,0.1098602582119836,0.33544271116267127,4.832063534302525,0.16666666666666666
Papalexi_IFNg_IFNG,Papalexi,0,extra_trees,6,3,0.16666666666666666,0.16666666666666666,0.023358429732573325,0.07467212583538838,0.05913581169084103,0.2534715699659703,4.60866250614743,0.16666666666666666
Papalexi_IFNg_IFNG,Papalexi,0,gated_random,6,3,0.3333333333333333,0.5,0.09950820372660289,0.12812190360349412,0.25192183141764457,0.4349047210065606,4.697559222824977,0.5
Papalexi_IFNg_IFNG,Papalexi,0,old_controller,6,3,0.3333333333333333,0.16666666666666666,0.04339440093023072,0.0988206304236237,0.1098602582119836,0.33544271116267127,4.832063534302525,0.16666666666666666
Papalexi_IFNg_IFNG,Papalexi,1,random,6,3,0.3333333333333333,0.16666666666666666,-0.016475923262240223,0.05352547822778119,-0.04171158363911338,0.1816901132489969,4.798445009951692,0.3333333333333333
Papalexi_IFNg_IFNG,Papalexi,1,fixed_ridge,6,3,0.5,0.3333333333333333,0.06280710126761108,0.16177538530678798,0.1590067892376195,0.5491401300929367,4.723142251386415,0.5
Papalexi_IFNg_IFNG,Papalexi,1,greedy_ridge,6,3,0.5,0.3333333333333333,0.06280710126761108,0.16177538530678798,0.1590067892376195,0.5491401300929367,4.723142251386415,0.5
Papalexi_IFNg_IFNG,Papalexi,1,linear_ucb,6,3,0.5,0.3333333333333333,0.05674083638099919,0.15232125341077854,0.14364901467363897,0.5170484542830163,4.903381991549414,0.3333333333333333
Papalexi_IFNg_IFNG,Papalexi,1,diversity,6,3,0.3333333333333333,0.16666666666666666,-0.013972704423674188,0.040400061972510955,-0.03537426218586607,0.13713640826925289,4.978794687344998,0.16666666666666666
Papalexi_IFNg_IFNG,Papalexi,1,extra_trees,6,3,0.3333333333333333,0.16666666666666666,-0.027157163126767702,0.036697844519818563,-0.06875294714192513,0.12456937794045209,4.897979394526152,0.16666666666666666
Papalexi_IFNg_IFNG,Papalexi,1,gated_random,6,3,0.3333333333333333,0.16666666666666666,-0.016475923262240223,0.05352547822778119,-0.04171158363911338,0.1816901132489969,4.798445009951692,0.3333333333333333
Papalexi_IFNg_IFNG,Papalexi,1,old_controller,6,3,0.3333333333333333,0.16666666666666666,-0.013972704423674188,0.040400061972510955,-0.03537426218586607,0.13713640826925289,4.978794687344998,0.16666666666666666
Papalexi_IFNg_IFNG,Papalexi,2,random,6,3,0.0,0.16666666666666666,-0.06018921900719059,-0.012634663444625728,-0.1523791779575198,-0.042887864025202366,4.585570068659044,0.3333333333333333
Papalexi_IFNg_IFNG,Papalexi,2,fixed_ridge,6,3,0.16666666666666666,0.16666666666666666,0.025681954567681322,0.03486815802553395,0.0650182074118312,0.11835857969326917,4.724131000619539,0.16666666666666666
Papalexi_IFNg_IFNG,Papalexi,2,greedy_ridge,6,3,0.16666666666666666,0.16666666666666666,0.025681954567681322,0.03486815802553395,0.0650182074118312,0.11835857969326917,4.724131000619539,0.16666666666666666
Papalexi_IFNg_IFNG,Papalexi,2,linear_ucb,6,3,0.16666666666666666,0.0,-0.032056305909769205,0.010617994448627481,-0.08115595489454443,0.03604236109089162,4.954831269338218,0.0
Papalexi_IFNg_IFNG,Papalexi,2,diversity,6,3,0.3333333333333333,0.16666666666666666,-0.021989088210010683,0.04563631344545618,-0.05566909225182877,0.1549106562464686,5.005829511319952,0.16666666666666666
Papalexi_IFNg_IFNG,Papalexi,2,extra_trees,6,3,0.0,0.0,-0.04684547081920365,0.003513474356046767,-0.11859722475565682,0.011926349371994127,4.521357942958779,0.16666666666666666
Papalexi_IFNg_IFNG,Papalexi,2,gated_random,6,3,0.0,0.16666666666666666,-0.06018921900719059,-0.012634663444625728,-0.1523791779575198,-0.042887864025202366,4.585570068659044,0.3333333333333333
Papalexi_IFNg_IFNG,Papalexi,2,old_controller,6,3,0.3333333333333333,0.16666666666666666,-0.021989088210010683,0.04563631344545618,-0.05566909225182877,0.1549106562464686,5.005829511319952,0.16666666666666666
Papalexi_IFNg_IFNG,Papalexi,3,random,6,3,0.3333333333333333,0.3333333333333333,0.10481307593439487,0.14157052325998418,0.2653520117643353,0.4805555271148585,4.7353975867681815,0.3333333333333333
Papalexi_IFNg_IFNG,Papalexi,3,fixed_ridge,6,3,0.16666666666666666,0.16666666666666666,0.017802294713417544,0.021749158428129967,0.04506951708185463,0.07382665580419451,4.730060287436781,0.16666666666666666
Papalexi_IFNg_IFNG,Papalexi,3,greedy_ridge,6,3,0.16666666666666666,0.16666666666666666,0.017802294713417544,0.021749158428129967,0.04506951708185463,0.07382665580419451,4.730060287436781,0.16666666666666666
Papalexi_IFNg_IFNG,Papalexi,3,linear_ucb,6,3,0.3333333333333333,0.16666666666666666,0.029116655264563765,0.03243274640147876,0.07371373257986073,0.11009167151358946,5.004573710016291,0.16666666666666666
Papalexi_IFNg_IFNG,Papalexi,3,diversity,6,3,0.3333333333333333,0.16666666666666666,0.03538979791028948,0.12595972914593132,0.08959525314672086,0.4275653055531031,5.139999484617845,0.16666666666666666
Papalexi_IFNg_IFNG,Papalexi,3,extra_trees,6,3,0.0,0.0,-0.046845470819203656,0.003513474356046767,-0.11859722475565683,0.011926349371994127,4.52135794295878,0.16666666666666666
Papalexi_IFNg_IFNG,Papalexi,3,gated_random,6,3,0.3333333333333333,0.3333333333333333,0.10481307593439487,0.14157052325998418,0.2653520117643353,0.4805555271148585,4.7353975867681815,0.3333333333333333
Papalexi_IFNg_IFNG,Papalexi,3,old_controller,6,3,0.3333333333333333,0.16666666666666666,0.03538979791028948,0.12595972914593132,0.08959525314672086,0.4275653055531031,5.139999484617845,0.16666666666666666
Papalexi_IFNg_IFNG,Papalexi,4,random,6,3,0.3333333333333333,0.3333333333333333,-0.021338773317605794,0.04571750744661413,-0.054022710219419415,0.1551862660635869,4.901892870016845,0.3333333333333333
Papalexi_IFNg_IFNG,Papalexi,4,fixed_ridge,6,3,0.16666666666666666,0.3333333333333333,0.01455177079249081,0.09630612820673541,0.03684026654210437,0.32690733310201975,4.519774738442602,0.5
Papalexi_IFNg_IFNG,Papalexi,4,greedy_ridge,6,3,0.16666666666666666,0.3333333333333333,0.01455177079249081,0.09630612820673541,0.03684026654210437,0.32690733310201975,4.519774738442602,0.5
Papalexi_IFNg_IFNG,Papalexi,4,linear_ucb,6,3,0.3333333333333333,0.3333333333333333,0.04350545248679308,0.13794524608804853,0.11014140399156007,0.46824966751795877,4.8687646958957815,0.3333333333333333
Papalexi_IFNg_IFNG,Papalexi,4,diversity,6,3,0.3333333333333333,0.3333333333333333,-0.018557816896629723,0.05838941660872798,-0.04698224914758868,0.1982005591997943,5.02383361062327,0.3333333333333333
Papalexi_IFNg_IFNG,Papalexi,4,extra_trees,6,3,0.0,0.16666666666666666,-0.049480464392434566,0.006812445623309113,-0.12526815621539725,0.023124576515399307,4.719601782425096,0.16666666666666666
Papalexi_IFNg_IFNG,Papalexi,4,gated_random,6,3,0.3333333333333333,0.3333333333333333,-0.021338773317605794,0.04571750744661413,-0.054022710219419415,0.1551862660635869,4.901892870016845,0.3333333333333333
Papalexi_IFNg_IFNG,Papalexi,4,old_controller,6,3,0.3333333333333333,0.3333333333333333,-0.018557816896629723,0.05838941660872798,-0.04698224914758868,0.1982005591997943,5.02383361062327,0.3333333333333333
Papalexi_IFNg_IFNG,Papalexi,5,random,6,3,0.16666666666666666,0.0,-0.029374433077989263,-0.017841073999387263,-0.07436634067070125,-0.0605608181890088,4.799560815612448,0.0
Papalexi_IFNg_IFNG,Papalexi,5,fixed_ridge,6,3,0.5,0.3333333333333333,0.05953899678759703,0.11627670580287586,0.15073303054199105,0.3946966668030565,4.688903104095709,0.3333333333333333
Papalexi_IFNg_IFNG,Papalexi,5,greedy_ridge,6,3,0.5,0.3333333333333333,0.05953899678759703,0.11627670580287586,0.15073303054199105,0.3946966668030565,4.688903104095709,0.3333333333333333
Papalexi_IFNg_IFNG,Papalexi,5,linear_ucb,6,3,0.5,0.3333333333333333,0.05953899678759703,0.11627670580287586,0.15073303054199105,0.3946966668030565,4.688903104095709,0.3333333333333333
Papalexi_IFNg_IFNG,Papalexi,5,diversity,6,3,0.3333333333333333,0.3333333333333333,0.010627324353678256,0.015281909292296314,0.026904867277110892,0.051873835076490696,4.88592005325424,0.3333333333333333
Papalexi_IFNg_IFNG,Papalexi,5,extra_trees,6,3,0.16666666666666666,0.0,-0.054966820436900606,-0.030001359211083586,-0.13915779355955568,-0.10183842411437662,4.704675557134391,0.0
Papalexi_IFNg_IFNG,Papalexi,5,gated_random,6,3,0.16666666666666666,0.0,-0.029374433077989263,-0.017841073999387263,-0.07436634067070125,-0.0605608181890088,4.799560815612448,0.0
Papalexi_IFNg_IFNG,Papalexi,5,old_controller,6,3,0.3333333333333333,0.3333333333333333,0.010627324353678256,0.015281909292296314,0.026904867277110892,0.051873835076490696,4.88592005325424,0.3333333333333333
Papalexi_IFNg_IFNG,Papalexi,6,random,6,3,0.3333333333333333,0.3333333333333333,0.056824055825551056,0.1501500917196381,0.1438596987589297,0.5096785320215755,4.491337681920431,0.3333333333333333
Papalexi_IFNg_IFNG,Papalexi,6,fixed_ridge,6,3,0.5,0.5,0.1296792824382724,0.17249151525412285,0.32830501511747934,0.5855156082425497,4.54112476213695,0.5
Papalexi_IFNg_IFNG,Papalexi,6,greedy_ridge,6,3,0.5,0.5,0.1296792824382724,0.17249151525412285,0.32830501511747934,0.5855156082425497,4.54112476213695,0.5
Papalexi_IFNg_IFNG,Papalexi,6,linear_ucb,6,3,0.5,0.5,0.1296792824382724,0.17249151525412285,0.32830501511747934,0.5855156082425497,4.54112476213695,0.5
Papalexi_IFNg_IFNG,Papalexi,6,diversity,6,3,0.5,0.5,0.063837989346432,0.17083727962862902,0.16161665659606078,0.579900371011834,4.948465554366131,0.5
Papalexi_IFNg_IFNG,Papalexi,6,extra_trees,6,3,0.3333333333333333,0.3333333333333333,0.04810244517903989,0.1366851751047516,0.12177946773579323,0.4639724065342695,4.542450076344845,0.3333333333333333
Papalexi_IFNg_IFNG,Papalexi,6,gated_random,6,3,0.3333333333333333,0.3333333333333333,0.056824055825551056,0.1501500917196381,0.1438596987589297,0.5096785320215755,4.491337681920431,0.3333333333333333
Papalexi_IFNg_IFNG,Papalexi,6,old_controller,6,3,0.5,0.5,0.063837989346432,0.17083727962862902,0.16161665659606078,0.579900371011834,4.948465554366131,0.5
Papalexi_IFNg_IFNG,Papalexi,7,random,6,3,0.5,0.6666666666666666,0.10154048709868667,0.15161874993092267,0.2570669001645553,0.5146638340789771,4.605357545990631,0.6666666666666666
Papalexi_IFNg_IFNG,Papalexi,7,fixed_ridge,6,3,0.3333333333333333,0.5,0.09639542201339245,0.12392394766259988,0.24404129855072798,0.4206549260384607,4.697624520516839,0.5
Papalexi_IFNg_IFNG,Papalexi,7,greedy_ridge,6,3,0.3333333333333333,0.5,0.09639542201339245,0.12392394766259988,0.24404129855072798,0.4206549260384607,4.697624520516839,0.5
Papalexi_IFNg_IFNG,Papalexi,7,linear_ucb,6,3,0.3333333333333333,0.3333333333333333,0.023811783056771774,0.01898412674498871,0.060283552233169974,0.06444086540529152,4.9667353460730865,0.3333333333333333
Papalexi_IFNg_IFNG,Papalexi,7,diversity,6,3,0.5,0.3333333333333333,0.02731662094679615,0.035882321624896706,0.06915664155656658,0.12180111781384576,4.8649070567115285,0.3333333333333333
Papalexi_IFNg_IFNG,Papalexi,7,extra_trees,6,3,0.16666666666666666,0.16666666666666666,-0.0036060265490086957,-0.015694649360522162,-0.00912926551124201,-0.053274864870549235,4.560675228513355,0.16666666666666666
Papalexi_IFNg_IFNG,Papalexi,7,gated_random,6,3,0.5,0.6666666666666666,0.10154048709868667,0.15161874993092267,0.2570669001645553,0.5146638340789771,4.605357545990631,0.6666666666666666
Papalexi_IFNg_IFNG,Papalexi,7,old_controller,6,3,0.5,0.3333333333333333,0.02731662094679615,0.035882321624896706,0.06915664155656658,0.12180111781384576,4.8649070567115285,0.3333333333333333
Papalexi_IFNg_IFNG,Papalexi,8,random,6,3,0.0,0.0,-0.05677371720800111,-0.015729277272732673,-0.1437322580429958,-0.05339240794535055,4.49781689588588,0.16666666666666666
Papalexi_IFNg_IFNG,Papalexi,8,fixed_ridge,6,3,0.16666666666666666,0.16666666666666666,0.029809213825564517,0.03199629777691209,0.07546706159714088,0.10861016396521359,4.376767412242943,0.3333333333333333
Papalexi_IFNg_IFNG,Papalexi,8,greedy_ridge,6,3,0.16666666666666666,0.16666666666666666,0.029809213825564517,0.03199629777691209,0.07546706159714088,0.10861016396521359,4.376767412242943,0.3333333333333333
Papalexi_IFNg_IFNG,Papalexi,8,linear_ucb,6,3,0.16666666666666666,0.16666666666666666,0.024551294266345645,0.04196868879484348,0.06215574981379941,0.1424610498125224,4.6007586424928375,0.3333333333333333
Papalexi_IFNg_IFNG,Papalexi,8,diversity,6,3,0.16666666666666666,0.16666666666666666,-0.03603207926627585,0.030342062151418252,-0.09122129692427762,0.10299492673449787,4.7841082044721235,0.3333333333333333
Papalexi_IFNg_IFNG,Papalexi,8,extra_trees,6,3,0.0,0.0,-0.051767623433667975,-0.0038100423724591573,-0.13105848578454518,-0.01293303774306655,4.378092726450839,0.16666666666666666
Papalexi_IFNg_IFNG,Papalexi,8,gated_random,6,3,0.0,0.0,-0.05677371720800111,-0.015729277272732673,-0.1437322580429958,-0.05339240794535055,4.49781689588588,0.16666666666666666
Papalexi_IFNg_IFNG,Papalexi,8,old_controller,6,3,0.16666666666666666,0.16666666666666666,-0.03603207926627585,0.030342062151418252,-0.09122129692427762,0.10299492673449787,4.7841082044721235,0.3333333333333333
Papalexi_IFNg_IFNG,Papalexi,9,random,6,3,0.3333333333333333,0.3333333333333333,0.06719878128655316,0.10545999347480761,0.17012506925814797,0.357979765750718,4.710363046386977,0.3333333333333333
Papalexi_IFNg_IFNG,Papalexi,9,fixed_ridge,6,3,0.3333333333333333,0.3333333333333333,0.09172382591471001,0.13827980267913625,0.23221436367752846,0.4693853065992996,4.634432399158993,0.3333333333333333
Papalexi_IFNg_IFNG,Papalexi,9,greedy_ridge,6,3,0.3333333333333333,0.3333333333333333,0.09172382591471001,0.13827980267913625,0.23221436367752846,0.4693853065992996,4.634432399158993,0.3333333333333333
Papalexi_IFNg_IFNG,Papalexi,9,linear_ucb,6,3,0.5,0.3333333333333333,0.10153599320115107,0.14578784478142612,0.2570555231036199,0.4948710577781701,4.8281751684581025,0.3333333333333333
Papalexi_IFNg_IFNG,Papalexi,9,diversity,6,3,0.6666666666666666,0.5,0.11310540416561475,0.18398170964931373,0.28634544181825017,0.6245186174642715,4.959944063720236,0.5
Papalexi_IFNg_IFNG,Papalexi,9,extra_trees,6,3,0.3333333333333333,0.3333333333333333,0.08218275666980991,0.13240473866389488,0.20805953475044162,0.44944263477987656,4.655712235522063,0.3333333333333333
Papalexi_IFNg_IFNG,Papalexi,9,gated_random,6,3,0.3333333333333333,0.3333333333333333,0.06719878128655316,0.10545999347480761,0.17012506925814797,0.357979765750718,4.710363046386977,0.3333333333333333
Papalexi_IFNg_IFNG,Papalexi,9,old_controller,6,3,0.6666666666666666,0.5,0.11310540416561475,0.18398170964931373,0.28634544181825017,0.6245186174642715,4.959944063720236,0.5
Papalexi_IFNg_IFNG,Papalexi,10,random,6,3,0.16666666666666666,0.16666666666666666,-0.026159184729141385,0.027743172945440025,-0.06622639620210494,0.09417310038581335,4.640822329810768,0.3333333333333333
Papalexi_IFNg_IFNG,Papalexi,10,fixed_ridge,6,3,0.16666666666666666,0.3333333333333333,0.025508786795299252,0.0419998977125542,0.06457980393626588,0.14256698724607708,4.5593818621091335,0.5
Papalexi_IFNg_IFNG,Papalexi,10,greedy_ridge,6,3,0.16666666666666666,0.3333333333333333,0.025508786795299252,0.0419998977125542,0.06457980393626588,0.14256698724607708,4.5593818621091335,0.5
Papalexi_IFNg_IFNG,Papalexi,10,linear_ucb,6,3,0.3333333333333333,0.3333333333333333,0.042659477628147674,0.13706002215678317,0.1079996756943759,0.46524480998753415,4.882967864357,0.5
Papalexi_IFNg_IFNG,Papalexi,10,diversity,6,3,0.3333333333333333,0.3333333333333333,0.030977212189759327,0.13653335057514973,0.07842404681023146,0.4634570441892579,4.882923224818553,0.5
Papalexi_IFNg_IFNG,Papalexi,10,extra_trees,6,3,0.0,0.16666666666666666,-0.056068050463933226,0.006193557563182957,-0.14194574344542016,0.021023785537796966,4.560707176317028,0.3333333333333333
Papalexi_IFNg_IFNG,Papalexi,10,gated_random,6,3,0.16666666666666666,0.16666666666666666,-0.026159184729141385,0.027743172945440025,-0.06622639620210494,0.09417310038581335,4.640822329810768,0.3333333333333333
Papalexi_IFNg_IFNG,Papalexi,10,old_controller,6,3,0.3333333333333333,0.3333333333333333,0.030977212189759327,0.13653335057514973,0.07842404681023146,0.4634570441892579,4.882923224818553,0.5
Papalexi_IFNg_IFNG,Papalexi,11,random,6,3,0.16666666666666666,0.16666666666666666,-0.029159807752086916,0.02297519551096951,-0.07382298039340711,0.07798839006242236,5.080578337168111,0.16666666666666666
Papalexi_IFNg_IFNG,Papalexi,11,fixed_ridge,6,3,0.3333333333333333,0.3333333333333333,-0.026773206893910332,0.0459338582343061,-0.06778089706220101,0.15592066023284556,4.791354956366962,0.3333333333333333
Papalexi_IFNg_IFNG,Papalexi,11,greedy_ridge,6,3,0.3333333333333333,0.3333333333333333,-0.026773206893910332,0.0459338582343061,-0.06778089706220101,0.15592066023284556,4.791354956366962,0.3333333333333333
Papalexi_IFNg_IFNG,Papalexi,11,linear_ucb,6,3,0.3333333333333333,0.3333333333333333,-0.02527101362920517,0.04910940410536504,-0.06397784099028639,0.16669992476337006,4.872125609647362,0.3333333333333333
Papalexi_IFNg_IFNG,Papalexi,11,diversity,6,3,0.3333333333333333,0.3333333333333333,0.024910947303147444,0.12707921867914027,0.06306627224625092,0.43136536837933737,5.063162964981552,0.3333333333333333
Papalexi_IFNg_IFNG,Papalexi,11,extra_trees,6,3,0.16666666666666666,0.16666666666666666,-0.04360053741759289,0.017712384384349866,-0.1103821275601728,0.0601239863940529,4.883577291354722,0.16666666666666666
Papalexi_IFNg_IFNG,Papalexi,11,gated_random,6,3,0.16666666666666666,0.16666666666666666,-0.029159807752086916,0.02297519551096951,-0.07382298039340711,0.07798839006242236,5.080578337168111,0.16666666666666666
Papalexi_IFNg_IFNG,Papalexi,11,old_controller,6,3,0.3333333333333333,0.3333333333333333,0.024910947303147444,0.12707921867914027,0.06306627224625092,0.43136536837933737,5.063162964981552,0.3333333333333333
Papalexi_IFNg_IFNG,Papalexi,12,random,6,3,0.16666666666666666,0.16666666666666666,0.03669501535700009,0.09551054426222806,0.0928996316528087,0.3242067549519006,4.638255467311553,0.16666666666666666
Papalexi_IFNg_IFNG,Papalexi,12,fixed_ridge,6,3,0.16666666666666666,0.16666666666666666,0.050400227583985935,0.11295892616026043,0.12759669214518626,0.38343459537537633,4.542434569120615,0.16666666666666666
Papalexi_IFNg_IFNG,Papalexi,12,greedy_ridge,6,3,0.16666666666666666,0.16666666666666666,0.050400227583985935,0.11295892616026043,0.12759669214518626,0.38343459537537633,4.542434569120615,0.16666666666666666
Papalexi_IFNg_IFNG,Papalexi,12,linear_ucb,6,3,0.3333333333333333,0.16666666666666666,0.06299335129140306,0.13313887742466413,0.15947831264310844,0.45193463969045417,4.8581180790261485,0.16666666666666666
Papalexi_IFNg_IFNG,Papalexi,12,diversity,6,3,0.3333333333333333,0.3333333333333333,0.052951313048284536,0.14340881323144544,0.13405519604939473,0.4867955295241399,4.867634754323053,0.3333333333333333
Papalexi_IFNg_IFNG,Papalexi,12,extra_trees,6,3,0.16666666666666666,0.16666666666666666,0.03721576888089242,0.10925670870756804,0.09421800718912718,0.3708675650465755,4.461619276301767,0.16666666666666666
Papalexi_IFNg_IFNG,Papalexi,12,gated_random,6,3,0.16666666666666666,0.16666666666666666,0.03669501535700009,0.09551054426222806,0.0928996316528087,0.3242067549519006,4.638255467311553,0.16666666666666666
Papalexi_IFNg_IFNG,Papalexi,12,old_controller,6,3,0.3333333333333333,0.3333333333333333,0.052951313048284536,0.14340881323144544,0.13405519604939473,0.4867955295241399,4.867634754323053,0.3333333333333333
Papalexi_IFNg_IFNG,Papalexi,13,random,6,3,0.3333333333333333,0.3333333333333333,0.01850698420794204,0.0284009088897003,0.046853557607087475,0.09640575896556536,4.879990766436998,0.3333333333333333
Papalexi_IFNg_IFNG,Papalexi,13,fixed_ridge,6,3,0.5,0.5,0.10648778456237994,0.1628855588285115,0.269591819627937,0.5529085700876174,5.061837650773657,0.5
Papalexi_IFNg_IFNG,Papalexi,13,greedy_ridge,6,3,0.5,0.5,0.10648778456237994,0.1628855588285115,0.269591819627937,0.5529085700876174,5.061837650773657,0.5
Papalexi_IFNg_IFNG,Papalexi,13,linear_ucb,6,3,0.5,0.5,0.10648778456237994,0.1628855588285115,0.269591819627937,0.5529085700876174,5.061837650773657,0.5
Papalexi_IFNg_IFNG,Papalexi,13,diversity,6,3,0.5,0.5,0.09398606052560264,0.16994873984652317,0.23794159283984215,0.5768842579572241,5.031960453173865,0.5
Papalexi_IFNg_IFNG,Papalexi,13,extra_trees,6,3,0.3333333333333333,0.3333333333333333,0.017572423756740087,0.039527136337201146,0.044487559914232394,0.13417329681675078,4.933319732032794,0.3333333333333333
Papalexi_IFNg_IFNG,Papalexi,13,gated_random,6,3,0.3333333333333333,0.3333333333333333,0.01850698420794204,0.0284009088897003,0.046853557607087475,0.09640575896556536,4.879990766436998,0.3333333333333333
Papalexi_IFNg_IFNG,Papalexi,13,old_controller,6,3,0.5,0.5,0.09398606052560264,0.16994873984652317,0.23794159283984215,0.5768842579572241,5.031960453173865,0.5
Papalexi_IFNg_IFNG,Papalexi,14,random,6,3,0.3333333333333333,0.3333333333333333,0.04111692068856294,0.1257459406756647,0.10409443215934168,0.4268396090687341,4.918812446439329,0.3333333333333333
Papalexi_IFNg_IFNG,Papalexi,14,fixed_ridge,6,3,0.3333333333333333,0.16666666666666666,0.05080087793912386,0.11443107416532798,0.12861100621623298,0.3884317433993837,4.5050201611910845,0.3333333333333333
Papalexi_IFNg_IFNG,Papalexi,14,greedy_ridge,6,3,0.3333333333333333,0.16666666666666666,0.05080087793912386,0.11443107416532798,0.12861100621623298,0.3884317433993837,4.5050201611910845,0.3333333333333333
Papalexi_IFNg_IFNG,Papalexi,14,linear_ucb,6,3,0.16666666666666666,0.0,-0.034548411477339315,-0.0032729648096882767,-0.08746514122448043,-0.011109949254476663,4.76056265991936,0.0
Papalexi_IFNg_IFNG,Papalexi,14,diversity,6,3,0.3333333333333333,0.16666666666666666,0.030467645295825168,0.11863621241742539,0.07713399211783252,0.4027059184380425,4.996734268109903,0.16666666666666666
Papalexi_IFNg_IFNG,Papalexi,14,extra_trees,6,3,0.16666666666666666,0.0,-0.03848065178893869,0.00011893184906262265,-0.0974202719953474,0.0004037094453064594,4.730795399549876,0.0
Papalexi_IFNg_IFNG,Papalexi,14,gated_random,6,3,0.3333333333333333,0.3333333333333333,0.04111692068856294,0.1257459406756647,0.10409443215934168,0.4268396090687341,4.918812446439329,0.3333333333333333
Papalexi_IFNg_IFNG,Papalexi,14,old_controller,6,3,0.3333333333333333,0.16666666666666666,0.030467645295825168,0.11863621241742539,0.07713399211783252,0.4027059184380425,4.996734268109903,0.16666666666666666
Papalexi_IFNg_IFNG,Papalexi,15,random,6,3,0.16666666666666666,0.16666666666666666,0.01679784953589081,-0.0017030611640021936,0.04252659439603886,-0.005780973584966957,4.509607473627386,0.16666666666666666
Papalexi_IFNg_IFNG,Papalexi,15,fixed_ridge,6,3,0.16666666666666666,0.3333333333333333,0.03010313818392722,0.058336674576062585,0.07621118077409264,0.19802152846143867,4.855633056061315,0.3333333333333333
Papalexi_IFNg_IFNG,Papalexi,15,greedy_ridge,6,3,0.16666666666666666,0.3333333333333333,0.03010313818392722,0.058336674576062585,0.07621118077409264,0.19802152846143867,4.855633056061315,0.3333333333333333
Papalexi_IFNg_IFNG,Papalexi,15,linear_ucb,6,3,0.16666666666666666,0.3333333333333333,0.030103138183927222,0.05833667457606257,0.07621118077409265,0.1980215284614386,4.855633056061315,0.3333333333333333
Papalexi_IFNg_IFNG,Papalexi,15,diversity,6,3,0.5,0.3333333333333333,0.04872494220922239,0.07332612941354884,0.12335542414966322,0.2489026384885895,5.034292115634956,0.3333333333333333
Papalexi_IFNg_IFNG,Papalexi,15,extra_trees,6,3,0.16666666666666666,0.16666666666666666,0.017802294713417547,0.021749158428129967,0.045069517081854645,0.07382665580419451,4.730060287436781,0.16666666666666666
Papalexi_IFNg_IFNG,Papalexi,15,gated_random,6,3,0.16666666666666666,0.16666666666666666,0.01679784953589081,-0.0017030611640021936,0.04252659439603886,-0.005780973584966957,4.509607473627386,0.16666666666666666
Papalexi_IFNg_IFNG,Papalexi,15,old_controller,6,3,0.5,0.3333333333333333,0.04872494220922239,0.07332612941354884,0.12335542414966322,0.2489026384885895,5.034292115634956,0.3333333333333333
Papalexi_IFNg_IFNG,Papalexi,16,random,6,3,0.5,0.5,0.12669613545253675,0.17749399067024826,0.3207526744672618,0.6024963126654651,4.564983393842606,0.5
Papalexi_IFNg_IFNG,Papalexi,16,fixed_ridge,6,3,0.3333333333333333,0.3333333333333333,0.108897219409132,0.13972616844578983,0.2756917110594311,0.4742949378374258,4.678595502423745,0.3333333333333333
Papalexi_IFNg_IFNG,Papalexi,16,greedy_ridge,6,3,0.3333333333333333,0.3333333333333333,0.108897219409132,0.13972616844578983,0.2756917110594311,0.4742949378374258,4.678595502423745,0.3333333333333333
Papalexi_IFNg_IFNG,Papalexi,16,linear_ucb,6,3,0.5,0.3333333333333333,0.11378723408110873,0.13991069381957374,0.2880716094566342,0.4749213019012356,4.729073055214914,0.3333333333333333
Papalexi_IFNg_IFNG,Papalexi,16,diversity,6,3,0.5,0.3333333333333333,0.11574873190369585,0.16017245558133275,0.29303747262451446,0.543699048705326,4.821181237759993,0.3333333333333333
Papalexi_IFNg_IFNG,Papalexi,16,extra_trees,6,3,0.3333333333333333,0.3333333333333333,0.0957127607060385,0.13602395099309744,0.24231302610337202,0.461727907508625,4.597780209604898,0.3333333333333333
Papalexi_IFNg_IFNG,Papalexi,16,gated_random,6,3,0.5,0.5,0.12669613545253675,0.17749399067024826,0.3207526744672618,0.6024963126654651,4.564983393842606,0.5
Papalexi_IFNg_IFNG,Papalexi,16,old_controller,6,3,0.5,0.3333333333333333,0.11574873190369585,0.16017245558133275,0.29303747262451446,0.543699048705326,4.821181237759993,0.3333333333333333
Papalexi_IFNg_IFNG,Papalexi,17,random,6,3,0.3333333333333333,0.16666666666666666,0.05263489649606339,0.1091326668151673,0.13325413408323347,0.3704465097618006,4.463784776173198,0.3333333333333333
Papalexi_IFNg_IFNG,Papalexi,17,fixed_ridge,6,3,0.3333333333333333,0.16666666666666666,-0.02165332126525613,0.02834040569901886,-0.05481904149737564,0.09620038328409912,4.638573064562116,0.16666666666666666
Papalexi_IFNg_IFNG,Papalexi,17,greedy_ridge,6,3,0.3333333333333333,0.16666666666666666,-0.02165332126525613,0.02834040569901886,-0.05481904149737564,0.09620038328409912,4.638573064562116,0.16666666666666666
Papalexi_IFNg_IFNG,Papalexi,17,linear_ucb,6,3,0.3333333333333333,0.16666666666666666,-0.026911240824475005,0.03831279671695025,-0.06813035328071712,0.13005126913140794,4.862564294812011,0.16666666666666666
Papalexi_IFNg_IFNG,Papalexi,17,diversity,6,3,0.16666666666666666,0.16666666666666666,-0.04084207319047527,0.02244852392933605,-0.10339860927755155,0.07620062426414603,5.080533697629664,0.16666666666666666
Papalexi_IFNg_IFNG,Papalexi,17,extra_trees,6,3,0.16666666666666666,0.0,-0.03848065178893869,0.0001189318490626215,-0.0974202719953474,0.0004037094453064555,4.730795399549877,0.0
Papalexi_IFNg_IFNG,Papalexi,17,gated_random,6,3,0.3333333333333333,0.16666666666666666,0.05263489649606339,0.1091326668151673,0.13325413408323347,0.3704465097618006,4.463784776173198,0.3333333333333333
Papalexi_IFNg_IFNG,Papalexi,17,old_controller,6,3,0.16666666666666666,0.16666666666666666,-0.04084207319047527,0.02244852392933605,-0.10339860927755155,0.07620062426414603,5.080533697629664,0.16666666666666666
Papalexi_IFNg_IFNG,Papalexi,18,random,6,3,0.3333333333333333,0.16666666666666666,0.03063697620278019,0.08705595662155614,0.0775626819202625,0.2955079924790047,4.6090923083950495,0.16666666666666666
Papalexi_IFNg_IFNG,Papalexi,18,fixed_ridge,6,3,0.3333333333333333,0.16666666666666666,0.034385352732762754,0.10250750955379917,0.0870523304609051,0.34795767616394174,4.91954667080845,0.16666666666666666
Papalexi_IFNg_IFNG,Papalexi,18,greedy_ridge,6,3,0.3333333333333333,0.16666666666666666,0.034385352732762754,0.10250750955379917,0.0870523304609051,0.34795767616394174,4.91954667080845,0.16666666666666666
Papalexi_IFNg_IFNG,Papalexi,18,linear_ucb,6,3,0.3333333333333333,0.16666666666666666,0.034385352732762754,0.10250750955379917,0.0870523304609051,0.34795767616394174,4.91954667080845,0.16666666666666666
Papalexi_IFNg_IFNG,Papalexi,18,diversity,6,3,0.3333333333333333,0.3333333333333333,0.03855471056412292,0.14786765202253271,0.09760776429827571,0.501930880981704,5.155315787065079,0.3333333333333333
Papalexi_IFNg_IFNG,Papalexi,18,extra_trees,6,3,0.3333333333333333,0.16666666666666666,0.027709181068707543,0.11390007287243921,0.07015047383521128,0.3866292805679494,4.7997778618349605,0.16666666666666666
Papalexi_IFNg_IFNG,Papalexi,18,gated_random,6,3,0.3333333333333333,0.16666666666666666,0.03063697620278019,0.08705595662155614,0.0775626819202625,0.2955079924790047,4.6090923083950495,0.16666666666666666
Papalexi_IFNg_IFNG,Papalexi,18,old_controller,6,3,0.3333333333333333,0.3333333333333333,0.03855471056412292,0.14786765202253271,0.09760776429827571,0.501930880981704,5.155315787065079,0.3333333333333333
Papalexi_IFNg_IFNG,Papalexi,19,random,6,3,0.5,0.5,0.12632545284915633,0.2702323394016853,0.3198142288233748,0.9172929598217037,4.784421311685719,0.5
Papalexi_IFNg_IFNG,Papalexi,19,fixed_ridge,6,3,0.6666666666666666,0.6666666666666666,0.19275633358270816,0.2820747003366052,0.4879952280811214,0.9574913843970928,4.6101725221138965,0.6666666666666666
Papalexi_IFNg_IFNG,Papalexi,19,greedy_ridge,6,3,0.6666666666666666,0.6666666666666666,0.19275633358270816,0.2820747003366052,0.4879952280811214,0.9574913843970928,4.6101725221138965,0.6666666666666666
Papalexi_IFNg_IFNG,Papalexi,19,linear_ucb,6,3,0.6666666666666666,0.6666666666666666,0.19275633358270816,0.2820747003366052,0.4879952280811214,0.9574913843970928,4.6101725221138965,0.6666666666666666
Papalexi_IFNg_IFNG,Papalexi,19,diversity,6,3,0.6666666666666666,0.6666666666666666,0.1269150404908678,0.2804204647111113,0.3213068695597029,0.9518761471663769,5.017513314343078,0.6666666666666666
Papalexi_IFNg_IFNG,Papalexi,19,extra_trees,6,3,0.5,0.5,0.1111794963234757,0.24626836018723394,0.28146968069943534,0.8359481826888125,4.611497836321791,0.5
Papalexi_IFNg_IFNG,Papalexi,19,gated_random,6,3,0.5,0.5,0.12632545284915633,0.2702323394016853,0.3198142288233748,0.9172929598217037,4.784421311685719,0.5
Papalexi_IFNg_IFNG,Papalexi,19,old_controller,6,3,0.6666666666666666,0.6666666666666666,0.1269150404908678,0.2804204647111113,0.3213068695597029,0.9518761471663769,5.017513314343078,0.6666666666666666
Papalexi_IFNg_IFNG,Papalexi,20,random,6,3,0.3333333333333333,0.16666666666666666,-0.0060499287862643344,0.052491556135487394,-0.015316416965675542,0.17818050570770455,4.682303896495598,0.3333333333333333
Papalexi_IFNg_IFNG,Papalexi,20,fixed_ridge,6,3,0.16666666666666666,0.16666666666666666,-0.026405107031434078,0.02612822074830834,-0.06684899006331295,0.08869120919485751,4.676237429524909,0.3333333333333333
Papalexi_IFNg_IFNG,Papalexi,20,greedy_ridge,6,3,0.16666666666666666,0.16666666666666666,-0.026405107031434078,0.02612822074830834,-0.06684899006331295,0.08869120919485751,4.676237429524909,0.3333333333333333
Papalexi_IFNg_IFNG,Papalexi,20,linear_ucb,6,3,0.16666666666666666,0.16666666666666666,-0.02191976678099328,0.02430129120324188,-0.05549359334118083,0.0824897693024666,4.733149451099654,0.3333333333333333
Papalexi_IFNg_IFNG,Papalexi,20,diversity,6,3,0.16666666666666666,0.16666666666666666,-0.027177686340212153,0.034273682221173274,-0.0688049051245223,0.11634065514977542,4.957140681349548,0.3333333333333333
Papalexi_IFNg_IFNG,Papalexi,20,extra_trees,6,3,0.16666666666666666,0.0,-0.03802321583562753,0.0003061030710797986,-0.09626219558758671,0.0010390547360208016,4.601602756119431,0.16666666666666666
Papalexi_IFNg_IFNG,Papalexi,20,gated_random,6,3,0.3333333333333333,0.16666666666666666,-0.0060499287862643344,0.052491556135487394,-0.015316416965675542,0.17818050570770455,4.682303896495598,0.3333333333333333
Papalexi_IFNg_IFNG,Papalexi,20,old_controller,6,3,0.16666666666666666,0.16666666666666666,-0.027177686340212153,0.034273682221173274,-0.0688049051245223,0.11634065514977542,4.957140681349548,0.3333333333333333
Papalexi_IFNg_IFNG,Papalexi,21,random,6,3,0.16666666666666666,0.16666666666666666,-0.01922080008820853,0.03917060589517163,-0.04866070311989163,0.13296306836977845,4.524041524602491,0.3333333333333333
Papalexi_IFNg_IFNG,Papalexi,21,fixed_ridge,6,3,0.3333333333333333,0.16666666666666666,-0.016605557989715025,0.04432504687076156,-0.04203977585581248,0.15045961385798168,4.774651675937898,0.3333333333333333
Papalexi_IFNg_IFNG,Papalexi,21,greedy_ridge,6,3,0.3333333333333333,0.16666666666666666,-0.016605557989715025,0.04432504687076156,-0.04203977585581248,0.15045961385798168,4.774651675937898,0.3333333333333333
Papalexi_IFNg_IFNG,Papalexi,21,linear_ucb,6,3,0.3333333333333333,0.3333333333333333,-0.020223250353664065,0.06509404527710773,-0.05119857534872323,0.22095915533725258,5.008204221023144,0.5
Papalexi_IFNg_IFNG,Papalexi,21,diversity,6,3,0.5,0.5,0.0527266953279062,0.17207834115361187,0.13348653833709156,0.5841131051431112,4.933966106338734,0.6666666666666666
Papalexi_IFNg_IFNG,Papalexi,21,extra_trees,6,3,0.16666666666666666,0.16666666666666666,-0.03595879452105618,0.03094194075323033,-0.09103576420899076,0.10503119085968818,4.602188743001858,0.3333333333333333
Papalexi_IFNg_IFNG,Papalexi,21,gated_random,6,3,0.16666666666666666,0.16666666666666666,-0.01922080008820853,0.03917060589517163,-0.04866070311989163,0.13296306836977845,4.524041524602491,0.3333333333333333
Papalexi_IFNg_IFNG,Papalexi,21,old_controller,6,3,0.5,0.5,0.0527266953279062,0.17207834115361187,0.13348653833709156,0.5841131051431112,4.933966106338734,0.6666666666666666
Papalexi_IFNg_IFNG,Papalexi,22,random,6,3,0.3333333333333333,0.5,0.04376050290011055,0.1654555229825874,0.11078710720818427,0.5616322114946654,4.726020168578406,0.5
Papalexi_IFNg_IFNG,Papalexi,22,fixed_ridge,6,3,0.16666666666666666,0.16666666666666666,0.022081079878751592,0.08110850819319354,0.05590198470487764,0.27531961463970295,4.531535292090482,0.16666666666666666
Papalexi_IFNg_IFNG,Papalexi,22,greedy_ridge,6,3,0.16666666666666666,0.16666666666666666,0.022081079878751592,0.08110850819319354,0.05590198470487764,0.27531961463970295,4.531535292090482,0.16666666666666666
Papalexi_IFNg_IFNG,Papalexi,22,linear_ucb,6,3,0.3333333333333333,0.16666666666666666,0.04118249062520702,0.1163832402289297,0.1042604335331651,0.39505829368758927,4.808265285841375,0.16666666666666666
Papalexi_IFNg_IFNG,Papalexi,22,diversity,6,3,0.3333333333333333,0.3333333333333333,0.037564798261257984,0.13715223863527587,0.09510163404025435,0.46555783516686017,5.041817830926621,0.3333333333333333
Papalexi_IFNg_IFNG,Papalexi,22,extra_trees,6,3,0.16666666666666666,0.16666666666666666,0.021829254093865866,0.10300013411139847,0.055264445179986806,0.3496298706892958,4.635802352905335,0.16666666666666666
Papalexi_IFNg_IFNG,Papalexi,22,gated_random,6,3,0.3333333333333333,0.5,0.04376050290011055,0.1654555229825874,0.11078710720818427,0.5616322114946654,4.726020168578406,0.5
Papalexi_IFNg_IFNG,Papalexi,22,old_controller,6,3,0.3333333333333333,0.3333333333333333,0.037564798261257984,0.13715223863527587,0.09510163404025435,0.46555783516686017,5.041817830926621,0.3333333333333333
Papalexi_IFNg_IFNG,Papalexi,23,random,6,3,0.16666666666666666,0.16666666666666666,-0.03696933041320876,0.02918980241752871,-0.0935941065680166,0.09908362676158161,4.7042366252270424,0.16666666666666666
Papalexi_IFNg_IFNG,Papalexi,23,fixed_ridge,6,3,0.3333333333333333,0.16666666666666666,-0.02152771060417934,0.03700153014225565,-0.054501036884700815,0.12560022674292104,4.631386459429956,0.3333333333333333
Papalexi_IFNg_IFNG,Papalexi,23,greedy_ridge,6,3,0.3333333333333333,0.16666666666666666,-0.02152771060417934,0.03700153014225565,-0.054501036884700815,0.12560022674292104,4.631386459429956,0.3333333333333333
Papalexi_IFNg_IFNG,Papalexi,23,linear_ucb,6,3,0.3333333333333333,0.16666666666666666,-0.018872364844280065,0.0410123148611327,-0.04777858042554492,0.1392146764203065,4.76051380516854,0.16666666666666666
Papalexi_IFNg_IFNG,Papalexi,23,diversity,6,3,0.3333333333333333,0.3333333333333333,-0.01597586668659777,0.05336951592347474,-0.040445605924407595,0.18116070539183726,4.886260872998434,0.3333333333333333
Papalexi_IFNg_IFNG,Papalexi,23,extra_trees,6,3,0.16666666666666666,0.16666666666666666,-0.03822560137562122,0.027629208743601464,-0.0967745687787232,0.09378625342201298,4.588050872232501,0.16666666666666666
Papalexi_IFNg_IFNG,Papalexi,23,gated_random,6,3,0.16666666666666666,0.16666666666666666,-0.03696933041320876,0.02918980241752871,-0.0935941065680166,0.09908362676158161,4.7042366252270424,0.16666666666666666
Papalexi_IFNg_IFNG,Papalexi,23,old_controller,6,3,0.3333333333333333,0.3333333333333333,-0.01597586668659777,0.05336951592347474,-0.040445605924407595,0.18116070539183726,4.886260872998434,0.3333333333333333
Papalexi_IFNg_IFNG,Papalexi,24,random,6,3,0.5,0.3333333333333333,0.05142223507739091,0.14398582601875978,0.13018407680111393,0.4887541765487796,4.557148344745547,0.5
Papalexi_IFNg_IFNG,Papalexi,24,fixed_ridge,6,3,0.3333333333333333,0.16666666666666666,0.025305661093693987,0.08799766223535725,0.0640655569009462,0.29870457484097107,4.566383455281524,0.3333333333333333
Papalexi_IFNg_IFNG,Papalexi,24,greedy_ridge,6,3,0.3333333333333333,0.16666666666666666,0.025305661093693987,0.08799766223535725,0.0640655569009462,0.29870457484097107,4.566383455281524,0.3333333333333333
Papalexi_IFNg_IFNG,Papalexi,24,linear_ucb,6,3,0.3333333333333333,0.16666666666666666,0.04145606279690136,0.13541386104194078,0.10495302771070138,0.4596569813630237,4.959759744454845,0.3333333333333333
Papalexi_IFNg_IFNG,Papalexi,24,diversity,6,3,0.3333333333333333,0.3333333333333333,0.03589936480422363,0.14385686730365566,0.09088530783911976,0.48831643130431857,5.026188441326494,0.5
Papalexi_IFNg_IFNG,Papalexi,24,extra_trees,6,3,0.3333333333333333,0.16666666666666666,0.025053835308808257,0.10988928815356215,0.06342801737605536,0.37301483089056386,4.670650516096377,0.3333333333333333
Papalexi_IFNg_IFNG,Papalexi,24,gated_random,6,3,0.5,0.3333333333333333,0.05142223507739091,0.14398582601875978,0.13018407680111393,0.4887541765487796,4.557148344745547,0.5
Papalexi_IFNg_IFNG,Papalexi,24,old_controller,6,3,0.3333333333333333,0.3333333333333333,0.03589936480422363,0.14385686730365566,0.09088530783911976,0.48831643130431857,5.026188441326494,0.5
Papalexi_IFNg_IFNG,Papalexi,25,random,6,3,0.16666666666666666,0.16666666666666666,0.009484636773125365,0.0035288168691858315,0.02401196058951764,0.011978428924425178,4.6256832893916195,0.16666666666666666
Papalexi_IFNg_IFNG,Papalexi,25,fixed_ridge,6,3,0.16666666666666666,0.16666666666666666,0.019741300342146235,0.03407515057276128,0.0499784374605255,0.11566674734217057,4.897184135650378,0.16666666666666666
Papalexi_IFNg_IFNG,Papalexi,25,greedy_ridge,6,3,0.16666666666666666,0.16666666666666666,0.019741300342146235,0.03407515057276128,0.0499784374605255,0.11566674734217057,4.897184135650378,0.16666666666666666
Papalexi_IFNg_IFNG,Papalexi,25,linear_ucb,6,3,0.3333333333333333,0.16666666666666666,0.02955346762858729,0.04158319267505114,0.07481959688661696,0.14115249852104103,5.090926904949488,0.16666666666666666
Papalexi_IFNg_IFNG,Papalexi,25,diversity,6,3,0.5,0.3333333333333333,0.0908211478717692,0.1480408169699218,0.2299290816882873,0.5025186825286233,5.0166441507266315,0.3333333333333333
Papalexi_IFNg_IFNG,Papalexi,25,extra_trees,6,3,0.16666666666666666,0.16666666666666666,0.01249749586458781,0.03116594057284156,0.03163952245577214,0.10579154936446834,4.643315707800692,0.16666666666666666
Papalexi_IFNg_IFNG,Papalexi,25,gated_random,6,3,0.16666666666666666,0.16666666666666666,0.009484636773125365,0.0035288168691858315,0.02401196058951764,0.011978428924425178,4.6256832893916195,0.16666666666666666
Papalexi_IFNg_IFNG,Papalexi,25,old_controller,6,3,0.5,0.3333333333333333,0.0908211478717692,0.1480408169699218,0.2299290816882873,0.5025186825286233,5.0166441507266315,0.3333333333333333
Papalexi_IFNg_IFNG,Papalexi,26,random,6,3,0.6666666666666666,0.5,0.13772965804276438,0.26200506743146507,0.3486859012146259,0.8893658113777733,4.727093387221534,0.5
Papalexi_IFNg_IFNG,Papalexi,26,fixed_ridge,6,3,0.3333333333333333,0.16666666666666666,0.05835588411962902,0.11782960599558329,0.14773778091506773,0.39996792492571553,4.8524283891061275,0.16666666666666666
Papalexi_IFNg_IFNG,Papalexi,26,greedy_ridge,6,3,0.3333333333333333,0.16666666666666666,0.05835588411962902,0.11782960599558329,0.14773778091506773,0.39996792492571553,4.8524283891061275,0.16666666666666666
Papalexi_IFNg_IFNG,Papalexi,26,linear_ucb,6,3,0.3333333333333333,0.16666666666666666,0.05835588411962902,0.11782960599558329,0.14773778091506773,0.39996792492571553,4.8524283891061275,0.16666666666666666
Papalexi_IFNg_IFNG,Papalexi,26,diversity,6,3,0.5,0.3333333333333333,0.12158506218539807,0.24454899205221295,0.3078131288846184,0.8301118557373882,4.87025381742835,0.3333333333333333
Papalexi_IFNg_IFNG,Papalexi,26,extra_trees,6,3,0.3333333333333333,0.16666666666666666,0.045171425416535495,0.1141273885428909,0.11435909595900863,0.38740089459691474,4.77161309628728,0.16666666666666666
Papalexi_IFNg_IFNG,Papalexi,26,gated_random,6,3,0.6666666666666666,0.5,0.13772965804276438,0.26200506743146507,0.3486859012146259,0.8893658113777733,4.727093387221534,0.5
Papalexi_IFNg_IFNG,Papalexi,26,old_controller,6,3,0.5,0.3333333333333333,0.12158506218539807,0.24454899205221295,0.3078131288846184,0.8301118557373882,4.87025381742835,0.3333333333333333
Papalexi_IFNg_IFNG,Papalexi,27,random,6,3,0.16666666666666666,0.16666666666666666,0.04223313017876538,0.11699172230791843,0.1069203050872677,0.3971237619748781,4.584734598019367,0.16666666666666666
Papalexi_IFNg_IFNG,Papalexi,27,fixed_ridge,6,3,0.3333333333333333,0.3333333333333333,0.03495427891085872,0.05969110004523487,0.0884926632109682,0.20261907200572993,4.284500437716736,0.5
Papalexi_IFNg_IFNG,Papalexi,27,greedy_ridge,6,3,0.3333333333333333,0.3333333333333333,0.03495427891085872,0.05969110004523487,0.0884926632109682,0.20261907200572993,4.284500437716736,0.5
Papalexi_IFNg_IFNG,Papalexi,27,linear_ucb,6,3,0.16666666666666666,0.16666666666666666,-0.032159336489009344,0.03708334063961092,-0.08141679421474268,0.12587792923193347,4.407811132069502,0.3333333333333333
Papalexi_IFNg_IFNG,Papalexi,27,diversity,6,3,0.16666666666666666,0.16666666666666666,-0.03405946817269279,0.023587448399591246,-0.08622729863308597,0.08006665821347593,4.862297454991652,0.16666666666666666
Papalexi_IFNg_IFNG,Papalexi,27,extra_trees,6,3,0.0,0.0,-0.05176762343366797,-0.003810042372459158,-0.13105848578454515,-0.012933037743066554,4.378092726450838,0.16666666666666666
Papalexi_IFNg_IFNG,Papalexi,27,gated_random,6,3,0.16666666666666666,0.16666666666666666,0.04223313017876538,0.11699172230791843,0.1069203050872677,0.3971237619748781,4.584734598019367,0.16666666666666666
Papalexi_IFNg_IFNG,Papalexi,27,old_controller,6,3,0.16666666666666666,0.16666666666666666,-0.03405946817269279,0.023587448399591246,-0.08622729863308597,0.08006665821347593,4.862297454991652,0.16666666666666666
Papalexi_IFNg_IFNG,Papalexi,28,random,6,3,0.16666666666666666,0.16666666666666666,-0.041846518368001996,-0.0010036956627961138,-0.10594153196336731,-0.0034070051250154406,4.860080883820269,0.16666666666666666
Papalexi_IFNg_IFNG,Papalexi,28,fixed_ridge,6,3,0.5,0.3333333333333333,0.053797385574743777,0.11654304167401504,0.13619717160915235,0.3956007333558787,4.515805329526422,0.3333333333333333
Papalexi_IFNg_IFNG,Papalexi,28,greedy_ridge,6,3,0.5,0.3333333333333333,0.053797385574743777,0.11654304167401504,0.13619717160915235,0.3956007333558787,4.515805329526422,0.3333333333333333
Papalexi_IFNg_IFNG,Papalexi,28,linear_ucb,6,3,0.5,0.3333333333333333,0.06022173145391326,0.12704210427357993,0.15246148870995532,0.4312393850014639,4.739841199314763,0.3333333333333333
Papalexi_IFNg_IFNG,Papalexi,28,diversity,6,3,0.16666666666666666,0.16666666666666666,-0.04412129094148524,0.0039662199390098915,-0.1117005030964913,0.013463176299377997,5.060213482364508,0.16666666666666666
Papalexi_IFNg_IFNG,Papalexi,28,extra_trees,6,3,0.16666666666666666,0.0,-0.05496682043690062,-0.030001359211083586,-0.13915779355955574,-0.10183842411437662,4.704675557134391,0.0
Papalexi_IFNg_IFNG,Papalexi,28,gated_random,6,3,0.16666666666666666,0.16666666666666666,-0.041846518368001996,-0.0010036956627961138,-0.10594153196336731,-0.0034070051250154406,4.860080883820269,0.16666666666666666
Papalexi_IFNg_IFNG,Papalexi,28,old_controller,6,3,0.16666666666666666,0.16666666666666666,-0.04412129094148524,0.0039662199390098915,-0.1117005030964913,0.013463176299377997,5.060213482364508,0.16666666666666666
Papalexi_IFNg_IFNG,Papalexi,29,random,6,3,0.5,0.3333333333333333,0.08913396802792624,0.11382319890708557,0.22565770083450726,0.3863683349410544,4.7452532416981805,0.3333333333333333
Papalexi_IFNg_IFNG,Papalexi,29,fixed_ridge,6,3,0.3333333333333333,0.3333333333333333,0.10001311437734149,0.1031549492562537,0.25320009804363874,0.35015538455918976,4.464071975431593,0.3333333333333333
Papalexi_IFNg_IFNG,Papalexi,29,greedy_ridge,6,3,0.3333333333333333,0.3333333333333333,0.10001311437734149,0.1031549492562537,0.25320009804363874,0.35015538455918976,4.464071975431593,0.3333333333333333
Papalexi_IFNg_IFNG,Papalexi,29,linear_ucb,6,3,0.3333333333333333,0.16666666666666666,0.027429475420720814,-0.0017848716613574668,0.06944235172608072,-0.006058676073979403,4.733182800987841,0.16666666666666666
Papalexi_IFNg_IFNG,Papalexi,29,diversity,6,3,0.5,0.3333333333333333,0.025814427682090985,0.03270677575383777,0.06535358548465194,0.11102185328332126,4.784136403431128,0.3333333333333333
Papalexi_IFNg_IFNG,Papalexi,29,extra_trees,6,3,0.16666666666666666,0.16666666666666666,-0.004425485147397639,-0.00810479676087703,-0.0112038634151924,-0.027511411202666307,4.530842670452009,0.16666666666666666
Papalexi_IFNg_IFNG,Papalexi,29,gated_random,6,3,0.5,0.3333333333333333,0.08913396802792624,0.11382319890708557,0.22565770083450726,0.3863683349410544,4.7452532416981805,0.3333333333333333
Papalexi_IFNg_IFNG,Papalexi,29,old_controller,6,3,0.5,0.3333333333333333,0.025814427682090985,0.03270677575383777,0.06535358548465194,0.11102185328332126,4.784136403431128,0.3333333333333333
Papalexi_IFNg_TNFA,Papalexi,0,random,6,3,0.16666666666666666,0.3333333333333333,-0.016805429478806092,0.020741933013882812,-0.09367520446154527,0.13191902075628853,4.697559222824977,0.16666666666666666
Papalexi_IFNg_TNFA,Papalexi,0,fixed_ridge,6,3,0.3333333333333333,0.3333333333333333,-0.004407890583938614,0.01580179514984816,-0.024570038642291465,0.10049966610943256,4.759865234374172,0.3333333333333333
Papalexi_IFNg_TNFA,Papalexi,0,greedy_ridge,6,3,0.3333333333333333,0.3333333333333333,-0.004407890583938614,0.01580179514984816,-0.024570038642291465,0.10049966610943256,4.759865234374172,0.3333333333333333
Papalexi_IFNg_TNFA,Papalexi,0,linear_ucb,6,3,0.3333333333333333,0.3333333333333333,-0.015707946181479398,0.01086033846695091,-0.08755771889535593,0.06907192375383256,4.790953593739179,0.3333333333333333
Papalexi_IFNg_TNFA,Papalexi,0,diversity,6,3,0.3333333333333333,0.3333333333333333,0.002049780343303994,0.028327571306987504,0.011425687930344956,0.18016379981174116,4.832063534302525,0.3333333333333333
Papalexi_IFNg_TNFA,Papalexi,0,extra_trees,6,3,0.16666666666666666,0.16666666666666666,-0.02917018452485376,-0.0026992538453771615,-0.16259762971203795,-0.017167296983192023,4.60866250614743,0.16666666666666666
Papalexi_IFNg_TNFA,Papalexi,0,gated_random,6,3,0.16666666666666666,0.3333333333333333,-0.016805429478806092,0.020741933013882812,-0.09367520446154527,0.13191902075628853,4.697559222824977,0.16666666666666666
Papalexi_IFNg_TNFA,Papalexi,0,old_controller,6,3,0.3333333333333333,0.3333333333333333,0.002049780343303994,0.028327571306987504,0.011425687930344956,0.18016379981174116,4.832063534302525,0.3333333333333333
Papalexi_IFNg_TNFA,Papalexi,1,random,6,3,0.16666666666666666,0.16666666666666666,-0.023344814856622487,0.0033419854682058456,-0.1301264158448862,0.0212550802305832,4.798445009951692,0.16666666666666666
Papalexi_IFNg_TNFA,Papalexi,1,fixed_ridge,6,3,0.16666666666666666,0.16666666666666666,-0.02196147844642048,-0.008351839351861871,-0.12241555542158099,-0.053117829860603094,4.896654080318257,0.16666666666666666
Papalexi_IFNg_TNFA,Papalexi,1,greedy_ridge,6,3,0.16666666666666666,0.16666666666666666,-0.02196147844642048,-0.008351839351861871,-0.12241555542158099,-0.053117829860603094,4.896654080318257,0.16666666666666666
Papalexi_IFNg_TNFA,Papalexi,1,linear_ucb,6,3,0.16666666666666666,0.16666666666666666,-0.02196147844642048,-0.008351839351861871,-0.12241555542158099,-0.053117829860603094,4.896654080318257,0.16666666666666666
Papalexi_IFNg_TNFA,Papalexi,1,diversity,6,3,0.16666666666666666,0.16666666666666666,-0.030574984878885814,-0.02852489768124386,-0.17042813238128318,-0.1814187986608776,4.978794687344998,0.16666666666666666
Papalexi_IFNg_TNFA,Papalexi,1,extra_trees,6,3,0.16666666666666666,0.16666666666666666,-0.033419976895336954,-0.007302089257880854,-0.1862864125382184,-0.046441402724129846,4.897979394526152,0.16666666666666666
Papalexi_IFNg_TNFA,Papalexi,1,gated_random,6,3,0.16666666666666666,0.16666666666666666,-0.023344814856622487,0.0033419854682058456,-0.1301264158448862,0.0212550802305832,4.798445009951692,0.16666666666666666
Papalexi_IFNg_TNFA,Papalexi,1,old_controller,6,3,0.16666666666666666,0.16666666666666666,-0.030574984878885814,-0.02852489768124386,-0.17042813238128318,-0.1814187986608776,4.978794687344998,0.16666666666666666
Papalexi_IFNg_TNFA,Papalexi,2,random,6,3,0.0,0.16666666666666666,-0.0634669355222497,-0.04461815983587495,-0.35377127190306246,-0.28377219951277594,4.585570068659044,0.0
Papalexi_IFNg_TNFA,Papalexi,2,fixed_ridge,6,3,0.0,0.0,-0.043407018058910785,-0.04427945208748146,-0.24195521434679382,-0.2816180128966717,4.847441694972305,0.0
Papalexi_IFNg_TNFA,Papalexi,2,greedy_ridge,6,3,0.0,0.0,-0.043407018058910785,-0.04427945208748146,-0.24195521434679382,-0.2816180128966717,4.847441694972305,0.0
Papalexi_IFNg_TNFA,Papalexi,2,linear_ucb,6,3,0.16666666666666666,0.16666666666666666,-0.01973309690441742,-0.005920777022942963,-0.10999432591187257,-0.0376562351474279,5.0411844642714145,0.16666666666666666
Papalexi_IFNg_TNFA,Papalexi,2,diversity,6,3,0.16666666666666666,0.16666666666666666,-0.03366109808006607,-0.009165948724103716,-0.1876304469949394,-0.05829557829430883,5.005829511319952,0.16666666666666666
Papalexi_IFNg_TNFA,Papalexi,2,extra_trees,6,3,0.0,0.0,-0.04580027890745347,-0.03085012423181902,-0.25529549818778585,-0.19620727615634975,4.521357942958779,0.0
Papalexi_IFNg_TNFA,Papalexi,2,gated_random,6,3,0.0,0.16666666666666666,-0.0634669355222497,-0.04461815983587495,-0.35377127190306246,-0.28377219951277594,4.585570068659044,0.0
Papalexi_IFNg_TNFA,Papalexi,2,old_controller,6,3,0.16666666666666666,0.16666666666666666,-0.03366109808006607,-0.009165948724103716,-0.1876304469949394,-0.05829557829430883,5.005829511319952,0.16666666666666666
Papalexi_IFNg_TNFA,Papalexi,3,random,6,3,0.16666666666666666,0.16666666666666666,-0.007310834919578545,0.025692104816464823,-0.04075135102853548,0.16340219141038986,4.7353975867681815,0.16666666666666666
Papalexi_IFNg_TNFA,Papalexi,3,fixed_ridge,6,3,0.0,0.0,-0.04666516880036805,-0.040388205011835446,-0.26011648402796755,-0.25686962018918313,4.730060287436781,0.0
Papalexi_IFNg_TNFA,Papalexi,3,greedy_ridge,6,3,0.0,0.0,-0.04666516880036805,-0.040388205011835446,-0.26011648402796755,-0.25686962018918313,4.730060287436781,0.0
Papalexi_IFNg_TNFA,Papalexi,3,linear_ucb,6,3,0.16666666666666666,0.16666666666666666,-0.02161952557302049,-0.017680566548771662,-0.12050947468902046,-0.11244868180652429,5.07101702233276,0.16666666666666666
Papalexi_IFNg_TNFA,Papalexi,3,diversity,6,3,0.3333333333333333,0.3333333333333333,0.0027488945026517635,0.03259360698277545,0.01532262266215023,0.20729585392090583,5.139999484617845,0.3333333333333333
Papalexi_IFNg_TNFA,Papalexi,3,extra_trees,6,3,0.0,0.0,-0.04580027890745347,-0.03085012423181902,-0.25529549818778585,-0.19620727615634975,4.52135794295878,0.0
Papalexi_IFNg_TNFA,Papalexi,3,gated_random,6,3,0.16666666666666666,0.16666666666666666,-0.007310834919578545,0.025692104816464823,-0.04075135102853548,0.16340219141038986,4.7353975867681815,0.16666666666666666
Papalexi_IFNg_TNFA,Papalexi,3,old_controller,6,3,0.3333333333333333,0.3333333333333333,0.0027488945026517635,0.03259360698277545,0.01532262266215023,0.20729585392090583,5.139999484617845,0.3333333333333333
Papalexi_IFNg_TNFA,Papalexi,4,random,6,3,0.16666666666666666,0.3333333333333333,-0.03148189473150545,0.00026188134556377404,-0.17548334182888903,0.0016655694837115467,4.901892870016845,0.16666666666666666
Papalexi_IFNg_TNFA,Papalexi,4,fixed_ridge,6,3,0.16666666666666666,0.3333333333333333,-0.02880500471195162,0.0019978563034472527,-0.16056207961306676,0.012706397566038781,4.648902084181186,0.16666666666666666
Papalexi_IFNg_TNFA,Papalexi,4,greedy_ridge,6,3,0.16666666666666666,0.3333333333333333,-0.02880500471195162,0.0019978563034472527,-0.16056207961306676,0.012706397566038781,4.648902084181186,0.16666666666666666
Papalexi_IFNg_TNFA,Papalexi,4,linear_ucb,6,3,0.3333333333333333,0.5,0.012547403783728999,0.05074521873966447,0.06994052823134891,0.32274039067234744,4.8687646958957815,0.3333333333333333
Papalexi_IFNg_TNFA,Papalexi,4,diversity,6,3,0.16666666666666666,0.3333333333333333,-0.026469208095969254,0.012383062504782492,-0.14754210735596512,0.07875647262487342,5.02383361062327,0.16666666666666666
Papalexi_IFNg_TNFA,Papalexi,4,extra_trees,6,3,0.0,0.16666666666666666,-0.044944133074879815,-0.013297710966764298,-0.25052325264557107,-0.08457365125331304,4.719601782425096,0.0
Papalexi_IFNg_TNFA,Papalexi,4,gated_random,6,3,0.16666666666666666,0.3333333333333333,-0.03148189473150545,0.00026188134556377404,-0.17548334182888903,0.0016655694837115467,4.901892870016845,0.16666666666666666
Papalexi_IFNg_TNFA,Papalexi,4,old_controller,6,3,0.16666666666666666,0.3333333333333333,-0.026469208095969254,0.012383062504782492,-0.14754210735596512,0.07875647262487342,5.02383361062327,0.16666666666666666
Papalexi_IFNg_TNFA,Papalexi,5,random,6,3,0.16666666666666666,0.16666666666666666,-0.02422715755141526,-0.015907230714466036,-0.13504468541033238,-0.10117023796153368,4.799560815612448,0.16666666666666666
Papalexi_IFNg_TNFA,Papalexi,5,fixed_ridge,6,3,0.3333333333333333,0.3333333333333333,-0.009733947732836722,0.009688190094566597,-0.05425803281263443,0.06161704163833632,4.545637887587767,0.3333333333333333
Papalexi_IFNg_TNFA,Papalexi,5,greedy_ridge,6,3,0.3333333333333333,0.3333333333333333,-0.009733947732836722,0.009688190094566597,-0.05425803281263443,0.06161704163833632,4.545637887587767,0.3333333333333333
Papalexi_IFNg_TNFA,Papalexi,5,linear_ucb,6,3,0.3333333333333333,0.3333333333333333,-0.009733947732836722,0.009688190094566597,-0.05425803281263443,0.06161704163833632,4.545637887587767,0.3333333333333333
Papalexi_IFNg_TNFA,Papalexi,5,diversity,6,3,0.16666666666666666,0.3333333333333333,-0.03658705772680704,0.000288355053745818,-0.20394004910896776,0.0018339426848411368,4.88592005325424,0.16666666666666666
Papalexi_IFNg_TNFA,Papalexi,5,extra_trees,6,3,0.16666666666666666,0.16666666666666666,-0.04142281430228153,-0.02200363449491326,-0.2308950571023735,-0.1399434620536784,4.704675557134391,0.16666666666666666
Papalexi_IFNg_TNFA,Papalexi,5,gated_random,6,3,0.16666666666666666,0.16666666666666666,-0.02422715755141526,-0.015907230714466036,-0.13504468541033238,-0.10117023796153368,4.799560815612448,0.16666666666666666
Papalexi_IFNg_TNFA,Papalexi,5,old_controller,6,3,0.16666666666666666,0.3333333333333333,-0.03658705772680704,0.000288355053745818,-0.20394004910896776,0.0018339426848411368,4.88592005325424,0.16666666666666666
Papalexi_IFNg_TNFA,Papalexi,6,random,6,3,0.16666666666666666,0.16666666666666666,-0.010750463399873594,0.03133828928701197,-0.05992419642173061,0.19931201359839004,4.491337681920431,0.16666666666666666
Papalexi_IFNg_TNFA,Papalexi,6,fixed_ridge,6,3,0.16666666666666666,0.16666666666666666,-0.008094232169875192,0.02366563748546655,-0.04511808843853139,0.15051382725836143,4.54112476213695,0.16666666666666666
Papalexi_IFNg_TNFA,Papalexi,6,greedy_ridge,6,3,0.16666666666666666,0.16666666666666666,-0.008094232169875192,0.02366563748546655,-0.04511808843853139,0.15051382725836143,4.54112476213695,0.16666666666666666
Papalexi_IFNg_TNFA,Papalexi,6,linear_ucb,6,3,0.16666666666666666,0.16666666666666666,-0.008094232169875192,0.02366563748546655,-0.04511808843853139,0.15051382725836143,4.54112476213695,0.16666666666666666
Papalexi_IFNg_TNFA,Papalexi,6,diversity,6,3,0.3333333333333333,0.5,0.00914570789762893,0.07181589557082756,0.05097912304689423,0.45675022728587894,4.948465554366131,0.3333333333333333
Papalexi_IFNg_TNFA,Papalexi,6,extra_trees,6,3,0.16666666666666666,0.16666666666666666,-0.01955273061879166,0.024715387579447565,-0.10898894555516876,0.15719025439483467,4.542450076344845,0.16666666666666666
Papalexi_IFNg_TNFA,Papalexi,6,gated_random,6,3,0.16666666666666666,0.16666666666666666,-0.010750463399873594,0.03133828928701197,-0.05992419642173061,0.19931201359839004,4.491337681920431,0.16666666666666666
Papalexi_IFNg_TNFA,Papalexi,6,old_controller,6,3,0.3333333333333333,0.5,0.00914570789762893,0.07181589557082756,0.05097912304689423,0.45675022728587894,4.948465554366131,0.3333333333333333
Papalexi_IFNg_TNFA,Papalexi,7,random,6,3,0.16666666666666666,0.3333333333333333,-0.03485774569882122,-0.0034365696969580486,-0.19430068475926893,-0.021856637415616442,4.605357545990631,0.16666666666666666
Papalexi_IFNg_TNFA,Papalexi,7,fixed_ridge,6,3,0.3333333333333333,0.3333333333333333,0.0025079479663763942,0.010664907331583854,0.013979561713998856,0.06782897865389148,4.738585398011103,0.3333333333333333
Papalexi_IFNg_TNFA,Papalexi,7,greedy_ridge,6,3,0.3333333333333333,0.3333333333333333,0.0025079479663763942,0.010664907331583854,0.013979561713998856,0.06782897865389148,4.738585398011103,0.3333333333333333
Papalexi_IFNg_TNFA,Papalexi,7,linear_ucb,6,3,0.3333333333333333,0.3333333333333333,0.002507947966376392,0.010664907331583854,0.013979561713998844,0.06782897865389148,4.738585398011103,0.3333333333333333
Papalexi_IFNg_TNFA,Papalexi,7,diversity,6,3,0.16666666666666666,0.16666666666666666,-0.04806679476957074,-0.03508613108582561,-0.26792929234740137,-0.2231483464858826,4.8649070567115285,0.16666666666666666
Papalexi_IFNg_TNFA,Papalexi,7,extra_trees,6,3,0.0,0.0,-0.0665417197484813,-0.0607669045573724,-0.37091043763700726,-0.38647847036406907,4.560675228513355,0.0
Papalexi_IFNg_TNFA,Papalexi,7,gated_random,6,3,0.16666666666666666,0.3333333333333333,-0.03485774569882122,-0.0034365696969580486,-0.19430068475926893,-0.021856637415616442,4.605357545990631,0.16666666666666666
Papalexi_IFNg_TNFA,Papalexi,7,old_controller,6,3,0.16666666666666666,0.16666666666666666,-0.04806679476957074,-0.03508613108582561,-0.26792929234740137,-0.2231483464858826,4.8649070567115285,0.16666666666666666
Papalexi_IFNg_TNFA,Papalexi,8,random,6,3,0.0,0.0,-0.05694782485550089,-0.060661553669186914,-0.31743307385907416,-0.385808437055412,4.49781689588588,0.0
Papalexi_IFNg_TNFA,Papalexi,8,fixed_ridge,6,3,0.16666666666666666,0.16666666666666666,-0.01671408388839223,0.004297149307605557,-0.09316603467987021,0.0273299372977182,4.425795352372853,0.16666666666666666
Papalexi_IFNg_TNFA,Papalexi,8,greedy_ridge,6,3,0.16666666666666666,0.16666666666666666,-0.01671408388839223,0.004297149307605557,-0.09316603467987021,0.0273299372977182,4.425795352372853,0.16666666666666666
Papalexi_IFNg_TNFA,Papalexi,8,linear_ucb,6,3,0.16666666666666666,0.3333333333333333,-0.019299903997958893,0.006260371585702734,-0.10757966378526819,0.039816061916873376,4.7841082044721235,0.16666666666666666
Papalexi_IFNg_TNFA,Papalexi,8,diversity,6,3,0.16666666666666666,0.3333333333333333,-0.019299903997958893,0.006260371585702736,-0.10757966378526819,0.03981606191687338,4.7841082044721235,0.16666666666666666
Papalexi_IFNg_TNFA,Papalexi,8,extra_trees,6,3,0.0,0.0,-0.04799834251437948,-0.040840136405677255,-0.2675477323873312,-0.2597439109741709,4.378092726450839,0.0
Papalexi_IFNg_TNFA,Papalexi,8,gated_random,6,3,0.0,0.0,-0.05694782485550089,-0.060661553669186914,-0.31743307385907416,-0.385808437055412,4.49781689588588,0.0
Papalexi_IFNg_TNFA,Papalexi,8,old_controller,6,3,0.16666666666666666,0.3333333333333333,-0.019299903997958893,0.006260371585702736,-0.10757966378526819,0.03981606191687338,4.7841082044721235,0.16666666666666666
Papalexi_IFNg_TNFA,Papalexi,9,random,6,3,0.16666666666666666,0.16666666666666666,-0.03843388178561775,-0.0038452542635700735,-0.21423443768926395,-0.024455877698071397,4.710363046386977,0.16666666666666666
Papalexi_IFNg_TNFA,Papalexi,9,fixed_ridge,6,3,0.16666666666666666,0.16666666666666666,-0.03026181973004906,0.00497260953790385,-0.16868251740699708,0.03162587500425348,4.608312556743507,0.16666666666666666
Papalexi_IFNg_TNFA,Papalexi,9,greedy_ridge,6,3,0.16666666666666666,0.16666666666666666,-0.03026181973004906,0.00497260953790385,-0.16868251740699708,0.03162587500425348,4.608312556743507,0.16666666666666666
Papalexi_IFNg_TNFA,Papalexi,9,linear_ucb,6,3,0.3333333333333333,0.3333333333333333,0.011090588765631562,0.05371997197412107,0.06182009043741862,0.3416598681105621,4.8281751684581025,0.3333333333333333
Papalexi_IFNg_TNFA,Papalexi,9,diversity,6,3,0.3333333333333333,0.3333333333333333,-0.001024245960266253,0.04617895819939366,-0.005709253064187048,0.2936989016950458,4.959944063720236,0.3333333333333333
Papalexi_IFNg_TNFA,Papalexi,9,extra_trees,6,3,0.16666666666666666,0.16666666666666666,-0.019499170939176812,0.020498184727846865,-0.10869039835379297,0.13036877781685932,4.655712235522063,0.16666666666666666
Papalexi_IFNg_TNFA,Papalexi,9,gated_random,6,3,0.16666666666666666,0.16666666666666666,-0.03843388178561775,-0.0038452542635700735,-0.21423443768926395,-0.024455877698071397,4.710363046386977,0.16666666666666666
Papalexi_IFNg_TNFA,Papalexi,9,old_controller,6,3,0.3333333333333333,0.3333333333333333,-0.001024245960266253,0.04617895819939366,-0.005709253064187048,0.2936989016950458,4.959944063720236,0.3333333333333333
Papalexi_IFNg_TNFA,Papalexi,10,random,6,3,0.16666666666666666,0.3333333333333333,-0.012401110690735094,0.009604530990213148,-0.06912507537935257,0.06108496841660387,4.640822329810768,0.16666666666666666
Papalexi_IFNg_TNFA,Papalexi,10,fixed_ridge,6,3,0.0,0.16666666666666666,-0.039061370417200175,-0.025816203660642956,-0.21773212431101371,-0.16419146201453313,4.5593818621091335,0.0
Papalexi_IFNg_TNFA,Papalexi,10,greedy_ridge,6,3,0.0,0.16666666666666666,-0.039061370417200175,-0.025816203660642956,-0.21773212431101371,-0.16419146201453313,4.5593818621091335,0.0
Papalexi_IFNg_TNFA,Papalexi,10,linear_ucb,6,3,0.16666666666666666,0.3333333333333333,-0.01664367276796049,-0.0014122802158426841,-0.09277355580206897,-0.008982124423155236,4.833895284688643,0.16666666666666666
Papalexi_IFNg_TNFA,Papalexi,10,diversity,6,3,0.3333333333333333,0.5,0.003182087409110298,0.044774755591421155,0.017737284788754634,0.28476815098520714,4.882923224818553,0.3333333333333333
Papalexi_IFNg_TNFA,Papalexi,10,extra_trees,6,3,0.0,0.16666666666666666,-0.050519868866116646,-0.024766453566661944,-0.2816029814276511,-0.1575150348780599,4.560707176317028,0.0
Papalexi_IFNg_TNFA,Papalexi,10,gated_random,6,3,0.16666666666666666,0.3333333333333333,-0.012401110690735094,0.009604530990213148,-0.06912507537935257,0.06108496841660387,4.640822329810768,0.16666666666666666
Papalexi_IFNg_TNFA,Papalexi,10,old_controller,6,3,0.3333333333333333,0.5,0.003182087409110298,0.044774755591421155,0.017737284788754634,0.28476815098520714,4.882923224818553,0.3333333333333333
Papalexi_IFNg_TNFA,Papalexi,11,random,6,3,0.16666666666666666,0.3333333333333333,-0.02035147134137578,-0.007105163161410664,-0.11344120906882611,-0.045188949648019804,5.080578337168111,0.16666666666666666
Papalexi_IFNg_TNFA,Papalexi,11,fixed_ridge,6,3,0.16666666666666666,0.3333333333333333,-0.033334883950093694,0.00537419410913727,-0.18581209564831383,0.034179959204240475,4.791354956366962,0.16666666666666666
Papalexi_IFNg_TNFA,Papalexi,11,greedy_ridge,6,3,0.16666666666666666,0.3333333333333333,-0.033334883950093694,0.00537419410913727,-0.18581209564831383,0.034179959204240475,4.791354956366962,0.16666666666666666
Papalexi_IFNg_TNFA,Papalexi,11,linear_ucb,6,3,0.16666666666666666,0.3333333333333333,-0.034591107455347374,-0.008580557510600958,-0.19281441557429038,-0.05457248095362548,4.872125609647362,0.16666666666666666
Papalexi_IFNg_TNFA,Papalexi,11,diversity,6,3,0.3333333333333333,0.5,-0.0031536567424128603,0.040778157627589656,-0.01757880930800484,0.25934972496906156,5.063162964981552,0.3333333333333333
Papalexi_IFNg_TNFA,Papalexi,11,extra_trees,6,3,0.16666666666666666,0.3333333333333333,-0.024379424644228365,0.01621852524160947,-0.13589343795605108,0.10315007605859378,4.883577291354722,0.16666666666666666
Papalexi_IFNg_TNFA,Papalexi,11,gated_random,6,3,0.16666666666666666,0.3333333333333333,-0.02035147134137578,-0.007105163161410664,-0.11344120906882611,-0.045188949648019804,5.080578337168111,0.16666666666666666
Papalexi_IFNg_TNFA,Papalexi,11,old_controller,6,3,0.3333333333333333,0.5,-0.0031536567424128603,0.040778157627589656,-0.01757880930800484,0.25934972496906156,5.063162964981552,0.3333333333333333
Papalexi_IFNg_TNFA,Papalexi,12,random,6,3,0.16666666666666666,0.16666666666666666,-0.016628499418744388,0.010571124624442452,-0.0926889779820271,0.06723251915893086,4.638255467311553,0.16666666666666666
Papalexi_IFNg_TNFA,Papalexi,12,fixed_ridge,6,3,0.16666666666666666,0.16666666666666666,-0.003962698713093328,0.008838630836902443,-0.022088493045456608,0.05621383137483374,4.542434569120615,0.16666666666666666
Papalexi_IFNg_TNFA,Papalexi,12,greedy_ridge,6,3,0.16666666666666666,0.16666666666666666,-0.003962698713093328,0.008838630836902443,-0.022088493045456608,0.05621383137483374,4.542434569120615,0.16666666666666666
Papalexi_IFNg_TNFA,Papalexi,12,linear_ucb,6,3,0.3333333333333333,0.3333333333333333,0.02662706099171504,0.04206041808317664,0.14842199574575496,0.2675049216685365,4.714897502056654,0.3333333333333333
Papalexi_IFNg_TNFA,Papalexi,12,diversity,6,3,0.3333333333333333,0.5,0.021890747786876125,0.07716194725164545,0.1220212953996712,0.4907512002026258,4.867634754323053,0.3333333333333333
Papalexi_IFNg_TNFA,Papalexi,12,extra_trees,6,3,0.16666666666666666,0.16666666666666666,-0.006807690729544464,0.030061439260265447,-0.03794677320239178,0.19119122731158147,4.461619276301767,0.16666666666666666
Papalexi_IFNg_TNFA,Papalexi,12,gated_random,6,3,0.16666666666666666,0.16666666666666666,-0.016628499418744388,0.010571124624442452,-0.0926889779820271,0.06723251915893086,4.638255467311553,0.16666666666666666
Papalexi_IFNg_TNFA,Papalexi,12,old_controller,6,3,0.3333333333333333,0.5,0.021890747786876125,0.07716194725164545,0.1220212953996712,0.4907512002026258,4.867634754323053,0.3333333333333333
Papalexi_IFNg_TNFA,Papalexi,13,random,6,3,0.16666666666666666,0.3333333333333333,-0.030984310693674327,-0.009505766471475155,-0.17270975686699236,-0.06045682452140077,4.879990766436998,0.16666666666666666
Papalexi_IFNg_TNFA,Papalexi,13,fixed_ridge,6,3,0.16666666666666666,0.3333333333333333,-0.02844412409027695,0.008966197075048124,-0.1585504936512669,0.05702515465923921,4.660857656882036,0.16666666666666666
Papalexi_IFNg_TNFA,Papalexi,13,greedy_ridge,6,3,0.16666666666666666,0.3333333333333333,-0.02844412409027695,0.008966197075048124,-0.1585504936512669,0.05702515465923921,4.660857656882036,0.16666666666666666
Papalexi_IFNg_TNFA,Papalexi,13,linear_ucb,6,3,0.3333333333333333,0.5,-0.00533192751985838,0.04528561898685701,-0.02972071622607276,0.2880172502288034,4.810610772447521,0.3333333333333333
Papalexi_IFNg_TNFA,Papalexi,13,diversity,6,3,0.3333333333333333,0.5,0.006090054853401854,0.05875625386306212,0.03394659650286866,0.37369070027056656,5.031960453173865,0.3333333333333333
Papalexi_IFNg_TNFA,Papalexi,13,extra_trees,6,3,0.16666666666666666,0.3333333333333333,-0.02582440893593478,0.015813930243688833,-0.14394793005576362,0.10057684549744697,4.933319732032794,0.16666666666666666
Papalexi_IFNg_TNFA,Papalexi,13,gated_random,6,3,0.16666666666666666,0.3333333333333333,-0.030984310693674327,-0.009505766471475155,-0.17270975686699236,-0.06045682452140077,4.879990766436998,0.16666666666666666
Papalexi_IFNg_TNFA,Papalexi,13,old_controller,6,3,0.3333333333333333,0.5,0.006090054853401854,0.05875625386306212,0.03394659650286866,0.37369070027056656,5.031960453173865,0.3333333333333333
Papalexi_IFNg_TNFA,Papalexi,14,random,6,3,0.3333333333333333,0.5,0.008092839175513067,0.04993681716208761,0.04511032374368379,0.317598943902637,4.918812446439329,0.3333333333333333
Papalexi_IFNg_TNFA,Papalexi,14,fixed_ridge,6,3,0.16666666666666666,0.16666666666666666,-0.027687099631423406,-0.010338097096488032,-0.15433076091221792,-0.06575046040980509,4.760513805168541,0.16666666666666666
Papalexi_IFNg_TNFA,Papalexi,14,greedy_ridge,6,3,0.16666666666666666,0.16666666666666666,-0.027687099631423406,-0.010338097096488032,-0.15433076091221792,-0.06575046040980509,4.760513805168541,0.16666666666666666
Papalexi_IFNg_TNFA,Papalexi,14,linear_ucb,6,3,0.16666666666666666,0.16666666666666666,-0.02374432696109427,-0.01161494712323455,-0.13235333769287908,-0.07387124669661366,4.730795399549877,0.16666666666666666
Papalexi_IFNg_TNFA,Papalexi,14,diversity,6,3,0.3333333333333333,0.3333333333333333,0.0005508308957257539,0.022603594808917212,0.003070388462604877,0.14375921910308473,4.996734268109903,0.3333333333333333
Papalexi_IFNg_TNFA,Papalexi,14,extra_trees,6,3,0.16666666666666666,0.16666666666666666,-0.02374432696109427,-0.01161494712323455,-0.13235333769287908,-0.07387124669661366,4.730795399549876,0.16666666666666666
Papalexi_IFNg_TNFA,Papalexi,14,gated_random,6,3,0.3333333333333333,0.5,0.008092839175513067,0.04993681716208761,0.04511032374368379,0.317598943902637,4.918812446439329,0.3333333333333333
Papalexi_IFNg_TNFA,Papalexi,14,old_controller,6,3,0.3333333333333333,0.3333333333333333,0.0005508308957257539,0.022603594808917212,0.003070388462604877,0.14375921910308473,4.996734268109903,0.3333333333333333
Papalexi_IFNg_TNFA,Papalexi,15,random,6,3,0.0,0.0,-0.053638237007858434,-0.06141205965343278,-0.29898508842065746,-0.3905816669393955,4.509607473627386,0.0
Papalexi_IFNg_TNFA,Papalexi,15,fixed_ridge,6,3,0.0,0.16666666666666666,-0.045397114568723335,-0.029812801624474444,-0.2530482184077732,-0.18960988803067866,4.739621602272132,0.0
Papalexi_IFNg_TNFA,Papalexi,15,greedy_ridge,6,3,0.0,0.16666666666666666,-0.045397114568723335,-0.029812801624474444,-0.2530482184077732,-0.18960988803067866,4.739621602272132,0.0
Papalexi_IFNg_TNFA,Papalexi,15,linear_ucb,6,3,0.16666666666666666,0.16666666666666666,-0.02108809573109587,-0.019287598924779964,-0.11754722970967987,-0.12266943303664224,4.780582479766396,0.16666666666666666
Papalexi_IFNg_TNFA,Papalexi,15,diversity,6,3,0.16666666666666666,0.16666666666666666,-0.02819024382145749,-0.014707431540288652,-0.15713533873836164,-0.09353949631099667,5.034292115634956,0.16666666666666666
Papalexi_IFNg_TNFA,Papalexi,15,extra_trees,6,3,0.0,0.0,-0.04666516880036805,-0.040388205011835446,-0.26011648402796755,-0.25686962018918313,4.730060287436781,0.0
Papalexi_IFNg_TNFA,Papalexi,15,gated_random,6,3,0.0,0.0,-0.053638237007858434,-0.06141205965343278,-0.29898508842065746,-0.3905816669393955,4.509607473627386,0.0
Papalexi_IFNg_TNFA,Papalexi,15,old_controller,6,3,0.16666666666666666,0.16666666666666666,-0.02819024382145749,-0.014707431540288652,-0.15713533873836164,-0.09353949631099667,5.034292115634956,0.16666666666666666
Papalexi_IFNg_TNFA,Papalexi,16,random,6,3,0.16666666666666666,0.16666666666666666,-0.008479129327050366,0.009379783238041657,-0.047263545056615605,0.05965556917190493,4.564983393842606,0.16666666666666666
Papalexi_IFNg_TNFA,Papalexi,16,fixed_ridge,6,3,0.3333333333333333,0.3333333333333333,0.0032833118846830093,0.032273117738851026,0.01830152049946615,0.2052575372802564,4.780071297196648,0.3333333333333333
Papalexi_IFNg_TNFA,Papalexi,16,greedy_ridge,6,3,0.3333333333333333,0.3333333333333333,0.0032833118846830093,0.032273117738851026,0.01830152049946615,0.2052575372802564,4.780071297196648,0.3333333333333333
Papalexi_IFNg_TNFA,Papalexi,16,linear_ucb,6,3,0.3333333333333333,0.3333333333333333,0.008295998520219203,0.04439429889806975,0.046242754972390054,0.2823484404214183,4.902012037803073,0.3333333333333333
Papalexi_IFNg_TNFA,Papalexi,16,diversity,6,3,0.3333333333333333,0.3333333333333333,0.0210410384094664,0.04974035057888763,0.11728492732516704,0.3163494133381651,4.821181237759993,0.3333333333333333
Papalexi_IFNg_TNFA,Papalexi,16,extra_trees,6,3,0.16666666666666666,0.16666666666666666,-0.01017892645869135,0.018713525426522954,-0.05673839031721584,0.11901831654323182,4.597780209604898,0.16666666666666666
Papalexi_IFNg_TNFA,Papalexi,16,gated_random,6,3,0.16666666666666666,0.16666666666666666,-0.008479129327050366,0.009379783238041657,-0.047263545056615605,0.05965556917190493,4.564983393842606,0.16666666666666666
Papalexi_IFNg_TNFA,Papalexi,16,old_controller,6,3,0.3333333333333333,0.3333333333333333,0.0210410384094664,0.04974035057888763,0.11728492732516704,0.3163494133381651,4.821181237759993,0.3333333333333333
Papalexi_IFNg_TNFA,Papalexi,17,random,6,3,0.3333333333333333,0.3333333333333333,0.015046635767079125,0.03458098998384979,0.08387150615324065,0.21993564111884661,4.463784776173198,0.3333333333333333
Papalexi_IFNg_TNFA,Papalexi,17,fixed_ridge,6,3,0.16666666666666666,0.16666666666666666,-0.032699786266959595,-0.02245927825570675,-0.1822719953851418,-0.14284136355096697,4.638573064562116,0.16666666666666666
Papalexi_IFNg_TNFA,Papalexi,17,greedy_ridge,6,3,0.16666666666666666,0.16666666666666666,-0.032699786266959595,-0.02245927825570675,-0.1822719953851418,-0.14284136355096697,4.638573064562116,0.16666666666666666
Papalexi_IFNg_TNFA,Papalexi,17,linear_ucb,6,3,0.16666666666666666,0.16666666666666666,-0.03585916168699208,-0.019155960897961954,-0.19988268119448474,-0.12183221311212995,4.862564294812011,0.16666666666666666
Papalexi_IFNg_TNFA,Papalexi,17,diversity,6,3,0.16666666666666666,0.3333333333333333,-0.024452686863080598,0.00016289364221411481,-0.13630180915173784,0.0010360061308619874,5.080533697629664,0.16666666666666666
Papalexi_IFNg_TNFA,Papalexi,17,extra_trees,6,3,0.16666666666666666,0.16666666666666666,-0.02374432696109427,-0.011614947123234553,-0.13235333769287908,-0.07387124669661368,4.730795399549877,0.16666666666666666
Papalexi_IFNg_TNFA,Papalexi,17,gated_random,6,3,0.3333333333333333,0.3333333333333333,0.015046635767079125,0.03458098998384979,0.08387150615324065,0.21993564111884661,4.463784776173198,0.3333333333333333
Papalexi_IFNg_TNFA,Papalexi,17,old_controller,6,3,0.16666666666666666,0.3333333333333333,-0.024452686863080598,0.00016289364221411481,-0.13630180915173784,0.0010360061308619874,5.080533697629664,0.16666666666666666
Papalexi_IFNg_TNFA,Papalexi,18,random,6,3,0.3333333333333333,0.3333333333333333,-0.0032397623690704727,0.026477810622879964,-0.018058770988996904,0.16839929271794116,4.6090923083950495,0.3333333333333333
Papalexi_IFNg_TNFA,Papalexi,18,fixed_ridge,6,3,0.3333333333333333,0.3333333333333333,0.014710537141602314,0.03591319133259506,0.0819980576049313,0.2284084626856242,4.864895859943535,0.3333333333333333
Papalexi_IFNg_TNFA,Papalexi,18,greedy_ridge,6,3,0.3333333333333333,0.3333333333333333,0.014710537141602314,0.03591319133259506,0.0819980576049313,0.2284084626856242,4.864895859943535,0.3333333333333333
Papalexi_IFNg_TNFA,Papalexi,18,linear_ucb,6,3,0.3333333333333333,0.3333333333333333,0.014710537141602314,0.03591319133259506,0.0819980576049313,0.2284084626856242,4.864895859943535,0.3333333333333333
Papalexi_IFNg_TNFA,Papalexi,18,diversity,6,3,0.3333333333333333,0.5,0.007846674083431208,0.0573910715090123,0.04373817402497863,0.36500811899043806,5.155315787065079,0.3333333333333333
Papalexi_IFNg_TNFA,Papalexi,18,extra_trees,6,3,0.3333333333333333,0.3333333333333333,0.0006240931145779817,0.03865922640831256,0.0034787596582915984,0.24587328903081648,4.7997778618349605,0.3333333333333333
Papalexi_IFNg_TNFA,Papalexi,18,gated_random,6,3,0.3333333333333333,0.3333333333333333,-0.0032397623690704727,0.026477810622879964,-0.018058770988996904,0.16839929271794116,4.6090923083950495,0.3333333333333333
Papalexi_IFNg_TNFA,Papalexi,18,old_controller,6,3,0.3333333333333333,0.5,0.007846674083431208,0.0573910715090123,0.04373817402497863,0.36500811899043806,5.155315787065079,0.3333333333333333
Papalexi_IFNg_TNFA,Papalexi,19,random,6,3,0.3333333333333333,0.3333333333333333,0.009564155385025995,0.05704549499068567,0.053311592680459624,0.362810246889342,4.784421311685719,0.3333333333333333
Papalexi_IFNg_TNFA,Papalexi,19,fixed_ridge,6,3,0.3333333333333333,0.3333333333333333,0.01127854651335207,0.05333758263502023,0.06286778639009004,0.33922786588935816,4.6101725221138965,0.3333333333333333
Papalexi_IFNg_TNFA,Papalexi,19,greedy_ridge,6,3,0.3333333333333333,0.3333333333333333,0.01127854651335207,0.05333758263502023,0.06286778639009004,0.33922786588935816,4.6101725221138965,0.3333333333333333
Papalexi_IFNg_TNFA,Papalexi,19,linear_ucb,6,3,0.3333333333333333,0.3333333333333333,0.01127854651335207,0.05333758263502023,0.06286778639009004,0.33922786588935816,4.6101725221138965,0.3333333333333333
Papalexi_IFNg_TNFA,Papalexi,19,diversity,6,3,0.5,0.6666666666666666,0.02851848658085619,0.10148784072038124,0.15896499787551566,0.6454642659168757,5.017513314343078,0.5
Papalexi_IFNg_TNFA,Papalexi,19,extra_trees,6,3,0.3333333333333333,0.3333333333333333,-0.0001799519355643979,0.05438733272900125,-0.001003070726547321,0.3459042930258314,4.611497836321791,0.3333333333333333
Papalexi_IFNg_TNFA,Papalexi,19,gated_random,6,3,0.3333333333333333,0.3333333333333333,0.009564155385025995,0.05704549499068567,0.053311592680459624,0.362810246889342,4.784421311685719,0.3333333333333333
Papalexi_IFNg_TNFA,Papalexi,19,old_controller,6,3,0.5,0.6666666666666666,0.02851848658085619,0.10148784072038124,0.15896499787551566,0.6454642659168757,5.017513314343078,0.5
Papalexi_IFNg_TNFA,Papalexi,20,random,6,3,0.16666666666666666,0.16666666666666666,-0.02042656062131912,-0.0018251913557618116,-0.11385976449226431,-0.011608245778432788,4.682303896495598,0.16666666666666666
Papalexi_IFNg_TNFA,Papalexi,20,fixed_ridge,6,3,0.3333333333333333,0.3333333333333333,0.012360086602003675,0.049812591630334545,0.06889640285987839,0.31680886756352117,4.412732528511461,0.3333333333333333
Papalexi_IFNg_TNFA,Papalexi,20,greedy_ridge,6,3,0.3333333333333333,0.3333333333333333,0.012360086602003675,0.049812591630334545,0.06889640285987839,0.31680886756352117,4.412732528511461,0.3333333333333333
Papalexi_IFNg_TNFA,Papalexi,20,linear_ucb,6,3,0.16666666666666666,0.3333333333333333,-0.014934467768863285,0.02905756206160569,-0.08324627011389027,0.18480655251207634,4.733104811561207,0.16666666666666666
Papalexi_IFNg_TNFA,Papalexi,20,diversity,6,3,0.16666666666666666,0.3333333333333333,-0.013992627667190958,0.025092822615725707,-0.07799635584032147,0.15959074717203153,4.957140681349548,0.16666666666666666
Papalexi_IFNg_TNFA,Papalexi,20,extra_trees,6,3,0.16666666666666666,0.16666666666666666,-0.021215208636044185,0.006360977515025976,-0.1182557702070085,0.04045591721240998,4.601602756119431,0.16666666666666666
Papalexi_IFNg_TNFA,Papalexi,20,gated_random,6,3,0.16666666666666666,0.16666666666666666,-0.02042656062131912,-0.0018251913557618116,-0.11385976449226431,-0.011608245778432788,4.682303896495598,0.16666666666666666
Papalexi_IFNg_TNFA,Papalexi,20,old_controller,6,3,0.16666666666666666,0.3333333333333333,-0.013992627667190958,0.025092822615725707,-0.07799635584032147,0.15959074717203153,4.957140681349548,0.16666666666666666
Papalexi_IFNg_TNFA,Papalexi,21,random,6,3,0.0,0.0,-0.04665693837660234,-0.04893222316221265,-0.26007060679346844,-0.31120971023611,4.524041524602491,0.0
Papalexi_IFNg_TNFA,Papalexi,21,fixed_ridge,6,3,0.0,0.0,-0.04554546606751889,-0.04058846141822095,-0.25387514502689806,-0.25814325408882344,4.538303567874561,0.0
Papalexi_IFNg_TNFA,Papalexi,21,greedy_ridge,6,3,0.0,0.0,-0.04554546606751889,-0.04058846141822095,-0.25387514502689806,-0.25814325408882344,4.538303567874561,0.0
Papalexi_IFNg_TNFA,Papalexi,21,linear_ucb,6,3,0.16666666666666666,0.3333333333333333,-0.026807785067425743,0.016916956096176747,-0.14942937046144872,0.10759210729738068,4.760133219656352,0.16666666666666666
Papalexi_IFNg_TNFA,Papalexi,21,diversity,6,3,0.3333333333333333,0.5,-0.003575308289829021,0.04392043663280718,-0.019929138703962766,0.2793346689486749,4.933966106338734,0.3333333333333333
Papalexi_IFNg_TNFA,Papalexi,21,extra_trees,6,3,0.0,0.0,-0.05854531879670067,-0.0361961759126369,-0.3263376705405628,-0.23020824907309653,4.602188743001858,0.0
Papalexi_IFNg_TNFA,Papalexi,21,gated_random,6,3,0.0,0.0,-0.04665693837660234,-0.04893222316221265,-0.26007060679346844,-0.31120971023611,4.524041524602491,0.0
Papalexi_IFNg_TNFA,Papalexi,21,old_controller,6,3,0.3333333333333333,0.5,-0.003575308289829021,0.04392043663280718,-0.019929138703962766,0.2793346689486749,4.933966106338734,0.3333333333333333
Papalexi_IFNg_TNFA,Papalexi,22,random,6,3,0.16666666666666666,0.3333333333333333,-0.0219851285914085,0.018800281520136783,-0.12254738377920148,0.11957008666545317,4.726020168578406,0.16666666666666666
Papalexi_IFNg_TNFA,Papalexi,22,fixed_ridge,6,3,0.16666666666666666,0.16666666666666666,-0.025730722237162388,-0.013981744421315667,-0.14342571069362836,-0.08892411480116855,4.531535292090482,0.16666666666666666
Papalexi_IFNg_TNFA,Papalexi,22,greedy_ridge,6,3,0.16666666666666666,0.16666666666666666,-0.025730722237162388,-0.013981744421315667,-0.14342571069362836,-0.08892411480116855,4.531535292090482,0.16666666666666666
Papalexi_IFNg_TNFA,Papalexi,22,linear_ucb,6,3,0.3333333333333333,0.3333333333333333,0.01064914438873491,0.042364777446212996,0.05935943375998326,0.26944065201261247,4.808265285841375,0.3333333333333333
Papalexi_IFNg_TNFA,Papalexi,22,diversity,6,3,0.3333333333333333,0.5,0.008757823200347127,0.05624349819131879,0.048817013570834664,0.35770953460995397,5.041817830926621,0.3333333333333333
Papalexi_IFNg_TNFA,Papalexi,22,extra_trees,6,3,0.16666666666666666,0.16666666666666666,-0.019940615316073457,0.009142990199938793,-0.1111510550312283,0.058149561718909656,4.635802352905335,0.16666666666666666
Papalexi_IFNg_TNFA,Papalexi,22,gated_random,6,3,0.16666666666666666,0.3333333333333333,-0.0219851285914085,0.018800281520136783,-0.12254738377920148,0.11957008666545317,4.726020168578406,0.16666666666666666
Papalexi_IFNg_TNFA,Papalexi,22,old_controller,6,3,0.3333333333333333,0.5,0.008757823200347127,0.05624349819131879,0.048817013570834664,0.35770953460995397,5.041817830926621,0.3333333333333333
Papalexi_IFNg_TNFA,Papalexi,23,random,6,3,0.0,0.0,-0.05709389804983031,-0.045660764322419355,-0.3182473009731396,-0.29040318047337366,4.7042366252270424,0.0
Papalexi_IFNg_TNFA,Papalexi,23,fixed_ridge,6,3,0.16666666666666666,0.16666666666666666,-0.024336369480246117,-0.006095250431024837,-0.13565344401276933,-0.0387658887716474,4.685540578371035,0.16666666666666666
Papalexi_IFNg_TNFA,Papalexi,23,greedy_ridge,6,3,0.16666666666666666,0.16666666666666666,-0.024336369480246117,-0.006095250431024837,-0.13565344401276933,-0.0387658887716474,4.685540578371035,0.16666666666666666
Papalexi_IFNg_TNFA,Papalexi,23,linear_ucb,6,3,0.16666666666666666,0.16666666666666666,-0.024336369480246117,-0.006095250431024837,-0.13565344401276933,-0.0387658887716474,4.685540578371035,0.16666666666666666
Papalexi_IFNg_TNFA,Papalexi,23,diversity,6,3,0.16666666666666666,0.3333333333333333,-0.02523608411337724,-0.001863573688784163,-0.14066854656173372,-0.011852358021166453,4.886260872998434,0.16666666666666666
Papalexi_IFNg_TNFA,Papalexi,23,extra_trees,6,3,0.0,0.0,-0.05827685933623177,-0.043559884342762235,-0.3248412497034295,-0.2770415507035079,4.588050872232501,0.0
Papalexi_IFNg_TNFA,Papalexi,23,gated_random,6,3,0.0,0.0,-0.05709389804983031,-0.045660764322419355,-0.3182473009731396,-0.29040318047337366,4.7042366252270424,0.0
Papalexi_IFNg_TNFA,Papalexi,23,old_controller,6,3,0.16666666666666666,0.3333333333333333,-0.02523608411337724,-0.001863573688784163,-0.14066854656173372,-0.011852358021166453,4.886260872998434,0.16666666666666666
Papalexi_IFNg_TNFA,Papalexi,24,random,6,3,0.3333333333333333,0.3333333333333333,-0.003882050708367245,0.020051703713843145,-0.021638952714359505,0.12752915153351227,4.557148344745547,0.3333333333333333
Papalexi_IFNg_TNFA,Papalexi,24,fixed_ridge,6,3,0.3333333333333333,0.3333333333333333,-0.00763253687390585,0.012908188043325192,-0.04254455104078711,0.08209627932332846,4.566383455281524,0.3333333333333333
Papalexi_IFNg_TNFA,Papalexi,24,greedy_ridge,6,3,0.3333333333333333,0.3333333333333333,-0.00763253687390585,0.012908188043325192,-0.04254455104078711,0.08209627932332846,4.566383455281524,0.3333333333333333
Papalexi_IFNg_TNFA,Papalexi,24,linear_ucb,6,3,0.3333333333333333,0.3333333333333333,0.008142798552502595,0.04055494439248692,0.04538880248534092,0.25793008527709615,4.735723874666504,0.3333333333333333
Papalexi_IFNg_TNFA,Papalexi,24,diversity,6,3,0.3333333333333333,0.5,0.005380151016036308,0.05476476776527939,0.02998951898829999,0.34830478580302826,5.026188441326494,0.3333333333333333
Papalexi_IFNg_TNFA,Papalexi,24,extra_trees,6,3,0.3333333333333333,0.3333333333333333,-0.001842429952816921,0.03603292266457965,-0.010269895378387057,0.22916995584340666,4.670650516096377,0.3333333333333333
Papalexi_IFNg_TNFA,Papalexi,24,gated_random,6,3,0.3333333333333333,0.3333333333333333,-0.003882050708367245,0.020051703713843145,-0.021638952714359505,0.12752915153351227,4.557148344745547,0.3333333333333333
Papalexi_IFNg_TNFA,Papalexi,24,old_controller,6,3,0.3333333333333333,0.5,0.005380151016036308,0.05476476776527939,0.02998951898829999,0.34830478580302826,5.026188441326494,0.3333333333333333
Papalexi_IFNg_TNFA,Papalexi,25,random,6,3,0.0,0.0,-0.051560849850716794,-0.03564265444747169,-0.28740551725073005,-0.22668784383394608,4.6256832893916195,0.0
Papalexi_IFNg_TNFA,Papalexi,25,fixed_ridge,6,3,0.3333333333333333,0.3333333333333333,0.012903755215382397,0.04942412990055441,0.07192686801887976,0.31433824484192674,4.9952990166717,0.3333333333333333
Papalexi_IFNg_TNFA,Papalexi,25,greedy_ridge,6,3,0.3333333333333333,0.3333333333333333,0.012903755215382397,0.04942412990055441,0.07192686801887976,0.31433824484192674,4.9952990166717,0.3333333333333333
Papalexi_IFNg_TNFA,Papalexi,25,linear_ucb,6,3,0.3333333333333333,0.3333333333333333,0.012903755215382395,0.04942412990055441,0.07192686801887975,0.31433824484192674,4.9952990166717,0.3333333333333333
Papalexi_IFNg_TNFA,Papalexi,25,diversity,6,3,0.3333333333333333,0.3333333333333333,0.0009922752726224046,0.03395878933682528,0.005531045140040235,0.21597843520103435,5.0166441507266315,0.3333333333333333
Papalexi_IFNg_TNFA,Papalexi,25,extra_trees,6,3,0.0,0.0,-0.043907413783686476,-0.028959518113693405,-0.24474447194292734,-0.18418299145867728,4.643315707800692,0.0
Papalexi_IFNg_TNFA,Papalexi,25,gated_random,6,3,0.0,0.0,-0.051560849850716794,-0.03564265444747169,-0.28740551725073005,-0.22668784383394608,4.6256832893916195,0.0
Papalexi_IFNg_TNFA,Papalexi,25,old_controller,6,3,0.3333333333333333,0.3333333333333333,0.0009922752726224046,0.03395878933682528,0.005531045140040235,0.21597843520103435,5.0166441507266315,0.3333333333333333
Papalexi_IFNg_TNFA,Papalexi,26,random,6,3,0.5,0.5,0.03538234963902729,0.08000996054396399,0.1972248814554683,0.5088646096120617,4.727093387221534,0.5
Papalexi_IFNg_TNFA,Papalexi,26,fixed_ridge,6,3,0.3333333333333333,0.3333333333333333,0.015898542335356505,0.024494197539790374,0.08862012159720528,0.15578348225777824,4.8524283891061275,0.3333333333333333
Papalexi_IFNg_TNFA,Papalexi,26,greedy_ridge,6,3,0.3333333333333333,0.3333333333333333,0.015898542335356505,0.024494197539790374,0.08862012159720528,0.15578348225777824,4.8524283891061275,0.3333333333333333
Papalexi_IFNg_TNFA,Papalexi,26,linear_ucb,6,3,0.3333333333333333,0.3333333333333333,0.015898542335356505,0.024494197539790374,0.08862012159720528,0.15578348225777824,4.8524283891061275,0.3333333333333333
Papalexi_IFNg_TNFA,Papalexi,26,diversity,6,3,0.5,0.5,0.044968014108242,0.08865932958252669,0.25065636799890234,0.5638747329676457,4.87025381742835,0.5
Papalexi_IFNg_TNFA,Papalexi,26,extra_trees,6,3,0.3333333333333333,0.3333333333333333,0.013053550318905366,0.04571700596315339,0.07276184144027009,0.29076087819452606,4.77161309628728,0.3333333333333333
Papalexi_IFNg_TNFA,Papalexi,26,gated_random,6,3,0.5,0.5,0.03538234963902729,0.08000996054396399,0.1972248814554683,0.5088646096120617,4.727093387221534,0.5
Papalexi_IFNg_TNFA,Papalexi,26,old_controller,6,3,0.5,0.5,0.044968014108242,0.08865932958252669,0.25065636799890234,0.5638747329676457,4.87025381742835,0.5
Papalexi_IFNg_TNFA,Papalexi,27,random,6,3,0.16666666666666666,0.16666666666666666,-0.0070371325754505784,0.008497835103878413,-0.039225705814878435,0.05404636514358321,4.584734598019367,0.16666666666666666
Papalexi_IFNg_TNFA,Papalexi,27,fixed_ridge,6,3,0.3333333333333333,0.3333333333333333,-0.008235403761515462,0.005875582240886528,-0.045904993511546144,0.0373687956215077,4.609157606086911,0.3333333333333333
Papalexi_IFNg_TNFA,Papalexi,27,greedy_ridge,6,3,0.3333333333333333,0.3333333333333333,-0.008235403761515462,0.005875582240886528,-0.045904993511546144,0.0373687956215077,4.609157606086911,0.3333333333333333
Papalexi_IFNg_TNFA,Papalexi,27,linear_ucb,6,3,0.3333333333333333,0.5,0.00880798589653769,0.04409774197740926,0.04909662563477623,0.28046233373377993,4.7880593403072425,0.3333333333333333
Papalexi_IFNg_TNFA,Papalexi,27,diversity,6,3,0.16666666666666666,0.3333333333333333,-0.017463586093913366,0.011081637423345165,-0.09734383759976081,0.0704793886030527,4.862297454991652,0.16666666666666666
Papalexi_IFNg_TNFA,Papalexi,27,extra_trees,6,3,0.0,0.0,-0.04799834251437948,-0.04084013640567726,-0.2675477323873312,-0.25974391097417093,4.378092726450838,0.0
Papalexi_IFNg_TNFA,Papalexi,27,gated_random,6,3,0.16666666666666666,0.16666666666666666,-0.0070371325754505784,0.008497835103878413,-0.039225705814878435,0.05404636514358321,4.584734598019367,0.16666666666666666
Papalexi_IFNg_TNFA,Papalexi,27,old_controller,6,3,0.16666666666666666,0.3333333333333333,-0.017463586093913366,0.011081637423345165,-0.09734383759976081,0.0704793886030527,4.862297454991652,0.16666666666666666
Papalexi_IFNg_TNFA,Papalexi,28,random,6,3,0.16666666666666666,0.3333333333333333,-0.03142575507057097,-0.020860960999383216,-0.17517041354442767,-0.13267604061935037,4.860080883820269,0.16666666666666666
Papalexi_IFNg_TNFA,Papalexi,28,fixed_ridge,6,3,0.3333333333333333,0.3333333333333333,-0.007847519064233663,0.0214479796203953,-0.04374288403548659,0.13640948829743274,4.515805329526422,0.3333333333333333
Papalexi_IFNg_TNFA,Papalexi,28,greedy_ridge,6,3,0.3333333333333333,0.3333333333333333,-0.007847519064233663,0.0214479796203953,-0.04374288403548659,0.13640948829743274,4.515805329526422,0.3333333333333333
Papalexi_IFNg_TNFA,Papalexi,28,linear_ucb,6,3,0.3333333333333333,0.3333333333333333,-0.006905678962561334,0.01748324017451531,-0.03849296976191779,0.11119368295738791,4.739841199314763,0.3333333333333333
Papalexi_IFNg_TNFA,Papalexi,28,diversity,6,3,0.16666666666666666,0.3333333333333333,-0.03420023333342829,-0.0032717893942135353,-0.19063564273568642,-0.02080863209405689,5.060213482364508,0.16666666666666666
Papalexi_IFNg_TNFA,Papalexi,28,extra_trees,6,3,0.16666666666666666,0.16666666666666666,-0.04142281430228152,-0.022003634494913268,-0.23089505710237349,-0.13994346205367847,4.704675557134391,0.16666666666666666
Papalexi_IFNg_TNFA,Papalexi,28,gated_random,6,3,0.16666666666666666,0.3333333333333333,-0.03142575507057097,-0.020860960999383216,-0.17517041354442767,-0.13267604061935037,4.860080883820269,0.16666666666666666
Papalexi_IFNg_TNFA,Papalexi,28,old_controller,6,3,0.16666666666666666,0.3333333333333333,-0.03420023333342829,-0.0032717893942135353,-0.19063564273568642,-0.02080863209405689,5.060213482364508,0.16666666666666666
Papalexi_IFNg_TNFA,Papalexi,29,random,6,3,0.3333333333333333,0.3333333333333333,-0.006610998098217358,0.015129896789137467,-0.03685038810382095,0.09622638194959149,4.7452532416981805,0.3333333333333333
Papalexi_IFNg_TNFA,Papalexi,29,fixed_ridge,6,3,0.3333333333333333,0.3333333333333333,0.00376417147163007,0.024619658951322083,0.02098188163997538,0.15658141881175744,4.657814744730702,0.3333333333333333
Papalexi_IFNg_TNFA,Papalexi,29,greedy_ridge,6,3,0.3333333333333333,0.3333333333333333,0.00376417147163007,0.024619658951322083,0.02098188163997538,0.15658141881175744,4.657814744730702,0.3333333333333333
Papalexi_IFNg_TNFA,Papalexi,29,linear_ucb,6,3,0.3333333333333333,0.3333333333333333,0.00376417147163007,0.024619658951322083,0.02098188163997538,0.15658141881175744,4.657814744730702,0.3333333333333333
Papalexi_IFNg_TNFA,Papalexi,29,diversity,6,3,0.16666666666666666,0.16666666666666666,-0.046810571264317064,-0.021131379466087383,-0.2609269724214248,-0.13439590632801668,4.784136403431128,0.16666666666666666
Papalexi_IFNg_TNFA,Papalexi,29,extra_trees,6,3,0.0,0.0,-0.06465529107987825,-0.049007115031543695,-0.36039528885985944,-0.3116860237049726,4.530842670452009,0.0
Papalexi_IFNg_TNFA,Papalexi,29,gated_random,6,3,0.3333333333333333,0.3333333333333333,-0.006610998098217358,0.015129896789137467,-0.03685038810382095,0.09622638194959149,4.7452532416981805,0.3333333333333333
Papalexi_IFNg_TNFA,Papalexi,29,old_controller,6,3,0.16666666666666666,0.16666666666666666,-0.046810571264317064,-0.021131379466087383,-0.2609269724214248,-0.13439590632801668,4.784136403431128,0.16666666666666666
Papalexi_IFNg_IL2STAT5,Papalexi,0,random,6,3,0.3333333333333333,0.3333333333333333,0.009965045290821033,0.02630592632634801,0.14871504659431417,0.4955661160813822,4.697559222824977,0.6666666666666666
Papalexi_IFNg_IL2STAT5,Papalexi,0,fixed_ridge,6,3,0.5,0.5,0.02623891995856018,0.04596367090523088,0.3915809803509941,0.8658899743261889,4.790953593739179,0.6666666666666666
Papalexi_IFNg_IL2STAT5,Papalexi,0,greedy_ridge,6,3,0.5,0.5,0.02623891995856018,0.04596367090523088,0.3915809803509941,0.8658899743261889,4.790953593739179,0.6666666666666666
Papalexi_IFNg_IL2STAT5,Papalexi,0,linear_ucb,6,3,0.5,0.5,0.02623891995856018,0.04596367090523088,0.3915809803509941,0.8658899743261889,4.790953593739179,0.6666666666666666
Papalexi_IFNg_IL2STAT5,Papalexi,0,diversity,6,3,0.3333333333333333,0.3333333333333333,0.021135902478413432,0.041658076357216765,0.3154252319139394,0.784778716691311,4.832063534302525,0.5
Papalexi_IFNg_IL2STAT5,Papalexi,0,extra_trees,6,3,0.3333333333333333,0.3333333333333333,0.008709750845152365,0.027445591694555516,0.12998144664277608,0.5170357854307321,4.60866250614743,0.5
Papalexi_IFNg_IL2STAT5,Papalexi,0,gated_random,6,3,0.3333333333333333,0.3333333333333333,0.009965045290821033,0.02630592632634801,0.14871504659431417,0.4955661160813822,4.697559222824977,0.6666666666666666
Papalexi_IFNg_IL2STAT5,Papalexi,0,old_controller,6,3,0.3333333333333333,0.3333333333333333,0.021135902478413432,0.041658076357216765,0.3154252319139394,0.784778716691311,4.832063534302525,0.5
Papalexi_IFNg_IL2STAT5,Papalexi,1,random,6,3,0.16666666666666666,0.16666666666666666,0.005162155886653067,0.02483106592586032,0.07703831049497147,0.46778185061341965,4.798445009951692,0.16666666666666666
Papalexi_IFNg_IL2STAT5,Papalexi,1,fixed_ridge,6,3,0.3333333333333333,0.3333333333333333,0.02726399007838047,0.05014295165267978,0.4068787884574893,0.9446216601954877,4.801376141444391,0.3333333333333333
Papalexi_IFNg_IL2STAT5,Papalexi,1,greedy_ridge,6,3,0.3333333333333333,0.3333333333333333,0.02726399007838047,0.05014295165267978,0.4068787884574893,0.9446216601954877,4.801376141444391,0.3333333333333333
Papalexi_IFNg_IL2STAT5,Papalexi,1,linear_ucb,6,3,0.3333333333333333,0.3333333333333333,0.02726399007838047,0.05014295165267978,0.4068787884574893,0.9446216601954877,4.801376141444391,0.3333333333333333
Papalexi_IFNg_IL2STAT5,Papalexi,1,diversity,6,3,0.3333333333333333,0.3333333333333333,0.009296887446933598,0.028905701797167675,0.1387436794819536,0.5445421763339088,4.978794687344998,0.3333333333333333
Papalexi_IFNg_IL2STAT5,Papalexi,1,extra_trees,6,3,0.3333333333333333,0.3333333333333333,0.01358176730357904,0.03618443404144034,0.20268981208197545,0.6816631057982958,4.897979394526152,0.3333333333333333
Papalexi_IFNg_IL2STAT5,Papalexi,1,gated_random,6,3,0.16666666666666666,0.16666666666666666,0.005162155886653067,0.02483106592586032,0.07703831049497147,0.46778185061341965,4.798445009951692,0.16666666666666666
Papalexi_IFNg_IL2STAT5,Papalexi,1,old_controller,6,3,0.3333333333333333,0.3333333333333333,0.009296887446933598,0.028905701797167675,0.1387436794819536,0.5445421763339088,4.978794687344998,0.3333333333333333
Papalexi_IFNg_IL2STAT5,Papalexi,2,random,6,3,0.16666666666666666,0.3333333333333333,-0.009727219401912615,0.005554395328027294,-0.1451658115313358,0.10463688241740748,4.585570068659044,0.5
Papalexi_IFNg_IL2STAT5,Papalexi,2,fixed_ridge,6,3,0.3333333333333333,0.3333333333333333,0.012055992500878417,0.03584336151823563,0.17991965256397907,0.6752377861372528,4.43453820499428,0.3333333333333333
Papalexi_IFNg_IL2STAT5,Papalexi,2,greedy_ridge,6,3,0.3333333333333333,0.3333333333333333,0.012055992500878417,0.03584336151823563,0.17991965256397907,0.6752377861372528,4.43453820499428,0.3333333333333333
Papalexi_IFNg_IL2STAT5,Papalexi,2,linear_ucb,6,3,0.3333333333333333,0.3333333333333333,0.011885921848521419,0.031640805032060244,0.17738157428621215,0.5960676185624816,4.703649030550529,0.3333333333333333
Papalexi_IFNg_IL2STAT5,Papalexi,2,diversity,6,3,0.3333333333333333,0.3333333333333333,0.010340559202368713,0.035767214753813524,0.15431909225821755,0.6738032897493027,5.005829511319952,0.3333333333333333
Papalexi_IFNg_IL2STAT5,Papalexi,2,extra_trees,6,3,0.16666666666666666,0.16666666666666666,-0.005643247264886397,0.013122725821384877,-0.08421795942200588,0.24721342966702475,4.521357942958779,0.16666666666666666
Papalexi_IFNg_IL2STAT5,Papalexi,2,gated_random,6,3,0.16666666666666666,0.3333333333333333,-0.009727219401912615,0.005554395328027294,-0.1451658115313358,0.10463688241740748,4.585570068659044,0.5
Papalexi_IFNg_IL2STAT5,Papalexi,2,old_controller,6,3,0.3333333333333333,0.3333333333333333,0.010340559202368713,0.035767214753813524,0.15431909225821755,0.6738032897493027,5.005829511319952,0.3333333333333333
Papalexi_IFNg_IL2STAT5,Papalexi,3,random,6,3,0.5,0.3333333333333333,0.020036042085911743,0.04021302825629731,0.29901127846519865,0.7575560724080656,4.7353975867681815,0.5
Papalexi_IFNg_IL2STAT5,Papalexi,3,fixed_ridge,6,3,0.16666666666666666,0.16666666666666666,-0.010505203847818325,0.010201361975572249,-0.1567761945999497,0.19217910330384746,4.682894098590396,0.16666666666666666
Papalexi_IFNg_IL2STAT5,Papalexi,3,greedy_ridge,6,3,0.16666666666666666,0.16666666666666666,-0.010505203847818325,0.010201361975572249,-0.1567761945999497,0.19217910330384746,4.682894098590396,0.16666666666666666
Papalexi_IFNg_IL2STAT5,Papalexi,3,linear_ucb,6,3,0.3333333333333333,0.3333333333333333,0.013547228981413535,0.03220207001952,0.20217437356260778,0.6066410500576238,4.795871365538289,0.3333333333333333
Papalexi_IFNg_IL2STAT5,Papalexi,3,diversity,6,3,0.5,0.5,0.03261099031677018,0.055744395681861215,0.4866756550431723,1.0501448730088818,5.139999484617845,0.5
Papalexi_IFNg_IL2STAT5,Papalexi,3,extra_trees,6,3,0.16666666666666666,0.16666666666666666,-0.005643247264886397,0.013122725821384873,-0.08421795942200588,0.2472134296670247,4.52135794295878,0.16666666666666666
Papalexi_IFNg_IL2STAT5,Papalexi,3,gated_random,6,3,0.5,0.3333333333333333,0.020036042085911743,0.04021302825629731,0.29901127846519865,0.7575560724080656,4.7353975867681815,0.5
Papalexi_IFNg_IL2STAT5,Papalexi,3,old_controller,6,3,0.5,0.5,0.03261099031677018,0.055744395681861215,0.4866756550431723,1.0501448730088818,5.139999484617845,0.5
Papalexi_IFNg_IL2STAT5,Papalexi,4,random,6,3,0.3333333333333333,0.5,0.012278803041649843,0.03680702180451561,0.18324480352772315,0.6933917708846107,4.901892870016845,0.5
Papalexi_IFNg_IL2STAT5,Papalexi,4,fixed_ridge,6,3,0.16666666666666666,0.3333333333333333,-0.010012463573409777,0.005358525267013171,-0.14942270139153851,0.10094696995474806,4.717385211253713,0.5
Papalexi_IFNg_IL2STAT5,Papalexi,4,greedy_ridge,6,3,0.16666666666666666,0.3333333333333333,-0.010012463573409777,0.005358525267013171,-0.14942270139153851,0.10094696995474806,4.717385211253713,0.5
Papalexi_IFNg_IL2STAT5,Papalexi,4,linear_ucb,6,3,0.16666666666666666,0.3333333333333333,0.00994839424194804,0.031405946808766794,0.14846655183721838,0.5916432247546598,4.886135428543894,0.3333333333333333
Papalexi_IFNg_IL2STAT5,Papalexi,4,diversity,6,3,0.16666666666666666,0.3333333333333333,0.002996558298928432,0.030246846120606834,0.04471964693007475,0.5698074217096495,5.02383361062327,0.3333333333333333
Papalexi_IFNg_IL2STAT5,Papalexi,4,extra_trees,6,3,0.16666666666666666,0.3333333333333333,-0.005250366071757971,0.018288942593840236,-0.07835473018049485,0.34453758198915374,4.719601782425096,0.3333333333333333
Papalexi_IFNg_IL2STAT5,Papalexi,4,gated_random,6,3,0.3333333333333333,0.5,0.012278803041649843,0.03680702180451561,0.18324480352772315,0.6933917708846107,4.901892870016845,0.5
Papalexi_IFNg_IL2STAT5,Papalexi,4,old_controller,6,3,0.16666666666666666,0.3333333333333333,0.002996558298928432,0.030246846120606834,0.04471964693007475,0.5698074217096495,5.02383361062327,0.3333333333333333
Papalexi_IFNg_IL2STAT5,Papalexi,5,random,6,3,0.16666666666666666,0.16666666666666666,0.004642534894818555,0.015142000614135754,0.06928365833265436,0.285253685460728,4.799560815612448,0.3333333333333333
Papalexi_IFNg_IL2STAT5,Papalexi,5,fixed_ridge,6,3,0.3333333333333333,0.3333333333333333,0.021488557412439404,0.038483101383365255,0.32068813774274635,0.7249667185534141,4.386677983787838,0.5
Papalexi_IFNg_IL2STAT5,Papalexi,5,greedy_ridge,6,3,0.3333333333333333,0.3333333333333333,0.021488557412439404,0.038483101383365255,0.32068813774274635,0.7249667185534141,4.386677983787838,0.5
Papalexi_IFNg_IL2STAT5,Papalexi,5,linear_ucb,6,3,0.3333333333333333,0.3333333333333333,0.022461114895969244,0.044302827253553424,0.33520226459894975,0.8346020497851762,4.5158053295264216,0.5
Papalexi_IFNg_IL2STAT5,Papalexi,5,diversity,6,3,0.3333333333333333,0.3333333333333333,0.010169003424612308,0.02575476418656995,0.1517588504592096,0.4851830078208172,4.88592005325424,0.6666666666666666
Papalexi_IFNg_IL2STAT5,Papalexi,5,extra_trees,6,3,0.3333333333333333,0.3333333333333333,0.01074889978826892,0.02792096299329438,0.16041303237451937,0.5259911023920142,4.704675557134391,0.5
Papalexi_IFNg_IL2STAT5,Papalexi,5,gated_random,6,3,0.16666666666666666,0.16666666666666666,0.004642534894818555,0.015142000614135754,0.06928365833265436,0.285253685460728,4.799560815612448,0.3333333333333333
Papalexi_IFNg_IL2STAT5,Papalexi,5,old_controller,6,3,0.3333333333333333,0.3333333333333333,0.010169003424612308,0.02575476418656995,0.1517588504592096,0.4851830078208172,4.88592005325424,0.6666666666666666
Papalexi_IFNg_IL2STAT5,Papalexi,6,random,6,3,0.16666666666666666,0.16666666666666666,0.006827395426751877,0.036170232977275646,0.10188979571848569,0.681395578012921,4.491337681920431,0.16666666666666666
Papalexi_IFNg_IL2STAT5,Papalexi,6,fixed_ridge,6,3,0.3333333333333333,0.16666666666666666,0.012387710294955135,0.033312991832245835,0.18487009942724844,0.6275692318358572,4.54112476213695,0.3333333333333333
Papalexi_IFNg_IL2STAT5,Papalexi,6,greedy_ridge,6,3,0.3333333333333333,0.16666666666666666,0.012387710294955135,0.033312991832245835,0.18487009942724844,0.6275692318358572,4.54112476213695,0.3333333333333333
Papalexi_IFNg_IL2STAT5,Papalexi,6,linear_ucb,6,3,0.3333333333333333,0.16666666666666666,0.012387710294955135,0.033312991832245835,0.18487009942724844,0.6275692318358572,4.54112476213695,0.3333333333333333
Papalexi_IFNg_IL2STAT5,Papalexi,6,diversity,6,3,0.3333333333333333,0.5,0.0269506855884398,0.057822867412710664,0.40220313566716503,1.0893003146482945,4.948465554366131,0.5
Papalexi_IFNg_IL2STAT5,Papalexi,6,extra_trees,6,3,0.3333333333333333,0.3333333333333333,0.013591720039790742,0.041037092512749514,0.20283834343193605,0.773080267142941,4.542450076344845,0.3333333333333333
Papalexi_IFNg_IL2STAT5,Papalexi,6,gated_random,6,3,0.16666666666666666,0.16666666666666666,0.006827395426751877,0.036170232977275646,0.10188979571848569,0.681395578012921,4.491337681920431,0.16666666666666666
Papalexi_IFNg_IL2STAT5,Papalexi,6,old_controller,6,3,0.3333333333333333,0.5,0.0269506855884398,0.057822867412710664,0.40220313566716503,1.0893003146482945,4.948465554366131,0.5
Papalexi_IFNg_IL2STAT5,Papalexi,7,random,6,3,0.3333333333333333,0.3333333333333333,0.004084186553222755,0.02510193507749227,0.06095105198587116,0.4728846389271714,4.605357545990631,0.6666666666666666
Papalexi_IFNg_IL2STAT5,Papalexi,7,fixed_ridge,6,3,0.3333333333333333,0.3333333333333333,0.006054194220323865,0.022678588428472674,0.09035079613695465,0.4272322459312014,4.697624520516839,0.6666666666666666
Papalexi_IFNg_IL2STAT5,Papalexi,7,greedy_ridge,6,3,0.3333333333333333,0.3333333333333333,0.006054194220323865,0.022678588428472674,0.09035079613695465,0.4272322459312014,4.697624520516839,0.6666666666666666
Papalexi_IFNg_IL2STAT5,Papalexi,7,linear_ucb,6,3,0.3333333333333333,0.3333333333333333,0.005884123567966865,0.018476031942297282,0.0878127178591877,0.34806207835643016,4.9667353460730865,0.6666666666666666
Papalexi_IFNg_IL2STAT5,Papalexi,7,diversity,6,3,0.3333333333333333,0.16666666666666666,0.0004633818557952211,0.01663277220558209,0.006915357859840528,0.31333769506268466,4.8649070567115285,0.5
Papalexi_IFNg_IL2STAT5,Papalexi,7,extra_trees,6,3,0.3333333333333333,0.16666666666666666,-0.007783542514891183,0.004674868678815496,-0.11615901925072908,0.088067855342189,4.560675228513355,0.5
Papalexi_IFNg_IL2STAT5,Papalexi,7,gated_random,6,3,0.3333333333333333,0.3333333333333333,0.004084186553222755,0.02510193507749227,0.06095105198587116,0.4728846389271714,4.605357545990631,0.6666666666666666
Papalexi_IFNg_IL2STAT5,Papalexi,7,old_controller,6,3,0.3333333333333333,0.16666666666666666,0.0004633818557952211,0.01663277220558209,0.006915357859840528,0.31333769506268466,4.8649070567115285,0.5
Papalexi_IFNg_IL2STAT5,Papalexi,8,random,6,3,0.0,0.0,-0.021294650349666128,-0.007455971913347858,-0.3177943327440017,-0.1404598719266096,4.49781689588588,0.16666666666666666
Papalexi_IFNg_IL2STAT5,Papalexi,8,fixed_ridge,6,3,0.16666666666666666,0.16666666666666666,0.0036091070296931462,0.023547146161553668,0.053861121994003634,0.44359463427805396,4.539038679987656,0.16666666666666666
Papalexi_IFNg_IL2STAT5,Papalexi,8,greedy_ridge,6,3,0.16666666666666666,0.16666666666666666,0.0036091070296931462,0.023547146161553668,0.053861121994003634,0.44359463427805396,4.539038679987656,0.16666666666666666
Papalexi_IFNg_IL2STAT5,Papalexi,8,linear_ucb,6,3,0.3333333333333333,0.5,0.02646309287410309,0.05102510853410667,0.39492646294612643,0.9612402370925619,4.709870089787714,0.5
Papalexi_IFNg_IL2STAT5,Papalexi,8,diversity,6,3,0.16666666666666666,0.3333333333333333,0.006108657443356144,0.02882039599734913,0.09116358729991932,0.5429351367881108,4.7841082044721235,0.3333333333333333
Papalexi_IFNg_IL2STAT5,Papalexi,8,extra_trees,6,3,0.16666666666666666,0.16666666666666666,-0.007250308105292908,0.012034621097387982,-0.1082012049353096,0.22671508928275724,4.378092726450839,0.16666666666666666
Papalexi_IFNg_IL2STAT5,Papalexi,8,gated_random,6,3,0.0,0.0,-0.021294650349666128,-0.007455971913347858,-0.3177943327440017,-0.1404598719266096,4.49781689588588,0.16666666666666666
Papalexi_IFNg_IL2STAT5,Papalexi,8,old_controller,6,3,0.16666666666666666,0.3333333333333333,0.006108657443356144,0.02882039599734913,0.09116358729991932,0.5429351367881108,4.7841082044721235,0.3333333333333333
Papalexi_IFNg_IL2STAT5,Papalexi,9,random,6,3,0.5,0.3333333333333333,0.013186523901696013,0.030285514866131322,0.19679133001674376,0.5705358856989261,4.710363046386977,0.6666666666666666
Papalexi_IFNg_IL2STAT5,Papalexi,9,fixed_ridge,6,3,0.3333333333333333,0.16666666666666666,0.00719949924363152,0.023946743429539608,0.10744295025518916,0.45112247662185995,4.608312556743507,0.5
Papalexi_IFNg_IL2STAT5,Papalexi,9,greedy_ridge,6,3,0.3333333333333333,0.16666666666666666,0.00719949924363152,0.023946743429539608,0.10744295025518916,0.45112247662185995,4.608312556743507,0.5
Papalexi_IFNg_IL2STAT5,Papalexi,9,linear_ucb,6,3,0.5,0.3333333333333333,0.0339246816720282,0.05486102450676711,0.5062807511973964,1.033503420551792,4.8281751684581025,0.5
Papalexi_IFNg_IL2STAT5,Papalexi,9,diversity,6,3,0.5,0.3333333333333333,0.028968154454479172,0.05407835527199029,0.432311175084907,1.0187590489587546,4.959944063720236,0.5
Papalexi_IFNg_IL2STAT5,Papalexi,9,extra_trees,6,3,0.5,0.3333333333333333,0.020721230083792765,0.04212045174522369,0.30923679797433734,0.7934892092382589,4.655712235522063,0.5
Papalexi_IFNg_IL2STAT5,Papalexi,9,gated_random,6,3,0.5,0.3333333333333333,0.013186523901696013,0.030285514866131322,0.19679133001674376,0.5705358856989261,4.710363046386977,0.6666666666666666
Papalexi_IFNg_IL2STAT5,Papalexi,9,old_controller,6,3,0.5,0.3333333333333333,0.028968154454479172,0.05407835527199029,0.432311175084907,1.0187590489587546,4.959944063720236,0.5
Papalexi_IFNg_IL2STAT5,Papalexi,10,random,6,3,0.16666666666666666,0.3333333333333333,0.008721148207655799,0.028375017534748217,0.130151537118663,0.5345448420629118,4.640822329810768,0.3333333333333333
Papalexi_IFNg_IL2STAT5,Papalexi,10,fixed_ridge,6,3,0.16666666666666666,0.3333333333333333,-0.004227614829817237,0.012845648177035207,-0.06309152824204411,0.24199368220936485,4.58454514986927,0.3333333333333333
Papalexi_IFNg_IL2STAT5,Papalexi,10,greedy_ridge,6,3,0.16666666666666666,0.3333333333333333,-0.004227614829817237,0.012845648177035207,-0.06309152824204411,0.24199368220936485,4.58454514986927,0.3333333333333333
Papalexi_IFNg_IL2STAT5,Papalexi,10,linear_ucb,6,3,0.16666666666666666,0.3333333333333333,0.006363345994118548,0.026031599401179533,0.09496447516227127,0.4903981882480967,4.9002939574666655,0.3333333333333333
Papalexi_IFNg_IL2STAT5,Papalexi,10,diversity,6,3,0.3333333333333333,0.5,0.02394517274442055,0.04933179238567178,0.3573498540619285,0.929340577047621,4.882923224818553,0.5
Papalexi_IFNg_IL2STAT5,Papalexi,10,extra_trees,6,3,0.16666666666666666,0.3333333333333333,-0.006317494189904918,0.01460791133468787,-0.09428019797124391,0.27519220552753165,4.560707176317028,0.3333333333333333
Papalexi_IFNg_IL2STAT5,Papalexi,10,gated_random,6,3,0.16666666666666666,0.3333333333333333,0.008721148207655799,0.028375017534748217,0.130151537118663,0.5345448420629118,4.640822329810768,0.3333333333333333
Papalexi_IFNg_IL2STAT5,Papalexi,10,old_controller,6,3,0.3333333333333333,0.5,0.02394517274442055,0.04933179238567178,0.3573498540619285,0.929340577047621,4.882923224818553,0.5
Papalexi_IFNg_IL2STAT5,Papalexi,11,random,6,3,0.3333333333333333,0.5,0.014408928624896247,0.03373357317036222,0.21503409460661294,0.6354923841187665,5.080578337168111,0.5
Papalexi_IFNg_IL2STAT5,Papalexi,11,fixed_ridge,6,3,0.3333333333333333,0.5,0.015805255314357333,0.037420111153156556,0.23587241321168378,0.7049414993962634,4.662227610628378,0.5
Papalexi_IFNg_IL2STAT5,Papalexi,11,greedy_ridge,6,3,0.3333333333333333,0.5,0.015805255314357333,0.037420111153156556,0.23587241321168378,0.7049414993962634,4.662227610628378,0.5
Papalexi_IFNg_IL2STAT5,Papalexi,11,linear_ucb,6,3,0.5,0.6666666666666666,0.033837028143977196,0.06522314531278521,0.5049726388780005,1.2287109908345817,4.9411080719324465,0.6666666666666666
Papalexi_IFNg_IL2STAT5,Papalexi,11,diversity,6,3,0.5,0.6666666666666666,0.031682054840989245,0.06001837779133382,0.47281252863158213,1.130660597409403,5.063162964981552,0.6666666666666666
Papalexi_IFNg_IL2STAT5,Papalexi,11,extra_trees,6,3,0.3333333333333333,0.5,0.018439119930779287,0.04380110201080448,0.27517933934428285,0.8251502621231674,4.883577291354722,0.5
Papalexi_IFNg_IL2STAT5,Papalexi,11,gated_random,6,3,0.3333333333333333,0.5,0.014408928624896247,0.03373357317036222,0.21503409460661294,0.6354923841187665,5.080578337168111,0.5
Papalexi_IFNg_IL2STAT5,Papalexi,11,old_controller,6,3,0.5,0.6666666666666666,0.031682054840989245,0.06001837779133382,0.47281252863158213,1.130660597409403,5.063162964981552,0.6666666666666666
Papalexi_IFNg_IL2STAT5,Papalexi,12,random,6,3,0.16666666666666666,0.16666666666666666,0.0012626969117562313,0.021911949449163675,0.01884407191197552,0.41278986147761815,4.638255467311553,0.3333333333333333
Papalexi_IFNg_IL2STAT5,Papalexi,12,fixed_ridge,6,3,0.3333333333333333,0.3333333333333333,0.01348606744571996,0.036012941404371515,0.20126161899250786,0.6784324292186374,4.542434569120615,0.3333333333333333
Papalexi_IFNg_IL2STAT5,Papalexi,12,greedy_ridge,6,3,0.3333333333333333,0.3333333333333333,0.01348606744571996,0.036012941404371515,0.20126161899250786,0.6784324292186374,4.542434569120615,0.3333333333333333
Papalexi_IFNg_IL2STAT5,Papalexi,12,linear_ucb,6,3,0.3333333333333333,0.3333333333333333,0.027987879340152916,0.052826230526391176,0.4176818728541828,0.99517080540755,4.8581180790261485,0.3333333333333333
Papalexi_IFNg_IL2STAT5,Papalexi,12,diversity,6,3,0.3333333333333333,0.5,0.03112991285101446,0.06007744854860531,0.4645725438277587,1.1317734061883777,4.867634754323053,0.5
Papalexi_IFNg_IL2STAT5,Papalexi,12,extra_trees,6,3,0.3333333333333333,0.3333333333333333,0.017770947302365402,0.043291673648644176,0.2652077515925297,0.8155533586830244,4.461619276301767,0.3333333333333333
Papalexi_IFNg_IL2STAT5,Papalexi,12,gated_random,6,3,0.16666666666666666,0.16666666666666666,0.0012626969117562313,0.021911949449163675,0.01884407191197552,0.41278986147761815,4.638255467311553,0.3333333333333333
Papalexi_IFNg_IL2STAT5,Papalexi,12,old_controller,6,3,0.3333333333333333,0.5,0.03112991285101446,0.06007744854860531,0.4645725438277587,1.1317734061883777,4.867634754323053,0.5
Papalexi_IFNg_IL2STAT5,Papalexi,13,random,6,3,0.3333333333333333,0.3333333333333333,0.012164312150082885,0.026131195639953097,0.18153617925386378,0.49227443927279046,4.879990766436998,0.6666666666666666
Papalexi_IFNg_IL2STAT5,Papalexi,13,fixed_ridge,6,3,0.3333333333333333,0.3333333333333333,0.014292545035312734,0.03268062210913223,0.21329722433230835,0.6156562885802919,4.660857656882036,0.5
Papalexi_IFNg_IL2STAT5,Papalexi,13,greedy_ridge,6,3,0.3333333333333333,0.3333333333333333,0.014292545035312734,0.03268062210913223,0.21329722433230835,0.6156562885802919,4.660857656882036,0.5
Papalexi_IFNg_IL2STAT5,Papalexi,13,linear_ucb,6,3,0.5,0.5,0.03135176038140276,0.05466393039857271,0.4678833231424217,1.0297904487868481,4.810610772447521,0.6666666666666666
Papalexi_IFNg_IL2STAT5,Papalexi,13,diversity,6,3,0.5,0.5,0.03398562499782472,0.06104492125622064,0.5071902492750208,1.1499992115137523,5.031960453173865,0.6666666666666666
Papalexi_IFNg_IL2STAT5,Papalexi,13,extra_trees,6,3,0.5,0.5,0.023690734264773555,0.04392847250225403,0.3535526981783578,0.8275497404372161,4.933319732032794,0.6666666666666666
Papalexi_IFNg_IL2STAT5,Papalexi,13,gated_random,6,3,0.3333333333333333,0.3333333333333333,0.012164312150082885,0.026131195639953097,0.18153617925386378,0.49227443927279046,4.879990766436998,0.6666666666666666
Papalexi_IFNg_IL2STAT5,Papalexi,13,old_controller,6,3,0.5,0.5,0.03398562499782472,0.06104492125622064,0.5071902492750208,1.1499992115137523,5.031960453173865,0.6666666666666666
Papalexi_IFNg_IL2STAT5,Papalexi,14,random,6,3,0.5,0.6666666666666666,0.03398338639355616,0.06131697018620385,0.5071568410838496,1.155124225168217,4.918812446439329,0.6666666666666666
Papalexi_IFNg_IL2STAT5,Papalexi,14,fixed_ridge,6,3,0.16666666666666666,0.16666666666666666,0.002746473703897709,0.028340338593224917,0.04098746698335922,0.533891540287969,4.760513805168541,0.16666666666666666
Papalexi_IFNg_IL2STAT5,Papalexi,14,greedy_ridge,6,3,0.16666666666666666,0.16666666666666666,0.002746473703897709,0.028340338593224917,0.04098746698335922,0.533891540287969,4.760513805168541,0.16666666666666666
Papalexi_IFNg_IL2STAT5,Papalexi,14,linear_ucb,6,3,0.3333333333333333,0.3333333333333333,0.0087334983619622,0.03467911002981663,0.1303358467449138,0.6533049493650351,4.862564294812011,0.3333333333333333
Papalexi_IFNg_IL2STAT5,Papalexi,14,diversity,6,3,0.5,0.5,0.03100392947636366,0.05465629095786433,0.4626924095298684,1.0296465326246145,4.996734268109903,0.5
Papalexi_IFNg_IL2STAT5,Papalexi,14,extra_trees,6,3,0.3333333333333333,0.3333333333333333,0.013690025579511237,0.03546177926459345,0.2043054228574033,0.6680493209580725,4.730795399549876,0.3333333333333333
Papalexi_IFNg_IL2STAT5,Papalexi,14,gated_random,6,3,0.5,0.6666666666666666,0.03398338639355616,0.06131697018620385,0.5071568410838496,1.155124225168217,4.918812446439329,0.6666666666666666
Papalexi_IFNg_IL2STAT5,Papalexi,14,old_controller,6,3,0.5,0.5,0.03100392947636366,0.05465629095786433,0.4626924095298684,1.0296465326246145,4.996734268109903,0.5
Papalexi_IFNg_IL2STAT5,Papalexi,15,random,6,3,0.16666666666666666,0.0,-0.014239166593721054,-0.003176602493137732,-0.2125006220894916,-0.059842658278943264,4.509607473627386,0.3333333333333333
Papalexi_IFNg_IL2STAT5,Papalexi,15,fixed_ridge,6,3,0.16666666666666666,0.16666666666666666,-0.0070715578554226555,0.011386651829320608,-0.10553359520927195,0.2145082728592421,4.855633056061315,0.3333333333333333
Papalexi_IFNg_IL2STAT5,Papalexi,15,greedy_ridge,6,3,0.16666666666666666,0.16666666666666666,-0.0070715578554226555,0.011386651829320608,-0.10553359520927195,0.2145082728592421,4.855633056061315,0.3333333333333333
Papalexi_IFNg_IL2STAT5,Papalexi,15,linear_ucb,6,3,0.16666666666666666,0.16666666666666666,-0.0070715578554226555,0.011386651829320608,-0.10553359520927195,0.2145082728592421,4.855633056061315,0.3333333333333333
Papalexi_IFNg_IL2STAT5,Papalexi,15,diversity,6,3,0.3333333333333333,0.16666666666666666,0.00501156848744405,0.02526169320087805,0.07479099385602818,0.4758942540130102,5.034292115634956,0.3333333333333333
Papalexi_IFNg_IL2STAT5,Papalexi,15,extra_trees,6,3,0.3333333333333333,0.16666666666666666,-0.003235355883242353,0.01330378967411145,-0.04828338325454141,0.25062441429251453,4.730060287436781,0.3333333333333333
Papalexi_IFNg_IL2STAT5,Papalexi,15,gated_random,6,3,0.16666666666666666,0.0,-0.014239166593721054,-0.003176602493137732,-0.2125006220894916,-0.059842658278943264,4.509607473627386,0.3333333333333333
Papalexi_IFNg_IL2STAT5,Papalexi,15,old_controller,6,3,0.3333333333333333,0.16666666666666666,0.00501156848744405,0.02526169320087805,0.07479099385602818,0.4758942540130102,5.034292115634956,0.3333333333333333
Papalexi_IFNg_IL2STAT5,Papalexi,16,random,6,3,0.3333333333333333,0.16666666666666666,0.010258038050336654,0.03090800241319719,0.15308757382440089,0.5822626628586219,4.564983393842606,0.3333333333333333
Papalexi_IFNg_IL2STAT5,Papalexi,16,fixed_ridge,6,3,0.6666666666666666,0.5,0.043918518444957595,0.05772187663134179,0.6554254723670191,1.087397792430977,4.570113151414985,0.6666666666666666
Papalexi_IFNg_IL2STAT5,Papalexi,16,greedy_ridge,6,3,0.6666666666666666,0.5,0.043918518444957595,0.05772187663134179,0.6554254723670191,1.087397792430977,4.570113151414985,0.6666666666666666
Papalexi_IFNg_IL2STAT5,Papalexi,16,linear_ucb,6,3,0.6666666666666666,0.5,0.040711848665912785,0.061287021365635304,0.6075701910626291,1.1545600321226557,4.780071297196648,0.6666666666666666
Papalexi_IFNg_IL2STAT5,Papalexi,16,diversity,6,3,0.5,0.3333333333333333,0.035608831185766035,0.05698142681762119,0.5314144426255744,1.0734487744877779,4.821181237759993,0.5
Papalexi_IFNg_IL2STAT5,Papalexi,16,extra_trees,6,3,0.5,0.3333333333333333,0.02318267955250497,0.04276894215495994,0.34597065735441107,0.805705843227199,4.597780209604898,0.5
Papalexi_IFNg_IL2STAT5,Papalexi,16,gated_random,6,3,0.3333333333333333,0.16666666666666666,0.010258038050336654,0.03090800241319719,0.15308757382440089,0.5822626628586219,4.564983393842606,0.3333333333333333
Papalexi_IFNg_IL2STAT5,Papalexi,16,old_controller,6,3,0.5,0.3333333333333333,0.035608831185766035,0.05698142681762119,0.5314144426255744,1.0734487744877779,4.821181237759993,0.5
Papalexi_IFNg_IL2STAT5,Papalexi,17,random,6,3,0.5,0.5,0.03469050575893797,0.05247857561611488,0.517709657082324,0.9886214829664816,4.463784776173198,0.5
Papalexi_IFNg_IL2STAT5,Papalexi,17,fixed_ridge,6,3,0.3333333333333333,0.3333333333333333,0.012028718446619123,0.03490051427713369,0.17951262358100767,0.6574758894629302,4.638573064562116,0.3333333333333333
Papalexi_IFNg_IL2STAT5,Papalexi,17,greedy_ridge,6,3,0.3333333333333333,0.3333333333333333,0.012028718446619123,0.03490051427713369,0.17951262358100767,0.6574758894629302,4.638573064562116,0.3333333333333333
Papalexi_IFNg_IL2STAT5,Papalexi,17,linear_ucb,6,3,0.3333333333333333,0.3333333333333333,0.01150610704240715,0.033583629582081935,0.1717133434914638,0.6326676608699623,4.805696912775713,0.3333333333333333
Papalexi_IFNg_IL2STAT5,Papalexi,17,diversity,6,3,0.3333333333333333,0.5,0.014100228090687256,0.03671818480684158,0.2104271497319251,0.6917182086098789,5.080533697629664,0.5
Papalexi_IFNg_IL2STAT5,Papalexi,17,extra_trees,6,3,0.3333333333333333,0.3333333333333333,0.013690025579511237,0.03546177926459344,0.2043054228574033,0.6680493209580722,4.730795399549877,0.3333333333333333
Papalexi_IFNg_IL2STAT5,Papalexi,17,gated_random,6,3,0.5,0.5,0.03469050575893797,0.05247857561611488,0.517709657082324,0.9886214829664816,4.463784776173198,0.5
Papalexi_IFNg_IL2STAT5,Papalexi,17,old_controller,6,3,0.3333333333333333,0.5,0.014100228090687256,0.03671818480684158,0.2104271497319251,0.6917182086098789,5.080533697629664,0.5
Papalexi_IFNg_IL2STAT5,Papalexi,18,random,6,3,0.3333333333333333,0.3333333333333333,0.024433581240594106,0.043120121383542244,0.36463870124182174,0.8123215587963054,4.6090923083950495,0.5
Papalexi_IFNg_IL2STAT5,Papalexi,18,fixed_ridge,6,3,0.5,0.5,0.04902504409125713,0.07569772577306667,0.7316335755177401,1.4260371405350951,4.7031746087532,0.5
Papalexi_IFNg_IL2STAT5,Papalexi,18,greedy_ridge,6,3,0.5,0.5,0.04902504409125713,0.07569772577306667,0.7316335755177401,1.4260371405350951,4.7031746087532,0.5
Papalexi_IFNg_IL2STAT5,Papalexi,18,linear_ucb,6,3,0.5,0.5,0.04902504409125713,0.07569772577306667,0.7316335755177401,1.4260371405350951,4.7031746087532,0.5
Papalexi_IFNg_IL2STAT5,Papalexi,18,diversity,6,3,0.3333333333333333,0.5,0.026524791068356895,0.05623962297985683,0.39584722643143555,1.0594742486636504,5.155315787065079,0.5
Papalexi_IFNg_IL2STAT5,Papalexi,18,extra_trees,6,3,0.5,0.5,0.0353428213164557,0.061739208161827236,0.5274445991422263,1.1630785861379034,4.7997778618349605,0.5
Papalexi_IFNg_IL2STAT5,Papalexi,18,gated_random,6,3,0.3333333333333333,0.3333333333333333,0.024433581240594106,0.043120121383542244,0.36463870124182174,0.8123215587963054,4.6090923083950495,0.5
Papalexi_IFNg_IL2STAT5,Papalexi,18,old_controller,6,3,0.3333333333333333,0.5,0.026524791068356895,0.05623962297985683,0.39584722643143555,1.0594742486636504,5.155315787065079,0.5
Papalexi_IFNg_IL2STAT5,Papalexi,19,random,6,3,0.3333333333333333,0.3333333333333333,0.021582820542751246,0.055614308092837676,0.3220948895845432,1.0476942084535639,4.784421311685719,0.3333333333333333
Papalexi_IFNg_IL2STAT5,Papalexi,19,fixed_ridge,6,3,0.5,0.3333333333333333,0.030129654961402425,0.05596308283160428,0.44964502525471184,1.0542646268655074,4.6101725221138965,0.5
Papalexi_IFNg_IL2STAT5,Papalexi,19,greedy_ridge,6,3,0.5,0.3333333333333333,0.030129654961402425,0.05596308283160428,0.44964502525471184,1.0542646268655074,4.6101725221138965,0.5
Papalexi_IFNg_IL2STAT5,Papalexi,19,linear_ucb,6,3,0.5,0.3333333333333333,0.030129654961402425,0.05596308283160428,0.44964502525471184,1.0542646268655074,4.6101725221138965,0.5
Papalexi_IFNg_IL2STAT5,Papalexi,19,diversity,6,3,0.5,0.6666666666666666,0.04469263025488709,0.0804729584120691,0.6669780614946285,1.5159957096779444,5.017513314343078,0.6666666666666666
Papalexi_IFNg_IL2STAT5,Papalexi,19,extra_trees,6,3,0.5,0.5,0.03133366470623803,0.06368718351210796,0.46761326925939944,1.1997756621725912,4.611497836321791,0.5
Papalexi_IFNg_IL2STAT5,Papalexi,19,gated_random,6,3,0.3333333333333333,0.3333333333333333,0.021582820542751246,0.055614308092837676,0.3220948895845432,1.0476942084535639,4.784421311685719,0.3333333333333333
Papalexi_IFNg_IL2STAT5,Papalexi,19,old_controller,6,3,0.5,0.6666666666666666,0.04469263025488709,0.0804729584120691,0.6669780614946285,1.5159957096779444,5.017513314343078,0.6666666666666666
Papalexi_IFNg_IL2STAT5,Papalexi,20,random,6,3,0.16666666666666666,0.16666666666666666,0.005216167870099656,0.02463525088555057,0.07784436750730735,0.46409297466232163,4.682303896495598,0.16666666666666666
Papalexi_IFNg_IL2STAT5,Papalexi,20,fixed_ridge,6,3,0.3333333333333333,0.3333333333333333,0.028340534274178885,0.04965125555253966,0.4229447786829897,0.9353588072696529,4.412732528511461,0.3333333333333333
Papalexi_IFNg_IL2STAT5,Papalexi,20,greedy_ridge,6,3,0.3333333333333333,0.3333333333333333,0.028340534274178885,0.04965125555253966,0.4229447786829897,0.9353588072696529,4.412732528511461,0.3333333333333333
Papalexi_IFNg_IL2STAT5,Papalexi,20,linear_ucb,6,3,0.16666666666666666,0.16666666666666666,0.005684767290865036,0.026147950620912085,0.0848375905845153,0.49259007920638775,4.631321161738096,0.16666666666666666
Papalexi_IFNg_IL2STAT5,Papalexi,20,diversity,6,3,0.16666666666666666,0.3333333333333333,0.00781028891837976,0.027769806110310203,0.11655817374776864,0.5231435224022379,4.957140681349548,0.3333333333333333
Papalexi_IFNg_IL2STAT5,Papalexi,20,extra_trees,6,3,0.3333333333333333,0.3333333333333333,0.016628319166478563,0.03326939129228062,0.24815554645855933,0.6267478598764912,4.601602756119431,0.3333333333333333
Papalexi_IFNg_IL2STAT5,Papalexi,20,gated_random,6,3,0.16666666666666666,0.16666666666666666,0.005216167870099656,0.02463525088555057,0.07784436750730735,0.46409297466232163,4.682303896495598,0.16666666666666666
Papalexi_IFNg_IL2STAT5,Papalexi,20,old_controller,6,3,0.16666666666666666,0.3333333333333333,0.00781028891837976,0.027769806110310203,0.11655817374776864,0.5231435224022379,4.957140681349548,0.3333333333333333
Papalexi_IFNg_IL2STAT5,Papalexi,21,random,6,3,0.0,0.0,-0.01763047089593504,-0.0008602278066294995,-0.2631113280723139,-0.016205464418472332,4.524041524602491,0.0
Papalexi_IFNg_IL2STAT5,Papalexi,21,fixed_ridge,6,3,0.16666666666666666,0.16666666666666666,-0.011803564154015844,0.006128645615096003,-0.17615249523856563,0.1154549384284678,4.5396735216209025,0.16666666666666666
Papalexi_IFNg_IL2STAT5,Papalexi,21,greedy_ridge,6,3,0.16666666666666666,0.16666666666666666,-0.011803564154015844,0.006128645615096003,-0.17615249523856563,0.1154549384284678,4.5396735216209025,0.16666666666666666
Papalexi_IFNg_IL2STAT5,Papalexi,21,linear_ucb,6,3,0.16666666666666666,0.16666666666666666,0.0030849069698897515,0.027539214976855922,0.04603813333280697,0.5187995144782788,4.557543589481573,0.16666666666666666
Papalexi_IFNg_IL2STAT5,Papalexi,21,diversity,6,3,0.3333333333333333,0.5,0.02389092645193494,0.0498586321222089,0.3565403002988365,0.9392654859367461,4.933966106338734,0.5
Papalexi_IFNg_IL2STAT5,Papalexi,21,extra_trees,6,3,0.16666666666666666,0.16666666666666666,-0.009822474527461059,0.010868144685490218,-0.14658736758259955,0.20474033812694142,4.602188743001858,0.16666666666666666
Papalexi_IFNg_IL2STAT5,Papalexi,21,gated_random,6,3,0.0,0.0,-0.01763047089593504,-0.0008602278066294995,-0.2631113280723139,-0.016205464418472332,4.524041524602491,0.0
Papalexi_IFNg_IL2STAT5,Papalexi,21,old_controller,6,3,0.3333333333333333,0.5,0.02389092645193494,0.0498586321222089,0.3565403002988365,0.9392654859367461,4.933966106338734,0.5
Papalexi_IFNg_IL2STAT5,Papalexi,22,random,6,3,0.16666666666666666,0.3333333333333333,0.0033832175284010716,0.03484412636034709,0.05049002163977238,0.6564136215705478,4.726020168578406,0.3333333333333333
Papalexi_IFNg_IL2STAT5,Papalexi,22,fixed_ridge,6,3,0.16666666666666666,0.16666666666666666,0.0009042131542021376,0.016957859981444216,0.013494178644850243,0.3194618848924177,4.531535292090482,0.3333333333333333
Papalexi_IFNg_IL2STAT5,Papalexi,22,greedy_ridge,6,3,0.16666666666666666,0.16666666666666666,0.0009042131542021376,0.016957859981444216,0.013494178644850243,0.3194618848924177,4.531535292090482,0.3333333333333333
Papalexi_IFNg_IL2STAT5,Papalexi,22,linear_ucb,6,3,0.3333333333333333,0.3333333333333333,0.024856786902153875,0.048967621506406406,0.3709544828405076,0.9224801173174224,4.808265285841375,0.3333333333333333
Papalexi_IFNg_IL2STAT5,Papalexi,22,diversity,6,3,0.3333333333333333,0.5,0.02501230086256749,0.05301282364482413,0.3732753218526775,0.9986859535092428,5.041817830926621,0.5
Papalexi_IFNg_IL2STAT5,Papalexi,22,extra_trees,6,3,0.3333333333333333,0.3333333333333333,0.011653335313918435,0.036227048744862995,0.1739105296174485,0.6824659060038896,4.635802352905335,0.3333333333333333
Papalexi_IFNg_IL2STAT5,Papalexi,22,gated_random,6,3,0.16666666666666666,0.3333333333333333,0.0033832175284010716,0.03484412636034709,0.05049002163977238,0.6564136215705478,4.726020168578406,0.3333333333333333
Papalexi_IFNg_IL2STAT5,Papalexi,22,old_controller,6,3,0.3333333333333333,0.5,0.02501230086256749,0.05301282364482413,0.3732753218526775,0.9986859535092428,5.041817830926621,0.5
Papalexi_IFNg_IL2STAT5,Papalexi,23,random,6,3,0.16666666666666666,0.16666666666666666,-0.010202289333575325,0.0128109692355119,-0.15225559837734787,0.241340380434422,4.7042366252270424,0.16666666666666666
Papalexi_IFNg_IL2STAT5,Papalexi,23,fixed_ridge,6,3,0.3333333333333333,0.3333333333333333,0.007688237950935664,0.03312655058352479,0.11473672539699709,0.624056944742834,4.686910532117377,0.3333333333333333
Papalexi_IFNg_IL2STAT5,Papalexi,23,greedy_ridge,6,3,0.3333333333333333,0.3333333333333333,0.007688237950935664,0.03312655058352479,0.11473672539699709,0.624056944742834,4.686910532117377,0.3333333333333333
Papalexi_IFNg_IL2STAT5,Papalexi,23,linear_ucb,6,3,0.16666666666666666,0.3333333333333333,0.001856727253284788,0.030832981285350797,0.027709184647612378,0.5808493718575883,4.818412587559153,0.3333333333333333
Papalexi_IFNg_IL2STAT5,Papalexi,23,diversity,6,3,0.16666666666666666,0.3333333333333333,0.006451896299730646,0.029818148382790108,0.09628597069397486,0.5617313680376705,4.886260872998434,0.3333333333333333
Papalexi_IFNg_IL2STAT5,Papalexi,23,extra_trees,6,3,0.16666666666666666,0.16666666666666666,-0.010456977884337727,0.015599765831681496,-0.1560564862396998,0.293877328974436,4.588050872232501,0.16666666666666666
Papalexi_IFNg_IL2STAT5,Papalexi,23,gated_random,6,3,0.16666666666666666,0.16666666666666666,-0.010202289333575325,0.0128109692355119,-0.15225559837734787,0.241340380434422,4.7042366252270424,0.16666666666666666
Papalexi_IFNg_IL2STAT5,Papalexi,23,old_controller,6,3,0.16666666666666666,0.3333333333333333,0.006451896299730646,0.029818148382790108,0.09628597069397486,0.5617313680376705,4.886260872998434,0.3333333333333333
Papalexi_IFNg_IL2STAT5,Papalexi,24,random,6,3,0.3333333333333333,0.3333333333333333,0.02212835165111481,0.04472532525979428,0.3302362157733628,0.8425613093606581,4.557148344745547,0.3333333333333333
Papalexi_IFNg_IL2STAT5,Papalexi,24,fixed_ridge,6,3,0.3333333333333333,0.3333333333333333,0.023621141673209556,0.03665029352822028,0.3525141213134245,0.6904392337946693,4.566383455281524,0.5
Papalexi_IFNg_IL2STAT5,Papalexi,24,greedy_ridge,6,3,0.3333333333333333,0.3333333333333333,0.023621141673209556,0.03665029352822028,0.3525141213134245,0.6904392337946693,4.566383455281524,0.5
Papalexi_IFNg_IL2STAT5,Papalexi,24,linear_ucb,6,3,0.3333333333333333,0.3333333333333333,0.027860627770649394,0.04826382615999559,0.4157828124349244,0.9092216172361071,4.735723874666504,0.3333333333333333
Papalexi_IFNg_IL2STAT5,Papalexi,24,diversity,6,3,0.3333333333333333,0.5,0.025552233584827055,0.05041989710966866,0.38133309957523215,0.9498389174318883,5.026188441326494,0.5
Papalexi_IFNg_IL2STAT5,Papalexi,24,extra_trees,6,3,0.5,0.5,0.03437026383292586,0.05591948229163907,0.5129304722860228,1.0534432549061412,4.670650516096377,0.5
Papalexi_IFNg_IL2STAT5,Papalexi,24,gated_random,6,3,0.3333333333333333,0.3333333333333333,0.02212835165111481,0.04472532525979428,0.3302362157733628,0.8425613093606581,4.557148344745547,0.3333333333333333
Papalexi_IFNg_IL2STAT5,Papalexi,24,old_controller,6,3,0.3333333333333333,0.5,0.025552233584827055,0.05041989710966866,0.38133309957523215,0.9498389174318883,5.026188441326494,0.5
Papalexi_IFNg_IL2STAT5,Papalexi,25,random,6,3,0.16666666666666666,0.0,-0.010382327506670477,0.0006465504450473676,-0.15494242864446797,0.012180087822335761,4.6256832893916195,0.3333333333333333
Papalexi_IFNg_IL2STAT5,Papalexi,25,fixed_ridge,6,3,0.3333333333333333,0.16666666666666666,-0.0037579672874543247,0.011986904979059694,-0.05608266334408527,0.22581618569954662,4.897184135650378,0.3333333333333333
Papalexi_IFNg_IL2STAT5,Papalexi,25,greedy_ridge,6,3,0.3333333333333333,0.16666666666666666,-0.0037579672874543247,0.011986904979059694,-0.05608266334408527,0.22581618569954662,4.897184135650378,0.3333333333333333
Papalexi_IFNg_IL2STAT5,Papalexi,25,linear_ucb,6,3,0.5,0.3333333333333333,0.02002608934970004,0.03536036978498813,0.298862747115238,0.6661389110634204,5.090926904949487,0.5
Papalexi_IFNg_IL2STAT5,Papalexi,25,diversity,6,3,0.6666666666666666,0.5,0.04007182424623799,0.060549693958225036,0.5980186778867572,1.140669835858984,5.0166441507266315,0.6666666666666666
Papalexi_IFNg_IL2STAT5,Papalexi,25,extra_trees,6,3,0.3333333333333333,0.16666666666666666,0.0030448326988736633,0.020958953371767258,0.045440078140134614,0.3948367752088747,4.643315707800692,0.3333333333333333
Papalexi_IFNg_IL2STAT5,Papalexi,25,gated_random,6,3,0.16666666666666666,0.0,-0.010382327506670477,0.0006465504450473676,-0.15494242864446797,0.012180087822335761,4.6256832893916195,0.3333333333333333
Papalexi_IFNg_IL2STAT5,Papalexi,25,old_controller,6,3,0.6666666666666666,0.5,0.04007182424623799,0.060549693958225036,0.5980186778867572,1.140669835858984,5.0166441507266315,0.6666666666666666
Papalexi_IFNg_IL2STAT5,Papalexi,26,random,6,3,0.5,0.5,0.04730972497491842,0.07533227582591669,0.7060347192290085,1.4191525849910513,4.727093387221534,0.5
Papalexi_IFNg_IL2STAT5,Papalexi,26,fixed_ridge,6,3,0.5,0.5,0.036600481113587484,0.056176287600051424,0.5462134988182296,1.0582811004813235,4.628392519317786,0.5
Papalexi_IFNg_IL2STAT5,Papalexi,26,greedy_ridge,6,3,0.5,0.5,0.036600481113587484,0.056176287600051424,0.5462134988182296,1.0582811004813235,4.628392519317786,0.5
Papalexi_IFNg_IL2STAT5,Papalexi,26,linear_ucb,6,3,0.5,0.5,0.036600481113587484,0.056176287600051424,0.5462134988182296,1.0582811004813235,4.628392519317786,0.5
Papalexi_IFNg_IL2STAT5,Papalexi,26,diversity,6,3,0.5,0.5,0.048193732152836156,0.07736545271449428,0.7192273505535083,1.4574547364332395,4.87025381742835,0.5
Papalexi_IFNg_IL2STAT5,Papalexi,26,extra_trees,6,3,0.5,0.5,0.037898841419785,0.060249003960527674,0.5655897994568454,1.1350052653567033,4.77161309628728,0.5
Papalexi_IFNg_IL2STAT5,Papalexi,26,gated_random,6,3,0.5,0.5,0.04730972497491842,0.07533227582591669,0.7060347192290085,1.4191525849910513,4.727093387221534,0.5
Papalexi_IFNg_IL2STAT5,Papalexi,26,old_controller,6,3,0.5,0.5,0.048193732152836156,0.07736545271449428,0.7192273505535083,1.4574547364332395,4.87025381742835,0.5
Papalexi_IFNg_IL2STAT5,Papalexi,27,random,6,3,0.16666666666666666,0.16666666666666666,0.005197711235088566,0.02837557757290976,0.07756892677868599,0.5345553923827572,4.584734598019367,0.16666666666666666
Papalexi_IFNg_IL2STAT5,Papalexi,27,fixed_ridge,6,3,0.5,0.5,0.03404446101025818,0.05766649180135099,0.5080682985036103,1.0863544212625238,4.656557284865467,0.5
Papalexi_IFNg_IL2STAT5,Papalexi,27,greedy_ridge,6,3,0.5,0.5,0.03404446101025818,0.05766649180135099,0.5080682985036103,1.0863544212625238,4.656557284865467,0.5
Papalexi_IFNg_IL2STAT5,Papalexi,27,linear_ucb,6,3,0.3333333333333333,0.5,0.0282129503126073,0.055372922503177,0.4210407577542256,1.043146848377278,4.7880593403072425,0.5
Papalexi_IFNg_IL2STAT5,Papalexi,27,diversity,6,3,0.16666666666666666,0.3333333333333333,0.007858514881860358,0.033168209966419455,0.11727788210801854,0.6248417480728266,4.862297454991652,0.3333333333333333
Papalexi_IFNg_IL2STAT5,Papalexi,27,extra_trees,6,3,0.16666666666666666,0.16666666666666666,-0.007250308105292908,0.012034621097387982,-0.1082012049353096,0.22671508928275724,4.378092726450838,0.16666666666666666
Papalexi_IFNg_IL2STAT5,Papalexi,27,gated_random,6,3,0.16666666666666666,0.16666666666666666,0.005197711235088566,0.02837557757290976,0.07756892677868599,0.5345553923827572,4.584734598019367,0.16666666666666666
Papalexi_IFNg_IL2STAT5,Papalexi,27,old_controller,6,3,0.16666666666666666,0.3333333333333333,0.007858514881860358,0.033168209966419455,0.11727788210801854,0.6248417480728266,4.862297454991652,0.3333333333333333
Papalexi_IFNg_IL2STAT5,Papalexi,28,random,6,3,0.16666666666666666,0.3333333333333333,0.0030964173802085528,0.020237792639592387,0.04620991089697489,0.38125113603842087,4.860080883820269,0.5
Papalexi_IFNg_IL2STAT5,Papalexi,28,fixed_ridge,6,3,0.3333333333333333,0.3333333333333333,0.022461114895969237,0.04430282725355342,0.33520226459894964,0.834602049785176,4.515805329526422,0.5
Papalexi_IFNg_IL2STAT5,Papalexi,28,greedy_ridge,6,3,0.3333333333333333,0.3333333333333333,0.022461114895969237,0.04430282725355342,0.33520226459894964,0.834602049785176,4.515805329526422,0.5
Papalexi_IFNg_IL2STAT5,Papalexi,28,linear_ucb,6,3,0.3333333333333333,0.3333333333333333,0.019474595345521314,0.04109681136975701,0.29063243263754374,0.7742052851961688,4.739841199314764,0.5
Papalexi_IFNg_IL2STAT5,Papalexi,28,diversity,6,3,0.16666666666666666,0.3333333333333333,0.001930869540170118,0.022421377811323983,0.02881565966372868,0.4223867649177614,5.060213482364508,0.5
Papalexi_IFNg_IL2STAT5,Papalexi,28,extra_trees,6,3,0.3333333333333333,0.3333333333333333,0.010748899788268916,0.027920962993294385,0.16041303237451932,0.5259911023920143,4.704675557134391,0.5
Papalexi_IFNg_IL2STAT5,Papalexi,28,gated_random,6,3,0.16666666666666666,0.3333333333333333,0.0030964173802085528,0.020237792639592387,0.04620991089697489,0.38125113603842087,4.860080883820269,0.5
Papalexi_IFNg_IL2STAT5,Papalexi,28,old_controller,6,3,0.16666666666666666,0.3333333333333333,0.001930869540170118,0.022421377811323983,0.02881565966372868,0.4223867649177614,5.060213482364508,0.5
Papalexi_IFNg_IL2STAT5,Papalexi,29,random,6,3,0.5,0.3333333333333333,0.029845313490733664,0.042597389889858006,0.4454016070037029,0.80247404334048,4.7452532416981805,0.6666666666666666
Papalexi_IFNg_IL2STAT5,Papalexi,29,fixed_ridge,6,3,0.3333333333333333,0.16666666666666666,0.005898680259910247,0.018633386290054944,0.08802995712478473,0.3510264097393809,4.464071975431593,0.5
Papalexi_IFNg_IL2STAT5,Papalexi,29,greedy_ridge,6,3,0.3333333333333333,0.16666666666666666,0.005898680259910247,0.018633386290054944,0.08802995712478473,0.3510264097393809,4.464071975431593,0.5
Papalexi_IFNg_IL2STAT5,Papalexi,29,linear_ucb,6,3,0.3333333333333333,0.16666666666666666,0.005728609607553249,0.014430829803879558,0.08549187884701782,0.2718562421646097,4.733182800987841,0.5
Papalexi_IFNg_IL2STAT5,Papalexi,29,diversity,6,3,0.3333333333333333,0.16666666666666666,0.005056962246649658,0.020926892813375397,0.07546843533455025,0.39423280003595934,4.784136403431128,0.5
Papalexi_IFNg_IL2STAT5,Papalexi,29,extra_trees,6,3,0.3333333333333333,0.16666666666666666,-0.003967262079011119,0.010440901187726644,-0.05920610972791515,0.19669168026250983,4.530842670452009,0.5
Papalexi_IFNg_IL2STAT5,Papalexi,29,gated_random,6,3,0.5,0.3333333333333333,0.029845313490733664,0.042597389889858006,0.4454016070037029,0.80247404334048,4.7452532416981805,0.6666666666666666
Papalexi_IFNg_IL2STAT5,Papalexi,29,old_controller,6,3,0.3333333333333333,0.16666666666666666,0.005056962246649658,0.020926892813375397,0.07546843533455025,0.39423280003595934,4.784136403431128,0.5
Tian_all_IFNG,Tian,0,random,42,10,0.11904761904761904,0.23809523809523808,0.009381174853804651,-9.279927445083282e-05,0.6816290581316903,-0.00977050872879094,4.451957423200971,
Tian_all_IFNG,Tian,0,fixed_ridge,42,10,0.11904761904761904,0.19047619047619047,0.008965119964859627,-0.0007598592173255052,0.6513988250849556,-0.08000290044794064,4.4772520655909815,
Tian_all_IFNG,Tian,0,greedy_ridge,42,10,0.19047619047619047,0.19047619047619047,0.010928451372726506,-0.0016163669506730895,0.7940529978511649,-0.1701815827110584,4.532590811226312,
Tian_all_IFNG,Tian,0,linear_ucb,42,10,0.16666666666666666,0.16666666666666666,0.010942596987409278,-0.0002696190731577519,0.7950808074979493,-0.028387242500824278,4.560934402947494,
Tian_all_IFNG,Tian,0,diversity,42,10,0.21428571428571427,0.19047619047619047,0.012351485940266149,0.0009268224108801835,0.8974496115031848,0.0975818669826101,4.821678492223225,
Tian_all_IFNG,Tian,0,extra_trees,42,10,0.19047619047619047,0.21428571428571427,0.0116680330813301,0.0015218504043047645,0.8477904445252818,0.16023026847102984,4.462488476651243,
Tian_all_IFNG,Tian,0,gated_random,42,10,0.11904761904761904,0.23809523809523808,0.009381174853804651,-9.279927445083282e-05,0.6816290581316903,-0.00977050872879094,4.451957423200971,
Tian_all_IFNG,Tian,0,old_controller,42,10,0.21428571428571427,0.19047619047619047,0.012351485940266149,0.0009268224108801835,0.8974496115031848,0.0975818669826101,4.821678492223225,
Tian_all_IFNG,Tian,1,random,42,10,0.2857142857142857,0.2857142857142857,0.012594593844514642,0.0014310888902546355,0.9151136476585352,0.15067430835697843,4.474712580964925,
Tian_all_IFNG,Tian,1,fixed_ridge,42,10,0.16666666666666666,0.16666666666666666,0.01141845741137157,-0.0011838986383066337,0.8296564654131213,-0.12464851743757208,4.535087205445183,
Tian_all_IFNG,Tian,1,greedy_ridge,42,10,0.21428571428571427,0.19047619047619047,0.012965776325215526,-0.00016897397075949438,0.9420834855155193,-0.017790674183760156,4.452220282059365,
Tian_all_IFNG,Tian,1,linear_ucb,42,10,0.23809523809523808,0.16666666666666666,0.012246157217658413,0.00027335348948386435,0.8897965063106931,0.028780426041613193,4.481642289492074,
Tian_all_IFNG,Tian,1,diversity,42,10,0.30952380952380953,0.2619047619047619,0.014984743819607496,0.002093531472105415,1.0887801341813064,0.22042055439821312,4.791326091802168,
Tian_all_IFNG,Tian,1,extra_trees,42,10,0.2619047619047619,0.19047619047619047,0.013953392024855354,-0.0009704003883147255,1.0138428940792075,-0.10217003872669883,4.459243808931031,
Tian_all_IFNG,Tian,1,gated_random,42,10,0.2857142857142857,0.2857142857142857,0.012594593844514642,0.0014310888902546355,0.9151136476585352,0.15067430835697843,4.474712580964925,
Tian_all_IFNG,Tian,1,old_controller,42,10,0.30952380952380953,0.2619047619047619,0.014984743819607496,0.002093531472105415,1.0887801341813064,0.22042055439821312,4.791326091802168,
Tian_all_IFNG,Tian,2,random,42,10,0.11904761904761904,0.23809523809523808,0.009887808355883444,0.0015188829246391468,0.7184406645905415,0.1599178329897504,4.389401885800079,
Tian_all_IFNG,Tian,2,fixed_ridge,42,10,0.14285714285714285,0.21428571428571427,0.010969479961005264,0.0007506053124509136,0.7970341039941317,0.07902858939984617,4.5213944429885675,
Tian_all_IFNG,Tian,2,greedy_ridge,42,10,0.19047619047619047,0.23809523809523808,0.011841327715678885,0.0016562973279294227,0.8603819013770354,0.17438571148076795,4.625881334077472,
Tian_all_IFNG,Tian,2,linear_ucb,42,10,0.19047619047619047,0.23809523809523808,0.012226707864654688,0.0010409840828437223,0.8883833310553759,0.10960154729815068,4.650790932070921,
Tian_all_IFNG,Tian,2,diversity,42,10,0.23809523809523808,0.2857142857142857,0.013671129312204771,0.0024075705372321268,0.9933338992072398,0.2534846213875251,4.835572060987281,
Tian_all_IFNG,Tian,2,extra_trees,42,10,0.23809523809523808,0.30952380952380953,0.012701456652401789,0.0023024178650834885,0.9228782183252766,0.2424134669290029,4.405391533172684,
Tian_all_IFNG,Tian,2,gated_random,42,10,0.11904761904761904,0.2619047619047619,0.010811355022486271,0.0020551409205077403,0.7855448657495082,0.21637854844818907,4.412301934337735,
Tian_all_IFNG,Tian,2,old_controller,42,10,0.19047619047619047,0.23809523809523808,0.01198978609069037,0.0013404590358536497,0.8711687744401465,0.14113221022362457,4.64726208705703,
Tian_all_IFNG,Tian,3,random,42,10,0.19047619047619047,0.21428571428571427,0.012915245300408714,0.0019523212401986846,0.9384119395330321,0.20555302648267648,4.425915250464551,
Tian_all_IFNG,Tian,3,fixed_ridge,42,10,0.14285714285714285,0.14285714285714285,0.00928571836310377,-0.002068521187187011,0.6746932618308027,-0.21778730959591364,4.286305636552909,
Tian_all_IFNG,Tian,3,greedy_ridge,42,10,0.14285714285714285,0.21428571428571427,0.01299365662430987,0.0005628137941198911,0.9441092469268846,0.05925668191560944,4.31419430294037,
Tian_all_IFNG,Tian,3,linear_ucb,42,10,0.14285714285714285,0.19047619047619047,0.01212280036543377,0.0005862586993061984,0.8808334908775171,0.061725113399843275,4.320319309277245,
Tian_all_IFNG,Tian,3,diversity,42,10,0.2619047619047619,0.21428571428571427,0.014679860399438794,0.0018476737764664356,1.0666275358374777,0.19453506363875903,4.781047142441341,
Tian_all_IFNG,Tian,3,extra_trees,42,10,0.21428571428571427,0.23809523809523808,0.013477292664296375,0.001092832120928559,0.9792498752119275,0.11506044459747149,4.4714925569556145,
Tian_all_IFNG,Tian,3,gated_random,42,10,0.19047619047619047,0.21428571428571427,0.012915245300408714,0.0019523212401986846,0.9384119395330321,0.20555302648267648,4.425915250464551,
Tian_all_IFNG,Tian,3,old_controller,42,10,0.2619047619047619,0.21428571428571427,0.014679860399438794,0.0018476737764664356,1.0666275358374777,0.19453506363875903,4.781047142441341,
Tian_all_IFNG,Tian,4,random,42,10,0.23809523809523808,0.2857142857142857,0.011219235531439196,0.002197911797279084,0.8151811545385504,0.2314103911642722,4.2950818740261205,
Tian_all_IFNG,Tian,4,fixed_ridge,42,10,0.16666666666666666,0.30952380952380953,0.01176212096718883,0.0016100143808123865,0.8546267990351306,0.16951274300685212,4.335288200204649,
Tian_all_IFNG,Tian,4,greedy_ridge,42,10,0.14285714285714285,0.2619047619047619,0.010628877838191364,-0.00016886030482147552,0.7722862117749459,-0.017778706697525466,4.450635187483302,
Tian_all_IFNG,Tian,4,linear_ucb,42,10,0.16666666666666666,0.23809523809523808,0.011423035399552917,0.0008122589148785272,0.8299890985663051,0.08551988002948964,4.486969881150857,
Tian_all_IFNG,Tian,4,diversity,42,10,0.21428571428571427,0.23809523809523808,0.014827462505024213,0.001117647144316036,1.077352193012761,0.11767313100097299,4.852008630113086,
Tian_all_IFNG,Tian,4,extra_trees,42,10,0.19047619047619047,0.23809523809523808,0.013946188410994492,0.0009247681818619302,1.0133194849532032,0.09736558444513817,4.4430351297099895,
Tian_all_IFNG,Tian,4,gated_random,42,10,0.21428571428571427,0.21428571428571427,0.01381591077361002,-0.0001913404582517291,1.003853610513182,-0.02014556286762649,4.299503915733924,
Tian_all_IFNG,Tian,4,old_controller,42,10,0.21428571428571427,0.19047619047619047,0.013989119770501067,8.39590881915404e-05,1.0164388450121313,0.008839756656410064,4.787823481698933,
Tian_all_IFNG,Tian,5,random,42,10,0.23809523809523808,0.35714285714285715,0.013574877243226192,0.0010980862159528275,0.986340296791388,0.1156136297554407,4.293560448236787,
Tian_all_IFNG,Tian,5,fixed_ridge,42,10,0.21428571428571427,0.19047619047619047,0.014805342960892634,-0.0014921619754665817,1.0757450036929077,-0.15710447837381047,4.428801750748921,
Tian_all_IFNG,Tian,5,greedy_ridge,42,10,0.16666666666666666,0.23809523809523808,0.013584322926327896,0.0010296982970879876,0.9870266129699437,0.10841330666922105,4.35445687847906,
Tian_all_IFNG,Tian,5,linear_ucb,42,10,0.21428571428571427,0.19047619047619047,0.015518641391090453,0.00018514734390951112,1.1275727272690614,0.019493511673291986,4.457649622061934,
Tian_all_IFNG,Tian,5,diversity,42,10,0.2857142857142857,0.2619047619047619,0.015749984049428473,0.0024097497824432496,1.144381909569365,0.25371406643958455,4.821047497394587,
Tian_all_IFNG,Tian,5,extra_trees,42,10,0.23809523809523808,0.23809523809523808,0.013291801876556566,0.0005589276215225003,0.9657722550940259,0.05884752049156715,4.399908281728076,
Tian_all_IFNG,Tian,5,gated_random,42,10,0.23809523809523808,0.35714285714285715,0.013997408402283024,0.002235668823073866,1.017041090718323,0.2353856954140544,4.363306710615409,
Tian_all_IFNG,Tian,5,old_controller,42,10,0.30952380952380953,0.2857142857142857,0.015924045591402675,0.0005382509373887109,1.1570290893482076,0.05667054525111224,4.671250232982863,
Tian_all_IFNG,Tian,6,random,42,10,0.16666666666666666,0.11904761904761904,0.013603605158161178,-0.00023666672032379363,0.9884276453276197,-0.024917805343005004,4.453208901980907,
Tian_all_IFNG,Tian,6,fixed_ridge,42,10,0.23809523809523808,0.16666666666666666,0.017080092447637446,-7.033017903750157e-06,1.241026578154402,-0.000740481681834067,4.53800242674207,
Tian_all_IFNG,Tian,6,greedy_ridge,42,10,0.19047619047619047,0.21428571428571427,0.014421724152984277,0.0010720129312014636,1.047871551722217,0.11286846544506213,4.610339522396367,
Tian_all_IFNG,Tian,6,linear_ucb,42,10,0.2619047619047619,0.19047619047619047,0.015648641860588834,-9.957130630272238e-05,1.137018462900449,-0.010483512108527422,4.6299886740782705,
Tian_all_IFNG,Tian,6,diversity,42,10,0.19047619047619047,0.16666666666666666,0.01384371173014712,0.0006300967955259803,1.005873606954444,0.06634067213458197,4.90637282584813,
Tian_all_IFNG,Tian,6,extra_trees,42,10,0.23809523809523808,0.21428571428571427,0.015114821611477269,0.001364663738001948,1.0982314879976234,0.14368063805366146,4.546892983055033,
Tian_all_IFNG,Tian,6,gated_random,42,10,0.21428571428571427,0.14285714285714285,0.014797086551663013,7.127471819608104e-05,1.0751450992529585,0.00750426401928269,4.414502733845311,
Tian_all_IFNG,Tian,6,old_controller,42,10,0.21428571428571427,0.21428571428571427,0.013982797407729362,0.002013823783698314,1.01597946692267,0.21202841264988564,4.880751491882327,
Tian_all_IFNG,Tian,7,random,42,10,0.16666666666666666,0.14285714285714285,0.012719598978632961,-0.000945427364264132,0.9241964260054433,-0.09954071698992269,4.347167201187894,
Tian_all_IFNG,Tian,7,fixed_ridge,42,10,0.09523809523809523,0.16666666666666666,0.010969440424537473,-0.0019333695252515522,0.797031231304333,-0.20355766717181653,4.5064108983666875,
Tian_all_IFNG,Tian,7,greedy_ridge,42,10,0.09523809523809523,0.16666666666666666,0.011009799109802446,-0.0013507376250688613,0.7999636628018058,-0.14221440667657304,4.410791960162605,
Tian_all_IFNG,Tian,7,linear_ucb,42,10,0.11904761904761904,0.19047619047619047,0.012237067779631908,-0.0009641488542753594,0.8891360746294267,-0.10151183672823039,4.444505145493987,
Tian_all_IFNG,Tian,7,diversity,42,10,0.2619047619047619,0.23809523809523808,0.01522874070663336,0.0023310719062233707,1.1065087631518082,0.2454303499890174,4.820591761668209,
Tian_all_IFNG,Tian,7,extra_trees,42,10,0.07142857142857142,0.21428571428571427,0.008874267533171953,-0.0015214604135922872,0.6447975562241447,-0.16018920772262468,4.46035756819417,
Tian_all_IFNG,Tian,7,gated_random,42,10,0.16666666666666666,0.14285714285714285,0.012719598978632961,-0.000945427364264132,0.9241964260054433,-0.09954071698992269,4.347167201187894,
Tian_all_IFNG,Tian,7,old_controller,42,10,0.2619047619047619,0.23809523809523808,0.01522874070663336,0.0023310719062233707,1.1065087631518082,0.2454303499890174,4.820591761668209,
Tian_all_IFNG,Tian,8,random,42,10,0.2857142857142857,0.2857142857142857,0.015053467492330583,0.002484306331046663,1.0937735441794785,0.2615638628224661,4.352743186286773,
Tian_all_IFNG,Tian,8,fixed_ridge,42,10,0.19047619047619047,0.23809523809523808,0.012473389071573868,0.001140927236299769,0.906307000675809,0.12012420988364929,4.447969814133863,
Tian_all_IFNG,Tian,8,greedy_ridge,42,10,0.2857142857142857,0.19047619047619047,0.017177863351442196,0.00032249011793985193,1.2481305379581242,0.033953848571839404,4.577516111353624,
Tian_all_IFNG,Tian,8,linear_ucb,42,10,0.2857142857142857,0.19047619047619047,0.01768952626158465,0.00011290521950923662,1.2853075773968332,0.011887392862381947,4.6041292584462,
Tian_all_IFNG,Tian,8,diversity,42,10,0.2857142857142857,0.2619047619047619,0.016696918645745396,0.0014253937093054178,1.2131854599837402,0.15007468281566178,4.832254720724764,
Tian_all_IFNG,Tian,8,extra_trees,42,10,0.23809523809523808,0.21428571428571427,0.014619748917014659,0.0013238022341262963,1.062259881062229,0.13937847424202407,4.534681874016133,
Tian_all_IFNG,Tian,8,gated_random,42,10,0.2857142857142857,0.2857142857142857,0.015053467492330583,0.002484306331046663,1.0937735441794785,0.2615638628224661,4.352743186286773,
Tian_all_IFNG,Tian,8,old_controller,42,10,0.2857142857142857,0.2619047619047619,0.016696918645745396,0.0014253937093054178,1.2131854599837402,0.15007468281566178,4.832254720724764,
Tian_all_IFNG,Tian,9,random,42,10,0.23809523809523808,0.21428571428571427,0.011476153763169208,0.0019589837996586987,0.8338486386266404,0.20625450389988026,4.344971652400215,
Tian_all_IFNG,Tian,9,fixed_ridge,42,10,0.19047619047619047,0.21428571428571427,0.013225180240707027,3.727995167390985e-05,0.9609315775026795,0.003925074796051616,4.368023903917881,
Tian_all_IFNG,Tian,9,greedy_ridge,42,10,0.11904761904761904,0.21428571428571427,0.009778117278327393,0.0008064434685440335,0.7104705939922243,0.08490759216938262,4.42995313641813,
Tian_all_IFNG,Tian,9,linear_ucb,42,10,0.16666666666666666,0.21428571428571427,0.012221535559695317,7.987469083048064e-05,0.888007515295328,0.008409724845232181,4.41000571263034,
Tian_all_IFNG,Tian,9,diversity,42,10,0.21428571428571427,0.21428571428571427,0.01194378446408549,0.0009559580181454552,0.8678263310997483,0.10064945244368809,4.836184471144177,
Tian_all_IFNG,Tian,9,extra_trees,42,10,0.2857142857142857,0.23809523809523808,0.01479617347715012,0.0012713296358496879,1.075078755950555,0.13385381920007572,4.481559728377117,
Tian_all_IFNG,Tian,9,gated_random,42,10,0.23809523809523808,0.21428571428571427,0.011476153763169208,0.0019589837996586987,0.8338486386266404,0.20625450389988026,4.344971652400215,
Tian_all_IFNG,Tian,9,old_controller,42,10,0.21428571428571427,0.2619047619047619,0.012501056144312482,0.0019054484157921706,0.9083172692216974,0.2006179519067478,4.714010456507201,
Tian_all_IFNG,Tian,10,random,42,10,0.19047619047619047,0.21428571428571427,0.012492381649412769,0.0014918038857346255,0.9076869869936819,0.1570667763672757,4.448216520313702,
Tian_all_IFNG,Tian,10,fixed_ridge,42,10,0.14285714285714285,0.23809523809523808,0.013270422052761835,0.0010703286016983744,0.9642188132934699,0.11269112832459992,4.402115671732124,
Tian_all_IFNG,Tian,10,greedy_ridge,42,10,0.11904761904761904,0.19047619047619047,0.012575447168623344,0.0010249960982385178,0.9137224646929129,0.10791822871548558,4.5542276764128236,
Tian_all_IFNG,Tian,10,linear_ucb,42,10,0.19047619047619047,0.23809523809523808,0.014283841298132165,0.0017149266815488394,1.0378530879423593,0.18055858960607468,4.59302263094223,
Tian_all_IFNG,Tian,10,diversity,42,10,0.19047619047619047,0.2619047619047619,0.013727556061181891,0.0024099999218490245,0.9974338240416126,0.2537404027365222,4.83540096679544,
Tian_all_IFNG,Tian,10,extra_trees,42,10,0.16666666666666666,0.23809523809523808,0.013691684582325545,0.002092900516725183,0.9948274295624898,0.22035412332871912,4.484175801275767,
Tian_all_IFNG,Tian,10,gated_random,42,10,0.19047619047619047,0.21428571428571427,0.012492381649412769,0.0014918038857346255,0.9076869869936819,0.1570667763672757,4.448216520313702,
Tian_all_IFNG,Tian,10,old_controller,42,10,0.21428571428571427,0.3333333333333333,0.015351442012136809,0.002647354083257524,1.1154241470568342,0.2787305863298788,4.748937184780812,
Tian_all_IFNG,Tian,11,random,42,10,0.3333333333333333,0.19047619047619047,0.014110053069324044,-0.0011449248743180356,1.0252257668911147,-0.12054510710922745,4.208327401827475,
Tian_all_IFNG,Tian,11,fixed_ridge,42,10,0.23809523809523808,0.21428571428571427,0.015085987504471769,2.2099439821613882e-05,1.0961364236259943,0.0023267721752810613,4.479659795693472,
Tian_all_IFNG,Tian,11,greedy_ridge,42,10,0.3333333333333333,0.2619047619047619,0.015878833085797635,0.0005326547503711038,1.153743982941856,0.05608134243215652,4.351894550612049,
Tian_all_IFNG,Tian,11,linear_ucb,42,10,0.30952380952380953,0.2857142857142857,0.016961980766140455,0.0016819888902426781,1.2324446728527976,0.1770906855802253,4.475646476085897,
Tian_all_IFNG,Tian,11,diversity,42,10,0.19047619047619047,0.19047619047619047,0.013057969991438293,0.0010095075182243991,0.9487822074615926,0.10628749068310256,4.767137650055503,
Tian_all_IFNG,Tian,11,extra_trees,42,10,0.2619047619047619,0.21428571428571427,0.014947287245684624,-0.0009423715188198995,1.0860585678954449,-0.0992189777870744,4.444265441279733,
Tian_all_IFNG,Tian,11,gated_random,42,10,0.23809523809523808,0.14285714285714285,0.013105417213621467,-0.0017610463170021913,0.952229686681593,-0.18541436357017368,4.249586936450671,
Tian_all_IFNG,Tian,11,old_controller,42,10,0.19047619047619047,0.19047619047619047,0.013057969991438293,0.0010095075182243991,0.9487822074615926,0.10628749068310256,4.767137650055503,
Tian_all_IFNG,Tian,12,random,42,10,0.2619047619047619,0.21428571428571427,0.013917315514190882,0.00095179637008324,1.011221602144229,0.10021128717829506,4.358032155474801,
Tian_all_IFNG,Tian,12,fixed_ridge,42,10,0.21428571428571427,0.23809523809523808,0.012901563403551189,0.00011134193455253007,0.9374178232721389,0.011722800095838481,4.33038057998997,
Tian_all_IFNG,Tian,12,greedy_ridge,42,10,0.21428571428571427,0.21428571428571427,0.014447074636943977,-0.0005154591030662731,1.0497134986823704,-0.054270873297744535,4.334977324991552,
Tian_all_IFNG,Tian,12,linear_ucb,42,10,0.16666666666666666,0.23809523809523808,0.01304957333407053,-0.00011018728612583344,0.9481721126981716,-0.01160123123014976,4.4318965925052725,
Tian_all_IFNG,Tian,12,diversity,42,10,0.21428571428571427,0.16666666666666666,0.014122621312734158,0.0005020258389177018,1.0261389659361715,0.0528565322331567,4.778549069439602,
Tian_all_IFNG,Tian,12,extra_trees,42,10,0.23809523809523808,0.30952380952380953,0.013173492945369524,0.00016745110125596625,0.9571760177793696,0.017630336617921592,4.216852712793413,
Tian_all_IFNG,Tian,12,gated_random,42,10,0.30952380952380953,0.2857142857142857,0.01524545469911602,0.001796638821251172,1.1077231891838477,0.1891617729707552,4.3688959093371995,
Tian_all_IFNG,Tian,12,old_controller,42,10,0.21428571428571427,0.16666666666666666,0.014122621312734158,0.0005020258389177018,1.0261389659361715,0.0528565322331567,4.778549069439602,
Tian_all_IFNG,Tian,13,random,42,10,0.2857142857142857,0.2857142857142857,0.014791851794287622,0.003995142874795915,1.0747647457476737,0.4206345207110625,4.519223789470783,
Tian_all_IFNG,Tian,13,fixed_ridge,42,10,0.23809523809523808,0.2857142857142857,0.012909943551447912,0.0008566168350351497,0.9380267184699009,0.09019016919549941,4.4501374983088535,
Tian_all_IFNG,Tian,13,greedy_ridge,42,10,0.2857142857142857,0.2619047619047619,0.015699294505239044,-0.0005177824187350914,1.140698845688624,-0.054515487020817904,4.446245645152784,
Tian_all_IFNG,Tian,13,linear_ucb,42,10,0.2619047619047619,0.2857142857142857,0.015322567592384666,0.001054575296132548,1.1133261535915733,0.1110325182713525,4.530154547311598,
Tian_all_IFNG,Tian,13,diversity,42,10,0.2619047619047619,0.2857142857142857,0.015509661942725532,0.0030716148544913608,1.1269202873532826,0.32339950850792903,4.837151298200671,
Tian_all_IFNG,Tian,13,extra_trees,42,10,0.21428571428571427,0.16666666666666666,0.011656865454852347,-0.0011694285507913443,0.8469790132454874,-0.12312501289283116,4.445772855062882,
Tian_all_IFNG,Tian,13,gated_random,42,10,0.2857142857142857,0.2857142857142857,0.014791851794287622,0.003995142874795915,1.0747647457476737,0.4206345207110625,4.519223789470783,
Tian_all_IFNG,Tian,13,old_controller,42,10,0.2619047619047619,0.2857142857142857,0.015509661942725532,0.0030716148544913608,1.1269202873532826,0.32339950850792903,4.837151298200671,
Tian_all_IFNG,Tian,14,random,42,10,0.16666666666666666,0.23809523809523808,0.012644383361369355,0.0005423818054220495,0.9187313162349552,0.05710546979568507,4.330994588555278,
Tian_all_IFNG,Tian,14,fixed_ridge,42,10,0.2857142857142857,0.23809523809523808,0.012581416475549521,-8.017199336339932e-05,0.914156190012097,-0.008441026781698427,4.420749542554654,
Tian_all_IFNG,Tian,14,greedy_ridge,42,10,0.2619047619047619,0.23809523809523808,0.01465336200128272,0.00045273348352617155,1.0647021823014227,0.04766671376242307,4.413958528531281,
Tian_all_IFNG,Tian,14,linear_ucb,42,10,0.21428571428571427,0.2619047619047619,0.012792280617661224,0.0009779229621924104,0.9294774188369765,0.10296206403260612,4.397270462767224,
Tian_all_IFNG,Tian,14,diversity,42,10,0.19047619047619047,0.2857142857142857,0.013931520828278017,0.002691136478171349,1.0122537495045087,0.2833402804703168,4.7990764660803595,
Tian_all_IFNG,Tian,14,extra_trees,42,10,0.23809523809523808,0.3333333333333333,0.01530141857197446,0.002398207375205872,1.1117894817900908,0.2524988070387817,4.415087109706472,
Tian_all_IFNG,Tian,14,gated_random,42,10,0.16666666666666666,0.23809523809523808,0.012644383361369355,0.0005423818054220495,0.9187313162349552,0.05710546979568507,4.330994588555278,
Tian_all_IFNG,Tian,14,old_controller,42,10,0.19047619047619047,0.2857142857142857,0.013931520828278017,0.002691136478171349,1.0122537495045087,0.2833402804703168,4.7990764660803595,
Tian_all_IFNG,Tian,15,random,42,10,0.16666666666666666,0.16666666666666666,0.009553447766846315,-0.0005478154925568481,0.6941462774872776,-0.05767756357437293,4.43475745160451,
Tian_all_IFNG,Tian,15,fixed_ridge,42,10,0.19047619047619047,0.11904761904761904,0.012459502608491038,-0.001505497807718958,0.9052980207879551,-0.15850856117724413,4.436957088009694,
Tian_all_IFNG,Tian,15,greedy_ridge,42,10,0.19047619047619047,0.19047619047619047,0.011524456398210484,-0.001630792138818121,0.8373582714968892,-0.17170035995925936,4.373387267663535,
Tian_all_IFNG,Tian,15,linear_ucb,42,10,0.23809523809523808,0.19047619047619047,0.013436983132308929,-0.002312605610474367,0.9763210151543635,-0.2434860987556775,4.536922119263711,
Tian_all_IFNG,Tian,15,diversity,42,10,0.21428571428571427,0.19047619047619047,0.014311182556393406,0.0006368756785178281,1.0398396830551437,0.06705439684671206,4.769786833079579,
Tian_all_IFNG,Tian,15,extra_trees,42,10,0.21428571428571427,0.16666666666666666,0.012964992369529815,-0.0028204485653590024,0.9420265238892842,-0.2969550946386597,4.497282241185476,
Tian_all_IFNG,Tian,15,gated_random,42,10,0.16666666666666666,0.16666666666666666,0.009553447766846315,-0.0005478154925568481,0.6941462774872776,-0.05767756357437293,4.43475745160451,
Tian_all_IFNG,Tian,15,old_controller,42,10,0.21428571428571427,0.19047619047619047,0.014311182556393406,0.0006368756785178281,1.0398396830551437,0.06705439684671206,4.769786833079579,
Tian_all_IFNG,Tian,16,random,42,10,0.19047619047619047,0.21428571428571427,0.0128975430131564,0.0012408506372735722,0.9371257047517161,0.13064479279986907,4.5186912038736065,
Tian_all_IFNG,Tian,16,fixed_ridge,42,10,0.19047619047619047,0.2619047619047619,0.01321766336713429,0.0009895530283805334,0.9603854071633214,0.10418655273556118,4.590229859936166,
Tian_all_IFNG,Tian,16,greedy_ridge,42,10,0.21428571428571427,0.2619047619047619,0.013706100778086676,0.0019250948825965404,0.9958748994254479,0.20268645919344755,4.559193980582711,
Tian_all_IFNG,Tian,16,linear_ucb,42,10,0.19047619047619047,0.2619047619047619,0.01311046624832733,0.000623036894723345,0.952596545718405,0.06559736004701719,4.633435996043282,
Tian_all_IFNG,Tian,16,diversity,42,10,0.23809523809523808,0.30952380952380953,0.014348593285884444,0.003203638645946662,1.042557918319318,0.33729982846684786,4.840196630019948,
Tian_all_IFNG,Tian,16,extra_trees,42,10,0.23809523809523808,0.21428571428571427,0.01486238459228919,0.0008418920074932441,1.0798896054180702,0.08863984397065776,4.561926860825402,
Tian_all_IFNG,Tian,16,gated_random,42,10,0.19047619047619047,0.21428571428571427,0.0128975430131564,0.0012408506372735722,0.9371257047517161,0.13064479279986907,4.5186912038736065,
Tian_all_IFNG,Tian,16,old_controller,42,10,0.23809523809523808,0.30952380952380953,0.014348593285884444,0.003203638645946662,1.042557918319318,0.33729982846684786,4.840196630019948,
Tian_all_IFNG,Tian,17,random,42,10,0.14285714285714285,0.11904761904761904,0.008424003692616618,-0.003148770434829453,0.6120817266685301,-0.33152294778727026,4.401540005254104,
Tian_all_IFNG,Tian,17,fixed_ridge,42,10,0.21428571428571427,0.16666666666666666,0.014408405154885687,-0.0008507798982279236,1.0469038034102327,-0.08957561867921689,4.312933005317514,
Tian_all_IFNG,Tian,17,greedy_ridge,42,10,0.23809523809523808,0.19047619047619047,0.015394928280378901,-0.0007876995170221021,1.1185838263641117,-0.0829341075377318,4.419558496971459,
Tian_all_IFNG,Tian,17,linear_ucb,42,10,0.19047619047619047,0.23809523809523808,0.014352522457058517,2.5171026171043844e-05,1.0428434089202672,0.002650168682591483,4.457513714632807,
Tian_all_IFNG,Tian,17,diversity,42,10,0.2619047619047619,0.21428571428571427,0.01366952820339876,-0.00031565585835631335,0.9932175638543213,-0.03323429345342988,4.7804081464809896,
Tian_all_IFNG,Tian,17,extra_trees,42,10,0.19047619047619047,0.16666666666666666,0.012157137627238315,-0.0015565460174204718,0.8833284103079082,-0.16388324736341736,4.372161370280684,
Tian_all_IFNG,Tian,17,gated_random,42,10,0.14285714285714285,0.11904761904761904,0.008424003692616618,-0.003148770434829453,0.6120817266685301,-0.33152294778727026,4.401540005254104,
Tian_all_IFNG,Tian,17,old_controller,42,10,0.30952380952380953,0.23809523809523808,0.015246171673359515,-0.00034788349938572597,1.1077752839892334,-0.03662742825808881,4.652471651915168,
Tian_all_IFNG,Tian,18,random,42,10,0.19047619047619047,0.16666666666666666,0.014845006346638953,-0.0012400180029121996,1.078626915254082,-0.13055712766084912,4.356250282075357,
Tian_all_IFNG,Tian,18,fixed_ridge,42,10,0.16666666666666666,0.2619047619047619,0.01103496549836539,0.0013552005432406662,0.801792233529893,0.14268429161060453,4.508278675558644,
Tian_all_IFNG,Tian,18,greedy_ridge,42,10,0.21428571428571427,0.23809523809523808,0.014320383749577167,-0.0006174665204143066,1.040508234781476,-0.06501087495722342,4.438583883664229,
Tian_all_IFNG,Tian,18,linear_ucb,42,10,0.23809523809523808,0.23809523809523808,0.014677024760020035,0.0010920968209412437,1.0664215004254605,0.11498302745184337,4.590728943154572,
Tian_all_IFNG,Tian,18,diversity,42,10,0.30952380952380953,0.2619047619047619,0.017028154393640374,0.0014884943595082352,1.237252798496851,0.1567183280084446,4.827303448801935,
Tian_all_IFNG,Tian,18,extra_trees,42,10,0.14285714285714285,0.2619047619047619,0.010722022277142132,0.0002157387063920366,0.7790540161471742,0.02271436847341151,4.376465866757217,
Tian_all_IFNG,Tian,18,gated_random,42,10,0.19047619047619047,0.16666666666666666,0.014845006346638953,-0.0012400180029121996,1.078626915254082,-0.13055712766084912,4.356250282075357,
Tian_all_IFNG,Tian,18,old_controller,42,10,0.30952380952380953,0.2619047619047619,0.017028154393640374,0.0014884943595082352,1.237252798496851,0.1567183280084446,4.827303448801935,
Tian_all_IFNG,Tian,19,random,42,10,0.16666666666666666,0.23809523809523808,0.010893697634579315,0.0015324219178197564,0.7915278175652204,0.16134330589169937,4.3398561235720985,
Tian_all_IFNG,Tian,19,fixed_ridge,42,10,0.21428571428571427,0.21428571428571427,0.013275802778682304,-0.00037595611896957127,0.9646097727626612,-0.039583095490479836,4.408721515705742,
Tian_all_IFNG,Tian,19,greedy_ridge,42,10,0.14285714285714285,0.16666666666666666,0.01077959454497614,-0.0006414933314561273,0.7832371735138962,-0.06754057325926671,4.594978723021822,
Tian_all_IFNG,Tian,19,linear_ucb,42,10,0.16666666666666666,0.19047619047619047,0.011138906522466059,-0.00015239749682600815,0.8093445096001177,-0.01604539563262759,4.505957437645131,
Tian_all_IFNG,Tian,19,diversity,42,10,0.30952380952380953,0.21428571428571427,0.014842769965715671,0.0013882549915550653,1.0784644215103756,0.1461644780419361,4.784056274018462,
Tian_all_IFNG,Tian,19,extra_trees,42,10,0.14285714285714285,0.21428571428571427,0.010872737665244972,0.00099636608473395,0.790004882071694,0.10490387544055788,4.446786374449276,
Tian_all_IFNG,Tian,19,gated_random,42,10,0.16666666666666666,0.23809523809523808,0.010893697634579315,0.0015324219178197564,0.7915278175652204,0.16134330589169937,4.3398561235720985,
Tian_all_IFNG,Tian,19,old_controller,42,10,0.30952380952380953,0.21428571428571427,0.014842769965715671,0.0013882549915550653,1.0784644215103756,0.1461644780419361,4.784056274018462,
Tian_all_IFNG,Tian,20,random,42,10,0.19047619047619047,0.16666666666666666,0.013445125396619387,-8.322058557126507e-05,0.9769126259109573,-0.008762002316838604,4.3656336237832924,
Tian_all_IFNG,Tian,20,fixed_ridge,42,10,0.23809523809523808,0.2619047619047619,0.01469321221581311,0.0005687353418806403,1.0675976687005146,0.059880140821153005,4.407685887947553,
Tian_all_IFNG,Tian,20,greedy_ridge,42,10,0.21428571428571427,0.23809523809523808,0.015113990065977039,4.951740504504794e-05,1.0981710685315171,0.0052135131560328216,4.373538394328612,
Tian_all_IFNG,Tian,20,linear_ucb,42,10,0.23809523809523808,0.23809523809523808,0.01635486565690854,0.00012418875357201792,1.1883321489384358,0.013075396418491918,4.377542042150291,
Tian_all_IFNG,Tian,20,diversity,42,10,0.19047619047619047,0.21428571428571427,0.014949407885277972,0.0017080164510890302,1.0862126519617987,0.17983103578170406,4.803202656713169,
Tian_all_IFNG,Tian,20,extra_trees,42,10,0.16666666666666666,0.30952380952380953,0.014403506716511175,0.0013012215707122647,1.0465478865887718,0.13700103572976957,4.365682595270552,
Tian_all_IFNG,Tian,20,gated_random,42,10,0.19047619047619047,0.16666666666666666,0.013445125396619387,-8.322058557126507e-05,0.9769126259109573,-0.008762002316838604,4.3656336237832924,
Tian_all_IFNG,Tian,20,old_controller,42,10,0.23809523809523808,0.23809523809523808,0.017144365196892147,0.000799003623727343,1.2456965874251757,0.08412427711490082,4.694909952375662,
Tian_all_IFNG,Tian,21,random,42,10,0.2619047619047619,0.21428571428571427,0.013762106778060536,0.0008684084314849795,0.999944252955984,0.09143166485073197,4.29969283305808,
Tian_all_IFNG,Tian,21,fixed_ridge,42,10,0.2619047619047619,0.21428571428571427,0.013187166372157342,-0.0014471993469549597,0.9581695186114144,-0.1523705215951404,4.589591652043279,
Tian_all_IFNG,Tian,21,greedy_ridge,42,10,0.2619047619047619,0.21428571428571427,0.014901292103356858,-0.0009905460092184694,1.0827165956977096,-0.10429110019029066,4.50917567045274,
Tian_all_IFNG,Tian,21,linear_ucb,42,10,0.2857142857142857,0.21428571428571427,0.013737105221228195,-0.0003278665420605787,0.9981276587765734,-0.0345199133294801,4.6613682138817625,
Tian_all_IFNG,Tian,21,diversity,42,10,0.30952380952380953,0.2857142857142857,0.015767638030191704,0.002258226831969635,1.1456646344377792,0.2377607487118798,4.761359337795437,
Tian_all_IFNG,Tian,21,extra_trees,42,10,0.23809523809523808,0.3333333333333333,0.014907403704516608,0.0021218105417346996,1.0831606600081096,0.2233979580286844,4.522719311202463,
Tian_all_IFNG,Tian,21,gated_random,42,10,0.2619047619047619,0.21428571428571427,0.013762106778060536,0.0008684084314849795,0.999944252955984,0.09143166485073197,4.29969283305808,
Tian_all_IFNG,Tian,21,old_controller,42,10,0.2619047619047619,0.3333333333333333,0.014957511741550987,0.0016290506376274749,1.0868014720194878,0.17151700343319706,4.722331482161674,
Tian_all_IFNG,Tian,22,random,42,10,0.2619047619047619,0.16666666666666666,0.014067829834415069,0.001829365823346962,1.0221578586290057,0.19260748374313294,4.4505969282256865,
Tian_all_IFNG,Tian,22,fixed_ridge,42,10,0.19047619047619047,0.19047619047619047,0.013520447545470403,-0.0008163650724075719,0.9823854761858831,-0.08595220289210619,4.3279772405199095,
Tian_all_IFNG,Tian,22,greedy_ridge,42,10,0.21428571428571427,0.21428571428571427,0.013618823489224729,-0.0014060727588585081,0.989533397733991,-0.14804044799963326,4.410982212596472,
Tian_all_IFNG,Tian,22,linear_ucb,42,10,0.23809523809523808,0.21428571428571427,0.013996666268772166,0.0004598292074233515,1.01698716785963,0.04841379753742843,4.536139985391624,
Tian_all_IFNG,Tian,22,diversity,42,10,0.23809523809523808,0.21428571428571427,0.013550962266739904,0.0014276867697204329,0.9846026527167785,0.15031611106963394,4.767026327938502,
Tian_all_IFNG,Tian,22,extra_trees,42,10,0.2619047619047619,0.19047619047619047,0.015339024864287069,-0.00016562181390682954,1.1145219265007311,-0.01743773739645164,4.436535287539359,
Tian_all_IFNG,Tian,22,gated_random,42,10,0.2619047619047619,0.16666666666666666,0.014067829834415069,0.001829365823346962,1.0221578586290057,0.19260748374313294,4.4505969282256865,
Tian_all_IFNG,Tian,22,old_controller,42,10,0.23809523809523808,0.21428571428571427,0.013550962266739904,0.0014276867697204329,0.9846026527167785,0.15031611106963394,4.767026327938502,
Tian_all_IFNG,Tian,23,random,42,10,0.3333333333333333,0.21428571428571427,0.013045318920074803,0.000418053768142325,0.94786299020019,0.04401540868622463,4.420687312666718,
Tian_all_IFNG,Tian,23,fixed_ridge,42,10,0.21428571428571427,0.21428571428571427,0.012550603467868012,-0.00019105078233698549,0.9119173402164732,-0.020115063910923738,4.5155198310012965,
Tian_all_IFNG,Tian,23,greedy_ridge,42,10,0.2619047619047619,0.2857142857142857,0.014180430424457883,-0.00012183995447750702,1.0303393322004983,-0.012828099635290732,4.467332938680632,
Tian_all_IFNG,Tian,23,linear_ucb,42,10,0.2857142857142857,0.2619047619047619,0.015545114179879308,-0.00020500252437651064,1.1294962200478948,-0.021583993686352564,4.592317764572723,
Tian_all_IFNG,Tian,23,diversity,42,10,0.21428571428571427,0.21428571428571427,0.012762286483086981,0.0019344266517474426,0.9272980677409862,0.203668968296924,4.7994028437958445,
Tian_all_IFNG,Tian,23,extra_trees,42,10,0.21428571428571427,0.2619047619047619,0.012665964463695934,-1.3235316189761129e-05,0.9202993827811558,-0.0013934998212608181,4.433468987790688,
Tian_all_IFNG,Tian,23,gated_random,42,10,0.3333333333333333,0.21428571428571427,0.013045318920074803,0.000418053768142325,0.94786299020019,0.04401540868622463,4.420687312666718,
Tian_all_IFNG,Tian,23,old_controller,42,10,0.23809523809523808,0.23809523809523808,0.014397510546260936,0.00126709191042732,1.0461122094008117,0.13340764401740873,4.735845977741703,
Tian_all_IFNG,Tian,24,random,42,10,0.2857142857142857,0.16666666666666666,0.01358736428376491,-0.0012183895435460192,0.9872475956973249,-0.12827994335872908,4.4551348356668905,
Tian_all_IFNG,Tian,24,fixed_ridge,42,10,0.21428571428571427,0.19047619047619047,0.014256585047827538,0.00022913382945490674,1.0358726694433043,0.02412469379743485,4.4437763495589575,
Tian_all_IFNG,Tian,24,greedy_ridge,42,10,0.19047619047619047,0.23809523809523808,0.012723239041254143,0.00014715651619225359,0.9244609101979547,0.01549359124264118,4.423226536015246,
Tian_all_IFNG,Tian,24,linear_ucb,42,10,0.19047619047619047,0.21428571428571427,0.013745515697282707,1.3968838675203267e-05,0.9987387575953052,0.0014707298199778235,4.560799073203988,
Tian_all_IFNG,Tian,24,diversity,42,10,0.19047619047619047,0.16666666666666666,0.012723650180690023,0.0007361297030948188,0.9244907832779055,0.07750450347993709,4.815339290757147,
Tian_all_IFNG,Tian,24,extra_trees,42,10,0.19047619047619047,0.19047619047619047,0.013079131275726746,-0.0015551380791523736,0.9503197703471777,-0.163735010502521,4.283520718356286,
Tian_all_IFNG,Tian,24,gated_random,42,10,0.14285714285714285,0.14285714285714285,0.009861101373175788,-0.0003218934749211839,0.7165001554589825,-0.0338910301300319,4.4766939321519885,
Tian_all_IFNG,Tian,24,old_controller,42,10,0.19047619047619047,0.21428571428571427,0.014814639432464223,0.0004289916959249019,1.0764204782747209,0.04516702457446278,4.766432496631422,
Tian_all_IFNG,Tian,25,random,42,10,0.19047619047619047,0.21428571428571427,0.01416005227462103,-2.8565500146053572e-05,1.0288586712708998,-0.0030075608906529605,4.275047415447837,
Tian_all_IFNG,Tian,25,fixed_ridge,42,10,0.19047619047619047,0.19047619047619047,0.014190242479449132,-0.0011233493978559054,1.031052268683002,-0.11827350119044674,4.362663255507885,
Tian_all_IFNG,Tian,25,greedy_ridge,42,10,0.21428571428571427,0.19047619047619047,0.014576458741454225,-0.0017454412692964492,1.05911444970065,-0.1837713630647879,4.395204821225481,
Tian_all_IFNG,Tian,25,linear_ucb,42,10,0.23809523809523808,0.11904761904761904,0.01547519377396387,-0.0027027710136925814,1.1244158563225566,-0.2845652397336121,4.5075282023805014,
Tian_all_IFNG,Tian,25,diversity,42,10,0.21428571428571427,0.2619047619047619,0.014682202566151789,0.0016146410672183812,1.0667977158965263,0.16999987052140075,4.82551597183989,
Tian_all_IFNG,Tian,25,extra_trees,42,10,0.09523809523809523,0.21428571428571427,0.012359219259807446,-0.0016553802469204226,0.8980115086426489,-0.174289155251676,4.465225390697313,
Tian_all_IFNG,Tian,25,gated_random,42,10,0.19047619047619047,0.21428571428571427,0.01416005227462103,-2.8565500146053572e-05,1.0288586712708998,-0.0030075608906529605,4.275047415447837,
Tian_all_IFNG,Tian,25,old_controller,42,10,0.16666666666666666,0.23809523809523808,0.014043692490859344,0.00046931924007192994,1.0204040575315858,0.049412969647104496,4.773277115865662,
Tian_all_IFNG,Tian,26,random,42,10,0.19047619047619047,0.14285714285714285,0.013599204160319686,-0.00229905063365932,0.9881078721584501,-0.24205894299315972,4.361709251360578,
Tian_all_IFNG,Tian,26,fixed_ridge,42,10,0.19047619047619047,0.16666666666666666,0.012767509434716471,-0.0025499120322771515,0.9276775634497174,-0.2684712560141074,4.361123882904107,
Tian_all_IFNG,Tian,26,greedy_ridge,42,10,0.16666666666666666,0.21428571428571427,0.01405312076191553,-0.0015071200882283396,1.0210891085641045,-0.15867936537772157,4.4197339396852495,
Tian_all_IFNG,Tian,26,linear_ucb,42,10,0.14285714285714285,0.23809523809523808,0.013671264266313418,0.0009069877095208673,0.993343704870539,0.09549354114266145,4.403397053454775,
Tian_all_IFNG,Tian,26,diversity,42,10,0.19047619047619047,0.19047619047619047,0.013555470199620868,6.940462886865004e-05,0.9849301957049071,0.0073073689012398855,4.71677004379281,
Tian_all_IFNG,Tian,26,extra_trees,42,10,0.23809523809523808,0.14285714285714285,0.013928965190448067,-0.003050831348273391,1.0120680587958182,-0.3212112863465032,4.3391679826985845,
Tian_all_IFNG,Tian,26,gated_random,42,10,0.19047619047619047,0.14285714285714285,0.013599204160319686,-0.00229905063365932,0.9881078721584501,-0.24205894299315972,4.361709251360578,
Tian_all_IFNG,Tian,26,old_controller,42,10,0.19047619047619047,0.19047619047619047,0.013555470199620868,6.940462886865004e-05,0.9849301957049071,0.0073073689012398855,4.71677004379281,
Tian_all_IFNG,Tian,27,random,42,10,0.16666666666666666,0.14285714285714285,0.011829123668716267,-0.0028553401818286112,0.8594951645699552,-0.30062871003377317,4.273850067652224,
Tian_all_IFNG,Tian,27,fixed_ridge,42,10,0.23809523809523808,0.21428571428571427,0.014604824478766073,-0.00019459463334212245,1.0611754826851534,-0.020488183500318485,4.176120097912438,
Tian_all_IFNG,Tian,27,greedy_ridge,42,10,0.2619047619047619,0.23809523809523808,0.015795788817399722,0.00034572125085999283,1.1477100493105747,0.03639977272716455,4.282502389731973,
Tian_all_IFNG,Tian,27,linear_ucb,42,10,0.21428571428571427,0.21428571428571427,0.014739722827212734,0.00038017612828974425,1.0709770944905155,0.0400274054071503,4.316295833372777,
Tian_all_IFNG,Tian,27,diversity,42,10,0.2619047619047619,0.2857142857142857,0.014852903606150719,0.0012976212485296098,1.0792007241476071,0.13662197048900923,4.812592367394084,
Tian_all_IFNG,Tian,27,extra_trees,42,10,0.21428571428571427,0.19047619047619047,0.01181198196666367,-0.0016807304328012515,0.858249661484577,-0.17695818702903476,4.326392093483746,
Tian_all_IFNG,Tian,27,gated_random,42,10,0.19047619047619047,0.16666666666666666,0.013168397193664482,-0.0028338432278461867,0.9568057643207879,-0.2983653714702914,4.2599068817432295,
Tian_all_IFNG,Tian,27,old_controller,42,10,0.19047619047619047,0.2619047619047619,0.01467703410755107,0.0008441223923675688,1.0664221796099842,0.08887467333772031,4.723874590126975,
Tian_all_IFNG,Tian,28,random,42,10,0.16666666666666666,0.19047619047619047,0.012750258307292428,-0.0010455379692217014,0.9264241095997456,-0.11008100995418191,4.409446993326144,
Tian_all_IFNG,Tian,28,fixed_ridge,42,10,0.14285714285714285,0.19047619047619047,0.011956869695164215,-0.0016621887324760123,0.8687770940771604,-0.17500599671346975,4.320374707140716,
Tian_all_IFNG,Tian,28,greedy_ridge,42,10,0.16666666666666666,0.23809523809523808,0.01321241249254442,-0.0011883880624354826,0.9600038825934422,-0.12512119309045558,4.344744443902636,
Tian_all_IFNG,Tian,28,linear_ucb,42,10,0.14285714285714285,0.16666666666666666,0.012201635551751647,-0.0029802256785511766,0.8865615957934698,-0.31377746408436336,4.352291160531252,
Tian_all_IFNG,Tian,28,diversity,42,10,0.30952380952380953,0.2857142857142857,0.01492614570562612,0.0023912941747877797,1.0845224396106503,0.2517709405179649,4.795489637116331,
Tian_all_IFNG,Tian,28,extra_trees,42,10,0.23809523809523808,0.16666666666666666,0.012124595520021597,-0.001957669163107294,0.8809639254499422,-0.20611609044808663,4.323418929167265,
Tian_all_IFNG,Tian,28,gated_random,42,10,0.16666666666666666,0.19047619047619047,0.012750258307292428,-0.0010455379692217014,0.9264241095997456,-0.11008100995418191,4.409446993326144,
Tian_all_IFNG,Tian,28,old_controller,42,10,0.21428571428571427,0.16666666666666666,0.014721532281493255,-0.0005252218443759136,1.0696553832188573,-0.05529875794174904,4.7090293221423805,
Tian_all_IFNG,Tian,29,random,42,10,0.19047619047619047,0.23809523809523808,0.012818740259434011,0.0006360627680904261,0.931399956363582,0.06696880837122388,4.418292663420454,
Tian_all_IFNG,Tian,29,fixed_ridge,42,10,0.11904761904761904,0.2619047619047619,0.009339203349666128,0.0010338575193223841,0.6785794404366626,0.10885121652774785,4.312606967479585,
Tian_all_IFNG,Tian,29,greedy_ridge,42,10,0.16666666666666666,0.19047619047619047,0.01285382064323716,0.00015133598992650324,0.9339488704754366,0.01593363331025319,4.337553530967411,
Tian_all_IFNG,Tian,29,linear_ucb,42,10,0.16666666666666666,0.16666666666666666,0.012829522607393127,-0.0004925098878063611,0.9321833935980814,-0.05185463125983214,4.53613275509215,
Tian_all_IFNG,Tian,29,diversity,42,10,0.2619047619047619,0.23809523809523808,0.014748706287273679,0.0010568649202413272,1.0716298258930883,0.11127358472874521,4.781041512780085,
Tian_all_IFNG,Tian,29,extra_trees,42,10,0.11904761904761904,0.11904761904761904,0.011122392396740195,-0.0021840993380126137,0.8081446057352171,-0.2299561259814057,4.30995629731075,
Tian_all_IFNG,Tian,29,gated_random,42,10,0.19047619047619047,0.23809523809523808,0.012818740259434011,0.0006360627680904261,0.931399956363582,0.06696880837122388,4.418292663420454,
Tian_all_IFNG,Tian,29,old_controller,42,10,0.23809523809523808,0.23809523809523808,0.015246386992174338,0.0003393438866437008,1.107790928891203,0.03572832251259446,4.715360247367881,
Tian_all_TNFA,Tian,0,random,42,10,0.19047619047619047,0.35714285714285715,0.005450153835299294,0.00991450527676306,0.37609262520783576,0.7840132304999227,4.451957423200971,
Tian_all_TNFA,Tian,0,fixed_ridge,42,10,0.09523809523809523,0.30952380952380953,-0.00046534166439623684,0.010475412688537177,-0.03211130795021929,0.8283683263559966,4.3270405997945325,
Tian_all_TNFA,Tian,0,greedy_ridge,42,10,0.16666666666666666,0.3333333333333333,0.005316779865245804,0.010146625147855116,0.36688903792431204,0.8023686647770755,4.341151115044898,
Tian_all_TNFA,Tian,0,linear_ucb,42,10,0.16666666666666666,0.40476190476190477,0.004891097550358235,0.0122161474363889,0.3375144580227848,0.9660210921783445,4.461573773022977,
Tian_all_TNFA,Tian,0,diversity,42,10,0.21428571428571427,0.3333333333333333,0.006192813533501946,0.008067943111884536,0.4273405062720509,0.6379919084276624,4.821678492223225,
Tian_all_TNFA,Tian,0,extra_trees,42,10,0.21428571428571427,0.42857142857142855,0.00522175026038043,0.011828452936777846,0.36033143704802056,0.9353632218558072,4.393075477726787,
Tian_all_TNFA,Tian,0,gated_random,42,10,0.19047619047619047,0.35714285714285715,0.005450153835299294,0.00991450527676306,0.37609262520783576,0.7840132304999227,4.451957423200971,
Tian_all_TNFA,Tian,0,old_controller,42,10,0.21428571428571427,0.3333333333333333,0.006192813533501946,0.008067943111884536,0.4273405062720509,0.6379919084276624,4.821678492223225,
Tian_all_TNFA,Tian,1,random,42,10,0.2619047619047619,0.40476190476190477,0.009950749620666955,0.013131596865434927,0.6866601678990951,1.0384124464809983,4.474712580964925,
Tian_all_TNFA,Tian,1,fixed_ridge,42,10,0.16666666666666666,0.35714285714285715,0.0052910531954574,0.009441443311696971,0.36511374660759555,0.746604723559353,4.448756928000863,
Tian_all_TNFA,Tian,1,greedy_ridge,42,10,0.21428571428571427,0.38095238095238093,0.008288901918717808,0.01190546084433559,0.5719829158784939,0.9414528064284121,4.560967421533058,
Tian_all_TNFA,Tian,1,linear_ucb,42,10,0.2857142857142857,0.3333333333333333,0.010155729248027327,0.01071096954700743,0.7008049661007137,0.846995548634905,4.544962489331752,
Tian_all_TNFA,Tian,1,diversity,42,10,0.23809523809523808,0.42857142857142855,0.0064245077663066825,0.011675101238941327,0.4433287691531231,0.9232365693736865,4.791326091802168,
Tian_all_TNFA,Tian,1,extra_trees,42,10,0.21428571428571427,0.38095238095238093,0.007524743185856837,0.010882359547007036,0.51925147515185,0.860548623026827,4.509125067499527,
Tian_all_TNFA,Tian,1,gated_random,42,10,0.2619047619047619,0.40476190476190477,0.009950749620666955,0.013131596865434927,0.6866601678990951,1.0384124464809983,4.474712580964925,
Tian_all_TNFA,Tian,1,old_controller,42,10,0.23809523809523808,0.42857142857142855,0.0064245077663066825,0.011675101238941327,0.4433287691531231,0.9232365693736865,4.791326091802168,
Tian_all_TNFA,Tian,2,random,42,10,0.09523809523809523,0.3333333333333333,0.00442453382979703,0.011260962252302009,0.30531882101963903,0.8904875379568549,4.389401885800079,
Tian_all_TNFA,Tian,2,fixed_ridge,42,10,0.14285714285714285,0.3333333333333333,0.005117722570048863,0.010370425611037867,0.35315291542580324,0.8200662219651809,4.407289859553723,
Tian_all_TNFA,Tian,2,greedy_ridge,42,10,0.21428571428571427,0.35714285714285715,0.00835879472284638,0.01122697999725941,0.5768059298671271,0.8878003098186983,4.4692743711791865,
Tian_all_TNFA,Tian,2,linear_ucb,42,10,0.23809523809523808,0.3333333333333333,0.006959389271335061,0.01052321829919311,0.48023873453764954,0.832148669419026,4.540333207505487,
Tian_all_TNFA,Tian,2,diversity,42,10,0.19047619047619047,0.40476190476190477,0.005319048806368583,0.011823120303729926,0.36704560818803217,0.9349415311363752,4.835572060987281,
Tian_all_TNFA,Tian,2,extra_trees,42,10,0.19047619047619047,0.40476190476190477,0.0042706786196599076,0.012362502799315188,0.29470190787718714,0.9775944927349772,4.47838685094725,
Tian_all_TNFA,Tian,2,gated_random,42,10,0.09523809523809523,0.35714285714285715,0.0024629496683404883,0.010989643669299859,0.16995799284077917,0.8690323717315941,4.410834867038558,
Tian_all_TNFA,Tian,2,old_controller,42,10,0.19047619047619047,0.40476190476190477,0.005319048806368583,0.011823120303729926,0.36704560818803217,0.9349415311363752,4.835572060987281,
Tian_all_TNFA,Tian,3,random,42,10,0.23809523809523808,0.4523809523809524,0.008442215058314377,0.013733081759412971,0.5825624229698865,1.085976303845608,4.425915250464551,
Tian_all_TNFA,Tian,3,fixed_ridge,42,10,0.11904761904761904,0.3333333333333333,0.0034589688943363747,0.010715125394549097,0.23868916938778,0.8473241822243434,4.267305800475908,
Tian_all_TNFA,Tian,3,greedy_ridge,42,10,0.14285714285714285,0.42857142857142855,0.0037919370450975576,0.013939174605635984,0.26166592742336214,1.1022735888477078,4.319756708691485,
Tian_all_TNFA,Tian,3,linear_ucb,42,10,0.21428571428571427,0.42857142857142855,0.005340722153768195,0.013113410151420564,0.36854119645340705,1.0369742885489028,4.416907236400765,
Tian_all_TNFA,Tian,3,diversity,42,10,0.23809523809523808,0.42857142857142855,0.007087578202290514,0.01252885635260634,0.48908452366994376,0.9907492980510442,4.781047142441341,
Tian_all_TNFA,Tian,3,extra_trees,42,10,0.21428571428571427,0.38095238095238093,0.007790300980584553,0.010837282734054706,0.5375765226976071,0.8569840661723134,4.410157978408051,
Tian_all_TNFA,Tian,3,gated_random,42,10,0.2619047619047619,0.2619047619047619,0.007442984012498776,0.008574215612468008,0.5136096119912357,0.678026617938182,4.445215739176542,
Tian_all_TNFA,Tian,3,old_controller,42,10,0.19047619047619047,0.4523809523809524,0.005331396516644714,0.012666429747081384,0.3678976727193081,1.001628243436853,4.613964831418123,
Tian_all_TNFA,Tian,4,random,42,10,0.14285714285714285,0.38095238095238093,0.0045343379709701205,0.01120622720248024,0.3128959516769449,0.8861592329094093,4.2950818740261205,
Tian_all_TNFA,Tian,4,fixed_ridge,42,10,0.14285714285714285,0.3333333333333333,0.0028025762383597696,0.008891575556999026,0.19339422091228828,0.7031226150048429,4.4053049704282214,
Tian_all_TNFA,Tian,4,greedy_ridge,42,10,0.19047619047619047,0.42857142857142855,0.006061061685284576,0.010333533008520994,0.41824885492248237,0.817148851135938,4.380881325081754,
Tian_all_TNFA,Tian,4,linear_ucb,42,10,0.16666666666666666,0.40476190476190477,0.004746340069638297,0.00962261009583205,0.3275253416441194,0.7609309205529562,4.441487767900084,
Tian_all_TNFA,Tian,4,diversity,42,10,0.16666666666666666,0.38095238095238093,0.004990204760369397,0.009969088401237516,0.3443534376032713,0.7883295216869671,4.852008630113086,
Tian_all_TNFA,Tian,4,extra_trees,42,10,0.19047619047619047,0.35714285714285715,0.006973038243644983,0.011397610630580098,0.4811805937920031,0.9012933354732952,4.383470186075925,
Tian_all_TNFA,Tian,4,gated_random,42,10,0.14285714285714285,0.38095238095238093,0.0045343379709701205,0.01120622720248024,0.3128959516769449,0.8861592329094093,4.2950818740261205,
Tian_all_TNFA,Tian,4,old_controller,42,10,0.21428571428571427,0.40476190476190477,0.007102885962250507,0.009327116558595944,0.49014084901476573,0.7375640619701781,4.790174161293365,
Tian_all_TNFA,Tian,5,random,42,10,0.16666666666666666,0.40476190476190477,0.006884333744731786,0.011260199432392693,0.4750594623758699,0.8904272161470724,4.293560448236787,
Tian_all_TNFA,Tian,5,fixed_ridge,42,10,0.14285714285714285,0.47619047619047616,0.005013336889670362,0.013291614953072664,0.3459496903877524,1.0510662596895421,4.308438271276129,
Tian_all_TNFA,Tian,5,greedy_ridge,42,10,0.09523809523809523,0.5,0.002456970736192309,0.013611071190340237,0.16954541140629115,1.076328026120844,4.397020656927713,
Tian_all_TNFA,Tian,5,linear_ucb,42,10,0.16666666666666666,0.4523809523809524,0.00530688478542599,0.011494005415090089,0.36620621929963915,0.9089159837343384,4.520444992039726,
Tian_all_TNFA,Tian,5,diversity,42,10,0.19047619047619047,0.35714285714285715,0.005809020179018064,0.008924397084287277,0.4008565106662208,0.7057180558181645,4.821047497394587,
Tian_all_TNFA,Tian,5,extra_trees,42,10,0.21428571428571427,0.40476190476190477,0.0060486504521367265,0.010601756993812708,0.4173924069399668,0.8383593046417712,4.4470816967123605,
Tian_all_TNFA,Tian,5,gated_random,42,10,0.16666666666666666,0.40476190476190477,0.006884333744731786,0.011260199432392693,0.4750594623758699,0.8904272161470724,4.293560448236787,
Tian_all_TNFA,Tian,5,old_controller,42,10,0.16666666666666666,0.40476190476190477,0.005028615547075912,0.009211653724780626,0.3470040074853888,0.7284335620798419,4.705476341168794,
Tian_all_TNFA,Tian,6,random,42,10,0.2619047619047619,0.47619047619047616,0.008192950389886286,0.012801334437690326,0.5653616968337711,1.012296154678153,4.453208901980907,
Tian_all_TNFA,Tian,6,fixed_ridge,42,10,0.14285714285714285,0.40476190476190477,0.005346228440326268,0.01125148117577645,0.36892116256617247,0.8897377991420659,4.409517014446651,
Tian_all_TNFA,Tian,6,greedy_ridge,42,10,0.16666666666666666,0.3333333333333333,0.006821230566931501,0.011380227589984325,0.4707049724816295,0.8999187299399919,4.363687451547801,
Tian_all_TNFA,Tian,6,linear_ucb,42,10,0.23809523809523808,0.40476190476190477,0.007211719540030836,0.012539050368907768,0.49765100509752835,0.9915554142846987,4.490234180678387,
Tian_all_TNFA,Tian,6,diversity,42,10,0.21428571428571427,0.42857142857142855,0.004794253157606896,0.011035041750759741,0.3308316261235069,0.8726223336621486,4.90637282584813,
Tian_all_TNFA,Tian,6,extra_trees,42,10,0.19047619047619047,0.42857142857142855,0.006492326120004726,0.011293858247324626,0.44800863387811024,0.8930888674844752,4.6109124048019385,
Tian_all_TNFA,Tian,6,gated_random,42,10,0.2619047619047619,0.47619047619047616,0.008192950389886286,0.012801334437690326,0.5653616968337711,1.012296154678153,4.453208901980907,
Tian_all_TNFA,Tian,6,old_controller,42,10,0.11904761904761904,0.4523809523809524,0.0031563350890452587,0.01288807080227949,0.21780565935336602,1.0191550402710379,4.723400667058463,
Tian_all_TNFA,Tian,7,random,42,10,0.19047619047619047,0.40476190476190477,0.006881851274409693,0.01088190403069549,0.4748881573432689,0.8605126019844259,4.347167201187894,
Tian_all_TNFA,Tian,7,fixed_ridge,42,10,0.11904761904761904,0.40476190476190477,0.004807637378495499,0.011027866444357355,0.3317552159748161,0.8720549291376338,4.362662875974362,
Tian_all_TNFA,Tian,7,greedy_ridge,42,10,0.16666666666666666,0.42857142857142855,0.005922935554405993,0.012460408267417619,0.40871734063100096,0.9853366019162085,4.413047470422937,
Tian_all_TNFA,Tian,7,linear_ucb,42,10,0.23809523809523808,0.35714285714285715,0.007285482468886802,0.010086683205540289,0.5027410804228858,0.7976286122454749,4.529146110767494,
Tian_all_TNFA,Tian,7,diversity,42,10,0.21428571428571427,0.35714285714285715,0.008382635749849031,0.010500467931298262,0.5784511007566174,0.8303496296353561,4.820591761668209,
Tian_all_TNFA,Tian,7,extra_trees,42,10,0.16666666666666666,0.38095238095238093,0.006818175734455522,0.008741585889399231,0.4704941710987364,0.691261823109141,4.495335160387912,
Tian_all_TNFA,Tian,7,gated_random,42,10,0.19047619047619047,0.40476190476190477,0.006881851274409693,0.01088190403069549,0.4748881573432689,0.8605126019844259,4.347167201187894,
Tian_all_TNFA,Tian,7,old_controller,42,10,0.21428571428571427,0.35714285714285715,0.008382635749849031,0.010500467931298262,0.5784511007566174,0.8303496296353561,4.820591761668209,
Tian_all_TNFA,Tian,8,random,42,10,0.14285714285714285,0.38095238095238093,0.003567391843009079,0.012463424705098905,0.24617098965035475,0.9855751339442916,4.352743186286773,
Tian_all_TNFA,Tian,8,fixed_ridge,42,10,0.21428571428571427,0.40476190476190477,0.008876683151213847,0.012913768770315722,0.612543273156041,1.0211871685895926,4.41012891973339,
Tian_all_TNFA,Tian,8,greedy_ridge,42,10,0.23809523809523808,0.40476190476190477,0.00665048239204353,0.01153904796973222,0.45892234555334993,0.9124778315309917,4.523327743309871,
Tian_all_TNFA,Tian,8,linear_ucb,42,10,0.19047619047619047,0.4523809523809524,0.007067569519276037,0.01188037748085806,0.48770380702427263,0.9394692794361058,4.582419854778107,
Tian_all_TNFA,Tian,8,diversity,42,10,0.21428571428571427,0.42857142857142855,0.004826599969926985,0.011345348630051886,0.3330637461572159,0.8971605927168266,4.832254720724764,
Tian_all_TNFA,Tian,8,extra_trees,42,10,0.16666666666666666,0.38095238095238093,0.006060462443559347,0.01260926949598985,0.4182075037238949,0.9971081597954138,4.41086539598777,
Tian_all_TNFA,Tian,8,gated_random,42,10,0.09523809523809523,0.3333333333333333,0.002782869696912269,0.00890998650902302,0.19203435380931677,0.7045785050941589,4.423932736484112,
Tian_all_TNFA,Tian,8,old_controller,42,10,0.16666666666666666,0.4523809523809524,0.0036456932377325994,0.012481429303083613,0.25157424577649795,0.9869988906155324,4.817995412948047,
Tian_all_TNFA,Tian,9,random,42,10,0.16666666666666666,0.47619047619047616,0.005464838384177047,0.014645400235381209,0.3771059453276564,1.1581200705411612,4.344971652400215,
Tian_all_TNFA,Tian,9,fixed_ridge,42,10,0.09523809523809523,0.3333333333333333,0.006704946412992609,0.0107269127143643,0.462680682884206,0.8482562927461776,4.4157492108990395,
Tian_all_TNFA,Tian,9,greedy_ridge,42,10,0.11904761904761904,0.35714285714285715,0.0052810495583982,0.01134964144898725,0.36442343689581214,0.8975000576469986,4.432476962057866,
Tian_all_TNFA,Tian,9,linear_ucb,42,10,0.07142857142857142,0.35714285714285715,0.0036812560150093743,0.011921437317453104,0.25402828628065366,0.9427161842724094,4.4586517049017855,
Tian_all_TNFA,Tian,9,diversity,42,10,0.23809523809523808,0.5,0.004982574939988907,0.01267548342768861,0.34382693518453633,1.0023441848966275,4.836184471144177,
Tian_all_TNFA,Tian,9,extra_trees,42,10,0.14285714285714285,0.40476190476190477,0.0057102109977234024,0.011976920806416436,0.3940380968175949,0.9471036739360138,4.479004132448391,
Tian_all_TNFA,Tian,9,gated_random,42,10,0.11904761904761904,0.47619047619047616,0.004299491565478561,0.013388783569996673,0.29669017036671985,1.0587501006005304,4.338488442798597,
Tian_all_TNFA,Tian,9,old_controller,42,10,0.21428571428571427,0.4523809523809524,0.00768081016553525,0.011187169478712296,0.5300210133831115,0.8846521977966942,4.738577518808995,
Tian_all_TNFA,Tian,10,random,42,10,0.11904761904761904,0.38095238095238093,0.004000814306761157,0.01083146953652205,0.27607968528401033,0.8565243736662442,4.448216520313702,
Tian_all_TNFA,Tian,10,fixed_ridge,42,10,0.09523809523809523,0.35714285714285715,0.0026559264029252963,0.008360294181244479,0.18327452094388924,0.661110268843103,4.407250085708368,
Tian_all_TNFA,Tian,10,greedy_ridge,42,10,0.14285714285714285,0.40476190476190477,0.0051918975035752536,0.010256538159482062,0.3582714214932609,0.8110602991969577,4.349942486318051,
Tian_all_TNFA,Tian,10,linear_ucb,42,10,0.16666666666666666,0.40476190476190477,0.006278279002357281,0.008739266187356997,0.43323812559028735,0.6910783871190274,4.474096066147144,
Tian_all_TNFA,Tian,10,diversity,42,10,0.21428571428571427,0.40476190476190477,0.007138210328215126,0.010574491129905125,0.49257843773811344,0.8362031912051626,4.83540096679544,
Tian_all_TNFA,Tian,10,extra_trees,42,10,0.16666666666666666,0.42857142857142855,0.004700169415898238,0.011577163573466187,0.32433929536039885,0.9154919141081589,4.415899653571715,
Tian_all_TNFA,Tian,10,gated_random,42,10,0.11904761904761904,0.38095238095238093,0.004000814306761157,0.01083146953652205,0.27607968528401033,0.8565243736662442,4.448216520313702,
Tian_all_TNFA,Tian,10,old_controller,42,10,0.21428571428571427,0.40476190476190477,0.007138210328215126,0.010574491129905125,0.49257843773811344,0.8362031912051626,4.83540096679544,
Tian_all_TNFA,Tian,11,random,42,10,0.09523809523809523,0.35714285714285715,0.0036883905799808556,0.009877629473123404,0.25452061316736674,0.781097188082096,4.208327401827475,
Tian_all_TNFA,Tian,11,fixed_ridge,42,10,0.14285714285714285,0.40476190476190477,0.007006104499382654,0.010598657590626807,0.4834623596470566,0.8381142119178715,4.453100284931598,
Tian_all_TNFA,Tian,11,greedy_ridge,42,10,0.16666666666666666,0.38095238095238093,0.005703086279321219,0.010446434400466494,0.39354644940199557,0.8260767988808031,4.419397718421545,
Tian_all_TNFA,Tian,11,linear_ucb,42,10,0.16666666666666666,0.38095238095238093,0.006697570638325815,0.009711460658674115,0.4621717111118113,0.7679569914320356,4.536978833066291,
Tian_all_TNFA,Tian,11,diversity,42,10,0.16666666666666666,0.40476190476190477,0.005157491575463599,0.012609174386059024,0.3558972103760597,0.9971006387500325,4.767137650055503,
Tian_all_TNFA,Tian,11,extra_trees,42,10,0.16666666666666666,0.35714285714285715,0.007290551010346226,0.01021521873137232,0.5030908395528214,0.8077928665404183,4.451796064927876,
Tian_all_TNFA,Tian,11,gated_random,42,10,0.09523809523809523,0.38095238095238093,0.0024665548052996097,0.01108934551539854,0.17020676846513094,0.876916533801671,4.233257330169734,
Tian_all_TNFA,Tian,11,old_controller,42,10,0.21428571428571427,0.47619047619047616,0.005321805558127906,0.015176907781729638,0.36723584025074846,1.200150301683846,4.676442686440936,
Tian_all_TNFA,Tian,12,random,42,10,0.14285714285714285,0.35714285714285715,0.006136267309954575,0.010274758786740711,0.423438484732442,0.8125011389000005,4.358032155474801,
Tian_all_TNFA,Tian,12,fixed_ridge,42,10,0.11904761904761904,0.42857142857142855,0.0014870363581657095,0.01101229272773902,0.10261424257418769,0.8708234002276186,4.32679960016897,
Tian_all_TNFA,Tian,12,greedy_ridge,42,10,0.23809523809523808,0.42857142857142855,0.005108803410546961,0.011221002290098347,0.352537441034972,0.8873276083200857,4.465729958560165,
Tian_all_TNFA,Tian,12,linear_ucb,42,10,0.21428571428571427,0.42857142857142855,0.002702416525202158,0.011778182016573702,0.18648261243299452,0.9313879285406855,4.491983744366227,
Tian_all_TNFA,Tian,12,diversity,42,10,0.21428571428571427,0.4523809523809524,0.006395897280294015,0.012730496590762273,0.44135447757931734,1.0066944824150008,4.778549069439602,
Tian_all_TNFA,Tian,12,extra_trees,42,10,0.14285714285714285,0.4523809523809524,0.004202385661407747,0.010222284841755766,0.289989292650455,0.8083516361284256,4.388126687248395,
Tian_all_TNFA,Tian,12,gated_random,42,10,0.14285714285714285,0.35714285714285715,0.006136267309954575,0.010274758786740711,0.423438484732442,0.8125011389000005,4.358032155474801,
Tian_all_TNFA,Tian,12,old_controller,42,10,0.21428571428571427,0.4523809523809524,0.006395897280294015,0.012730496590762273,0.44135447757931734,1.0066944824150008,4.778549069439602,
Tian_all_TNFA,Tian,13,random,42,10,0.21428571428571427,0.3333333333333333,0.01058570442392373,0.010264975382491572,0.7304757786252558,0.8117274927969891,4.519223789470783,
Tian_all_TNFA,Tian,13,fixed_ridge,42,10,0.16666666666666666,0.38095238095238093,0.004681474270938731,0.011611977373372922,0.32304922055536794,0.9182448986463614,4.313958384839556,
Tian_all_TNFA,Tian,13,greedy_ridge,42,10,0.19047619047619047,0.35714285714285715,0.005592069847111021,0.010767863577893977,0.38588566354293946,0.8514945802765612,4.400978731009598,
Tian_all_TNFA,Tian,13,linear_ucb,42,10,0.16666666666666666,0.35714285714285715,0.005266046330849534,0.012155150456963719,0.3633881260759922,0.9611976100625038,4.4078529162540585,
Tian_all_TNFA,Tian,13,diversity,42,10,0.2619047619047619,0.40476190476190477,0.007193442729059608,0.010954952444747076,0.4963897977947038,0.8662890801328321,4.837151298200671,
Tian_all_TNFA,Tian,13,extra_trees,42,10,0.16666666666666666,0.42857142857142855,0.006686776528603043,0.011710169814371958,0.46142685414353163,0.9260097008961276,4.346036835064853,
Tian_all_TNFA,Tian,13,gated_random,42,10,0.21428571428571427,0.38095238095238093,0.010703217350280549,0.011070253242936822,0.7385848607365066,0.8754067666683196,4.463916345256491,
Tian_all_TNFA,Tian,13,old_controller,42,10,0.2619047619047619,0.40476190476190477,0.007949143457307142,0.010460214060672239,0.5485375865263371,0.8271664584867562,4.805437327296171,
Tian_all_TNFA,Tian,14,random,42,10,0.09523809523809523,0.42857142857142855,0.0003886755172755022,0.013913669915909225,0.02682089351302316,1.1002567444739961,4.330994588555278,
Tian_all_TNFA,Tian,14,fixed_ridge,42,10,0.14285714285714285,0.23809523809523808,0.0074153222948427815,0.009283206518932576,0.5117007910064736,0.7340917705056164,4.352320156517367,
Tian_all_TNFA,Tian,14,greedy_ridge,42,10,0.09523809523809523,0.30952380952380953,0.005025629636502602,0.010160037960014495,0.3467979621185812,0.8034293149958827,4.30463923444898,
Tian_all_TNFA,Tian,14,linear_ucb,42,10,0.19047619047619047,0.42857142857142855,0.006432104692074418,0.01416588861816389,0.4438530016503769,1.1202015419225015,4.464465700591672,
Tian_all_TNFA,Tian,14,diversity,42,10,0.23809523809523808,0.38095238095238093,0.009369086640044313,0.010816803867081596,0.6465220059353475,0.8553646507598069,4.7990764660803595,
Tian_all_TNFA,Tian,14,extra_trees,42,10,0.21428571428571427,0.21428571428571427,0.008387717771346913,0.007921568469643364,0.5788017900883794,0.6264169833130693,4.278966721001654,
Tian_all_TNFA,Tian,14,gated_random,42,10,0.14285714285714285,0.42857142857142855,0.004871020662958065,0.013371532566075392,0.33612903487391377,1.0573859361832307,4.304230524440336,
Tian_all_TNFA,Tian,14,old_controller,42,10,0.23809523809523808,0.40476190476190477,0.010431667435966623,0.011758682591549389,0.7198463217455832,0.9298459648441173,4.677600033257068,
Tian_all_TNFA,Tian,15,random,42,10,0.14285714285714285,0.3333333333333333,0.0028578254650807357,0.011790828357656666,0.19720674205318006,0.9323879682249344,4.43475745160451,
Tian_all_TNFA,Tian,15,fixed_ridge,42,10,0.14285714285714285,0.38095238095238093,0.0035658773996232636,0.012998004941621616,0.24606648416190213,1.0278483454155571,4.395898397124959,
Tian_all_TNFA,Tian,15,greedy_ridge,42,10,0.21428571428571427,0.4523809523809524,0.006144706132014478,0.015716159537231482,0.4240208130185933,1.2427929246974863,4.3984354070435545,
Tian_all_TNFA,Tian,15,linear_ucb,42,10,0.23809523809523808,0.5238095238095238,0.0066908113062024,0.01710224021873959,0.4617052774954825,1.352400571524772,4.434631483462447,
Tian_all_TNFA,Tian,15,diversity,42,10,0.16666666666666666,0.42857142857142855,0.004278278117214587,0.011315742588360746,0.29522631784284514,0.8948194241218602,4.769786833079579,
Tian_all_TNFA,Tian,15,extra_trees,42,10,0.14285714285714285,0.42857142857142855,0.004149735896089684,0.014460866307592336,0.2863561496138678,1.143527608605448,4.294373325454837,
Tian_all_TNFA,Tian,15,gated_random,42,10,0.09523809523809523,0.35714285714285715,0.0024973132906223315,0.010415244478187972,0.1723292846072471,0.8236103811381108,4.412101178741516,
Tian_all_TNFA,Tian,15,old_controller,42,10,0.11904761904761904,0.5,0.0029693394986973617,0.01490538590604837,0.2049018653318588,1.1786790596034977,4.571684835122365,
Tian_all_TNFA,Tian,16,random,42,10,0.2857142857142857,0.38095238095238093,0.01086109274411041,0.009256651090606013,0.7494791901656379,0.7319918364626729,4.5186912038736065,
Tian_all_TNFA,Tian,16,fixed_ridge,42,10,0.16666666666666666,0.4523809523809524,0.0060671534831398906,0.012122646912751209,0.4186692247536607,0.9586273145218406,4.444360821491655,
Tian_all_TNFA,Tian,16,greedy_ridge,42,10,0.14285714285714285,0.5,0.005345139732996047,0.013442471595016698,0.36884603536604577,1.062995609656213,4.581754640921504,
Tian_all_TNFA,Tian,16,linear_ucb,42,10,0.14285714285714285,0.5,0.006319682152066699,0.013767458210076598,0.43609518609475156,1.0886947039458208,4.539794418565283,
Tian_all_TNFA,Tian,16,diversity,42,10,0.23809523809523808,0.5,0.008045819369069776,0.012719717284931977,0.5552087922478492,1.0058420830112338,4.840196630019948,
Tian_all_TNFA,Tian,16,extra_trees,42,10,0.19047619047619047,0.47619047619047616,0.009673666956577006,0.013624873369993082,0.6675398366779404,1.0774194665059664,4.580521711785337,
Tian_all_TNFA,Tian,16,gated_random,42,10,0.23809523809523808,0.3333333333333333,0.008700334859716333,0.012358822659323815,0.6003742052903493,0.9773034768584623,4.391153734472911,
Tian_all_TNFA,Tian,16,old_controller,42,10,0.19047619047619047,0.47619047619047616,0.006909208057812489,0.012407996887477513,0.47677593607357965,0.9811920466252745,4.740637763909522,
Tian_all_TNFA,Tian,17,random,42,10,0.11904761904761904,0.38095238095238093,0.0022155459906079977,0.012259953130306069,0.1528856859928797,0.9694851322533227,4.401540005254104,
Tian_all_TNFA,Tian,17,fixed_ridge,42,10,0.19047619047619047,0.35714285714285715,0.005744507455086937,0.012525366378247606,0.39640475381021756,0.9904733199770029,4.328081611497806,
Tian_all_TNFA,Tian,17,greedy_ridge,42,10,0.16666666666666666,0.3333333333333333,0.005166520707075619,0.013232931342066757,0.3565202734883921,1.046425712717423,4.323402355567005,
Tian_all_TNFA,Tian,17,linear_ucb,42,10,0.16666666666666666,0.38095238095238093,0.005568546756687311,0.014247721678402155,0.38426243214474376,1.126672686990069,4.426326079467174,
Tian_all_TNFA,Tian,17,diversity,42,10,0.21428571428571427,0.35714285714285715,0.00488545224229832,0.01099044094354245,0.33712489860987255,0.8690954181002306,4.7804081464809896,
Tian_all_TNFA,Tian,17,extra_trees,42,10,0.16666666666666666,0.3333333333333333,0.006305709215420419,0.010337835406860925,0.4351309713984386,0.81748907358045,4.309303892413659,
Tian_all_TNFA,Tian,17,gated_random,42,10,0.11904761904761904,0.38095238095238093,0.0022155459906079977,0.012259953130306069,0.1528856859928797,0.9694851322533227,4.401540005254104,
Tian_all_TNFA,Tian,17,old_controller,42,10,0.16666666666666666,0.40476190476190477,0.004739780576316994,0.009749322521741814,0.3270726980788563,0.7709510088588076,4.6546995845161465,
Tian_all_TNFA,Tian,18,random,42,10,0.11904761904761904,0.35714285714285715,0.005075052086383542,0.011233371917397313,0.35020840143490645,0.8883057661996798,4.356250282075357,
Tian_all_TNFA,Tian,18,fixed_ridge,42,10,0.19047619047619047,0.4523809523809524,0.006331994959188223,0.015599442217548762,0.43694484210336176,1.233563223335159,4.389935128054971,
Tian_all_TNFA,Tian,18,greedy_ridge,42,10,0.21428571428571427,0.5238095238095238,0.008199374341233698,0.016327357798478798,0.5658049872067525,1.2911248898233239,4.470431158827913,
Tian_all_TNFA,Tian,18,linear_ucb,42,10,0.16666666666666666,0.42857142857142855,0.006802234519008239,0.015545019039598807,0.46939413360479604,1.2292595803022968,4.451625724298593,
Tian_all_TNFA,Tian,18,diversity,42,10,0.23809523809523808,0.38095238095238093,0.0068190531546395575,0.00984469675633635,0.47055471824481643,0.7784929546930764,4.827303448801935,
Tian_all_TNFA,Tian,18,extra_trees,42,10,0.21428571428571427,0.40476190476190477,0.007039273513619389,0.011219549315025132,0.48575121644208036,0.8872127108391538,4.473732354724655,
Tian_all_TNFA,Tian,18,gated_random,42,10,0.14285714285714285,0.40476190476190477,0.005224482096606542,0.013765670891446377,0.3605199497926081,1.0885533674480232,4.34036478882523,
Tian_all_TNFA,Tian,18,old_controller,42,10,0.23809523809523808,0.3333333333333333,0.0055198595234615885,0.010566012639018062,0.3809027270958013,0.8355327342489582,4.707306693815816,
Tian_all_TNFA,Tian,19,random,42,10,0.19047619047619047,0.4523809523809524,0.005148179399477467,0.013236236592774689,0.35525461553949955,1.0466870833267272,4.3398561235720985,
Tian_all_TNFA,Tian,19,fixed_ridge,42,10,0.19047619047619047,0.38095238095238093,0.007847866437988037,0.010903492047730593,0.5415488773595883,0.8622197260923172,4.501293202254211,
Tian_all_TNFA,Tian,19,greedy_ridge,42,10,0.21428571428571427,0.5,0.008230508140562994,0.014022189632697156,0.5679534022196667,1.1088382007702824,4.524848005865441,
Tian_all_TNFA,Tian,19,linear_ucb,42,10,0.21428571428571427,0.47619047619047616,0.008446680349866285,0.014157777732111,0.5828705543131154,1.11956015419825,4.558466504536917,
Tian_all_TNFA,Tian,19,diversity,42,10,0.23809523809523808,0.40476190476190477,0.006455736867124447,0.01172400530851242,0.44548376052847904,0.9271037757040808,4.784056274018462,
Tian_all_TNFA,Tian,19,extra_trees,42,10,0.14285714285714285,0.47619047619047616,0.006886645611814422,0.012248180225769486,0.4752189947829386,0.9685541616541414,4.552917368514723,
Tian_all_TNFA,Tian,19,gated_random,42,10,0.19047619047619047,0.4523809523809524,0.005148179399477467,0.013236236592774689,0.35525461553949955,1.0466870833267272,4.3398561235720985,
Tian_all_TNFA,Tian,19,old_controller,42,10,0.23809523809523808,0.40476190476190477,0.006455736867124447,0.01172400530851242,0.44548376052847904,0.9271037757040808,4.784056274018462,
Tian_all_TNFA,Tian,20,random,42,10,0.11904761904761904,0.4523809523809524,0.006354790258288899,0.010921503479883595,0.4385178516257067,0.8636440231917704,4.3656336237832924,
Tian_all_TNFA,Tian,20,fixed_ridge,42,10,0.19047619047619047,0.5238095238095238,0.008756696033539221,0.01599851993531028,0.6042634573121101,1.2651212488733627,4.356508304594547,
Tian_all_TNFA,Tian,20,greedy_ridge,42,10,0.19047619047619047,0.4523809523809524,0.007713050960923796,0.014266289353320189,0.5322458176258712,1.1281409703172742,4.412727818688522,
Tian_all_TNFA,Tian,20,linear_ucb,42,10,0.2619047619047619,0.4523809523809524,0.010451196953083004,0.014828992367800112,0.7211939731299845,1.1726380577542466,4.405349436396531,
Tian_all_TNFA,Tian,20,diversity,42,10,0.21428571428571427,0.5476190476190477,0.007898519894769017,0.015459373311458054,0.5450442633821306,1.2224869393964994,4.803202656713169,
Tian_all_TNFA,Tian,20,extra_trees,42,10,0.2619047619047619,0.47619047619047616,0.008876759707285062,0.015064899387071316,0.6125485559745941,1.1912929698364365,4.3222209757794205,
Tian_all_TNFA,Tian,20,gated_random,42,10,0.11904761904761904,0.4523809523809524,0.006354790258288899,0.010921503479883595,0.4385178516257067,0.8636440231917704,4.3656336237832924,
Tian_all_TNFA,Tian,20,old_controller,42,10,0.2619047619047619,0.5,0.008903433779635914,0.012547347978501003,0.6143892236325309,0.9922115676197386,4.702999185048517,
Tian_all_TNFA,Tian,21,random,42,10,0.2857142857142857,0.2857142857142857,0.010854092889491426,0.00895218298984183,0.748996159084446,0.707915292792484,4.29969283305808,
Tian_all_TNFA,Tian,21,fixed_ridge,42,10,0.23809523809523808,0.42857142857142855,0.008468193134220455,0.014925048412059046,0.5843550627853145,1.180233919319321,4.4537945180218435,
Tian_all_TNFA,Tian,21,greedy_ridge,42,10,0.16666666666666666,0.38095238095238093,0.004850115646913343,0.01140096070991117,0.33468646598469265,0.9015582510132506,4.42415400856117,
Tian_all_TNFA,Tian,21,linear_ucb,42,10,0.23809523809523808,0.40476190476190477,0.008183252152563332,0.01191000434873192,0.5646924614975032,0.9418120949113086,4.411515932673061,
Tian_all_TNFA,Tian,21,diversity,42,10,0.19047619047619047,0.35714285714285715,0.00820952656525449,0.009400934496013355,0.5665055502915867,0.7434013920202319,4.761359337795437,
Tian_all_TNFA,Tian,21,extra_trees,42,10,0.16666666666666666,0.3333333333333333,0.00596605424903334,0.012415794117913366,0.4116927838107701,0.9818086312810206,4.3417664612166105,
Tian_all_TNFA,Tian,21,gated_random,42,10,0.2857142857142857,0.2857142857142857,0.010854092889491426,0.00895218298984183,0.748996159084446,0.707915292792484,4.29969283305808,
Tian_all_TNFA,Tian,21,old_controller,42,10,0.16666666666666666,0.35714285714285715,0.005397050705210804,0.00978088182206488,0.37242819733932647,0.7734466360543062,4.699179177768478,
Tian_all_TNFA,Tian,22,random,42,10,0.19047619047619047,0.3333333333333333,0.006888555435063824,0.010324818757017748,0.47535078380417656,0.816459750844826,4.4505969282256865,
Tian_all_TNFA,Tian,22,fixed_ridge,42,10,0.16666666666666666,0.40476190476190477,0.004511166925666056,0.01471401011042696,0.3112970134596832,1.16354556059611,4.401911192931702,
Tian_all_TNFA,Tian,22,greedy_ridge,42,10,0.23809523809523808,0.38095238095238093,0.005730489102617619,0.014485177502489396,0.3954374051553727,1.1454500745194285,4.282409636770186,
Tian_all_TNFA,Tian,22,linear_ucb,42,10,0.2619047619047619,0.4523809523809524,0.008638998918521157,0.015906190493257144,0.5961416651014317,1.2578200772955945,4.3272739129714255,
Tian_all_TNFA,Tian,22,diversity,42,10,0.16666666666666666,0.5238095238095238,0.005858158844529772,0.014450161709437723,0.4042473671943087,1.1426811168899136,4.767026327938502,
Tian_all_TNFA,Tian,22,extra_trees,42,10,0.14285714285714285,0.4523809523809524,0.0057670389888088746,0.01304239037007451,0.3979595619722475,1.031358229386272,4.40293250885256,
Tian_all_TNFA,Tian,22,gated_random,42,10,0.19047619047619047,0.3333333333333333,0.006888555435063824,0.010324818757017748,0.47535078380417656,0.816459750844826,4.4505969282256865,
Tian_all_TNFA,Tian,22,old_controller,42,10,0.16666666666666666,0.5238095238095238,0.005858158844529772,0.014450161709437723,0.4042473671943087,1.1426811168899136,4.767026327938502,
Tian_all_TNFA,Tian,23,random,42,10,0.2619047619047619,0.35714285714285715,0.008215602282615045,0.010477354360803201,0.5669248104741804,0.8285218687369186,4.420687312666718,
Tian_all_TNFA,Tian,23,fixed_ridge,42,10,0.16666666666666666,0.38095238095238093,0.00892383612194765,0.009794774524166253,0.6157971050818054,0.7745452347186691,4.43331564869437,
Tian_all_TNFA,Tian,23,greedy_ridge,42,10,0.23809523809523808,0.4523809523809524,0.007600260826320561,0.01272734714090818,0.5244626358841495,1.0064454321310503,4.413419097277319,
Tian_all_TNFA,Tian,23,linear_ucb,42,10,0.19047619047619047,0.40476190476190477,0.00583755400854911,0.012079780133298579,0.4028255124925655,0.9552375213549992,4.420477095448656,
Tian_all_TNFA,Tian,23,diversity,42,10,0.2619047619047619,0.42857142857142855,0.008423590844497786,0.011887620761986087,0.581277242830319,0.9400420592247165,4.7994028437958445,
Tian_all_TNFA,Tian,23,extra_trees,42,10,0.16666666666666666,0.30952380952380953,0.00563524598675009,0.007772793891073866,0.38886507076591115,0.6146522774901865,4.305353547393679,
Tian_all_TNFA,Tian,23,gated_random,42,10,0.2619047619047619,0.35714285714285715,0.008215602282615045,0.010477354360803201,0.5669248104741804,0.8285218687369186,4.420687312666718,
Tian_all_TNFA,Tian,23,old_controller,42,10,0.2619047619047619,0.42857142857142855,0.008423590844497786,0.011887620761986087,0.581277242830319,0.9400420592247165,4.7994028437958445,
Tian_all_TNFA,Tian,24,random,42,10,0.16666666666666666,0.4523809523809524,0.005548252212805445,0.01110556319973768,0.38286198942026656,0.8781989860002449,4.4551348356668905,
Tian_all_TNFA,Tian,24,fixed_ridge,42,10,0.14285714285714285,0.30952380952380953,0.006497842529919412,0.007186582128685985,0.4483892985619398,0.5682961795551791,4.445855729915393,
Tian_all_TNFA,Tian,24,greedy_ridge,42,10,0.19047619047619047,0.5,0.007688872950540602,0.012759118586558073,0.5305773929039076,1.0089578352259385,4.571437649329418,
Tian_all_TNFA,Tian,24,linear_ucb,42,10,0.14285714285714285,0.40476190476190477,0.004499666365092666,0.009582347859868529,0.3105034072334894,0.757747087895275,4.6032151811758935,
Tian_all_TNFA,Tian,24,diversity,42,10,0.2619047619047619,0.4523809523809524,0.005593816865119568,0.012157200570313527,0.38600621804634894,0.9613597276816293,4.815339290757147,
Tian_all_TNFA,Tian,24,extra_trees,42,10,0.19047619047619047,0.38095238095238093,0.006747365295428296,0.009099703338599321,0.4656078349125201,0.7195808173915689,4.56874999307507,
Tian_all_TNFA,Tian,24,gated_random,42,10,0.16666666666666666,0.35714285714285715,0.0046681682968107655,0.010339780103594811,0.3221310301901121,0.8176428551284058,4.41444358771525,
Tian_all_TNFA,Tian,24,old_controller,42,10,0.21428571428571427,0.40476190476190477,0.0057295655391000995,0.010085832706665266,0.39537367384826705,0.7975613570116604,4.678226878763782,
Tian_all_TNFA,Tian,25,random,42,10,0.16666666666666666,0.35714285714285715,0.006733916415061795,0.00949919735638741,0.4646797831774693,0.7511717628505935,4.275047415447837,
Tian_all_TNFA,Tian,25,fixed_ridge,42,10,0.09523809523809523,0.3333333333333333,0.0030940739850575235,0.010154197636697124,0.2135092774979721,0.8029674774534742,4.317808027779589,
Tian_all_TNFA,Tian,25,greedy_ridge,42,10,0.14285714285714285,0.40476190476190477,0.005678775134905098,0.010443543722644324,0.39186883764981945,0.8258482116145272,4.386019413865752,
Tian_all_TNFA,Tian,25,linear_ucb,42,10,0.14285714285714285,0.42857142857142855,0.005191273174246889,0.011781488018694681,0.3582283391027093,0.9316493585697746,4.467325161037242,
Tian_all_TNFA,Tian,25,diversity,42,10,0.23809523809523808,0.40476190476190477,0.007861201969254219,0.010173861807650135,0.5424691073409801,0.8045224688285967,4.82551597183989,
Tian_all_TNFA,Tian,25,extra_trees,42,10,0.11904761904761904,0.40476190476190477,0.003501428969062687,0.012450717659757986,0.2416191639260833,0.9845702939255776,4.340052156169449,
Tian_all_TNFA,Tian,25,gated_random,42,10,0.16666666666666666,0.35714285714285715,0.006733916415061795,0.00949919735638741,0.4646797831774693,0.7511717628505935,4.275047415447837,
Tian_all_TNFA,Tian,25,old_controller,42,10,0.23809523809523808,0.40476190476190477,0.007861201969254219,0.010173861807650135,0.5424691073409801,0.8045224688285967,4.82551597183989,
Tian_all_TNFA,Tian,26,random,42,10,0.16666666666666666,0.23809523809523808,0.008177757262015875,0.006036012286671848,0.5643132817764028,0.4773121159461274,4.361709251360578,
Tian_all_TNFA,Tian,26,fixed_ridge,42,10,0.21428571428571427,0.30952380952380953,0.007602294607941824,0.007154106118193115,0.5246029787610949,0.5657280613092854,4.366518072966757,
Tian_all_TNFA,Tian,26,greedy_ridge,42,10,0.14285714285714285,0.3333333333333333,0.00430941104972767,0.006792482157674041,0.29737467304034954,0.537131781253111,4.4559983426077245,
Tian_all_TNFA,Tian,26,linear_ucb,42,10,0.11904761904761904,0.40476190476190477,0.002495477184651649,0.007710260377605772,0.17220258251120693,0.6097072902679256,4.5441795172712425,
Tian_all_TNFA,Tian,26,diversity,42,10,0.19047619047619047,0.38095238095238093,0.006662406733419262,0.008996911847051212,0.4597451951439115,0.7114523342139544,4.71677004379281,
Tian_all_TNFA,Tian,26,extra_trees,42,10,0.09523809523809523,0.40476190476190477,0.0053787981269425925,0.010496014307297626,0.37116866223533684,0.8299974486598359,4.207825357234058,
Tian_all_TNFA,Tian,26,gated_random,42,10,0.19047619047619047,0.38095238095238093,0.00611422492278722,0.010066996016246084,0.4219174305555991,0.7960718006399389,4.343269254315667,
Tian_all_TNFA,Tian,26,old_controller,42,10,0.16666666666666666,0.30952380952380953,0.004756236470089055,0.004646626872833783,0.328208251400084,0.3674431395015162,4.7317288548204015,
Tian_all_TNFA,Tian,27,random,42,10,0.16666666666666666,0.40476190476190477,0.006422178599746463,0.010536824166333572,0.4431680429804955,0.8332245859224493,4.273850067652224,
Tian_all_TNFA,Tian,27,fixed_ridge,42,10,0.19047619047619047,0.40476190476190477,0.008472813070123056,0.01229343108314734,0.5846738654970192,0.9721324814880975,4.433020109575084,
Tian_all_TNFA,Tian,27,greedy_ridge,42,10,0.16666666666666666,0.4523809523809524,0.0064796929166078135,0.012836558802559815,0.44713686864470403,1.0150816056232812,4.438288073921136,
Tian_all_TNFA,Tian,27,linear_ucb,42,10,0.23809523809523808,0.5,0.00947140260741477,0.013101159151577264,0.653582408619728,1.036005511419245,4.537441407633611,
Tian_all_TNFA,Tian,27,diversity,42,10,0.16666666666666666,0.35714285714285715,0.0050697429549170815,0.00910406076206492,0.3498420401814199,0.71992539107957,4.812592367394084,
Tian_all_TNFA,Tian,27,extra_trees,42,10,0.14285714285714285,0.42857142857142855,0.005797955834425165,0.013580649165770666,0.4000930059047228,1.0739223317270918,4.296367024158537,
Tian_all_TNFA,Tian,27,gated_random,42,10,0.16666666666666666,0.40476190476190477,0.006422178599746463,0.010536824166333572,0.4431680429804955,0.8332245859224493,4.273850067652224,
Tian_all_TNFA,Tian,27,old_controller,42,10,0.16666666666666666,0.35714285714285715,0.005029271391807066,0.009571552683857528,0.3470492646238334,0.756893433518991,4.771172925146701,
Tian_all_TNFA,Tian,28,random,42,10,0.23809523809523808,0.3333333333333333,0.007726205778793143,0.010321918838760978,0.5331535773214912,0.8162304328690715,4.409446993326144,
Tian_all_TNFA,Tian,28,fixed_ridge,42,10,0.14285714285714285,0.4523809523809524,0.0027967312499140146,0.013497176870068326,0.1929908823799636,1.0673215601924577,4.4177752940141,
Tian_all_TNFA,Tian,28,greedy_ridge,42,10,0.19047619047619047,0.40476190476190477,0.005632456593254645,0.012464102786974083,0.38867258623168666,0.9856287548912437,4.477611567744016,
Tian_all_TNFA,Tian,28,linear_ucb,42,10,0.16666666666666666,0.40476190476190477,0.004599504829087301,0.012219424184157893,0.3173928476337342,0.9662802088495437,4.51619032344441,
Tian_all_TNFA,Tian,28,diversity,42,10,0.23809523809523808,0.42857142857142855,0.006455312949126455,0.014086286272127106,0.4454545076968057,1.113906795918589,4.795489637116331,
Tian_all_TNFA,Tian,28,extra_trees,42,10,0.19047619047619047,0.42857142857142855,0.0058206397591560695,0.01067142814336898,0.40165832994141476,0.8438687175183045,4.4404816735798365,
Tian_all_TNFA,Tian,28,gated_random,42,10,0.23809523809523808,0.3333333333333333,0.007726205778793143,0.010321918838760978,0.5331535773214912,0.8162304328690715,4.409446993326144,
Tian_all_TNFA,Tian,28,old_controller,42,10,0.23809523809523808,0.42857142857142855,0.006455312949126455,0.014086286272127106,0.4454545076968057,1.113906795918589,4.795489637116331,
Tian_all_TNFA,Tian,29,random,42,10,0.07142857142857142,0.42857142857142855,0.0035351548330764867,0.012824919904070817,0.24394644662628912,1.0141612318729936,4.418292663420454,
Tian_all_TNFA,Tian,29,fixed_ridge,42,10,0.19047619047619047,0.30952380952380953,0.008189393125832514,0.010873930822316493,0.565116224721062,0.8598821014517046,4.309200709935458,
Tian_all_TNFA,Tian,29,greedy_ridge,42,10,0.14285714285714285,0.38095238095238093,0.005253493742931956,0.01135809968082321,0.3625219237841417,0.8981689125702563,4.380088776930038,
Tian_all_TNFA,Tian,29,linear_ucb,42,10,0.19047619047619047,0.3333333333333333,0.007095131763919876,0.010097904065797057,0.4896057637869578,0.7985159286221695,4.453072924629,
Tian_all_TNFA,Tian,29,diversity,42,10,0.11904761904761904,0.47619047619047616,0.004264617388557867,0.011917371594328869,0.2942836473315135,0.9423946774869503,4.781041512780085,
Tian_all_TNFA,Tian,29,extra_trees,42,10,0.11904761904761904,0.38095238095238093,0.005430116855018182,0.01309871803073864,0.37470995588456746,1.0358124739472476,4.290279618014348,
Tian_all_TNFA,Tian,29,gated_random,42,10,0.07142857142857142,0.42857142857142855,0.0035351548330764867,0.012824919904070817,0.24394644662628912,1.0141612318729936,4.418292663420454,
Tian_all_TNFA,Tian,29,old_controller,42,10,0.14285714285714285,0.40476190476190477,0.005528158499898606,0.009142891005103671,0.3814754052126135,0.7229959854699184,4.712046041095808,
Tian_all_IL2STAT5,Tian,0,random,42,10,0.19047619047619047,0.3333333333333333,0.006930736473450794,0.008299268897908278,0.5528083695556669,0.8357211741938262,4.451957423200971,
Tian_all_IL2STAT5,Tian,0,fixed_ridge,42,10,0.19047619047619047,0.38095238095238093,0.0058817107908134166,0.011149717982646022,0.46913613941645727,1.1227561751536266,4.311573869528063,
Tian_all_IL2STAT5,Tian,0,greedy_ridge,42,10,0.23809523809523808,0.3333333333333333,0.00832413991419302,0.009089089162694311,0.6639488071066626,0.9152546279484605,4.307494206947587,
Tian_all_IL2STAT5,Tian,0,linear_ucb,42,10,0.2619047619047619,0.38095238095238093,0.009038389602480655,0.010415123531771273,0.7209186842835594,1.0487838596890628,4.519113885739691,
Tian_all_IL2STAT5,Tian,0,diversity,42,10,0.2857142857142857,0.35714285714285715,0.0076654641768087355,0.009082900291642701,0.6114116111183137,0.9146314199712506,4.821678492223225,
Tian_all_IL2STAT5,Tian,0,extra_trees,42,10,0.2857142857142857,0.38095238095238093,0.008927202560593312,0.007816989494242811,0.7120502000211855,0.787156521755298,4.535334054601794,
Tian_all_IL2STAT5,Tian,0,gated_random,42,10,0.19047619047619047,0.3333333333333333,0.006930736473450794,0.008299268897908278,0.5528083695556669,0.8357211741938262,4.451957423200971,
Tian_all_IL2STAT5,Tian,0,old_controller,42,10,0.2857142857142857,0.35714285714285715,0.0076654641768087355,0.009082900291642701,0.6114116111183137,0.9146314199712506,4.821678492223225,
Tian_all_IL2STAT5,Tian,1,random,42,10,0.3333333333333333,0.35714285714285715,0.010058017187258255,0.009202376914150231,0.802246067723121,0.92666249698285,4.474712580964925,
Tian_all_IL2STAT5,Tian,1,fixed_ridge,42,10,0.3333333333333333,0.2857142857142857,0.010263129955885845,0.0063896803444155005,0.8186062418019389,0.6434291051232246,4.527396753959231,
Tian_all_IL2STAT5,Tian,1,greedy_ridge,42,10,0.2857142857142857,0.23809523809523808,0.008359594205967515,0.004352085440899744,0.6667767070426489,0.43824703110623164,4.5995770897120085,
Tian_all_IL2STAT5,Tian,1,linear_ucb,42,10,0.35714285714285715,0.23809523809523808,0.009537579743005566,0.004996108753947936,0.7607350138668486,0.5030989989132376,4.629234220846562,
Tian_all_IL2STAT5,Tian,1,diversity,42,10,0.30952380952380953,0.38095238095238093,0.008167729416063791,0.010141233564779048,0.6514732162681672,1.0212036417650068,4.791326091802168,
Tian_all_IL2STAT5,Tian,1,extra_trees,42,10,0.3333333333333333,0.30952380952380953,0.009302153676422512,0.006452411281322491,0.741956995034763,0.6497459955499708,4.484014857513562,
Tian_all_IL2STAT5,Tian,1,gated_random,42,10,0.3333333333333333,0.35714285714285715,0.010058017187258255,0.009202376914150231,0.802246067723121,0.92666249698285,4.474712580964925,
Tian_all_IL2STAT5,Tian,1,old_controller,42,10,0.30952380952380953,0.38095238095238093,0.008167729416063791,0.010141233564779048,0.6514732162681672,1.0212036417650068,4.791326091802168,
Tian_all_IL2STAT5,Tian,2,random,42,10,0.23809523809523808,0.35714285714285715,0.007252223452008721,0.009654583807361684,0.5784507660211464,0.9721989027099215,4.389401885800079,
Tian_all_IL2STAT5,Tian,2,fixed_ridge,42,10,0.35714285714285715,0.30952380952380953,0.009662163856344214,0.007750752756467613,0.7706720733454621,0.7804866036035668,4.340561621142633,
Tian_all_IL2STAT5,Tian,2,greedy_ridge,42,10,0.3333333333333333,0.2857142857142857,0.010403456078625022,0.007347206967248755,0.8297989130879803,0.7398502819039581,4.382814998644811,
Tian_all_IL2STAT5,Tian,2,linear_ucb,42,10,0.3333333333333333,0.2619047619047619,0.011942614548451509,0.007087936337774959,0.952565041543725,0.7137422044861478,4.487286872140008,
Tian_all_IL2STAT5,Tian,2,diversity,42,10,0.3333333333333333,0.30952380952380953,0.008584410905894754,0.007375260024335799,0.6847085031528801,0.7426751733608934,4.835572060987281,
Tian_all_IL2STAT5,Tian,2,extra_trees,42,10,0.30952380952380953,0.35714285714285715,0.010205266168506394,0.008762278900600124,0.8139909190176888,0.8823454332548432,4.314805955272411,
Tian_all_IL2STAT5,Tian,2,gated_random,42,10,0.23809523809523808,0.35714285714285715,0.007252223452008721,0.009654583807361684,0.5784507660211464,0.9721989027099215,4.389401885800079,
Tian_all_IL2STAT5,Tian,2,old_controller,42,10,0.3333333333333333,0.30952380952380953,0.008584410905894754,0.007375260024335799,0.6847085031528801,0.7426751733608934,4.835572060987281,
Tian_all_IL2STAT5,Tian,3,random,42,10,0.30952380952380953,0.3333333333333333,0.0089246237608589,0.010446360503234596,0.7118445101811444,1.0519293654909254,4.425915250464551,
Tian_all_IL2STAT5,Tian,3,fixed_ridge,42,10,0.2619047619047619,0.2619047619047619,0.006353548882735561,0.006573208196472792,0.5067708189759685,0.6619100236119901,4.2860804321451775,
Tian_all_IL2STAT5,Tian,3,greedy_ridge,42,10,0.30952380952380953,0.30952380952380953,0.006477059179554891,0.007325154202254368,0.5166222288614226,0.7376296088685326,4.444999057321431,
Tian_all_IL2STAT5,Tian,3,linear_ucb,42,10,0.2857142857142857,0.35714285714285715,0.007956388385145367,0.006276827452856371,0.6346162644608424,0.6320650256838014,4.532369011483195,
Tian_all_IL2STAT5,Tian,3,diversity,42,10,0.30952380952380953,0.40476190476190477,0.008297493847798432,0.009906207827598658,0.6618234675305453,0.997536980585771,4.781047142441341,
Tian_all_IL2STAT5,Tian,3,extra_trees,42,10,0.30952380952380953,0.2857142857142857,0.00808226717564992,0.006981938504921307,0.6446565897865888,0.703068416900258,4.3839380512227715,
Tian_all_IL2STAT5,Tian,3,gated_random,42,10,0.2857142857142857,0.2857142857142857,0.009400927762356794,0.006380434446944673,0.7498353989545841,0.6424980601859117,4.325727253064557,
Tian_all_IL2STAT5,Tian,3,old_controller,42,10,0.2619047619047619,0.38095238095238093,0.008398376699138507,0.008556357541196751,0.6698700704823477,0.8616095296000587,4.638819642561966,
Tian_all_IL2STAT5,Tian,4,random,42,10,0.23809523809523808,0.30952380952380953,0.008119564372732934,0.009312858958837109,0.6476314832611045,0.9377878364855047,4.2950818740261205,
Tian_all_IL2STAT5,Tian,4,fixed_ridge,42,10,0.2619047619047619,0.2619047619047619,0.010061090030903299,0.004703853590360403,0.8024911634199237,0.4736694393361114,4.551254123686335,
Tian_all_IL2STAT5,Tian,4,greedy_ridge,42,10,0.23809523809523808,0.3333333333333333,0.008023716002563233,0.009916981524476422,0.6399864398460143,0.9986218721245139,4.513993014699811,
Tian_all_IL2STAT5,Tian,4,linear_ucb,42,10,0.30952380952380953,0.2857142857142857,0.011606091891884758,0.007522818321426565,0.9257233715700025,0.7575340235588689,4.605557880433973,
Tian_all_IL2STAT5,Tian,4,diversity,42,10,0.3333333333333333,0.30952380952380953,0.010138339319265161,0.005944758327361362,0.8086527096440863,0.5986262730796833,4.852008630113086,
Tian_all_IL2STAT5,Tian,4,extra_trees,42,10,0.2857142857142857,0.2619047619047619,0.009874553873075103,0.006601508563298737,0.7876126942028073,0.6647598187065745,4.491606123981287,
Tian_all_IL2STAT5,Tian,4,gated_random,42,10,0.23809523809523808,0.30952380952380953,0.008119564372732934,0.009312858958837109,0.6476314832611045,0.9377878364855047,4.2950818740261205,
Tian_all_IL2STAT5,Tian,4,old_controller,42,10,0.35714285714285715,0.2619047619047619,0.01168317499423184,0.005479389723982574,0.9318716624900246,0.5517645072503241,4.794446936626844,
Tian_all_IL2STAT5,Tian,5,random,42,10,0.2857142857142857,0.3333333333333333,0.010100052621019888,0.007622280527881747,0.8055988917253535,0.7675496855393578,4.293560448236787,
Tian_all_IL2STAT5,Tian,5,fixed_ridge,42,10,0.3333333333333333,0.2857142857142857,0.012871225648772707,0.0057193823999728,1.0266327817162586,0.575931330068539,4.344210111983075,
Tian_all_IL2STAT5,Tian,5,greedy_ridge,42,10,0.2857142857142857,0.2857142857142857,0.009290013643446164,0.006097537007964691,0.7409886835339989,0.614010806333905,4.410188603958915,
Tian_all_IL2STAT5,Tian,5,linear_ucb,42,10,0.35714285714285715,0.30952380952380953,0.0128380210745673,0.006984778298163692,1.023984323417693,0.7033543788774138,4.414877819050604,
Tian_all_IL2STAT5,Tian,5,diversity,42,10,0.35714285714285715,0.35714285714285715,0.010712922177706466,0.009124239876266857,0.854482501956392,0.9187942404109513,4.821047497394587,
Tian_all_IL2STAT5,Tian,5,extra_trees,42,10,0.3333333333333333,0.3333333333333333,0.009604492022741511,0.006033350310330951,0.766072061149742,0.6075473234688525,4.4446538511545395,
Tian_all_IL2STAT5,Tian,5,gated_random,42,10,0.2857142857142857,0.3333333333333333,0.010100052621019888,0.007622280527881747,0.8055988917253535,0.7675496855393578,4.293560448236787,
Tian_all_IL2STAT5,Tian,5,old_controller,42,10,0.35714285714285715,0.30952380952380953,0.009862405705802598,0.006046127328551509,0.7866437338955257,0.6088339457968353,4.744332940138143,
Tian_all_IL2STAT5,Tian,6,random,42,10,0.35714285714285715,0.2857142857142857,0.010762693307482049,0.007573990064598998,0.8584523393910687,0.7626869243523821,4.453208901980907,
Tian_all_IL2STAT5,Tian,6,fixed_ridge,42,10,0.2857142857142857,0.3333333333333333,0.008489610940596191,0.009616210603618443,0.6771470824508549,0.9683347913906748,4.305571857204993,
Tian_all_IL2STAT5,Tian,6,greedy_ridge,42,10,0.23809523809523808,0.38095238095238093,0.008611188040229067,0.010743510801873064,0.6868442969504698,1.0818518562000499,4.345929630775787,
Tian_all_IL2STAT5,Tian,6,linear_ucb,42,10,0.2857142857142857,0.3333333333333333,0.008349727049768775,0.010933564368997596,0.6659896844006438,1.1009899022413188,4.4099959045097386,
Tian_all_IL2STAT5,Tian,6,diversity,42,10,0.2857142857142857,0.3333333333333333,0.009044701487342254,0.008173408799438694,0.7214221319030916,0.8230472928470414,4.90637282584813,
Tian_all_IL2STAT5,Tian,6,extra_trees,42,10,0.38095238095238093,0.3333333333333333,0.009874777764965937,0.007121232787196454,0.7876305522344325,0.7170950959455425,4.4458699052992285,
Tian_all_IL2STAT5,Tian,6,gated_random,42,10,0.35714285714285715,0.2857142857142857,0.010762693307482049,0.007573990064598998,0.8584523393910687,0.7626869243523821,4.453208901980907,
Tian_all_IL2STAT5,Tian,6,old_controller,42,10,0.2857142857142857,0.3333333333333333,0.009044701487342254,0.008173408799438694,0.7214221319030916,0.8230472928470414,4.90637282584813,
Tian_all_IL2STAT5,Tian,7,random,42,10,0.30952380952380953,0.30952380952380953,0.009595105885072652,0.005575226444936057,0.7653234054360205,0.5614150894824913,4.347167201187894,
Tian_all_IL2STAT5,Tian,7,fixed_ridge,42,10,0.2619047619047619,0.3333333333333333,0.005229323675869368,0.009733124891107154,0.417100535593855,0.9801078459599425,4.379267044040396,
Tian_all_IL2STAT5,Tian,7,greedy_ridge,42,10,0.23809523809523808,0.35714285714285715,0.005154805379044079,0.010613504755894294,0.411156818309573,1.0687604855342485,4.389207898726248,
Tian_all_IL2STAT5,Tian,7,linear_ucb,42,10,0.30952380952380953,0.3333333333333333,0.005818511149170587,0.00999575165984677,0.464095219019771,1.0065538804535494,4.451475619002143,
Tian_all_IL2STAT5,Tian,7,diversity,42,10,0.38095238095238093,0.42857142857142855,0.010325482127495277,0.01158273511722344,0.8235795664201382,1.1663602073408827,4.820591761668209,
Tian_all_IL2STAT5,Tian,7,extra_trees,42,10,0.2619047619047619,0.30952380952380953,0.006117598609423231,0.006289481683562651,0.48795098844487633,0.6333392835340366,4.302530895677217,
Tian_all_IL2STAT5,Tian,7,gated_random,42,10,0.30952380952380953,0.30952380952380953,0.009595105885072652,0.005575226444936057,0.7653234054360205,0.5614150894824913,4.347167201187894,
Tian_all_IL2STAT5,Tian,7,old_controller,42,10,0.38095238095238093,0.42857142857142855,0.010325482127495277,0.01158273511722344,0.8235795664201382,1.1663602073408827,4.820591761668209,
Tian_all_IL2STAT5,Tian,8,random,42,10,0.2857142857142857,0.3333333333333333,0.007414370888478809,0.008320058135391344,0.5913839456804837,0.8378146123235778,4.352743186286773,
Tian_all_IL2STAT5,Tian,8,fixed_ridge,42,10,0.35714285714285715,0.35714285714285715,0.009552916913787134,0.010101859236273115,0.7619583349966931,1.017238719016165,4.350560042766243,
Tian_all_IL2STAT5,Tian,8,greedy_ridge,42,10,0.35714285714285715,0.3333333333333333,0.008940019488772709,0.009255556559669881,0.7130725019362425,0.932017589864356,4.4413882779763565,
Tian_all_IL2STAT5,Tian,8,linear_ucb,42,10,0.38095238095238093,0.3333333333333333,0.010865161322225116,0.009342902475537526,0.8666253779099489,0.9408131635790891,4.528025691721115,
Tian_all_IL2STAT5,Tian,8,diversity,42,10,0.35714285714285715,0.35714285714285715,0.008606254177862068,0.008745577157021943,0.6864507629557549,0.880663598273239,4.832254720724764,
Tian_all_IL2STAT5,Tian,8,extra_trees,42,10,0.30952380952380953,0.30952380952380953,0.008897887694672814,0.008402641676330761,0.7097119920550723,0.8461306236074594,4.433233652832802,
Tian_all_IL2STAT5,Tian,8,gated_random,42,10,0.2857142857142857,0.3333333333333333,0.007414370888478809,0.008320058135391344,0.5913839456804837,0.8378146123235778,4.352743186286773,
Tian_all_IL2STAT5,Tian,8,old_controller,42,10,0.35714285714285715,0.3333333333333333,0.008902557800448803,0.007815615691357884,0.7100844883358884,0.7870181823215208,4.829739752286025,
Tian_all_IL2STAT5,Tian,9,random,42,10,0.3333333333333333,0.35714285714285715,0.009650405975105091,0.008788758711564898,0.7697342429746022,0.8850119017093704,4.344971652400215,
Tian_all_IL2STAT5,Tian,9,fixed_ridge,42,10,0.35714285714285715,0.3333333333333333,0.009402368941380626,0.0065163194698755625,0.7499503500610724,0.656181433060814,4.422185940746505,
Tian_all_IL2STAT5,Tian,9,greedy_ridge,42,10,0.35714285714285715,0.35714285714285715,0.009378941450870586,0.008379692148659709,0.7480817300549235,0.843819648213316,4.526997573201478,
Tian_all_IL2STAT5,Tian,9,linear_ucb,42,10,0.3333333333333333,0.30952380952380953,0.008471712321685452,0.005690808318801802,0.6757194554771203,0.5730539724408382,4.5723810015130315,
Tian_all_IL2STAT5,Tian,9,diversity,42,10,0.2619047619047619,0.35714285714285715,0.007836318229425675,0.00875928203649651,0.625039246597018,0.8820436545297072,4.836184471144177,
Tian_all_IL2STAT5,Tian,9,extra_trees,42,10,0.30952380952380953,0.38095238095238093,0.008623403423296901,0.008206082454915609,0.6878186185139998,0.8263374700971428,4.393620210451837,
Tian_all_IL2STAT5,Tian,9,gated_random,42,10,0.3333333333333333,0.35714285714285715,0.009650405975105091,0.008788758711564898,0.7697342429746022,0.8850119017093704,4.344971652400215,
Tian_all_IL2STAT5,Tian,9,old_controller,42,10,0.2619047619047619,0.35714285714285715,0.007836318229425675,0.00875928203649651,0.625039246597018,0.8820436545297072,4.836184471144177,
Tian_all_IL2STAT5,Tian,10,random,42,10,0.2857142857142857,0.38095238095238093,0.009529566496817169,0.006898909998784952,0.7600958625187596,0.6947075984361977,4.448216520313702,
Tian_all_IL2STAT5,Tian,10,fixed_ridge,42,10,0.16666666666666666,0.35714285714285715,0.006595087781231435,0.007916361548965056,0.526036408595955,0.7971631056214333,4.291472113191217,
Tian_all_IL2STAT5,Tian,10,greedy_ridge,42,10,0.19047619047619047,0.38095238095238093,0.007926214683613188,0.0091956040239108,0.6322095541766816,0.9259804793433191,4.357049914572217,
Tian_all_IL2STAT5,Tian,10,linear_ucb,42,10,0.2619047619047619,0.4523809523809524,0.00849967194046162,0.011902635210703475,0.6779495664225097,1.1985735607141217,4.481028353220767,
Tian_all_IL2STAT5,Tian,10,diversity,42,10,0.3333333333333333,0.38095238095238093,0.009518980976524496,0.009541545859963252,0.7592515418269677,0.9608161884864931,4.83540096679544,
Tian_all_IL2STAT5,Tian,10,extra_trees,42,10,0.23809523809523808,0.40476190476190477,0.008179617240357455,0.008621466058419468,0.6524214111375751,0.8681658380089959,4.416983064562948,
Tian_all_IL2STAT5,Tian,10,gated_random,42,10,0.2857142857142857,0.38095238095238093,0.009529566496817169,0.006898909998784952,0.7600958625187596,0.6947075984361977,4.448216520313702,
Tian_all_IL2STAT5,Tian,10,old_controller,42,10,0.3333333333333333,0.38095238095238093,0.009518980976524496,0.009541545859963252,0.7592515418269677,0.9608161884864931,4.83540096679544,
Tian_all_IL2STAT5,Tian,11,random,42,10,0.2619047619047619,0.30952380952380953,0.008635576493218814,0.005329080989414898,0.6887895651026917,0.536628693037081,4.208327401827475,
Tian_all_IL2STAT5,Tian,11,fixed_ridge,42,10,0.23809523809523808,0.2857142857142857,0.00752009019578279,0.004782323775265754,0.599816313311996,0.48157124320281525,4.387270936955612,
Tian_all_IL2STAT5,Tian,11,greedy_ridge,42,10,0.2619047619047619,0.35714285714285715,0.009463717377285649,0.008093137129991006,0.7548436148616254,0.8149640827871494,4.50142488297652,
Tian_all_IL2STAT5,Tian,11,linear_ucb,42,10,0.2619047619047619,0.3333333333333333,0.008836229644766406,0.007095575809119961,0.7047940318686894,0.7145114852554786,4.530204280077073,
Tian_all_IL2STAT5,Tian,11,diversity,42,10,0.21428571428571427,0.35714285714285715,0.006828609226038444,0.008564858715677163,0.5446625112698273,0.8624655822965301,4.767137650055503,
Tian_all_IL2STAT5,Tian,11,extra_trees,42,10,0.2857142857142857,0.40476190476190477,0.010871846713118867,0.009619834135304619,0.8671586170619457,0.9686996743933526,4.5112310409084255,
Tian_all_IL2STAT5,Tian,11,gated_random,42,10,0.2619047619047619,0.30952380952380953,0.008635576493218814,0.005329080989414898,0.6887895651026917,0.536628693037081,4.208327401827475,
Tian_all_IL2STAT5,Tian,11,old_controller,42,10,0.21428571428571427,0.35714285714285715,0.006828609226038444,0.008564858715677163,0.5446625112698273,0.8624655822965301,4.767137650055503,
Tian_all_IL2STAT5,Tian,12,random,42,10,0.30952380952380953,0.3333333333333333,0.00967052420497034,0.007562732814174525,0.7713389102264531,0.7615533398573302,4.358032155474801,
Tian_all_IL2STAT5,Tian,12,fixed_ridge,42,10,0.21428571428571427,0.35714285714285715,0.006853034422439561,0.008896311977496985,0.5466107101445503,0.8958423185567868,4.200540513465424,
Tian_all_IL2STAT5,Tian,12,greedy_ridge,42,10,0.2857142857142857,0.35714285714285715,0.007713604650231869,0.01020807841836245,0.6152513843840587,1.027934796064588,4.363247236282454,
Tian_all_IL2STAT5,Tian,12,linear_ucb,42,10,0.2857142857142857,0.3333333333333333,0.008955317658666797,0.008147630642961257,0.7142927122831129,0.8204514797139947,4.460062993777209,
Tian_all_IL2STAT5,Tian,12,diversity,42,10,0.2857142857142857,0.42857142857142855,0.010132526874911781,0.009655979844543737,0.8081890983239282,0.9723394810966873,4.778549069439602,
Tian_all_IL2STAT5,Tian,12,extra_trees,42,10,0.2619047619047619,0.3333333333333333,0.008846080409315208,0.009699340075902127,0.7055797470823553,0.9767057769608065,4.332919766254328,
Tian_all_IL2STAT5,Tian,12,gated_random,42,10,0.30952380952380953,0.3333333333333333,0.00967052420497034,0.007562732814174525,0.7713389102264531,0.7615533398573302,4.358032155474801,
Tian_all_IL2STAT5,Tian,12,old_controller,42,10,0.2857142857142857,0.40476190476190477,0.010204245612117043,0.010126559185458267,0.8139095175510773,1.0197259586500977,4.565985055570257,
Tian_all_IL2STAT5,Tian,13,random,42,10,0.5,0.2857142857142857,0.012242988705281893,0.0066724834630260315,0.9765234402694793,0.6719068610868175,4.519223789470783,
Tian_all_IL2STAT5,Tian,13,fixed_ridge,42,10,0.2857142857142857,0.2619047619047619,0.0074985219195386294,0.0098194066090594,0.5980959876770027,0.9887962568941495,4.380044753915852,
Tian_all_IL2STAT5,Tian,13,greedy_ridge,42,10,0.30952380952380953,0.2857142857142857,0.007107186594414424,0.007614144756176318,0.5668823578037351,0.7667304282329284,4.531778884296874,
Tian_all_IL2STAT5,Tian,13,linear_ucb,42,10,0.3333333333333333,0.23809523809523808,0.007602451857990838,0.006649739898743139,0.6063856319368688,0.6696166258285478,4.523940562192799,
Tian_all_IL2STAT5,Tian,13,diversity,42,10,0.40476190476190477,0.35714285714285715,0.009944816139348486,0.01013934517185663,0.7932169426125778,1.0210134840571563,4.837151298200671,
Tian_all_IL2STAT5,Tian,13,extra_trees,42,10,0.23809523809523808,0.3333333333333333,0.005424399133869127,0.008065390825368753,0.4326601151984563,0.812170080741464,4.466649568116,
Tian_all_IL2STAT5,Tian,13,gated_random,42,10,0.3333333333333333,0.30952380952380953,0.007492564664031484,0.008636415663644573,0.5976208259511823,0.869671235868271,4.316999777670173,
Tian_all_IL2STAT5,Tian,13,old_controller,42,10,0.30952380952380953,0.38095238095238093,0.008425783086481451,0.009460620901323033,0.6720560546646205,0.9526671934017049,4.772796073623059,
Tian_all_IL2STAT5,Tian,14,random,42,10,0.19047619047619047,0.38095238095238093,0.005571415659970459,0.009190812608483498,0.4443864254402524,0.9254979925874116,4.330994588555278,
Tian_all_IL2STAT5,Tian,14,fixed_ridge,42,10,0.38095238095238093,0.35714285714285715,0.011032026229161232,0.007721079096813517,0.8799348317454492,0.7774985204369882,4.342957005594911,
Tian_all_IL2STAT5,Tian,14,greedy_ridge,42,10,0.30952380952380953,0.2619047619047619,0.010371282272912617,0.005148473127869356,0.8272326707923155,0.5184418122435792,4.375615286377917,
Tian_all_IL2STAT5,Tian,14,linear_ucb,42,10,0.3333333333333333,0.3333333333333333,0.011588601668899448,0.008641635482650952,0.9243283190111999,0.8701968620797785,4.364600714548688,
Tian_all_IL2STAT5,Tian,14,diversity,42,10,0.30952380952380953,0.30952380952380953,0.009114106422737642,0.008952853039662046,0.7269579980151583,0.9015358999365467,4.7990764660803595,
Tian_all_IL2STAT5,Tian,14,extra_trees,42,10,0.38095238095238093,0.40476190476190477,0.010963772398193492,0.008510404043929862,0.8744907798531663,0.8569820966096808,4.27495395424508,
Tian_all_IL2STAT5,Tian,14,gated_random,42,10,0.21428571428571427,0.38095238095238093,0.008395821891766445,0.007856182174810915,0.6696662943175363,0.79110315288957,4.400895930457038,
Tian_all_IL2STAT5,Tian,14,old_controller,42,10,0.3333333333333333,0.3333333333333333,0.011090848184798571,0.008380639576310769,0.884626579803468,0.8439150524421399,4.581035465246999,
Tian_all_IL2STAT5,Tian,15,random,42,10,0.2857142857142857,0.38095238095238093,0.008615000195319961,0.010475652812861681,0.6871483614966206,1.054879047408397,4.43475745160451,
Tian_all_IL2STAT5,Tian,15,fixed_ridge,42,10,0.38095238095238093,0.2857142857142857,0.010143075479847002,0.005794745589162641,0.8090304745784812,0.5835202651585443,4.417183505036967,
Tian_all_IL2STAT5,Tian,15,greedy_ridge,42,10,0.38095238095238093,0.3333333333333333,0.010545573397363627,0.0047698900649672535,0.8411344534823468,0.4803191913536617,4.541377124456701,
Tian_all_IL2STAT5,Tian,15,linear_ucb,42,10,0.3333333333333333,0.30952380952380953,0.009095100351788307,0.0050970745512407285,0.7254420386169892,0.5132660697365742,4.56640978710284,
Tian_all_IL2STAT5,Tian,15,diversity,42,10,0.35714285714285715,0.30952380952380953,0.010162724003002804,0.008156045605191578,0.8105976771537837,0.8212988509948184,4.769786833079579,
Tian_all_IL2STAT5,Tian,15,extra_trees,42,10,0.35714285714285715,0.30952380952380953,0.010053325385382759,0.005518139328706381,0.8018718409212499,0.555666521458767,4.425803660085627,
Tian_all_IL2STAT5,Tian,15,gated_random,42,10,0.2857142857142857,0.38095238095238093,0.008615000195319961,0.010475652812861681,0.6871483614966206,1.054879047408397,4.43475745160451,
Tian_all_IL2STAT5,Tian,15,old_controller,42,10,0.35714285714285715,0.30952380952380953,0.010162724003002804,0.008156045605191578,0.8105976771537837,0.8212988509948184,4.769786833079579,
Tian_all_IL2STAT5,Tian,16,random,42,10,0.38095238095238093,0.23809523809523808,0.011470763284565429,0.0032521364124720835,0.9149293113639896,0.3274841789925222,4.5186912038736065,
Tian_all_IL2STAT5,Tian,16,fixed_ridge,42,10,0.42857142857142855,0.35714285714285715,0.013490242990416687,0.008192424779027228,1.0760067506547302,0.8249621671553291,4.358178376286206,
Tian_all_IL2STAT5,Tian,16,greedy_ridge,42,10,0.38095238095238093,0.2619047619047619,0.01150171206303728,0.0073617646431622065,0.9173978432194859,0.7413162131995434,4.488962451984018,
Tian_all_IL2STAT5,Tian,16,linear_ucb,42,10,0.38095238095238093,0.30952380952380953,0.010258027637978577,0.007959689234957898,0.8181992714815297,0.8015261242268632,4.591073229315411,
Tian_all_IL2STAT5,Tian,16,diversity,42,10,0.3333333333333333,0.35714285714285715,0.009932813158945238,0.009599613558209747,0.7922595626787214,0.9666634993229362,4.840196630019948,
Tian_all_IL2STAT5,Tian,16,extra_trees,42,10,0.4523809523809524,0.40476190476190477,0.013783173727438586,0.007808645820658319,1.0993714484391763,0.7863163291105123,4.465017349959926,
Tian_all_IL2STAT5,Tian,16,gated_random,42,10,0.30952380952380953,0.3333333333333333,0.010952252971070924,0.008077893333743948,0.8735719690240089,0.8134290604309062,4.465947557243422,
Tian_all_IL2STAT5,Tian,16,old_controller,42,10,0.42857142857142855,0.38095238095238093,0.012696706270191286,0.008983565946714386,1.0127127930542992,0.9046286334122817,4.765877957224569,
Tian_all_IL2STAT5,Tian,17,random,42,10,0.16666666666666666,0.3333333333333333,0.005529590021190005,0.009041997797698218,0.4410503350740384,0.9105126137622658,4.401540005254104,
Tian_all_IL2STAT5,Tian,17,fixed_ridge,42,10,0.2619047619047619,0.30952380952380953,0.00872973151441897,0.00810738907684796,0.6962995438696701,0.8163992277268252,4.386756783008335,
Tian_all_IL2STAT5,Tian,17,greedy_ridge,42,10,0.3333333333333333,0.38095238095238093,0.010194811143846077,0.011516742605136783,0.8131570068990743,1.1597148822685788,4.471379675630319,
Tian_all_IL2STAT5,Tian,17,linear_ucb,42,10,0.30952380952380953,0.38095238095238093,0.009174406452916726,0.012044252170995664,0.7317676400344659,1.2128341291806979,4.487918151643155,
Tian_all_IL2STAT5,Tian,17,diversity,42,10,0.2857142857142857,0.35714285714285715,0.00919569114133303,0.010293875343665075,0.7334653461794031,1.0365743892670929,4.7804081464809896,
Tian_all_IL2STAT5,Tian,17,extra_trees,42,10,0.23809523809523808,0.3333333333333333,0.008864470646393605,0.010583777161010452,0.7070465864311019,1.065766971188841,4.45363476303031,
Tian_all_IL2STAT5,Tian,17,gated_random,42,10,0.16666666666666666,0.3333333333333333,0.005529590021190005,0.009041997797698218,0.4410503350740384,0.9105126137622658,4.401540005254104,
Tian_all_IL2STAT5,Tian,17,old_controller,42,10,0.2857142857142857,0.35714285714285715,0.00919569114133303,0.010293875343665075,0.7334653461794031,1.0365743892670929,4.7804081464809896,
Tian_all_IL2STAT5,Tian,18,random,42,10,0.38095238095238093,0.3333333333333333,0.012636198127330796,0.007892802602159089,1.007886551582317,0.7947907628368279,4.356250282075357,
Tian_all_IL2STAT5,Tian,18,fixed_ridge,42,10,0.23809523809523808,0.35714285714285715,0.010613227130588113,0.007270391504786051,0.8465306404678781,0.7321151055558639,4.2796361553394675,
Tian_all_IL2STAT5,Tian,18,greedy_ridge,42,10,0.21428571428571427,0.35714285714285715,0.008467410109888582,0.009892821929657897,0.6753763031010315,0.9961890451853996,4.210147365877973,
Tian_all_IL2STAT5,Tian,18,linear_ucb,42,10,0.30952380952380953,0.3333333333333333,0.011809041790089554,0.008564480564253232,0.9419110311005374,0.8624275031408939,4.3941885770672835,
Tian_all_IL2STAT5,Tian,18,diversity,42,10,0.3333333333333333,0.30952380952380953,0.011548331281290097,0.009416282307781985,0.9211162783570822,0.9482023782581003,4.827303448801935,
Tian_all_IL2STAT5,Tian,18,extra_trees,42,10,0.23809523809523808,0.38095238095238093,0.008626063259585367,0.009261139782601166,0.6880307719795867,0.9325798101853647,4.326613810722046,
Tian_all_IL2STAT5,Tian,18,gated_random,42,10,0.38095238095238093,0.3333333333333333,0.012636198127330796,0.007892802602159089,1.007886551582317,0.7947907628368279,4.356250282075357,
Tian_all_IL2STAT5,Tian,18,old_controller,42,10,0.30952380952380953,0.42857142857142855,0.011049480485027283,0.0122651296346274,0.8813270155002465,1.2350760851324798,4.753235802858345,
Tian_all_IL2STAT5,Tian,19,random,42,10,0.2619047619047619,0.30952380952380953,0.006803616331878955,0.00833223744940878,0.5426690317711176,0.8390410469332688,4.3398561235720985,
Tian_all_IL2STAT5,Tian,19,fixed_ridge,42,10,0.21428571428571427,0.2857142857142857,0.006416354884305301,0.006140157316751808,0.5117803419118176,0.6183025933505965,4.556169428322854,
Tian_all_IL2STAT5,Tian,19,greedy_ridge,42,10,0.2619047619047619,0.2619047619047619,0.006645136642201975,0.008182340543809822,0.5300283983848074,0.8239467031427264,4.50683059631005,
Tian_all_IL2STAT5,Tian,19,linear_ucb,42,10,0.19047619047619047,0.2619047619047619,0.006369858483818804,0.007605169812645192,0.5080717029465924,0.76582666786097,4.5591255699492805,
Tian_all_IL2STAT5,Tian,19,diversity,42,10,0.3333333333333333,0.4523809523809524,0.008681215956766922,0.009886653359909122,0.6924298531915654,0.9955678815121943,4.784056274018462,
Tian_all_IL2STAT5,Tian,19,extra_trees,42,10,0.30952380952380953,0.30952380952380953,0.0068800944444301505,0.006730009189002938,0.5487690675852149,0.6776995963085778,4.536248223198696,
Tian_all_IL2STAT5,Tian,19,gated_random,42,10,0.19047619047619047,0.30952380952380953,0.00694671723410515,0.007835315811183644,0.5540830246050162,0.789001948298388,4.389277184939583,
Tian_all_IL2STAT5,Tian,19,old_controller,42,10,0.30952380952380953,0.35714285714285715,0.009048201783215835,0.007495557672817734,0.7217013219808343,0.7547889261840387,4.806791825810528,
Tian_all_IL2STAT5,Tian,20,random,42,10,0.23809523809523808,0.2857142857142857,0.008182562029829346,0.00787224440614186,0.6526562929965055,0.7927205901594304,4.3656336237832924,
Tian_all_IL2STAT5,Tian,20,fixed_ridge,42,10,0.23809523809523808,0.38095238095238093,0.0078934810925957,0.009108863227219197,0.6295986623689498,0.9172458400210668,4.535282789351196,
Tian_all_IL2STAT5,Tian,20,greedy_ridge,42,10,0.23809523809523808,0.38095238095238093,0.00795627625825793,0.009801573389400336,0.6346073210127595,0.9870004843440053,4.476466266972174,
Tian_all_IL2STAT5,Tian,20,linear_ucb,42,10,0.2857142857142857,0.42857142857142855,0.008852453788608489,0.011145052897158055,0.7060880996115815,1.1222864095911804,4.502590126805476,
Tian_all_IL2STAT5,Tian,20,diversity,42,10,0.2857142857142857,0.42857142857142855,0.00999006701622978,0.012919310542271993,0.7968262363096525,1.3009509041071623,4.803202656713169,
Tian_all_IL2STAT5,Tian,20,extra_trees,42,10,0.23809523809523808,0.3333333333333333,0.008417591179907145,0.008790557474614337,0.6714026530334603,0.8851930338532092,4.477372783922401,
Tian_all_IL2STAT5,Tian,20,gated_random,42,10,0.23809523809523808,0.2857142857142857,0.008182562029829346,0.00787224440614186,0.6526562929965055,0.7927205901594304,4.3656336237832924,
Tian_all_IL2STAT5,Tian,20,old_controller,42,10,0.2857142857142857,0.42857142857142855,0.00999006701622978,0.012919310542271993,0.7968262363096525,1.3009509041071623,4.803202656713169,
Tian_all_IL2STAT5,Tian,21,random,42,10,0.35714285714285715,0.30952380952380953,0.011843615797556946,0.008188818916957493,0.9446687179308287,0.824599063450657,4.29969283305808,
Tian_all_IL2STAT5,Tian,21,fixed_ridge,42,10,0.35714285714285715,0.30952380952380953,0.010809562311262125,0.00704611673050254,0.8621906978846592,0.7095310466451434,4.432634910310931,
Tian_all_IL2STAT5,Tian,21,greedy_ridge,42,10,0.40476190476190477,0.2857142857142857,0.010974242726694946,0.00725180742139274,0.8753259126344765,0.730243722403224,4.567458229519828,
Tian_all_IL2STAT5,Tian,21,linear_ucb,42,10,0.30952380952380953,0.30952380952380953,0.008974451917915328,0.00805482503621087,0.7158188962172958,0.811106125129237,4.530561985597944,
Tian_all_IL2STAT5,Tian,21,diversity,42,10,0.38095238095238093,0.3333333333333333,0.012076882533262098,0.008393697122591156,0.9632745045352836,0.8452299234318348,4.761359337795437,
Tian_all_IL2STAT5,Tian,21,extra_trees,42,10,0.35714285714285715,0.2857142857142857,0.009651728732825318,0.007352806052744505,0.7698397485787233,0.7404140995561489,4.513606318246149,
Tian_all_IL2STAT5,Tian,21,gated_random,42,10,0.35714285714285715,0.30952380952380953,0.011843615797556946,0.008188818916957493,0.9446687179308287,0.824599063450657,4.29969283305808,
Tian_all_IL2STAT5,Tian,21,old_controller,42,10,0.38095238095238093,0.3333333333333333,0.012076882533262098,0.008393697122591156,0.9632745045352836,0.8452299234318348,4.761359337795437,
Tian_all_IL2STAT5,Tian,22,random,42,10,0.3333333333333333,0.2619047619047619,0.009873715141662794,0.005498831606378556,0.7875457954329133,0.5537222691910902,4.4505969282256865,
Tian_all_IL2STAT5,Tian,22,fixed_ridge,42,10,0.3333333333333333,0.3333333333333333,0.009995361032143699,0.007611916645183777,0.7972484968178952,0.7665060615377619,4.304269116268197,
Tian_all_IL2STAT5,Tian,22,greedy_ridge,42,10,0.3333333333333333,0.2857142857142857,0.011552356269295636,0.005658112662048518,0.9214373188504478,0.5697615797025116,4.276567434354238,
Tian_all_IL2STAT5,Tian,22,linear_ucb,42,10,0.35714285714285715,0.3333333333333333,0.011747253055042237,0.008681595590500867,0.9369826472254242,0.8742207717354423,4.429225690677579,
Tian_all_IL2STAT5,Tian,22,diversity,42,10,0.30952380952380953,0.3333333333333333,0.00841714131740999,0.008680124166308293,0.671366771168015,0.8740726020148221,4.767026327938502,
Tian_all_IL2STAT5,Tian,22,extra_trees,42,10,0.3333333333333333,0.40476190476190477,0.010495118674214335,0.008073928519142895,0.8371100913748873,0.8130298108639127,4.388288306369232,
Tian_all_IL2STAT5,Tian,22,gated_random,42,10,0.2619047619047619,0.30952380952380953,0.008693748151813011,0.008610700487142228,0.6934294442648836,0.8670817647033401,4.45412602280606,
Tian_all_IL2STAT5,Tian,22,old_controller,42,10,0.30952380952380953,0.35714285714285715,0.008046590556253456,0.009162712349640972,0.6418109565879573,0.9226683480001704,4.687527900156321,
Tian_all_IL2STAT5,Tian,23,random,42,10,0.3333333333333333,0.30952380952380953,0.012805071907028832,0.00785517323891247,1.0213562368276272,0.7910015548929141,4.420687312666718,
Tian_all_IL2STAT5,Tian,23,fixed_ridge,42,10,0.35714285714285715,0.3333333333333333,0.011904671081706838,0.007881064854260657,0.9495386004047839,0.7936087931263947,4.521236365528388,
Tian_all_IL2STAT5,Tian,23,greedy_ridge,42,10,0.3333333333333333,0.2619047619047619,0.011508167963921791,0.0051622863548543745,0.9179127778235717,0.5198327788958628,4.584890599087628,
Tian_all_IL2STAT5,Tian,23,linear_ucb,42,10,0.35714285714285715,0.2857142857142857,0.012601913745407298,0.006120547402286518,1.0051519658214885,0.616327910888277,4.583916604830629,
Tian_all_IL2STAT5,Tian,23,diversity,42,10,0.40476190476190477,0.3333333333333333,0.010233411626132465,0.008850832501634225,0.8162358528137245,0.8912626186534224,4.7994028437958445,
Tian_all_IL2STAT5,Tian,23,extra_trees,42,10,0.38095238095238093,0.38095238095238093,0.013851194628323285,0.00720835806342787,1.1047969213968944,0.7258684516531076,4.495704330859685,
Tian_all_IL2STAT5,Tian,23,gated_random,42,10,0.3333333333333333,0.30952380952380953,0.012805071907028832,0.00785517323891247,1.0213562368276272,0.7910015548929141,4.420687312666718,
Tian_all_IL2STAT5,Tian,23,old_controller,42,10,0.40476190476190477,0.3333333333333333,0.010233411626132465,0.008850832501634225,0.8162358528137245,0.8912626186534224,4.7994028437958445,
Tian_all_IL2STAT5,Tian,24,random,42,10,0.2857142857142857,0.3333333333333333,0.010620730992916223,0.009872699838652856,0.8471291624164277,0.9941627874838078,4.4551348356668905,
Tian_all_IL2STAT5,Tian,24,fixed_ridge,42,10,0.21428571428571427,0.3333333333333333,0.006078640622083222,0.008716411369974744,0.4848436272654261,0.8777266569477788,4.617305718715015,
Tian_all_IL2STAT5,Tian,24,greedy_ridge,42,10,0.2619047619047619,0.23809523809523808,0.00829496092912842,0.005814156694874848,0.6616214372491244,0.5854749279436354,4.522839504658312,
Tian_all_IL2STAT5,Tian,24,linear_ucb,42,10,0.3333333333333333,0.2619047619047619,0.009567787014687542,0.005411074360371676,0.763144401768294,0.5448852752848715,4.571918172550688,
Tian_all_IL2STAT5,Tian,24,diversity,42,10,0.2619047619047619,0.35714285714285715,0.006706828460248567,0.008258536977830485,0.5349490519805545,0.8316195444607347,4.815339290757147,
Tian_all_IL2STAT5,Tian,24,extra_trees,42,10,0.2857142857142857,0.30952380952380953,0.00822645666239494,0.00600205698678766,0.6561574101366222,0.6043961431157714,4.445662958786553,
Tian_all_IL2STAT5,Tian,24,gated_random,42,10,0.2857142857142857,0.3333333333333333,0.010620730992916223,0.009872699838652856,0.8471291624164277,0.9941627874838078,4.4551348356668905,
Tian_all_IL2STAT5,Tian,24,old_controller,42,10,0.2619047619047619,0.35714285714285715,0.006706828460248567,0.008258536977830485,0.5349490519805545,0.8316195444607347,4.815339290757147,
Tian_all_IL2STAT5,Tian,25,random,42,10,0.2619047619047619,0.23809523809523808,0.009903336004805221,0.005033571695125895,0.7899084103038324,0.5068714484597138,4.275047415447837,
Tian_all_IL2STAT5,Tian,25,fixed_ridge,42,10,0.2857142857142857,0.30952380952380953,0.010777701862757807,0.007939842317096671,0.8596494495399194,0.7995275759567507,4.465224688486258,
Tian_all_IL2STAT5,Tian,25,greedy_ridge,42,10,0.23809523809523808,0.38095238095238093,0.009490793851070779,0.01021457958829299,0.7570032845278741,1.0285894519667909,4.279473674174609,
Tian_all_IL2STAT5,Tian,25,linear_ucb,42,10,0.2857142857142857,0.35714285714285715,0.011170244858518193,0.009480741101286758,0.8909594054584644,0.9546932606789004,4.335305581109567,
Tian_all_IL2STAT5,Tian,25,diversity,42,10,0.3333333333333333,0.30952380952380953,0.00978971729873795,0.009195975919108163,0.7808459720055833,0.926017928508401,4.82551597183989,
Tian_all_IL2STAT5,Tian,25,extra_trees,42,10,0.21428571428571427,0.42857142857142855,0.008521320463632001,0.010046295512049004,0.6796762927008713,1.0116435537766268,4.300675915001865,
Tian_all_IL2STAT5,Tian,25,gated_random,42,10,0.21428571428571427,0.30952380952380953,0.008968409174881994,0.007310806212590923,0.7153369158481535,0.7361847925941886,4.394148245007456,
Tian_all_IL2STAT5,Tian,25,old_controller,42,10,0.35714285714285715,0.35714285714285715,0.01128545446279095,0.010676665966084622,0.9001487367422529,1.0751207036923887,4.779340542236607,
Tian_all_IL2STAT5,Tian,26,random,42,10,0.30952380952380953,0.21428571428571427,0.01125320593648111,0.003599146219470923,0.8975765345934329,0.3624274308535307,4.361709251360578,
Tian_all_IL2STAT5,Tian,26,fixed_ridge,42,10,0.2857142857142857,0.14285714285714285,0.0086037983293755,0.0007173754407507268,0.6862548799348184,0.07223839268939866,4.373896928572417,
Tian_all_IL2STAT5,Tian,26,greedy_ridge,42,10,0.35714285714285715,0.21428571428571427,0.011620004050170841,0.002190081522103395,0.9268330310655829,0.22053719716127695,4.444063052467764,
Tian_all_IL2STAT5,Tian,26,linear_ucb,42,10,0.30952380952380953,0.23809523809523808,0.010999392375275766,0.004515007049543021,0.8773318951559759,0.4546529386327637,4.456599629524027,
Tian_all_IL2STAT5,Tian,26,diversity,42,10,0.2857142857142857,0.2857142857142857,0.009029433566414936,0.006551259105370065,0.7202043342698001,0.6596997903475299,4.71677004379281,
Tian_all_IL2STAT5,Tian,26,extra_trees,42,10,0.30952380952380953,0.2857142857142857,0.010080663321780143,0.0021726527508811218,0.8040523653294055,0.2187821518277892,4.3863590445811935,
Tian_all_IL2STAT5,Tian,26,gated_random,42,10,0.30952380952380953,0.21428571428571427,0.01125320593648111,0.003599146219470923,0.8975765345934329,0.3624274308535307,4.361709251360578,
Tian_all_IL2STAT5,Tian,26,old_controller,42,10,0.2857142857142857,0.2857142857142857,0.009029433566414936,0.006551259105370065,0.7202043342698001,0.6596997903475299,4.71677004379281,
Tian_all_IL2STAT5,Tian,27,random,42,10,0.23809523809523808,0.21428571428571427,0.006921869979882973,0.004755499714292826,0.5521011616172784,0.47887010940311486,4.273850067652224,
Tian_all_IL2STAT5,Tian,27,fixed_ridge,42,10,0.35714285714285715,0.30952380952380953,0.010466068834714213,0.008568948043925209,0.8347930224066136,0.8628773701596734,4.41451107745647,
Tian_all_IL2STAT5,Tian,27,greedy_ridge,42,10,0.3333333333333333,0.35714285714285715,0.010205585602283308,0.011139745896161091,0.8140163976469907,1.1217520043129339,4.46347325909099,
Tian_all_IL2STAT5,Tian,27,linear_ucb,42,10,0.2857142857142857,0.3333333333333333,0.008603524383879128,0.008933640573447896,0.6862330295349688,0.8996012397850127,4.524375746404442,
Tian_all_IL2STAT5,Tian,27,diversity,42,10,0.30952380952380953,0.35714285714285715,0.009299547274112079,0.008713650809063186,0.7417491035621675,0.8774486735211879,4.812592367394084,
Tian_all_IL2STAT5,Tian,27,extra_trees,42,10,0.35714285714285715,0.2619047619047619,0.012221230372991575,0.004778098198827595,0.9747879554124607,0.4811457353965271,4.363158648533957,
Tian_all_IL2STAT5,Tian,27,gated_random,42,10,0.23809523809523808,0.21428571428571427,0.006921869979882973,0.004755499714292826,0.5521011616172784,0.47887010940311486,4.273850067652224,
Tian_all_IL2STAT5,Tian,27,old_controller,42,10,0.2857142857142857,0.30952380952380953,0.009108131780310483,0.00792013337474345,0.7264814494764152,0.7975429215675305,4.671573651020755,
Tian_all_IL2STAT5,Tian,28,random,42,10,0.30952380952380953,0.3333333333333333,0.009362109930937666,0.009049033588042512,0.7467392168708047,0.9112211049607372,4.409446993326144,
Tian_all_IL2STAT5,Tian,28,fixed_ridge,42,10,0.3333333333333333,0.2619047619047619,0.007966086341803319,0.006556217431209006,0.6353897914342947,0.6601990846761182,4.447822163954372,
Tian_all_IL2STAT5,Tian,28,greedy_ridge,42,10,0.30952380952380953,0.30952380952380953,0.010498058050236228,0.009101519216665025,0.8373445414470259,0.916506311612104,4.425332051508959,
Tian_all_IL2STAT5,Tian,28,linear_ucb,42,10,0.2857142857142857,0.2857142857142857,0.007916521947732505,0.008759846353653261,0.6314364436220875,0.8821004802335926,4.401709885741464,
Tian_all_IL2STAT5,Tian,28,diversity,42,10,0.3333333333333333,0.38095238095238093,0.009510797162765674,0.011232508805379229,0.7585987856937499,1.1310930593344135,4.795489637116331,
Tian_all_IL2STAT5,Tian,28,extra_trees,42,10,0.2619047619047619,0.3333333333333333,0.007299368634941903,0.007152955568854003,0.582211153075182,0.7202895219439848,4.38710285413145,
Tian_all_IL2STAT5,Tian,28,gated_random,42,10,0.30952380952380953,0.3333333333333333,0.009362109930937666,0.009049033588042512,0.7467392168708047,0.9112211049607372,4.409446993326144,
Tian_all_IL2STAT5,Tian,28,old_controller,42,10,0.3333333333333333,0.38095238095238093,0.009510797162765674,0.011232508805379229,0.7585987856937499,1.1310930593344135,4.795489637116331,
Tian_all_IL2STAT5,Tian,29,random,42,10,0.21428571428571427,0.40476190476190477,0.00593686639131017,0.00983534923996098,0.47353545220223003,0.9904016506198746,4.418292663420454,
Tian_all_IL2STAT5,Tian,29,fixed_ridge,42,10,0.21428571428571427,0.35714285714285715,0.007880420467605584,0.010524926027110353,0.6285569227451997,1.059840769817293,4.225086734315876,
Tian_all_IL2STAT5,Tian,29,greedy_ridge,42,10,0.3333333333333333,0.38095238095238093,0.010254543543841407,0.012265575260135138,0.8179213736842718,1.2351209588047463,4.342493150569013,
Tian_all_IL2STAT5,Tian,29,linear_ucb,42,10,0.30952380952380953,0.3333333333333333,0.00871318565385544,0.010475507659666072,0.6949798154055944,1.0548644307475123,4.459102758490669,
Tian_all_IL2STAT5,Tian,29,diversity,42,10,0.30952380952380953,0.35714285714285715,0.008560720754748199,0.009034074974195264,0.6828189328481916,0.9097147999497156,4.781041512780085,
Tian_all_IL2STAT5,Tian,29,extra_trees,42,10,0.2619047619047619,0.35714285714285715,0.008457798283651124,0.011195996729245218,0.6746096460493407,1.127416360155928,4.327419359728596,
Tian_all_IL2STAT5,Tian,29,gated_random,42,10,0.21428571428571427,0.40476190476190477,0.004598872655845969,0.00936909664669575,0.3668145953046961,0.9434508686283738,4.380643340037229,
Tian_all_IL2STAT5,Tian,29,old_controller,42,10,0.2857142857142857,0.3333333333333333,0.007935193650928776,0.0092717365963227,0.632925733229375,0.933646889914316,4.69941696642749,
