task,study,seed,choices,precision_a,precision_b,gap
Frangieh_Coculture_IFNG,Frangieh,0,1,0.268780487804878,0.2039024390243902,0.06487804878048782
Frangieh_Coculture_IFNG,Frangieh,0,2,0.2839024390243902,0.2165853658536585,0.06731707317073171
Frangieh_Coculture_IFNG,Frangieh,0,4,0.3195121951219512,0.2297560975609756,0.0897560975609756
Frangieh_Coculture_IFNG,Frangieh,0,7,0.3414634146341463,0.2195121951219512,0.12195121951219512
Frangieh_Coculture_IFNG,Frangieh,1,1,0.3912195121951219,0.2765853658536585,0.1146341463414634
Frangieh_Coculture_IFNG,Frangieh,1,2,0.4073170731707317,0.2795121951219512,0.1278048780487805
Frangieh_Coculture_IFNG,Frangieh,1,4,0.42975609756097555,0.2814634146341463,0.14829268292682923
Frangieh_Coculture_IFNG,Frangieh,1,7,0.4390243902439024,0.2926829268292683,0.1463414634146341
Frangieh_Coculture_IFNG,Frangieh,2,1,0.3239024390243902,0.24048780487804877,0.08341463414634143
Frangieh_Coculture_IFNG,Frangieh,2,2,0.36878048780487804,0.25170731707317073,0.11707317073170728
Frangieh_Coculture_IFNG,Frangieh,2,4,0.39317073170731703,0.25073170731707317,0.14243902439024386
Frangieh_Coculture_IFNG,Frangieh,2,7,0.4390243902439024,0.2926829268292683,0.1463414634146341
Frangieh_Coculture_IFNG,Frangieh,3,1,0.35609756097560974,0.18878048780487802,0.16731707317073174
Frangieh_Coculture_IFNG,Frangieh,3,2,0.4073170731707317,0.18731707317073165,0.22000000000000003
Frangieh_Coculture_IFNG,Frangieh,3,4,0.4497560975609756,0.21512195121951216,0.23463414634146346
Frangieh_Coculture_IFNG,Frangieh,3,7,0.4878048780487805,0.2439024390243902,0.2439024390243903
Frangieh_Coculture_IFNG,Frangieh,4,1,0.31121951219512195,0.2746341463414634,0.036585365853658534
Frangieh_Coculture_IFNG,Frangieh,4,2,0.3458536585365853,0.33268292682926826,0.013170731707317054
Frangieh_Coculture_IFNG,Frangieh,4,4,0.36292682926829267,0.3678048780487805,-0.0048780487804878404
Frangieh_Coculture_IFNG,Frangieh,4,7,0.3658536585365853,0.37658536585365854,-0.01073170731707321
Frangieh_Coculture_IFNG,Frangieh,5,1,0.2995121951219512,0.2604878048780488,0.03902439024390243
Frangieh_Coculture_IFNG,Frangieh,5,2,0.32439024390243903,0.25365853658536586,0.07073170731707315
Frangieh_Coculture_IFNG,Frangieh,5,4,0.3360975609756098,0.25365853658536586,0.08243902439024389
Frangieh_Coculture_IFNG,Frangieh,5,7,0.3414634146341463,0.24585365853658536,0.09560975609756095
Frangieh_Coculture_IFNG,Frangieh,6,1,0.26878048780487807,0.22292682926829266,0.0458536585365854
Frangieh_Coculture_IFNG,Frangieh,6,2,0.28487804878048784,0.2346341463414634,0.050243902439024414
Frangieh_Coculture_IFNG,Frangieh,6,4,0.29756097560975614,0.25170731707317073,0.045853658536585386
Frangieh_Coculture_IFNG,Frangieh,6,7,0.3170731707317073,0.2926829268292683,0.024390243902439046
Frangieh_Coculture_IFNG,Frangieh,7,1,0.2526829268292683,0.2531707317073171,-0.00048780487804877984
Frangieh_Coculture_IFNG,Frangieh,7,2,0.26878048780487807,0.23902439024390243,0.02975609756097562
Frangieh_Coculture_IFNG,Frangieh,7,4,0.28,0.23024390243902437,0.049756097560975626
Frangieh_Coculture_IFNG,Frangieh,7,7,0.2926829268292683,0.2439024390243902,0.048780487804878064
Frangieh_Coculture_IFNG,Frangieh,8,1,0.3302439024390244,0.3092682926829268,0.020975609756097545
Frangieh_Coculture_IFNG,Frangieh,8,2,0.37512195121951214,0.33073170731707313,0.04439024390243902
Frangieh_Coculture_IFNG,Frangieh,8,4,0.40975609756097564,0.36292682926829267,0.046829268292682934
Frangieh_Coculture_IFNG,Frangieh,8,7,0.4634146341463415,0.4146341463414634,0.04878048780487809
Frangieh_Coculture_IFNG,Frangieh,9,1,0.3258536585365854,0.29560975609756096,0.03024390243902439
Frangieh_Coculture_IFNG,Frangieh,9,2,0.3565853658536585,0.2965853658536585,0.06
Frangieh_Coculture_IFNG,Frangieh,9,4,0.37853658536585366,0.29853658536585365,0.08000000000000002
Frangieh_Coculture_IFNG,Frangieh,9,7,0.3902439024390244,0.3048780487804878,0.0853658536585366
Frangieh_Coculture_IFNG,Frangieh,10,1,0.3624390243902439,0.2863414634146341,0.07609756097560974
Frangieh_Coculture_IFNG,Frangieh,10,2,0.38487804878048776,0.28487804878048784,0.09999999999999998
Frangieh_Coculture_IFNG,Frangieh,10,4,0.40341463414634143,0.29804878048780487,0.10536585365853657
Frangieh_Coculture_IFNG,Frangieh,10,7,0.4146341463414634,0.3170731707317073,0.09756097560975607
Frangieh_Coculture_IFNG,Frangieh,11,1,0.3170731707317073,0.2473170731707317,0.06975609756097562
Frangieh_Coculture_IFNG,Frangieh,11,2,0.3336585365853658,0.2634146341463415,0.07024390243902438
Frangieh_Coculture_IFNG,Frangieh,11,4,0.35121951219512193,0.28292682926829266,0.06829268292682925
Frangieh_Coculture_IFNG,Frangieh,11,7,0.3658536585365853,0.2926829268292683,0.07317073170731703
Frangieh_Coculture_IFNG,Frangieh,12,1,0.2951219512195122,0.21560975609756095,0.07951219512195123
Frangieh_Coculture_IFNG,Frangieh,12,2,0.33707317073170734,0.24097560975609755,0.09609756097560977
Frangieh_Coculture_IFNG,Frangieh,12,4,0.36536585365853663,0.2658536585365853,0.09951219512195124
Frangieh_Coculture_IFNG,Frangieh,12,7,0.3902439024390244,0.2926829268292683,0.09756097560975613
Frangieh_Coculture_IFNG,Frangieh,13,1,0.3146341463414634,0.2195121951219512,0.09512195121951221
Frangieh_Coculture_IFNG,Frangieh,13,2,0.328780487804878,0.22829268292682925,0.10048780487804879
Frangieh_Coculture_IFNG,Frangieh,13,4,0.3414634146341463,0.23414634146341462,0.10731707317073169
Frangieh_Coculture_IFNG,Frangieh,13,7,0.3414634146341463,0.23414634146341462,0.10731707317073169
Frangieh_Coculture_IFNG,Frangieh,14,1,0.31121951219512195,0.2531707317073171,0.0580487804878049
Frangieh_Coculture_IFNG,Frangieh,14,2,0.34292682926829265,0.25414634146341464,0.08878048780487806
Frangieh_Coculture_IFNG,Frangieh,14,4,0.37609756097560976,0.2648780487804878,0.11121951219512194
Frangieh_Coculture_IFNG,Frangieh,14,7,0.3902439024390244,0.2682926829268293,0.12195121951219512
Frangieh_Coculture_IFNG,Frangieh,15,1,0.3834146341463414,0.18439024390243902,0.19902439024390245
Frangieh_Coculture_IFNG,Frangieh,15,2,0.41804878048780486,0.18975609756097558,0.2282926829268293
Frangieh_Coculture_IFNG,Frangieh,15,4,0.4409756097560976,0.1995121951219512,0.2414634146341464
Frangieh_Coculture_IFNG,Frangieh,15,7,0.4634146341463415,0.2195121951219512,0.2439024390243903
Frangieh_Coculture_IFNG,Frangieh,16,1,0.3097560975609756,0.3160975609756097,-0.006341463414634135
Frangieh_Coculture_IFNG,Frangieh,16,2,0.32536585365853654,0.29024390243902437,0.035121951219512205
Frangieh_Coculture_IFNG,Frangieh,16,4,0.3463414634146341,0.2634146341463415,0.08292682926829267
Frangieh_Coculture_IFNG,Frangieh,16,7,0.3658536585365853,0.2439024390243902,0.12195121951219509
Frangieh_Coculture_IFNG,Frangieh,17,1,0.36731707317073164,0.29804878048780487,0.06926829268292682
Frangieh_Coculture_IFNG,Frangieh,17,2,0.3985365853658536,0.32487804878048776,0.07365853658536586
Frangieh_Coculture_IFNG,Frangieh,17,4,0.43707317073170737,0.35999999999999993,0.07707317073170737
Frangieh_Coculture_IFNG,Frangieh,17,7,0.4634146341463415,0.3658536585365853,0.09756097560975618
Frangieh_Coculture_IFNG,Frangieh,18,1,0.31609756097560976,0.22829268292682925,0.0878048780487805
Frangieh_Coculture_IFNG,Frangieh,18,2,0.3458536585365854,0.24341463414634146,0.10243902439024388
Frangieh_Coculture_IFNG,Frangieh,18,4,0.3702439024390244,0.2575609756097561,0.11268292682926827
Frangieh_Coculture_IFNG,Frangieh,18,7,0.3902439024390244,0.2682926829268293,0.12195121951219512
Frangieh_Coculture_IFNG,Frangieh,19,1,0.28146341463414637,0.2731707317073171,0.00829268292682929
Frangieh_Coculture_IFNG,Frangieh,19,2,0.29170731707317077,0.2746341463414634,0.017073170731707336
Frangieh_Coculture_IFNG,Frangieh,19,4,0.3048780487804878,0.284390243902439,0.0204878048780488
Frangieh_Coculture_IFNG,Frangieh,19,7,0.3170731707317073,0.2926829268292683,0.024390243902439046
Frangieh_Coculture_IFNG,Frangieh,20,1,0.3278048780487805,0.23512195121951215,0.0926829268292683
Frangieh_Coculture_IFNG,Frangieh,20,2,0.3634146341463414,0.2712195121951219,0.09219512195121948
Frangieh_Coculture_IFNG,Frangieh,20,4,0.3780487804878049,0.3024390243902439,0.07560975609756097
Frangieh_Coculture_IFNG,Frangieh,20,7,0.3902439024390244,0.3414634146341463,0.04878048780487809
Frangieh_Coculture_IFNG,Frangieh,21,1,0.35853658536585364,0.255609756097561,0.10292682926829269
Frangieh_Coculture_IFNG,Frangieh,21,2,0.39414634146341465,0.2541463414634146,0.13999999999999999
Frangieh_Coculture_IFNG,Frangieh,21,4,0.4165853658536585,0.2746341463414634,0.14195121951219508
Frangieh_Coculture_IFNG,Frangieh,21,7,0.4390243902439024,0.2926829268292683,0.1463414634146341
Frangieh_Coculture_IFNG,Frangieh,22,1,0.32439024390243903,0.27073170731707313,0.053658536585365846
Frangieh_Coculture_IFNG,Frangieh,22,2,0.3541463414634146,0.26634146341463416,0.08780487804878048
Frangieh_Coculture_IFNG,Frangieh,22,4,0.36926829268292677,0.2809756097560976,0.08829268292682926
Frangieh_Coculture_IFNG,Frangieh,22,7,0.4146341463414634,0.3170731707317073,0.09756097560975607
Frangieh_Coculture_IFNG,Frangieh,23,1,0.2702439024390244,0.2970731707317073,-0.026829268292682906
Frangieh_Coculture_IFNG,Frangieh,23,2,0.2975609756097561,0.3053658536585365,-0.0078048780487804635
Frangieh_Coculture_IFNG,Frangieh,23,4,0.3214634146341463,0.36097560975609755,-0.0395121951219512
Frangieh_Coculture_IFNG,Frangieh,23,7,0.3414634146341463,0.4390243902439024,-0.09756097560975607
Frangieh_Coculture_IFNG,Frangieh,24,1,0.3736585365853658,0.23365853658536584,0.13999999999999999
Frangieh_Coculture_IFNG,Frangieh,24,2,0.38536585365853654,0.23024390243902437,0.1551219512195122
Frangieh_Coculture_IFNG,Frangieh,24,4,0.40390243902439027,0.23853658536585365,0.16536585365853662
Frangieh_Coculture_IFNG,Frangieh,24,7,0.4146341463414634,0.2439024390243902,0.17073170731707318
Frangieh_Coculture_IFNG,Frangieh,25,1,0.2829268292682927,0.2648780487804878,0.018048780487804884
Frangieh_Coculture_IFNG,Frangieh,25,2,0.32439024390243903,0.2780487804878049,0.04634146341463415
Frangieh_Coculture_IFNG,Frangieh,25,4,0.37414634146341463,0.28,0.09414634146341465
Frangieh_Coculture_IFNG,Frangieh,25,7,0.3902439024390244,0.2682926829268293,0.12195121951219512
Frangieh_Coculture_IFNG,Frangieh,26,1,0.25902439024390245,0.25414634146341464,0.004878048780487796
Frangieh_Coculture_IFNG,Frangieh,26,2,0.2873170731707317,0.26,0.027317073170731686
Frangieh_Coculture_IFNG,Frangieh,26,4,0.32292682926829264,0.2624390243902439,0.060487804878048744
Frangieh_Coculture_IFNG,Frangieh,26,7,0.3414634146341463,0.2682926829268293,0.07317073170731703
Frangieh_Coculture_IFNG,Frangieh,27,1,0.36975609756097555,0.25609756097560976,0.11365853658536583
Frangieh_Coculture_IFNG,Frangieh,27,2,0.3921951219512195,0.2726829268292683,0.11951219512195119
Frangieh_Coculture_IFNG,Frangieh,27,4,0.41853658536585364,0.26926829268292685,0.1492682926829268
Frangieh_Coculture_IFNG,Frangieh,27,7,0.4390243902439024,0.2682926829268293,0.1707317073170731
Frangieh_Coculture_IFNG,Frangieh,28,1,0.29853658536585365,0.20048780487804876,0.0980487804878049
Frangieh_Coculture_IFNG,Frangieh,28,2,0.32292682926829264,0.18878048780487802,0.13414634146341467
Frangieh_Coculture_IFNG,Frangieh,28,4,0.33219512195121953,0.19707317073170727,0.1351219512195122
Frangieh_Coculture_IFNG,Frangieh,28,7,0.3414634146341463,0.2195121951219512,0.12195121951219512
Frangieh_Coculture_IFNG,Frangieh,29,1,0.28585365853658534,0.208780487804878,0.07707317073170734
Frangieh_Coculture_IFNG,Frangieh,29,2,0.3068292682926829,0.20243902439024386,0.10439024390243906
Frangieh_Coculture_IFNG,Frangieh,29,4,0.3302439024390244,0.1863414634146341,0.1439024390243903
Frangieh_Coculture_IFNG,Frangieh,29,7,0.3414634146341463,0.1707317073170731,0.1707317073170732
Frangieh_Coculture_IL2STAT5,Frangieh,0,1,0.30585365853658536,0.2068292682926829,0.09902439024390244
Frangieh_Coculture_IL2STAT5,Frangieh,0,2,0.33756097560975606,0.19268292682926824,0.14487804878048782
Frangieh_Coculture_IL2STAT5,Frangieh,0,4,0.3585365853658536,0.1756097560975609,0.18292682926829268
Frangieh_Coculture_IL2STAT5,Frangieh,0,7,0.3658536585365853,0.1707317073170731,0.1951219512195122
Frangieh_Coculture_IL2STAT5,Frangieh,1,1,0.3521951219512195,0.17999999999999997,0.17219512195121955
Frangieh_Coculture_IL2STAT5,Frangieh,1,2,0.4,0.17707317073170728,0.22292682926829271
Frangieh_Coculture_IL2STAT5,Frangieh,1,4,0.4482926829268293,0.17414634146341457,0.2741463414634147
Frangieh_Coculture_IL2STAT5,Frangieh,1,7,0.4634146341463415,0.1707317073170731,0.2926829268292684
Frangieh_Coculture_IL2STAT5,Frangieh,2,1,0.2736585365853658,0.15073170731707314,0.12292682926829271
Frangieh_Coculture_IL2STAT5,Frangieh,2,2,0.31170731707317073,0.15317073170731704,0.1585365853658537
Frangieh_Coculture_IL2STAT5,Frangieh,2,4,0.3292682926829268,0.18097560975609753,0.1482926829268293
Frangieh_Coculture_IL2STAT5,Frangieh,2,7,0.3414634146341463,0.2195121951219512,0.12195121951219512
Frangieh_Coculture_IL2STAT5,Frangieh,3,1,0.27756097560975607,0.20341463414634142,0.07414634146341466
Frangieh_Coculture_IL2STAT5,Frangieh,3,2,0.3068292682926829,0.20585365853658533,0.1009756097560976
Frangieh_Coculture_IL2STAT5,Frangieh,3,4,0.3312195121951219,0.2039024390243902,0.12731707317073174
Frangieh_Coculture_IL2STAT5,Frangieh,3,7,0.3414634146341463,0.2195121951219512,0.12195121951219512
Frangieh_Coculture_IL2STAT5,Frangieh,4,1,0.3312195121951219,0.21512195121951216,0.11609756097560978
Frangieh_Coculture_IL2STAT5,Frangieh,4,2,0.36097560975609755,0.2419512195121951,0.11902439024390242
Frangieh_Coculture_IL2STAT5,Frangieh,4,4,0.3809756097560975,0.25902439024390245,0.1219512195121951
Frangieh_Coculture_IL2STAT5,Frangieh,4,7,0.3902439024390244,0.2682926829268293,0.12195121951219512
Frangieh_Coculture_IL2STAT5,Frangieh,5,1,0.2951219512195122,0.22878048780487806,0.06634146341463414
Frangieh_Coculture_IL2STAT5,Frangieh,5,2,0.33219512195121953,0.21853658536585363,0.11365853658536583
Frangieh_Coculture_IL2STAT5,Frangieh,5,4,0.35317073170731705,0.24634146341463414,0.10682926829268288
Frangieh_Coculture_IL2STAT5,Frangieh,5,7,0.3658536585365853,0.2926829268292683,0.07317073170731703
Frangieh_Coculture_IL2STAT5,Frangieh,6,1,0.3204878048780488,0.22341463414634144,0.09707317073170729
Frangieh_Coculture_IL2STAT5,Frangieh,6,2,0.3414634146341463,0.22097560975609756,0.12048780487804875
Frangieh_Coculture_IL2STAT5,Frangieh,6,4,0.3560975609756097,0.2682926829268293,0.08780487804878043
Frangieh_Coculture_IL2STAT5,Frangieh,6,7,0.3658536585365853,0.3170731707317073,0.04878048780487799
Frangieh_Coculture_IL2STAT5,Frangieh,7,1,0.2673170731707317,0.20292682926829264,0.06439024390243905
Frangieh_Coculture_IL2STAT5,Frangieh,7,2,0.30341463414634146,0.1960975609756097,0.10731707317073175
Frangieh_Coculture_IL2STAT5,Frangieh,7,4,0.33268292682926826,0.17756097560975603,0.15512195121951225
Frangieh_Coculture_IL2STAT5,Frangieh,7,7,0.3414634146341463,0.1707317073170731,0.1707317073170732
Frangieh_Coculture_IL2STAT5,Frangieh,8,1,0.26634146341463416,0.22878048780487803,0.037560975609756096
Frangieh_Coculture_IL2STAT5,Frangieh,8,2,0.29463414634146345,0.22634146341463413,0.06829268292682927
Frangieh_Coculture_IL2STAT5,Frangieh,8,4,0.3146341463414634,0.2004878048780488,0.11414634146341462
Frangieh_Coculture_IL2STAT5,Frangieh,8,7,0.3170731707317073,0.1951219512195122,0.12195121951219512
Frangieh_Coculture_IL2STAT5,Frangieh,9,1,0.26195121951219513,0.18536585365853658,0.07658536585365856
Frangieh_Coculture_IL2STAT5,Frangieh,9,2,0.27902439024390246,0.1697560975609756,0.10926829268292686
Frangieh_Coculture_IL2STAT5,Frangieh,9,4,0.2892682926829268,0.15365853658536582,0.13560975609756099
Frangieh_Coculture_IL2STAT5,Frangieh,9,7,0.2926829268292683,0.1463414634146341,0.14634146341463417
Frangieh_Coculture_IL2STAT5,Frangieh,10,1,0.2702439024390244,0.18536585365853653,0.08487804878048782
Frangieh_Coculture_IL2STAT5,Frangieh,10,2,0.3068292682926829,0.19317073170731702,0.1136585365853659
Frangieh_Coculture_IL2STAT5,Frangieh,10,4,0.31609756097560976,0.19073170731707312,0.12536585365853664
Frangieh_Coculture_IL2STAT5,Frangieh,10,7,0.3170731707317073,0.1912195121951219,0.12585365853658542
Frangieh_Coculture_IL2STAT5,Frangieh,11,1,0.415609756097561,0.1741463414634146,0.24146341463414633
Frangieh_Coculture_IL2STAT5,Frangieh,11,2,0.44390243902439025,0.14048780487804874,0.30341463414634146
Frangieh_Coculture_IL2STAT5,Frangieh,11,4,0.4512195121951219,0.13365853658536583,0.3175609756097561
Frangieh_Coculture_IL2STAT5,Frangieh,11,7,0.4634146341463415,0.1219512195121951,0.34146341463414637
Frangieh_Coculture_IL2STAT5,Frangieh,12,1,0.2995121951219512,0.21853658536585363,0.08097560975609756
Frangieh_Coculture_IL2STAT5,Frangieh,12,2,0.32487804878048776,0.2151219512195122,0.1097560975609756
Frangieh_Coculture_IL2STAT5,Frangieh,12,4,0.3502439024390243,0.2029268292682927,0.14731707317073167
Frangieh_Coculture_IL2STAT5,Frangieh,12,7,0.3658536585365853,0.1951219512195122,0.1707317073170731
Frangieh_Coculture_IL2STAT5,Frangieh,13,1,0.27560975609756094,0.21512195121951216,0.0604878048780488
Frangieh_Coculture_IL2STAT5,Frangieh,13,2,0.31658536585365854,0.21853658536585363,0.09804878048780488
Frangieh_Coculture_IL2STAT5,Frangieh,13,4,0.3365853658536585,0.20487804878048776,0.13170731707317074
Frangieh_Coculture_IL2STAT5,Frangieh,13,7,0.3414634146341463,0.20536585365853657,0.13609756097560974
Frangieh_Coculture_IL2STAT5,Frangieh,14,1,0.33317073170731704,0.23414634146341462,0.09902439024390246
Frangieh_Coculture_IL2STAT5,Frangieh,14,2,0.36926829268292677,0.23999999999999996,0.12926829268292683
Frangieh_Coculture_IL2STAT5,Frangieh,14,4,0.40292682926829265,0.27024390243902435,0.13268292682926833
Frangieh_Coculture_IL2STAT5,Frangieh,14,7,0.4146341463414634,0.2439024390243902,0.17073170731707318
Frangieh_Coculture_IL2STAT5,Frangieh,15,1,0.30097560975609755,0.15999999999999998,0.14097560975609758
Frangieh_Coculture_IL2STAT5,Frangieh,15,2,0.33414634146341465,0.14878048780487801,0.1853658536585366
Frangieh_Coculture_IL2STAT5,Frangieh,15,4,0.3921951219512195,0.1297560975609756,0.2624390243902439
Frangieh_Coculture_IL2STAT5,Frangieh,15,7,0.4146341463414634,0.1219512195121951,0.2926829268292683
Frangieh_Coculture_IL2STAT5,Frangieh,16,1,0.26975609756097557,0.20487804878048776,0.06487804878048781
Frangieh_Coculture_IL2STAT5,Frangieh,16,2,0.3053658536585366,0.2165853658536585,0.08878048780487804
Frangieh_Coculture_IL2STAT5,Frangieh,16,4,0.33268292682926826,0.20975609756097563,0.12292682926829265
Frangieh_Coculture_IL2STAT5,Frangieh,16,7,0.3414634146341463,0.1951219512195122,0.1463414634146341
Frangieh_Coculture_IL2STAT5,Frangieh,17,1,0.33170731707317075,0.20780487804878045,0.12390243902439027
Frangieh_Coculture_IL2STAT5,Frangieh,17,2,0.35951219512195126,0.1946341463414634,0.1648780487804878
Frangieh_Coculture_IL2STAT5,Frangieh,17,4,0.38,0.18682926829268293,0.19317073170731708
Frangieh_Coculture_IL2STAT5,Frangieh,17,7,0.3902439024390244,0.1951219512195122,0.1951219512195122
Frangieh_Coculture_IL2STAT5,Frangieh,18,1,0.29121951219512193,0.19756097560975608,0.09365853658536588
Frangieh_Coculture_IL2STAT5,Frangieh,18,2,0.30390243902439024,0.20829268292682926,0.09560975609756099
Frangieh_Coculture_IL2STAT5,Frangieh,18,4,0.31414634146341464,0.21268292682926826,0.10146341463414635
Frangieh_Coculture_IL2STAT5,Frangieh,18,7,0.3170731707317073,0.21463414634146338,0.10243902439024392
Frangieh_Coculture_IL2STAT5,Frangieh,19,1,0.2951219512195122,0.18146341463414634,0.11365853658536587
Frangieh_Coculture_IL2STAT5,Frangieh,19,2,0.3346341463414634,0.1882926829268292,0.14634146341463417
Frangieh_Coculture_IL2STAT5,Frangieh,19,4,0.36097560975609755,0.1619512195121951,0.1990243902439024
Frangieh_Coculture_IL2STAT5,Frangieh,19,7,0.3658536585365853,0.1463414634146341,0.2195121951219512
Frangieh_Coculture_IL2STAT5,Frangieh,20,1,0.2814634146341463,0.1839024390243902,0.09756097560975611
Frangieh_Coculture_IL2STAT5,Frangieh,20,2,0.3024390243902439,0.1795121951219512,0.12292682926829268
Frangieh_Coculture_IL2STAT5,Frangieh,20,4,0.31512195121951214,0.18878048780487802,0.12634146341463415
Frangieh_Coculture_IL2STAT5,Frangieh,20,7,0.3414634146341463,0.2195121951219512,0.12195121951219512
Frangieh_Coculture_IL2STAT5,Frangieh,21,1,0.2897560975609756,0.16487804878048778,0.12487804878048783
Frangieh_Coculture_IL2STAT5,Frangieh,21,2,0.3097560975609756,0.15512195121951217,0.15463414634146344
Frangieh_Coculture_IL2STAT5,Frangieh,21,4,0.3209756097560975,0.14243902439024386,0.17853658536585365
Frangieh_Coculture_IL2STAT5,Frangieh,21,7,0.3414634146341463,0.1219512195121951,0.2195121951219512
Frangieh_Coculture_IL2STAT5,Frangieh,22,1,0.404390243902439,0.24341463414634146,0.16097560975609757
Frangieh_Coculture_IL2STAT5,Frangieh,22,2,0.4507317073170731,0.24536585365853658,0.2053658536585366
Frangieh_Coculture_IL2STAT5,Frangieh,22,4,0.48048780487804876,0.2434146341463414,0.23707317073170736
Frangieh_Coculture_IL2STAT5,Frangieh,22,7,0.4878048780487805,0.2439024390243902,0.2439024390243903
Frangieh_Coculture_IL2STAT5,Frangieh,23,1,0.27707317073170734,0.1258536585365853,0.15121951219512197
Frangieh_Coculture_IL2STAT5,Frangieh,23,2,0.3151219512195122,0.1390243902439024,0.1760975609756098
Frangieh_Coculture_IL2STAT5,Frangieh,23,4,0.3536585365853659,0.14439024390243899,0.2092682926829269
Frangieh_Coculture_IL2STAT5,Frangieh,23,7,0.3902439024390244,0.1463414634146341,0.2439024390243903
Frangieh_Coculture_IL2STAT5,Frangieh,24,1,0.2995121951219512,0.19560975609756096,0.10390243902439025
Frangieh_Coculture_IL2STAT5,Frangieh,24,2,0.3209756097560975,0.2024390243902439,0.11853658536585364
Frangieh_Coculture_IL2STAT5,Frangieh,24,4,0.33414634146341465,0.19658536585365854,0.13756097560975608
Frangieh_Coculture_IL2STAT5,Frangieh,24,7,0.3414634146341463,0.1951219512195122,0.1463414634146341
Frangieh_Coculture_IL2STAT5,Frangieh,25,1,0.33073170731707313,0.20048780487804876,0.1302439024390244
Frangieh_Coculture_IL2STAT5,Frangieh,25,2,0.348780487804878,0.22097560975609754,0.1278048780487805
Frangieh_Coculture_IL2STAT5,Frangieh,25,4,0.3678048780487805,0.20585365853658533,0.16195121951219515
Frangieh_Coculture_IL2STAT5,Frangieh,25,7,0.3902439024390244,0.1707317073170731,0.2195121951219513
Frangieh_Coculture_IL2STAT5,Frangieh,26,1,0.26487804878048776,0.19658536585365852,0.06829268292682927
Frangieh_Coculture_IL2STAT5,Frangieh,26,2,0.30439024390243896,0.21609756097560975,0.08829268292682926
Frangieh_Coculture_IL2STAT5,Frangieh,26,4,0.34341463414634144,0.25073170731707317,0.09268292682926826
Frangieh_Coculture_IL2STAT5,Frangieh,26,7,0.3658536585365853,0.2926829268292683,0.07317073170731703
Frangieh_Coculture_IL2STAT5,Frangieh,27,1,0.37512195121951214,0.17804878048780484,0.19707317073170735
Frangieh_Coculture_IL2STAT5,Frangieh,27,2,0.40390243902439027,0.1912195121951219,0.21268292682926832
Frangieh_Coculture_IL2STAT5,Frangieh,27,4,0.4121951219512195,0.1960975609756097,0.21609756097560978
Frangieh_Coculture_IL2STAT5,Frangieh,27,7,0.4146341463414634,0.1990243902439024,0.215609756097561
Frangieh_Coculture_IL2STAT5,Frangieh,28,1,0.2858536585365854,0.19414634146341458,0.09170731707317076
Frangieh_Coculture_IL2STAT5,Frangieh,28,2,0.31658536585365854,0.1965853658536585,0.12000000000000004
Frangieh_Coculture_IL2STAT5,Frangieh,28,4,0.3370731707317073,0.188780487804878,0.1482926829268293
Frangieh_Coculture_IL2STAT5,Frangieh,28,7,0.3414634146341463,0.1863414634146341,0.15512195121951222
Frangieh_Coculture_IL2STAT5,Frangieh,29,1,0.3390243902439024,0.12243902439024389,0.21658536585365856
Frangieh_Coculture_IL2STAT5,Frangieh,29,2,0.3858536585365854,0.13512195121951218,0.25073170731707317
Frangieh_Coculture_IL2STAT5,Frangieh,29,4,0.40975609756097564,0.13658536585365852,0.2731707317073171
Frangieh_Coculture_IL2STAT5,Frangieh,29,7,0.4146341463414634,0.13414634146341461,0.28048780487804875
Frangieh_Coculture_TNFA,Frangieh,0,1,0.17365853658536584,0.1960975609756097,-0.022439024390243895
Frangieh_Coculture_TNFA,Frangieh,0,2,0.20536585365853657,0.2170731707317073,-0.011707317073170721
Frangieh_Coculture_TNFA,Frangieh,0,4,0.23512195121951215,0.22829268292682922,0.006829268292682925
Frangieh_Coculture_TNFA,Frangieh,0,7,0.2439024390243902,0.2195121951219512,0.02439024390243902
Frangieh_Coculture_TNFA,Frangieh,1,1,0.14097560975609752,0.23317073170731703,-0.09219512195121952
Frangieh_Coculture_TNFA,Frangieh,1,2,0.1560975609756097,0.21609756097560973,-0.06000000000000001
Frangieh_Coculture_TNFA,Frangieh,1,4,0.16780487804878041,0.18390243902439019,-0.01609756097560976
Frangieh_Coculture_TNFA,Frangieh,1,7,0.1707317073170731,0.1707317073170731,0.0
Frangieh_Coculture_TNFA,Frangieh,2,1,0.2068292682926829,0.15609756097560973,0.05073170731707319
Frangieh_Coculture_TNFA,Frangieh,2,2,0.22585365853658534,0.1756097560975609,0.05024390243902443
Frangieh_Coculture_TNFA,Frangieh,2,4,0.2390243902439024,0.17268292682926822,0.06634146341463419
Frangieh_Coculture_TNFA,Frangieh,2,7,0.2439024390243902,0.1707317073170731,0.07317073170731711
Frangieh_Coculture_TNFA,Frangieh,3,1,0.15756097560975607,0.20048780487804876,-0.04292682926829268
Frangieh_Coculture_TNFA,Frangieh,3,2,0.18146341463414634,0.19414634146341458,-0.012682926829268297
Frangieh_Coculture_TNFA,Frangieh,3,4,0.20926829268292682,0.19365853658536586,0.015609756097560955
Frangieh_Coculture_TNFA,Frangieh,3,7,0.2195121951219512,0.1951219512195122,0.024390243902438994
Frangieh_Coculture_TNFA,Frangieh,4,1,0.1414634146341463,0.20487804878048782,-0.06341463414634149
Frangieh_Coculture_TNFA,Frangieh,4,2,0.16634146341463407,0.20926829268292682,-0.04292682926829273
Frangieh_Coculture_TNFA,Frangieh,4,4,0.1707317073170731,0.20926829268292682,-0.03853658536585371
Frangieh_Coculture_TNFA,Frangieh,4,7,0.1707317073170731,0.20926829268292682,-0.03853658536585371
Frangieh_Coculture_TNFA,Frangieh,5,1,0.14878048780487801,0.2248780487804878,-0.07609756097560977
Frangieh_Coculture_TNFA,Frangieh,5,2,0.1790243902439024,0.224390243902439,-0.04536585365853662
Frangieh_Coculture_TNFA,Frangieh,5,4,0.2039024390243902,0.22,-0.016097560975609774
Frangieh_Coculture_TNFA,Frangieh,5,7,0.2195121951219512,0.1951219512195122,0.024390243902438994
Frangieh_Coculture_TNFA,Frangieh,6,1,0.12536585365853656,0.2390243902439024,-0.11365853658536587
Frangieh_Coculture_TNFA,Frangieh,6,2,0.1468292682926829,0.25951219512195123,-0.11268292682926832
Frangieh_Coculture_TNFA,Frangieh,6,4,0.16439024390243898,0.288780487804878,-0.12439024390243908
Frangieh_Coculture_TNFA,Frangieh,6,7,0.1707317073170731,0.3029268292682927,-0.13219512195121957
Frangieh_Coculture_TNFA,Frangieh,7,1,0.12097560975609753,0.18536585365853658,-0.06439024390243904
Frangieh_Coculture_TNFA,Frangieh,7,2,0.14536585365853655,0.1824390243902439,-0.03707317073170736
Frangieh_Coculture_TNFA,Frangieh,7,4,0.16097560975609748,0.1824390243902439,-0.021463414634146395
Frangieh_Coculture_TNFA,Frangieh,7,7,0.1707317073170731,0.1951219512195122,-0.024390243902439098
Frangieh_Coculture_TNFA,Frangieh,8,1,0.1297560975609756,0.1619512195121951,-0.0321951219512195
Frangieh_Coculture_TNFA,Frangieh,8,2,0.1492682926829268,0.16731707317073166,-0.018048780487804884
Frangieh_Coculture_TNFA,Frangieh,8,4,0.16390243902439017,0.17024390243902435,-0.006341463414634181
Frangieh_Coculture_TNFA,Frangieh,8,7,0.1707317073170731,0.16878048780487803,0.0019512195121950682
Frangieh_Coculture_TNFA,Frangieh,9,1,0.1170731707317073,0.23170731707317074,-0.11463414634146345
Frangieh_Coculture_TNFA,Frangieh,9,2,0.1317073170731707,0.23170731707317074,-0.10000000000000002
Frangieh_Coculture_TNFA,Frangieh,9,4,0.14536585365853655,0.2375609756097561,-0.09219512195121954
Frangieh_Coculture_TNFA,Frangieh,9,7,0.1463414634146341,0.23804878048780487,-0.09170731707317076
Frangieh_Coculture_TNFA,Frangieh,10,1,0.14536585365853655,0.1902439024390244,-0.04487804878048781
Frangieh_Coculture_TNFA,Frangieh,10,2,0.16975609756097554,0.18975609756097558,-0.020000000000000018
Frangieh_Coculture_TNFA,Frangieh,10,4,0.19219512195121946,0.18926829268292683,0.0029268292682926556
Frangieh_Coculture_TNFA,Frangieh,10,7,0.2195121951219512,0.1951219512195122,0.024390243902438994
Frangieh_Coculture_TNFA,Frangieh,11,1,0.17658536585365847,0.17024390243902437,0.006341463414634119
Frangieh_Coculture_TNFA,Frangieh,11,2,0.1824390243902439,0.14975609756097558,0.032682926829268294
Frangieh_Coculture_TNFA,Frangieh,11,4,0.1902439024390244,0.14097560975609752,0.04926829268292687
Frangieh_Coculture_TNFA,Frangieh,11,7,0.1951219512195122,0.1258536585365853,0.06926829268292689
Frangieh_Coculture_TNFA,Frangieh,12,1,0.15024390243902436,0.2273170731707317,-0.07707317073170733
Frangieh_Coculture_TNFA,Frangieh,12,2,0.16585365853658535,0.23902439024390243,-0.0731707317073171
Frangieh_Coculture_TNFA,Frangieh,12,4,0.18146341463414634,0.26634146341463416,-0.08487804878048782
Frangieh_Coculture_TNFA,Frangieh,12,7,0.1951219512195122,0.3170731707317073,-0.12195121951219512
Frangieh_Coculture_TNFA,Frangieh,13,1,0.16243902439024388,0.19268292682926827,-0.030243902439024396
Frangieh_Coculture_TNFA,Frangieh,13,2,0.17658536585365853,0.1995121951219512,-0.02292682926829269
Frangieh_Coculture_TNFA,Frangieh,13,4,0.1926829268292683,0.21317073170731707,-0.020487804878048767
Frangieh_Coculture_TNFA,Frangieh,13,7,0.1951219512195122,0.21756097560975607,-0.02243902439024388
Frangieh_Coculture_TNFA,Frangieh,14,1,0.14878048780487801,0.25365853658536586,-0.10487804878048784
Frangieh_Coculture_TNFA,Frangieh,14,2,0.15707317073170726,0.2575609756097561,-0.10048780487804881
Frangieh_Coculture_TNFA,Frangieh,14,4,0.17024390243902432,0.25853658536585367,-0.08829268292682933
Frangieh_Coculture_TNFA,Frangieh,14,7,0.1707317073170731,0.2580487804878049,-0.08731707317073177
Frangieh_Coculture_TNFA,Frangieh,15,1,0.15317073170731704,0.17609756097560972,-0.022926829268292676
Frangieh_Coculture_TNFA,Frangieh,15,2,0.16487804878048778,0.1741463414634146,-0.009268292682926825
Frangieh_Coculture_TNFA,Frangieh,15,4,0.18634146341463415,0.17804878048780484,0.008292682926829295
Frangieh_Coculture_TNFA,Frangieh,15,7,0.1951219512195122,0.1707317073170731,0.024390243902439098
Frangieh_Coculture_TNFA,Frangieh,16,1,0.12585365853658534,0.12292682926829267,0.0029268292682926677
Frangieh_Coculture_TNFA,Frangieh,16,2,0.15024390243902436,0.12341463414634145,0.0268292682926829
Frangieh_Coculture_TNFA,Frangieh,16,4,0.16682926829268285,0.12487804878048779,0.04195121951219507
Frangieh_Coculture_TNFA,Frangieh,16,7,0.1707317073170731,0.12487804878048779,0.045853658536585316
Frangieh_Coculture_TNFA,Frangieh,17,1,0.15073170731707317,0.19560975609756096,-0.0448780487804878
Frangieh_Coculture_TNFA,Frangieh,17,2,0.1746341463414634,0.20487804878048776,-0.030243902439024386
Frangieh_Coculture_TNFA,Frangieh,17,4,0.19121951219512195,0.21268292682926826,-0.02146341463414632
Frangieh_Coculture_TNFA,Frangieh,17,7,0.1951219512195122,0.21317073170731707,-0.018048780487804852
Frangieh_Coculture_TNFA,Frangieh,18,1,0.12634146341463415,0.19512195121951215,-0.06878048780487804
Frangieh_Coculture_TNFA,Frangieh,18,2,0.13756097560975605,0.1995121951219512,-0.06195121951219512
Frangieh_Coculture_TNFA,Frangieh,18,4,0.15512195121951214,0.22341463414634144,-0.06829268292682929
Frangieh_Coculture_TNFA,Frangieh,18,7,0.1707317073170731,0.2439024390243902,-0.07317073170731711
Frangieh_Coculture_TNFA,Frangieh,19,1,0.11024390243902436,0.20341463414634145,-0.09317073170731707
Frangieh_Coculture_TNFA,Frangieh,19,2,0.1346341463414634,0.20634146341463414,-0.07170731707317074
Frangieh_Coculture_TNFA,Frangieh,19,4,0.15463414634146336,0.21804878048780485,-0.06341463414634148
Frangieh_Coculture_TNFA,Frangieh,19,7,0.1707317073170731,0.2195121951219512,-0.04878048780487809
Frangieh_Coculture_TNFA,Frangieh,20,1,0.12585365853658537,0.2068292682926829,-0.08097560975609755
Frangieh_Coculture_TNFA,Frangieh,20,2,0.14682926829268292,0.21756097560975607,-0.07073170731707316
Frangieh_Coculture_TNFA,Frangieh,20,4,0.16878048780487803,0.2424390243902439,-0.07365853658536586
Frangieh_Coculture_TNFA,Frangieh,20,7,0.1951219512195122,0.2682926829268293,-0.07317073170731708
Frangieh_Coculture_TNFA,Frangieh,21,1,0.19756097560975608,0.17658536585365853,0.020975609756097576
Frangieh_Coculture_TNFA,Frangieh,21,2,0.21024390243902438,0.17853658536585365,0.03170731707317074
Frangieh_Coculture_TNFA,Frangieh,21,4,0.2190243902439024,0.18536585365853658,0.033658536585365856
Frangieh_Coculture_TNFA,Frangieh,21,7,0.2195121951219512,0.18536585365853658,0.03414634146341463
Frangieh_Coculture_TNFA,Frangieh,22,1,0.18926829268292683,0.24926829268292683,-0.06000000000000002
Frangieh_Coculture_TNFA,Frangieh,22,2,0.20780487804878045,0.2497560975609756,-0.04195121951219514
Frangieh_Coculture_TNFA,Frangieh,22,4,0.23121951219512193,0.26195121951219513,-0.030731707317073195
Frangieh_Coculture_TNFA,Frangieh,22,7,0.2439024390243902,0.25609756097560976,-0.012195121951219549
Frangieh_Coculture_TNFA,Frangieh,23,1,0.1839024390243902,0.25121951219512195,-0.06731707317073174
Frangieh_Coculture_TNFA,Frangieh,23,2,0.20487804878048776,0.24292682926829268,-0.038048780487804905
Frangieh_Coculture_TNFA,Frangieh,23,4,0.23658536585365855,0.26195121951219513,-0.025365853658536594
Frangieh_Coculture_TNFA,Frangieh,23,7,0.2682926829268293,0.2682926829268293,0.0
Frangieh_Coculture_TNFA,Frangieh,24,1,0.1365853658536585,0.15073170731707314,-0.014146341463414657
Frangieh_Coculture_TNFA,Frangieh,24,2,0.15073170731707314,0.1395121951219512,0.01121951219512193
Frangieh_Coculture_TNFA,Frangieh,24,4,0.15999999999999995,0.13317073170731705,0.02682926829268289
Frangieh_Coculture_TNFA,Frangieh,24,7,0.1707317073170731,0.1219512195121951,0.048780487804877995
Frangieh_Coculture_TNFA,Frangieh,25,1,0.12731707317073165,0.20487804878048782,-0.07756097560975615
Frangieh_Coculture_TNFA,Frangieh,25,2,0.16585365853658535,0.2375609756097561,-0.07170731707317075
Frangieh_Coculture_TNFA,Frangieh,25,4,0.18341463414634146,0.2424390243902439,-0.05902439024390245
Frangieh_Coculture_TNFA,Frangieh,25,7,0.1951219512195122,0.2439024390243902,-0.04878048780487801
Frangieh_Coculture_TNFA,Frangieh,26,1,0.1419512195121951,0.21560975609756095,-0.07365853658536585
Frangieh_Coculture_TNFA,Frangieh,26,2,0.1619512195121951,0.23170731707317072,-0.0697560975609756
Frangieh_Coculture_TNFA,Frangieh,26,4,0.18634146341463415,0.2375609756097561,-0.051219512195121934
Frangieh_Coculture_TNFA,Frangieh,26,7,0.1951219512195122,0.2439024390243902,-0.04878048780487801
Frangieh_Coculture_TNFA,Frangieh,27,1,0.1839024390243902,0.17999999999999997,0.003902439024390241
Frangieh_Coculture_TNFA,Frangieh,27,2,0.21317073170731707,0.1775609756097561,0.035609756097560986
Frangieh_Coculture_TNFA,Frangieh,27,4,0.24195121951219511,0.18,0.061951219512195135
Frangieh_Coculture_TNFA,Frangieh,27,7,0.2682926829268293,0.1951219512195122,0.07317073170731708
Frangieh_Coculture_TNFA,Frangieh,28,1,0.13512195121951218,0.13560975609756096,-0.0004878048780487807
Frangieh_Coculture_TNFA,Frangieh,28,2,0.16097560975609754,0.16487804878048778,-0.003902439024390241
Frangieh_Coculture_TNFA,Frangieh,28,4,0.18341463414634146,0.18097560975609753,0.0024390243902439003
Frangieh_Coculture_TNFA,Frangieh,28,7,0.1951219512195122,0.1951219512195122,0.0
Frangieh_Coculture_TNFA,Frangieh,29,1,0.13804878048780486,0.17707317073170728,-0.03902439024390243
Frangieh_Coculture_TNFA,Frangieh,29,2,0.16243902439024388,0.1912195121951219,-0.02878048780487804
Frangieh_Coculture_TNFA,Frangieh,29,4,0.17853658536585365,0.19707317073170727,-0.01853658536585364
Frangieh_Coculture_TNFA,Frangieh,29,7,0.1951219512195122,0.2195121951219512,-0.024390243902438994
Frangieh_Control_IFNG,Frangieh,0,1,0.4394871794871794,0.2907692307692308,0.14871794871794872
Frangieh_Control_IFNG,Frangieh,0,2,0.4528205128205128,0.31025641025641026,0.14256410256410254
Frangieh_Control_IFNG,Frangieh,0,4,0.47641025641025636,0.33333333333333337,0.14307692307692302
Frangieh_Control_IFNG,Frangieh,0,7,0.48717948717948706,0.33333333333333326,0.1538461538461538
Frangieh_Control_IFNG,Frangieh,1,1,0.3738461538461538,0.20923076923076922,0.1646153846153846
Frangieh_Control_IFNG,Frangieh,1,2,0.41538461538461535,0.2076923076923077,0.20769230769230762
Frangieh_Control_IFNG,Frangieh,1,4,0.4389743589743589,0.19743589743589746,0.2415384615384615
Frangieh_Control_IFNG,Frangieh,1,7,0.4615384615384615,0.1794871794871795,0.28205128205128205
Frangieh_Control_IFNG,Frangieh,2,1,0.42666666666666664,0.22564102564102562,0.20102564102564102
Frangieh_Control_IFNG,Frangieh,2,2,0.4692307692307692,0.21641025641025638,0.2528205128205128
Frangieh_Control_IFNG,Frangieh,2,4,0.48615384615384616,0.22256410256410253,0.2635897435897436
Frangieh_Control_IFNG,Frangieh,2,7,0.5384615384615384,0.1794871794871795,0.3589743589743589
Frangieh_Control_IFNG,Frangieh,3,1,0.36153846153846153,0.2056410256410256,0.15589743589743593
Frangieh_Control_IFNG,Frangieh,3,2,0.3851282051282051,0.2005128205128205,0.18461538461538463
Frangieh_Control_IFNG,Frangieh,3,4,0.4251282051282051,0.2143589743589743,0.21076923076923076
Frangieh_Control_IFNG,Frangieh,3,7,0.4615384615384615,0.2564102564102564,0.20512820512820512
Frangieh_Control_IFNG,Frangieh,4,1,0.37487179487179484,0.1835897435897436,0.19128205128205128
Frangieh_Control_IFNG,Frangieh,4,2,0.4066666666666666,0.1856410256410256,0.22102564102564098
Frangieh_Control_IFNG,Frangieh,4,4,0.4302564102564102,0.201025641025641,0.22923076923076924
Frangieh_Control_IFNG,Frangieh,4,7,0.4615384615384615,0.2307692307692307,0.2307692307692308
Frangieh_Control_IFNG,Frangieh,5,1,0.4148717948717948,0.2707692307692307,0.1441025641025641
Frangieh_Control_IFNG,Frangieh,5,2,0.4430769230769231,0.282051282051282,0.16102564102564101
Frangieh_Control_IFNG,Frangieh,5,4,0.4851282051282051,0.3133333333333333,0.1717948717948718
Frangieh_Control_IFNG,Frangieh,5,7,0.5384615384615384,0.358974358974359,0.17948717948717946
Frangieh_Control_IFNG,Frangieh,6,1,0.39692307692307693,0.2605128205128205,0.13641025641025642
Frangieh_Control_IFNG,Frangieh,6,2,0.4092307692307692,0.25179487179487176,0.15743589743589748
Frangieh_Control_IFNG,Frangieh,6,4,0.4241025641025641,0.24974358974358968,0.1743589743589744
Frangieh_Control_IFNG,Frangieh,6,7,0.4358974358974359,0.2307692307692307,0.2051282051282052
Frangieh_Control_IFNG,Frangieh,7,1,0.4,0.2717948717948718,0.12820512820512822
Frangieh_Control_IFNG,Frangieh,7,2,0.42769230769230765,0.26666666666666666,0.16102564102564101
Frangieh_Control_IFNG,Frangieh,7,4,0.44564102564102565,0.2492307692307692,0.19641025641025642
Frangieh_Control_IFNG,Frangieh,7,7,0.4615384615384615,0.2307692307692307,0.2307692307692308
Frangieh_Control_IFNG,Frangieh,8,1,0.3999999999999999,0.16256410256410256,0.2374358974358974
Frangieh_Control_IFNG,Frangieh,8,2,0.4076923076923076,0.16256410256410256,0.24512820512820507
Frangieh_Control_IFNG,Frangieh,8,4,0.41025641025641024,0.16102564102564101,0.24923076923076917
Frangieh_Control_IFNG,Frangieh,8,7,0.41025641025641024,0.16102564102564101,0.24923076923076917
Frangieh_Control_IFNG,Frangieh,9,1,0.39641025641025635,0.2384615384615384,0.15794871794871795
Frangieh_Control_IFNG,Frangieh,9,2,0.43692307692307686,0.2538461538461538,0.18307692307692305
Frangieh_Control_IFNG,Frangieh,9,4,0.47179487179487173,0.2676923076923077,0.20410256410256408
Frangieh_Control_IFNG,Frangieh,9,7,0.48717948717948706,0.2692307692307692,0.21794871794871792
Frangieh_Control_IFNG,Frangieh,10,1,0.3528205128205128,0.32256410256410256,0.03025641025641026
Frangieh_Control_IFNG,Frangieh,10,2,0.37076923076923074,0.33794871794871795,0.032820512820512814
Frangieh_Control_IFNG,Frangieh,10,4,0.3830769230769231,0.36871794871794866,0.014358974358974343
Frangieh_Control_IFNG,Frangieh,10,7,0.3846153846153846,0.37179487179487175,0.012820512820512801
Frangieh_Control_IFNG,Frangieh,11,1,0.37743589743589745,0.22358974358974354,0.15384615384615385
Frangieh_Control_IFNG,Frangieh,11,2,0.39743589743589747,0.21025641025641023,0.18717948717948718
Frangieh_Control_IFNG,Frangieh,11,4,0.4143589743589744,0.1887179487179487,0.22564102564102564
Frangieh_Control_IFNG,Frangieh,11,7,0.4358974358974359,0.1282051282051282,0.3076923076923077
Frangieh_Control_IFNG,Frangieh,12,1,0.3476923076923077,0.19179487179487176,0.1558974358974359
Frangieh_Control_IFNG,Frangieh,12,2,0.37692307692307686,0.2215384615384615,0.15538461538461537
Frangieh_Control_IFNG,Frangieh,12,4,0.3969230769230769,0.24717948717948715,0.1497435897435897
Frangieh_Control_IFNG,Frangieh,12,7,0.41025641025641024,0.2564102564102564,0.1538461538461538
Frangieh_Control_IFNG,Frangieh,13,1,0.3394871794871795,0.2856410256410256,0.053846153846153856
Frangieh_Control_IFNG,Frangieh,13,2,0.358974358974359,0.3123076923076923,0.04666666666666667
Frangieh_Control_IFNG,Frangieh,13,4,0.37076923076923074,0.32256410256410256,0.048205128205128206
Frangieh_Control_IFNG,Frangieh,13,7,0.3846153846153846,0.33333333333333326,0.051282051282051266
Frangieh_Control_IFNG,Frangieh,14,1,0.3846153846153846,0.26820512820512815,0.1164102564102564
Frangieh_Control_IFNG,Frangieh,14,2,0.40307692307692305,0.27948717948717944,0.12358974358974358
Frangieh_Control_IFNG,Frangieh,14,4,0.43692307692307686,0.2938461538461538,0.14307692307692305
Frangieh_Control_IFNG,Frangieh,14,7,0.4615384615384615,0.3076923076923077,0.1538461538461538
Frangieh_Control_IFNG,Frangieh,15,1,0.34102564102564104,0.2143589743589743,0.1266666666666667
Frangieh_Control_IFNG,Frangieh,15,2,0.37076923076923074,0.22461538461538455,0.1461538461538462
Frangieh_Control_IFNG,Frangieh,15,4,0.39128205128205124,0.23948717948717946,0.15179487179487178
Frangieh_Control_IFNG,Frangieh,15,7,0.41025641025641024,0.2564102564102564,0.1538461538461538
Frangieh_Control_IFNG,Frangieh,16,1,0.3641025641025641,0.2958974358974359,0.06820512820512821
Frangieh_Control_IFNG,Frangieh,16,2,0.3774358974358974,0.3030769230769231,0.07435897435897436
Frangieh_Control_IFNG,Frangieh,16,4,0.39641025641025635,0.31435897435897436,0.08205128205128202
Frangieh_Control_IFNG,Frangieh,16,7,0.41025641025641024,0.33333333333333326,0.07692307692307687
Frangieh_Control_IFNG,Frangieh,17,1,0.4384615384615384,0.19846153846153844,0.24
Frangieh_Control_IFNG,Frangieh,17,2,0.5107692307692308,0.21538461538461537,0.2953846153846154
Frangieh_Control_IFNG,Frangieh,17,4,0.5579487179487179,0.2369230769230769,0.321025641025641
Frangieh_Control_IFNG,Frangieh,17,7,0.5897435897435898,0.2564102564102564,0.33333333333333337
Frangieh_Control_IFNG,Frangieh,18,1,0.3548717948717949,0.3153846153846154,0.0394871794871795
Frangieh_Control_IFNG,Frangieh,18,2,0.37179487179487175,0.2969230769230769,0.07487179487179489
Frangieh_Control_IFNG,Frangieh,18,4,0.38153846153846155,0.27538461538461534,0.10615384615384617
Frangieh_Control_IFNG,Frangieh,18,7,0.3846153846153846,0.2717948717948718,0.11282051282051282
Frangieh_Control_IFNG,Frangieh,19,1,0.40410256410256407,0.2215384615384615,0.18256410256410255
Frangieh_Control_IFNG,Frangieh,19,2,0.43179487179487175,0.22974358974358972,0.20205128205128203
Frangieh_Control_IFNG,Frangieh,19,4,0.46051282051282044,0.24410256410256406,0.21641025641025638
Frangieh_Control_IFNG,Frangieh,19,7,0.48717948717948706,0.2564102564102564,0.23076923076923073
Frangieh_Control_IFNG,Frangieh,20,1,0.35641025641025637,0.17846153846153842,0.17794871794871794
Frangieh_Control_IFNG,Frangieh,20,2,0.3743589743589743,0.14923076923076922,0.2251282051282051
Frangieh_Control_IFNG,Frangieh,20,4,0.3830769230769231,0.13435897435897434,0.2487179487179487
Frangieh_Control_IFNG,Frangieh,20,7,0.3846153846153846,0.1282051282051282,0.2564102564102564
Frangieh_Control_IFNG,Frangieh,21,1,0.3564102564102564,0.26205128205128203,0.09435897435897439
Frangieh_Control_IFNG,Frangieh,21,2,0.37589743589743585,0.24923076923076917,0.1266666666666667
Frangieh_Control_IFNG,Frangieh,21,4,0.3841025641025641,0.24769230769230763,0.13641025641025645
Frangieh_Control_IFNG,Frangieh,21,7,0.3846153846153846,0.24871794871794864,0.13589743589743594
Frangieh_Control_IFNG,Frangieh,22,1,0.43179487179487175,0.24615384615384614,0.1856410256410256
Frangieh_Control_IFNG,Frangieh,22,2,0.4646153846153846,0.2323076923076923,0.2323076923076923
Frangieh_Control_IFNG,Frangieh,22,4,0.4897435897435897,0.30666666666666664,0.18307692307692305
Frangieh_Control_IFNG,Frangieh,22,7,0.5128205128205128,0.358974358974359,0.1538461538461538
Frangieh_Control_IFNG,Frangieh,23,1,0.38769230769230767,0.22820512820512817,0.1594871794871795
Frangieh_Control_IFNG,Frangieh,23,2,0.4138461538461538,0.1815384615384615,0.2323076923076923
Frangieh_Control_IFNG,Frangieh,23,4,0.43076923076923074,0.1461538461538461,0.28461538461538466
Frangieh_Control_IFNG,Frangieh,23,7,0.4358974358974359,0.1025641025641025,0.33333333333333337
Frangieh_Control_IFNG,Frangieh,24,1,0.3994871794871795,0.3466666666666666,0.052820512820512804
Frangieh_Control_IFNG,Frangieh,24,2,0.44051282051282054,0.32666666666666666,0.11384615384615385
Frangieh_Control_IFNG,Frangieh,24,4,0.45589743589743587,0.29692307692307685,0.158974358974359
Frangieh_Control_IFNG,Frangieh,24,7,0.4615384615384615,0.282051282051282,0.17948717948717952
Frangieh_Control_IFNG,Frangieh,25,1,0.43487179487179484,0.2728205128205128,0.16205128205128208
Frangieh_Control_IFNG,Frangieh,25,2,0.47179487179487173,0.2758974358974358,0.1958974358974359
Frangieh_Control_IFNG,Frangieh,25,4,0.502051282051282,0.27846153846153837,0.22358974358974362
Frangieh_Control_IFNG,Frangieh,25,7,0.5128205128205128,0.282051282051282,0.23076923076923075
Frangieh_Control_IFNG,Frangieh,26,1,0.4333333333333333,0.2569230769230769,0.1764102564102564
Frangieh_Control_IFNG,Frangieh,26,2,0.45128205128205123,0.25179487179487176,0.19948717948717948
Frangieh_Control_IFNG,Frangieh,26,4,0.46102564102564103,0.25384615384615383,0.20717948717948714
Frangieh_Control_IFNG,Frangieh,26,7,0.4615384615384615,0.25435897435897437,0.20717948717948714
Frangieh_Control_IFNG,Frangieh,27,1,0.41538461538461535,0.2815384615384615,0.13384615384615384
Frangieh_Control_IFNG,Frangieh,27,2,0.421025641025641,0.2846153846153846,0.1364102564102564
Frangieh_Control_IFNG,Frangieh,27,4,0.4312820512820512,0.2676923076923077,0.16358974358974362
Frangieh_Control_IFNG,Frangieh,27,7,0.4358974358974359,0.2564102564102564,0.17948717948717952
Frangieh_Control_IFNG,Frangieh,28,1,0.36769230769230765,0.2861538461538461,0.08153846153846155
Frangieh_Control_IFNG,Frangieh,28,2,0.4015384615384615,0.2974358974358974,0.1041025641025641
Frangieh_Control_IFNG,Frangieh,28,4,0.42205128205128206,0.28410256410256407,0.13794871794871796
Frangieh_Control_IFNG,Frangieh,28,7,0.4358974358974359,0.282051282051282,0.1538461538461539
Frangieh_Control_IFNG,Frangieh,29,1,0.3205128205128205,0.24615384615384608,0.0743589743589744
Frangieh_Control_IFNG,Frangieh,29,2,0.36153846153846153,0.23538461538461533,0.1261538461538462
Frangieh_Control_IFNG,Frangieh,29,4,0.4,0.23333333333333328,0.1666666666666667
Frangieh_Control_IFNG,Frangieh,29,7,0.4358974358974359,0.20512820512820512,0.2307692307692308
Frangieh_Control_IL2STAT5,Frangieh,0,1,0.20512820512820507,0.23025641025641022,-0.025128205128205124
Frangieh_Control_IL2STAT5,Frangieh,0,2,0.22820512820512817,0.2389743589743589,-0.01076923076923076
Frangieh_Control_IL2STAT5,Frangieh,0,4,0.25999999999999995,0.24051282051282044,0.019487179487179495
Frangieh_Control_IL2STAT5,Frangieh,0,7,0.282051282051282,0.2307692307692307,0.051282051282051294
Frangieh_Control_IL2STAT5,Frangieh,1,1,0.21230769230769225,0.24769230769230766,-0.03538461538461539
Frangieh_Control_IL2STAT5,Frangieh,1,2,0.25641025641025633,0.26666666666666666,-0.010256410256410277
Frangieh_Control_IL2STAT5,Frangieh,1,4,0.2779487179487179,0.2641025641025641,0.013846153846153815
Frangieh_Control_IL2STAT5,Frangieh,1,7,0.282051282051282,0.2564102564102564,0.025641025641025602
Frangieh_Control_IL2STAT5,Frangieh,2,1,0.2656410256410256,0.2948717948717949,-0.02923076923076923
Frangieh_Control_IL2STAT5,Frangieh,2,2,0.2779487179487179,0.30051282051282047,-0.022564102564102545
Frangieh_Control_IL2STAT5,Frangieh,2,4,0.28820512820512817,0.32820512820512815,-0.03999999999999998
Frangieh_Control_IL2STAT5,Frangieh,2,7,0.3076923076923077,0.282051282051282,0.02564102564102572
Frangieh_Control_IL2STAT5,Frangieh,3,1,0.17589743589743587,0.27435897435897433,-0.09846153846153849
Frangieh_Control_IL2STAT5,Frangieh,3,2,0.19076923076923072,0.28307692307692306,-0.09230769230769234
Frangieh_Control_IL2STAT5,Frangieh,3,4,0.20512820512820512,0.29025641025641025,-0.08512820512820517
Frangieh_Control_IL2STAT5,Frangieh,3,7,0.20512820512820512,0.29025641025641025,-0.08512820512820517
Frangieh_Control_IL2STAT5,Frangieh,4,1,0.1728205128205128,0.283076923076923,-0.11025641025641024
Frangieh_Control_IL2STAT5,Frangieh,4,2,0.21743589743589742,0.3046153846153846,-0.08717948717948718
Frangieh_Control_IL2STAT5,Frangieh,4,4,0.24564102564102563,0.3492307692307692,-0.10358974358974361
Frangieh_Control_IL2STAT5,Frangieh,4,7,0.2564102564102564,0.3692307692307692,-0.11282051282051285
Frangieh_Control_IL2STAT5,Frangieh,5,1,0.23743589743589738,0.3174358974358974,-0.08000000000000002
Frangieh_Control_IL2STAT5,Frangieh,5,2,0.2651282051282051,0.35025641025641024,-0.08512820512820513
Frangieh_Control_IL2STAT5,Frangieh,5,4,0.2866666666666666,0.3733333333333333,-0.08666666666666666
Frangieh_Control_IL2STAT5,Frangieh,5,7,0.3076923076923077,0.3846153846153846,-0.07692307692307687
Frangieh_Control_IL2STAT5,Frangieh,6,1,0.3194871794871795,0.27435897435897433,0.045128205128205146
Frangieh_Control_IL2STAT5,Frangieh,6,2,0.3256410256410256,0.2769230769230769,0.04871794871794873
Frangieh_Control_IL2STAT5,Frangieh,6,4,0.33230769230769225,0.28820512820512817,0.04410256410256411
Frangieh_Control_IL2STAT5,Frangieh,6,7,0.33333333333333326,0.29025641025641025,0.04307692307692308
Frangieh_Control_IL2STAT5,Frangieh,7,1,0.21282051282051279,0.1974358974358974,0.015384615384615394
Frangieh_Control_IL2STAT5,Frangieh,7,2,0.23025641025641022,0.21538461538461537,0.014871794871794857
Frangieh_Control_IL2STAT5,Frangieh,7,4,0.24769230769230766,0.2523076923076923,-0.004615384615384609
Frangieh_Control_IL2STAT5,Frangieh,7,7,0.2564102564102564,0.282051282051282,-0.025641025641025602
Frangieh_Control_IL2STAT5,Frangieh,8,1,0.17333333333333328,0.2584615384615384,-0.08512820512820513
Frangieh_Control_IL2STAT5,Frangieh,8,2,0.19435897435897434,0.2517948717948718,-0.05743589743589744
Frangieh_Control_IL2STAT5,Frangieh,8,4,0.20820512820512818,0.2646153846153846,-0.05641025641025644
Frangieh_Control_IL2STAT5,Frangieh,8,7,0.2307692307692307,0.3076923076923077,-0.07692307692307701
Frangieh_Control_IL2STAT5,Frangieh,9,1,0.2415384615384615,0.2758974358974358,-0.03435897435897436
Frangieh_Control_IL2STAT5,Frangieh,9,2,0.26410256410256405,0.30564102564102563,-0.04153846153846155
Frangieh_Control_IL2STAT5,Frangieh,9,4,0.27743589743589736,0.32205128205128203,-0.04461538461538464
Frangieh_Control_IL2STAT5,Frangieh,9,7,0.282051282051282,0.31897435897435894,-0.036923076923076954
Frangieh_Control_IL2STAT5,Frangieh,10,1,0.23846153846153842,0.28820512820512817,-0.04974358974358975
Frangieh_Control_IL2STAT5,Frangieh,10,2,0.26615384615384613,0.32256410256410256,-0.056410256410256425
Frangieh_Control_IL2STAT5,Frangieh,10,4,0.29128205128205126,0.377948717948718,-0.08666666666666666
Frangieh_Control_IL2STAT5,Frangieh,10,7,0.3076923076923077,0.3846153846153846,-0.07692307692307687
Frangieh_Control_IL2STAT5,Frangieh,11,1,0.222051282051282,0.2825641025641026,-0.06051282051282053
Frangieh_Control_IL2STAT5,Frangieh,11,2,0.23948717948717946,0.27948717948717944,-0.040000000000000015
Frangieh_Control_IL2STAT5,Frangieh,11,4,0.2661538461538461,0.25794871794871793,0.008205128205128196
Frangieh_Control_IL2STAT5,Frangieh,11,7,0.282051282051282,0.2307692307692307,0.051282051282051294
Frangieh_Control_IL2STAT5,Frangieh,12,1,0.1764102564102564,0.2502564102564102,-0.07384615384615383
Frangieh_Control_IL2STAT5,Frangieh,12,2,0.19435897435897434,0.2553846153846153,-0.061025641025640995
Frangieh_Control_IL2STAT5,Frangieh,12,4,0.21076923076923074,0.26512820512820506,-0.05435897435897436
Frangieh_Control_IL2STAT5,Frangieh,12,7,0.2307692307692307,0.2564102564102564,-0.02564102564102569
Frangieh_Control_IL2STAT5,Frangieh,13,1,0.2533333333333333,0.34,-0.08666666666666668
Frangieh_Control_IL2STAT5,Frangieh,13,2,0.282051282051282,0.31999999999999995,-0.03794871794871795
Frangieh_Control_IL2STAT5,Frangieh,13,4,0.31076923076923074,0.27897435897435896,0.031794871794871796
Frangieh_Control_IL2STAT5,Frangieh,13,7,0.33333333333333326,0.20512820512820512,0.12820512820512822
Frangieh_Control_IL2STAT5,Frangieh,14,1,0.2005128205128205,0.27435897435897433,-0.07384615384615387
Frangieh_Control_IL2STAT5,Frangieh,14,2,0.21897435897435893,0.2815384615384615,-0.0625641025641026
Frangieh_Control_IL2STAT5,Frangieh,14,4,0.2523076923076923,0.321025641025641,-0.06871794871794877
Frangieh_Control_IL2STAT5,Frangieh,14,7,0.282051282051282,0.358974358974359,-0.07692307692307698
Frangieh_Control_IL2STAT5,Frangieh,15,1,0.21435897435897433,0.21794871794871792,-0.003589743589743581
Frangieh_Control_IL2STAT5,Frangieh,15,2,0.242051282051282,0.23846153846153842,0.003589743589743582
Frangieh_Control_IL2STAT5,Frangieh,15,4,0.2523076923076923,0.24256410256410255,0.009743589743589735
Frangieh_Control_IL2STAT5,Frangieh,15,7,0.2564102564102564,0.24205128205128204,0.014358974358974352
Frangieh_Control_IL2STAT5,Frangieh,16,1,0.2271794871794871,0.20769230769230762,0.0194871794871795
Frangieh_Control_IL2STAT5,Frangieh,16,2,0.2646153846153846,0.20974358974358967,0.05487179487179489
Frangieh_Control_IL2STAT5,Frangieh,16,4,0.29846153846153844,0.23948717948717943,0.058974358974358994
Frangieh_Control_IL2STAT5,Frangieh,16,7,0.33333333333333326,0.282051282051282,0.05128205128205132
Frangieh_Control_IL2STAT5,Frangieh,17,1,0.27230769230769225,0.22974358974358972,0.042564102564102556
Frangieh_Control_IL2STAT5,Frangieh,17,2,0.2958974358974359,0.2615384615384615,0.034358974358974365
Frangieh_Control_IL2STAT5,Frangieh,17,4,0.32256410256410256,0.31282051282051276,0.009743589743589763
Frangieh_Control_IL2STAT5,Frangieh,17,7,0.33333333333333326,0.33333333333333326,0.0
Frangieh_Control_IL2STAT5,Frangieh,18,1,0.22256410256410253,0.19999999999999996,0.02256410256410254
Frangieh_Control_IL2STAT5,Frangieh,18,2,0.24307692307692302,0.20512820512820512,0.03794871794871792
Frangieh_Control_IL2STAT5,Frangieh,18,4,0.2584615384615384,0.20615384615384613,0.05230769230769227
Frangieh_Control_IL2STAT5,Frangieh,18,7,0.282051282051282,0.20512820512820512,0.0769230769230769
Frangieh_Control_IL2STAT5,Frangieh,19,1,0.23794871794871789,0.29025641025641025,-0.052307692307692305
Frangieh_Control_IL2STAT5,Frangieh,19,2,0.2605128205128205,0.29641025641025637,-0.03589743589743591
Frangieh_Control_IL2STAT5,Frangieh,19,4,0.28820512820512817,0.2866666666666666,0.0015384615384615463
Frangieh_Control_IL2STAT5,Frangieh,19,7,0.33333333333333326,0.282051282051282,0.05128205128205132
Frangieh_Control_IL2STAT5,Frangieh,20,1,0.21076923076923074,0.19897435897435894,0.011794871794871795
Frangieh_Control_IL2STAT5,Frangieh,20,2,0.222051282051282,0.18051282051282047,0.041538461538461545
Frangieh_Control_IL2STAT5,Frangieh,20,4,0.24358974358974353,0.17589743589743587,0.06769230769230768
Frangieh_Control_IL2STAT5,Frangieh,20,7,0.282051282051282,0.1538461538461538,0.1282051282051282
Frangieh_Control_IL2STAT5,Frangieh,21,1,0.27025641025641023,0.3425641025641026,-0.0723076923076923
Frangieh_Control_IL2STAT5,Frangieh,21,2,0.2907692307692308,0.3425641025641026,-0.05179487179487177
Frangieh_Control_IL2STAT5,Frangieh,21,4,0.3035897435897436,0.3702564102564102,-0.06666666666666662
Frangieh_Control_IL2STAT5,Frangieh,21,7,0.3076923076923077,0.38666666666666666,-0.07897435897435892
Frangieh_Control_IL2STAT5,Frangieh,22,1,0.22512820512820508,0.27025641025641023,-0.04512820512820514
Frangieh_Control_IL2STAT5,Frangieh,22,2,0.25999999999999995,0.26615384615384613,-0.006153846153846145
Frangieh_Control_IL2STAT5,Frangieh,22,4,0.2866666666666667,0.23948717948717943,0.04717948717948722
Frangieh_Control_IL2STAT5,Frangieh,22,7,0.3076923076923077,0.2307692307692307,0.07692307692307701
Frangieh_Control_IL2STAT5,Frangieh,23,1,0.23641025641025634,0.2256410256410256,0.010769230769230767
Frangieh_Control_IL2STAT5,Frangieh,23,2,0.2605128205128205,0.21641025641025638,0.044102564102564086
Frangieh_Control_IL2STAT5,Frangieh,23,4,0.28051282051282045,0.20666666666666664,0.07384615384615383
Frangieh_Control_IL2STAT5,Frangieh,23,7,0.282051282051282,0.20512820512820512,0.0769230769230769
Frangieh_Control_IL2STAT5,Frangieh,24,1,0.27846153846153837,0.2958974358974359,-0.017435897435897463
Frangieh_Control_IL2STAT5,Frangieh,24,2,0.3102564102564102,0.2523076923076923,0.05794871794871796
Frangieh_Control_IL2STAT5,Frangieh,24,4,0.32666666666666666,0.22256410256410253,0.10410256410256412
Frangieh_Control_IL2STAT5,Frangieh,24,7,0.33333333333333326,0.20512820512820512,0.12820512820512822
Frangieh_Control_IL2STAT5,Frangieh,25,1,0.3015384615384615,0.21948717948717944,0.08205128205128208
Frangieh_Control_IL2STAT5,Frangieh,25,2,0.32769230769230767,0.22769230769230764,0.10000000000000003
Frangieh_Control_IL2STAT5,Frangieh,25,4,0.3466666666666666,0.22871794871794868,0.11794871794871799
Frangieh_Control_IL2STAT5,Frangieh,25,7,0.358974358974359,0.20512820512820512,0.15384615384615388
Frangieh_Control_IL2STAT5,Frangieh,26,1,0.25999999999999995,0.36358974358974355,-0.10358974358974357
Frangieh_Control_IL2STAT5,Frangieh,26,2,0.2784615384615384,0.33641025641025635,-0.05794871794871794
Frangieh_Control_IL2STAT5,Frangieh,26,4,0.30871794871794866,0.36871794871794866,-0.05999999999999996
Frangieh_Control_IL2STAT5,Frangieh,26,7,0.33333333333333326,0.41025641025641024,-0.07692307692307687
Frangieh_Control_IL2STAT5,Frangieh,27,1,0.23230769230769227,0.27025641025641023,-0.03794871794871797
Frangieh_Control_IL2STAT5,Frangieh,27,2,0.24923076923076917,0.2625641025641025,-0.013333333333333357
Frangieh_Control_IL2STAT5,Frangieh,27,4,0.2661538461538461,0.2866666666666666,-0.020512820512820547
Frangieh_Control_IL2STAT5,Frangieh,27,7,0.282051282051282,0.3076923076923077,-0.02564102564102572
Frangieh_Control_IL2STAT5,Frangieh,28,1,0.20256410256410257,0.21641025641025638,-0.013846153846153834
Frangieh_Control_IL2STAT5,Frangieh,28,2,0.22615384615384612,0.2092307692307692,0.016923076923076926
Frangieh_Control_IL2STAT5,Frangieh,28,4,0.24717948717948715,0.2025641025641025,0.044615384615384626
Frangieh_Control_IL2STAT5,Frangieh,28,7,0.2564102564102564,0.20512820512820512,0.051282051282051294
Frangieh_Control_IL2STAT5,Frangieh,29,1,0.23589743589743584,0.24256410256410255,-0.006666666666666685
Frangieh_Control_IL2STAT5,Frangieh,29,2,0.26410256410256405,0.27025641025641023,-0.00615384615384618
Frangieh_Control_IL2STAT5,Frangieh,29,4,0.30256410256410254,0.3087179487179487,-0.006153846153846172
Frangieh_Control_IL2STAT5,Frangieh,29,7,0.33333333333333326,0.33333333333333326,0.0
Frangieh_Control_TNFA,Frangieh,0,1,0.4025641025641026,0.20615384615384613,0.19641025641025642
Frangieh_Control_TNFA,Frangieh,0,2,0.43692307692307686,0.21538461538461537,0.22153846153846155
Frangieh_Control_TNFA,Frangieh,0,4,0.4697435897435897,0.2369230769230769,0.2328205128205128
Frangieh_Control_TNFA,Frangieh,0,7,0.48717948717948706,0.2564102564102564,0.23076923076923073
Frangieh_Control_TNFA,Frangieh,1,1,0.4205128205128205,0.1584615384615384,0.2620512820512821
Frangieh_Control_TNFA,Frangieh,1,2,0.46205128205128204,0.17794871794871792,0.2841025641025641
Frangieh_Control_TNFA,Frangieh,1,4,0.5046153846153846,0.21025641025641023,0.2943589743589744
Frangieh_Control_TNFA,Frangieh,1,7,0.5384615384615384,0.2564102564102564,0.28205128205128205
Frangieh_Control_TNFA,Frangieh,2,1,0.35230769230769227,0.2246153846153846,0.1276923076923077
Frangieh_Control_TNFA,Frangieh,2,2,0.40717948717948715,0.2328205128205128,0.17435897435897435
Frangieh_Control_TNFA,Frangieh,2,4,0.4343589743589743,0.23384615384615384,0.2005128205128205
Frangieh_Control_TNFA,Frangieh,2,7,0.5128205128205128,0.1794871794871795,0.33333333333333326
Frangieh_Control_TNFA,Frangieh,3,1,0.3584615384615384,0.19589743589743588,0.16256410256410256
Frangieh_Control_TNFA,Frangieh,3,2,0.40205128205128204,0.19282051282051277,0.20923076923076922
Frangieh_Control_TNFA,Frangieh,3,4,0.43999999999999995,0.19230769230769226,0.2476923076923077
Frangieh_Control_TNFA,Frangieh,3,7,0.4615384615384615,0.1538461538461538,0.3076923076923077
Frangieh_Control_TNFA,Frangieh,4,1,0.2764102564102564,0.18769230769230766,0.08871794871794872
Frangieh_Control_TNFA,Frangieh,4,2,0.2923076923076923,0.20410256410256405,0.08820512820512823
Frangieh_Control_TNFA,Frangieh,4,4,0.3030769230769231,0.19999999999999996,0.10307692307692311
Frangieh_Control_TNFA,Frangieh,4,7,0.3076923076923077,0.19487179487179485,0.11282051282051286
Frangieh_Control_TNFA,Frangieh,5,1,0.3241025641025641,0.2005128205128205,0.12358974358974359
Frangieh_Control_TNFA,Frangieh,5,2,0.3682051282051282,0.21076923076923074,0.15743589743589748
Frangieh_Control_TNFA,Frangieh,5,4,0.4107692307692307,0.2179487179487179,0.19282051282051288
Frangieh_Control_TNFA,Frangieh,5,7,0.4358974358974359,0.2307692307692307,0.2051282051282052
Frangieh_Control_TNFA,Frangieh,6,1,0.4076923076923077,0.1374358974358974,0.27025641025641023
Frangieh_Control_TNFA,Frangieh,6,2,0.4266666666666666,0.13435897435897431,0.29230769230769227
Frangieh_Control_TNFA,Frangieh,6,4,0.4548717948717948,0.16256410256410253,0.29230769230769227
Frangieh_Control_TNFA,Frangieh,6,7,0.48717948717948706,0.20512820512820512,0.28205128205128205
Frangieh_Control_TNFA,Frangieh,7,1,0.36,0.2651282051282051,0.09487179487179487
Frangieh_Control_TNFA,Frangieh,7,2,0.40410256410256407,0.2707692307692307,0.13333333333333333
Frangieh_Control_TNFA,Frangieh,7,4,0.4333333333333333,0.2579487179487179,0.1753846153846154
Frangieh_Control_TNFA,Frangieh,7,7,0.4615384615384615,0.2307692307692307,0.2307692307692308
Frangieh_Control_TNFA,Frangieh,8,1,0.38256410256410256,0.23025641025641022,0.15230769230769234
Frangieh_Control_TNFA,Frangieh,8,2,0.421025641025641,0.24512820512820507,0.17589743589743592
Frangieh_Control_TNFA,Frangieh,8,4,0.4446153846153846,0.2574358974358974,0.18717948717948718
Frangieh_Control_TNFA,Frangieh,8,7,0.4615384615384615,0.27025641025641023,0.19128205128205128
Frangieh_Control_TNFA,Frangieh,9,1,0.3205128205128205,0.24564102564102563,0.07487179487179486
Frangieh_Control_TNFA,Frangieh,9,2,0.3641025641025641,0.2717948717948718,0.09230769230769231
Frangieh_Control_TNFA,Frangieh,9,4,0.3738461538461538,0.2692307692307692,0.10461538461538461
Frangieh_Control_TNFA,Frangieh,9,7,0.3846153846153846,0.2564102564102564,0.1282051282051282
Frangieh_Control_TNFA,Frangieh,10,1,0.29641025641025637,0.24564102564102558,0.0507692307692308
Frangieh_Control_TNFA,Frangieh,10,2,0.3312820512820513,0.26615384615384613,0.06512820512820516
Frangieh_Control_TNFA,Frangieh,10,4,0.3558974358974359,0.2723076923076923,0.08358974358974361
Frangieh_Control_TNFA,Frangieh,10,7,0.358974358974359,0.2692307692307692,0.08974358974358979
Frangieh_Control_TNFA,Frangieh,11,1,0.3169230769230769,0.23948717948717946,0.07743589743589745
Frangieh_Control_TNFA,Frangieh,11,2,0.3328205128205128,0.2584615384615384,0.07435897435897437
Frangieh_Control_TNFA,Frangieh,11,4,0.361025641025641,0.2656410256410256,0.09538461538461536
Frangieh_Control_TNFA,Frangieh,11,7,0.3846153846153846,0.2564102564102564,0.1282051282051282
Frangieh_Control_TNFA,Frangieh,12,1,0.3651282051282051,0.1676923076923077,0.19743589743589746
Frangieh_Control_TNFA,Frangieh,12,2,0.3892307692307692,0.1717948717948718,0.21743589743589742
Frangieh_Control_TNFA,Frangieh,12,4,0.4164102564102564,0.16358974358974357,0.2528205128205128
Frangieh_Control_TNFA,Frangieh,12,7,0.4358974358974359,0.1282051282051282,0.3076923076923077
Frangieh_Control_TNFA,Frangieh,13,1,0.35641025641025637,0.20358974358974355,0.15282051282051282
Frangieh_Control_TNFA,Frangieh,13,2,0.4,0.19948717948717945,0.20051282051282052
Frangieh_Control_TNFA,Frangieh,13,4,0.4374358974358974,0.17948717948717946,0.25794871794871793
Frangieh_Control_TNFA,Frangieh,13,7,0.4615384615384615,0.1538461538461538,0.3076923076923077
Frangieh_Control_TNFA,Frangieh,14,1,0.3630769230769231,0.2087179487179487,0.15435897435897436
Frangieh_Control_TNFA,Frangieh,14,2,0.40410256410256407,0.20512820512820512,0.19897435897435894
Frangieh_Control_TNFA,Frangieh,14,4,0.4205128205128205,0.19589743589743588,0.2246153846153846
Frangieh_Control_TNFA,Frangieh,14,7,0.4358974358974359,0.1794871794871795,0.2564102564102564
Frangieh_Control_TNFA,Frangieh,15,1,0.33179487179487177,0.2553846153846153,0.07641025641025644
Frangieh_Control_TNFA,Frangieh,15,2,0.381025641025641,0.2538461538461538,0.12717948717948724
Frangieh_Control_TNFA,Frangieh,15,4,0.4179487179487179,0.24666666666666662,0.17128205128205132
Frangieh_Control_TNFA,Frangieh,15,7,0.48717948717948706,0.20512820512820512,0.28205128205128205
Frangieh_Control_TNFA,Frangieh,16,1,0.34,0.22974358974358966,0.1102564102564103
Frangieh_Control_TNFA,Frangieh,16,2,0.3753846153846153,0.23282051282051278,0.1425641025641026
Frangieh_Control_TNFA,Frangieh,16,4,0.3984615384615384,0.2317948717948717,0.16666666666666669
Frangieh_Control_TNFA,Frangieh,16,7,0.41025641025641024,0.2307692307692307,0.1794871794871795
Frangieh_Control_TNFA,Frangieh,17,1,0.4343589743589743,0.1964102564102564,0.23794871794871797
Frangieh_Control_TNFA,Frangieh,17,2,0.45589743589743587,0.20307692307692304,0.2528205128205128
Frangieh_Control_TNFA,Frangieh,17,4,0.4615384615384615,0.202051282051282,0.25948717948717953
Frangieh_Control_TNFA,Frangieh,17,7,0.4615384615384615,0.202051282051282,0.25948717948717953
Frangieh_Control_TNFA,Frangieh,18,1,0.3,0.15384615384615383,0.14615384615384616
Frangieh_Control_TNFA,Frangieh,18,2,0.34410256410256407,0.1579487179487179,0.18615384615384617
Frangieh_Control_TNFA,Frangieh,18,4,0.384102564102564,0.13538461538461533,0.24871794871794872
Frangieh_Control_TNFA,Frangieh,18,7,0.41025641025641024,0.1025641025641025,0.3076923076923077
Frangieh_Control_TNFA,Frangieh,19,1,0.4133333333333333,0.19282051282051277,0.2205128205128205
Frangieh_Control_TNFA,Frangieh,19,2,0.4882051282051282,0.19641025641025636,0.2917948717948718
Frangieh_Control_TNFA,Frangieh,19,4,0.5235897435897435,0.17487179487179483,0.34871794871794876
Frangieh_Control_TNFA,Frangieh,19,7,0.5384615384615384,0.1538461538461538,0.3846153846153847
Frangieh_Control_TNFA,Frangieh,20,1,0.3343589743589743,0.1533333333333333,0.18102564102564103
Frangieh_Control_TNFA,Frangieh,20,2,0.41641025641025636,0.17589743589743584,0.24051282051282052
Frangieh_Control_TNFA,Frangieh,20,4,0.4589743589743589,0.19179487179487176,0.2671794871794872
Frangieh_Control_TNFA,Frangieh,20,7,0.48717948717948706,0.20512820512820512,0.28205128205128205
Frangieh_Control_TNFA,Frangieh,21,1,0.37435897435897436,0.1851282051282051,0.18923076923076926
Frangieh_Control_TNFA,Frangieh,21,2,0.40102564102564103,0.19948717948717945,0.20153846153846156
Frangieh_Control_TNFA,Frangieh,21,4,0.4302564102564103,0.201025641025641,0.22923076923076927
Frangieh_Control_TNFA,Frangieh,21,7,0.4358974358974359,0.1974358974358974,0.23846153846153847
Frangieh_Control_TNFA,Frangieh,22,1,0.42666666666666664,0.20410256410256405,0.22256410256410258
Frangieh_Control_TNFA,Frangieh,22,2,0.4579487179487179,0.2025641025641025,0.2553846153846154
Frangieh_Control_TNFA,Frangieh,22,4,0.4846153846153845,0.1902564102564102,0.29435897435897435
Frangieh_Control_TNFA,Frangieh,22,7,0.48717948717948706,0.18051282051282047,0.30666666666666664
Frangieh_Control_TNFA,Frangieh,23,1,0.38153846153846155,0.19692307692307687,0.18461538461538463
Frangieh_Control_TNFA,Frangieh,23,2,0.3943589743589744,0.1892307692307692,0.20512820512820515
Frangieh_Control_TNFA,Frangieh,23,4,0.4143589743589744,0.16974358974358972,0.24461538461538462
Frangieh_Control_TNFA,Frangieh,23,7,0.4358974358974359,0.1538461538461538,0.2820512820512821
Frangieh_Control_TNFA,Frangieh,24,1,0.3948717948717948,0.2646153846153846,0.1302564102564103
Frangieh_Control_TNFA,Frangieh,24,2,0.4441025641025641,0.2635897435897435,0.18051282051282055
Frangieh_Control_TNFA,Frangieh,24,4,0.4835897435897436,0.24102564102564097,0.2425641025641026
Frangieh_Control_TNFA,Frangieh,24,7,0.5128205128205128,0.20512820512820512,0.3076923076923077
Frangieh_Control_TNFA,Frangieh,25,1,0.37589743589743585,0.13333333333333328,0.2425641025641026
Frangieh_Control_TNFA,Frangieh,25,2,0.39589743589743587,0.1379487179487179,0.25794871794871793
Frangieh_Control_TNFA,Frangieh,25,4,0.4071794871794871,0.13230769230769227,0.27487179487179486
Frangieh_Control_TNFA,Frangieh,25,7,0.41025641025641024,0.12923076923076918,0.28102564102564104
Frangieh_Control_TNFA,Frangieh,26,1,0.38153846153846155,0.22358974358974354,0.15794871794871793
Frangieh_Control_TNFA,Frangieh,26,2,0.4138461538461538,0.23128205128205123,0.18256410256410255
Frangieh_Control_TNFA,Frangieh,26,4,0.44769230769230767,0.23230769230769227,0.21538461538461537
Frangieh_Control_TNFA,Frangieh,26,7,0.4615384615384615,0.23179487179487177,0.22974358974358974
Frangieh_Control_TNFA,Frangieh,27,1,0.46512820512820513,0.19076923076923072,0.2743589743589744
Frangieh_Control_TNFA,Frangieh,27,2,0.5123076923076922,0.1846153846153846,0.3276923076923077
Frangieh_Control_TNFA,Frangieh,27,4,0.5471794871794872,0.1938461538461538,0.35333333333333333
Frangieh_Control_TNFA,Frangieh,27,7,0.5641025641025641,0.20512820512820512,0.35897435897435903
Frangieh_Control_TNFA,Frangieh,28,1,0.39076923076923076,0.21897435897435893,0.17179487179487182
Frangieh_Control_TNFA,Frangieh,28,2,0.41230769230769226,0.22256410256410253,0.1897435897435898
Frangieh_Control_TNFA,Frangieh,28,4,0.4261538461538461,0.23282051282051278,0.19333333333333338
Frangieh_Control_TNFA,Frangieh,28,7,0.4358974358974359,0.2307692307692307,0.2051282051282052
Frangieh_Control_TNFA,Frangieh,29,1,0.40153846153846146,0.242051282051282,0.1594871794871795
Frangieh_Control_TNFA,Frangieh,29,2,0.43589743589743585,0.24564102564102563,0.1902564102564102
Frangieh_Control_TNFA,Frangieh,29,4,0.4707692307692307,0.24307692307692302,0.22769230769230767
Frangieh_Control_TNFA,Frangieh,29,7,0.48717948717948706,0.2307692307692307,0.2564102564102564
Frangieh_IFNg_IFNG,Frangieh,0,1,0.24930232558139534,0.2125581395348837,0.03674418604651162
Frangieh_IFNg_IFNG,Frangieh,0,2,0.2762790697674419,0.2134883720930232,0.06279069767441862
Frangieh_IFNg_IFNG,Frangieh,0,4,0.29674418604651165,0.21023255813953487,0.08651162790697675
Frangieh_IFNg_IFNG,Frangieh,0,7,0.3023255813953488,0.20465116279069764,0.09767441860465118
Frangieh_IFNg_IFNG,Frangieh,1,1,0.21860465116279065,0.2576744186046512,-0.03906976744186049
Frangieh_IFNg_IFNG,Frangieh,1,2,0.2423255813953488,0.26325581395348835,-0.020930232558139562
Frangieh_IFNg_IFNG,Frangieh,1,4,0.26186046511627903,0.26,0.0018604651162790408
Frangieh_IFNg_IFNG,Frangieh,1,7,0.2790697674418604,0.2558139534883721,0.023255813953488302
Frangieh_IFNg_IFNG,Frangieh,2,1,0.29534883720930233,0.22232558139534878,0.07302325581395352
Frangieh_IFNg_IFNG,Frangieh,2,2,0.33348837209302323,0.20511627906976737,0.12837209302325586
Frangieh_IFNg_IFNG,Frangieh,2,4,0.34604651162790695,0.21860465116279065,0.12744186046511632
Frangieh_IFNg_IFNG,Frangieh,2,7,0.34883720930232553,0.22325581395348834,0.12558139534883725
Frangieh_IFNg_IFNG,Frangieh,3,1,0.2762790697674418,0.2562790697674418,0.020000000000000007
Frangieh_IFNg_IFNG,Frangieh,3,2,0.2948837209302325,0.22186046511627905,0.0730232558139535
Frangieh_IFNg_IFNG,Frangieh,3,4,0.30139534883720925,0.1995348837209302,0.1018604651162791
Frangieh_IFNg_IFNG,Frangieh,3,7,0.3023255813953488,0.1953488372093023,0.10697674418604654
Frangieh_IFNg_IFNG,Frangieh,4,1,0.35302325581395344,0.31906976744186044,0.03395348837209303
Frangieh_IFNg_IFNG,Frangieh,4,2,0.38139534883720927,0.307906976744186,0.07348837209302327
Frangieh_IFNg_IFNG,Frangieh,4,4,0.40651162790697676,0.307906976744186,0.09860465116279075
Frangieh_IFNg_IFNG,Frangieh,4,7,0.4186046511627907,0.3255813953488371,0.09302325581395354
Frangieh_IFNg_IFNG,Frangieh,5,1,0.29209302325581393,0.27069767441860465,0.021395348837209303
Frangieh_IFNg_IFNG,Frangieh,5,2,0.30558139534883716,0.2544186046511628,0.051162790697674404
Frangieh_IFNg_IFNG,Frangieh,5,4,0.32139534883720927,0.24883720930232556,0.07255813953488371
Frangieh_IFNg_IFNG,Frangieh,5,7,0.3255813953488371,0.2451162790697674,0.08046511627906976
Frangieh_IFNg_IFNG,Frangieh,6,1,0.23720930232558135,0.28511627906976744,-0.04790697674418604
Frangieh_IFNg_IFNG,Frangieh,6,2,0.25581395348837205,0.30046511627906974,-0.04465116279069769
Frangieh_IFNg_IFNG,Frangieh,6,4,0.2688372093023255,0.313953488372093,-0.04511627906976748
Frangieh_IFNg_IFNG,Frangieh,6,7,0.2790697674418604,0.34883720930232553,-0.06976744186046518
Frangieh_IFNg_IFNG,Frangieh,7,1,0.2827906976744186,0.2581395348837209,0.024651162790697696
Frangieh_IFNg_IFNG,Frangieh,7,2,0.3009302325581395,0.2637209302325581,0.03720930232558142
Frangieh_IFNg_IFNG,Frangieh,7,4,0.3125581395348837,0.2665116279069767,0.046046511627907
Frangieh_IFNg_IFNG,Frangieh,7,7,0.3255813953488371,0.2790697674418604,0.04651162790697677
Frangieh_IFNg_IFNG,Frangieh,8,1,0.31209302325581395,0.28511627906976744,0.026976744186046536
Frangieh_IFNg_IFNG,Frangieh,8,2,0.3367441860465116,0.2767441860465116,0.060000000000000026
Frangieh_IFNg_IFNG,Frangieh,8,4,0.35860465116279067,0.27720930232558133,0.08139534883720932
Frangieh_IFNg_IFNG,Frangieh,8,7,0.3720930232558139,0.2790697674418604,0.09302325581395349
Frangieh_IFNg_IFNG,Frangieh,9,1,0.2572093023255813,0.2558139534883721,0.0013953488372092666
Frangieh_IFNg_IFNG,Frangieh,9,2,0.2865116279069767,0.2553488372093023,0.0311627906976744
Frangieh_IFNg_IFNG,Frangieh,9,4,0.2920930232558139,0.26418604651162786,0.027906976744186046
Frangieh_IFNg_IFNG,Frangieh,9,7,0.3023255813953488,0.2790697674418604,0.023255813953488413
Frangieh_IFNg_IFNG,Frangieh,10,1,0.31627906976744186,0.30558139534883716,0.01069767441860468
Frangieh_IFNg_IFNG,Frangieh,10,2,0.3441860465116279,0.30744186046511623,0.03674418604651165
Frangieh_IFNg_IFNG,Frangieh,10,4,0.36093023255813944,0.31581395348837205,0.045116279069767444
Frangieh_IFNg_IFNG,Frangieh,10,7,0.3720930232558139,0.3255813953488371,0.04651162790697672
Frangieh_IFNg_IFNG,Frangieh,11,1,0.3316279069767441,0.3223255813953488,0.00930232558139531
Frangieh_IFNg_IFNG,Frangieh,11,2,0.3720930232558139,0.34,0.03209302325581392
Frangieh_IFNg_IFNG,Frangieh,11,4,0.39813953488372095,0.3427906976744186,0.055348837209302316
Frangieh_IFNg_IFNG,Frangieh,11,7,0.4186046511627907,0.34883720930232553,0.06976744186046513
Frangieh_IFNg_IFNG,Frangieh,12,1,0.33116279069767435,0.2897674418604651,0.04139534883720931
Frangieh_IFNg_IFNG,Frangieh,12,2,0.3548837209302325,0.27860465116279065,0.07627906976744185
Frangieh_IFNg_IFNG,Frangieh,12,4,0.3711627906976744,0.25302325581395346,0.1181395348837209
Frangieh_IFNg_IFNG,Frangieh,12,7,0.3720930232558139,0.24930232558139534,0.12279069767441858
Frangieh_IFNg_IFNG,Frangieh,13,1,0.3437209302325581,0.26465116279069767,0.07906976744186048
Frangieh_IFNg_IFNG,Frangieh,13,2,0.3669767441860465,0.2720930232558139,0.09488372093023256
Frangieh_IFNg_IFNG,Frangieh,13,4,0.39069767441860465,0.28697674418604646,0.10372093023255817
Frangieh_IFNg_IFNG,Frangieh,13,7,0.3953488372093023,0.29116279069767437,0.10418604651162794
Frangieh_IFNg_IFNG,Frangieh,14,1,0.22930232558139532,0.27674418604651163,-0.047441860465116295
Frangieh_IFNg_IFNG,Frangieh,14,2,0.24930232558139534,0.2883720930232558,-0.039069767441860484
Frangieh_IFNg_IFNG,Frangieh,14,4,0.27813953488372095,0.30465116279069765,-0.02651162790697674
Frangieh_IFNg_IFNG,Frangieh,14,7,0.3023255813953488,0.3023255813953488,0.0
Frangieh_IFNg_IFNG,Frangieh,15,1,0.2423255813953488,0.23534883720930228,0.006976744186046535
Frangieh_IFNg_IFNG,Frangieh,15,2,0.26604651162790693,0.2613953488372093,0.004651162790697687
Frangieh_IFNg_IFNG,Frangieh,15,4,0.2720930232558139,0.27999999999999997,-0.007906976744186058
Frangieh_IFNg_IFNG,Frangieh,15,7,0.2790697674418604,0.3023255813953488,-0.023255813953488413
Frangieh_IFNg_IFNG,Frangieh,16,1,0.2293023255813953,0.29534883720930233,-0.06604651162790699
Frangieh_IFNg_IFNG,Frangieh,16,2,0.2683720930232558,0.333953488372093,-0.0655813953488372
Frangieh_IFNg_IFNG,Frangieh,16,4,0.2981395348837209,0.35302325581395344,-0.05488372093023252
Frangieh_IFNg_IFNG,Frangieh,16,7,0.3255813953488371,0.3720930232558139,-0.04651162790697672
Frangieh_IFNg_IFNG,Frangieh,17,1,0.3027906976744186,0.2981395348837209,0.004651162790697684
Frangieh_IFNg_IFNG,Frangieh,17,2,0.3372093023255814,0.28883720930232554,0.048372093023255826
Frangieh_IFNg_IFNG,Frangieh,17,4,0.36093023255813944,0.2874418604651162,0.07348837209302327
Frangieh_IFNg_IFNG,Frangieh,17,7,0.3720930232558139,0.2790697674418604,0.09302325581395349
Frangieh_IFNg_IFNG,Frangieh,18,1,0.28697674418604646,0.2967441860465116,-0.00976744186046513
Frangieh_IFNg_IFNG,Frangieh,18,2,0.3186046511627907,0.3051162790697674,0.013488372093023247
Frangieh_IFNg_IFNG,Frangieh,18,4,0.3237209302325581,0.30604651162790697,0.017674418604651153
Frangieh_IFNg_IFNG,Frangieh,18,7,0.3255813953488371,0.30558139534883716,0.019999999999999997
Frangieh_IFNg_IFNG,Frangieh,19,1,0.3186046511627907,0.2995348837209302,0.019069767441860477
Frangieh_IFNg_IFNG,Frangieh,19,2,0.35627906976744184,0.3288372093023256,0.027441860465116305
Frangieh_IFNg_IFNG,Frangieh,19,4,0.3869767441860465,0.3534883720930232,0.033488372093023286
Frangieh_IFNg_IFNG,Frangieh,19,7,0.3953488372093023,0.3720930232558139,0.023255813953488413
Frangieh_IFNg_IFNG,Frangieh,20,1,0.3009302325581395,0.35441860465116276,-0.05348837209302326
Frangieh_IFNg_IFNG,Frangieh,20,2,0.31395348837209297,0.3641860465116279,-0.050232558139534894
Frangieh_IFNg_IFNG,Frangieh,20,4,0.3372093023255814,0.3627906976744186,-0.02558139534883724
Frangieh_IFNg_IFNG,Frangieh,20,7,0.3720930232558139,0.34883720930232553,0.023255813953488302
Frangieh_IFNg_IFNG,Frangieh,21,1,0.28511627906976744,0.2837209302325581,0.0013953488372093147
Frangieh_IFNg_IFNG,Frangieh,21,2,0.32279069767441854,0.29860465116279067,0.02418604651162791
Frangieh_IFNg_IFNG,Frangieh,21,4,0.3544186046511627,0.31162790697674414,0.04279069767441859
Frangieh_IFNg_IFNG,Frangieh,21,7,0.3720930232558139,0.3255813953488371,0.04651162790697672
Frangieh_IFNg_IFNG,Frangieh,22,1,0.25162790697674414,0.24604651162790692,0.005581395348837211
Frangieh_IFNg_IFNG,Frangieh,22,2,0.27534883720930226,0.25720930232558137,0.01813953488372093
Frangieh_IFNg_IFNG,Frangieh,22,4,0.2934883720930232,0.2837209302325581,0.009767441860465121
Frangieh_IFNg_IFNG,Frangieh,22,7,0.3023255813953488,0.3255813953488371,-0.02325581395348836
Frangieh_IFNg_IFNG,Frangieh,23,1,0.29302325581395344,0.2967441860465116,-0.003720930232558141
Frangieh_IFNg_IFNG,Frangieh,23,2,0.3153488372093023,0.3009302325581395,0.014418604651162802
Frangieh_IFNg_IFNG,Frangieh,23,4,0.33302325581395353,0.30186046511627906,0.03116279069767445
Frangieh_IFNg_IFNG,Frangieh,23,7,0.34883720930232553,0.3255813953488371,0.023255813953488413
Frangieh_IFNg_IFNG,Frangieh,24,1,0.29441860465116276,0.3065116279069767,-0.012093023255813972
Frangieh_IFNg_IFNG,Frangieh,24,2,0.3246511627906976,0.31813953488372093,0.006511627906976712
Frangieh_IFNg_IFNG,Frangieh,24,4,0.35302325581395344,0.33302325581395353,0.019999999999999952
Frangieh_IFNg_IFNG,Frangieh,24,7,0.3720930232558139,0.34883720930232553,0.023255813953488302
Frangieh_IFNg_IFNG,Frangieh,25,1,0.3037209302325581,0.3227906976744186,-0.019069767441860487
Frangieh_IFNg_IFNG,Frangieh,25,2,0.32558139534883723,0.3125581395348837,0.01302325581395348
Frangieh_IFNg_IFNG,Frangieh,25,4,0.33906976744186046,0.28930232558139535,0.04976744186046512
Frangieh_IFNg_IFNG,Frangieh,25,7,0.34883720930232553,0.2558139534883721,0.09302325581395349
Frangieh_IFNg_IFNG,Frangieh,26,1,0.29209302325581393,0.33116279069767435,-0.03906976744186044
Frangieh_IFNg_IFNG,Frangieh,26,2,0.30790697674418605,0.3413953488372093,-0.03348837209302325
Frangieh_IFNg_IFNG,Frangieh,26,4,0.33348837209302323,0.3627906976744186,-0.029302325581395342
Frangieh_IFNg_IFNG,Frangieh,26,7,0.34883720930232553,0.3953488372093023,-0.04651162790697672
Frangieh_IFNg_IFNG,Frangieh,27,1,0.2423255813953488,0.24697674418604648,-0.004651162790697659
Frangieh_IFNg_IFNG,Frangieh,27,2,0.26372093023255816,0.2362790697674418,0.0274418604651163
Frangieh_IFNg_IFNG,Frangieh,27,4,0.30511627906976746,0.23162790697674418,0.0734883720930233
Frangieh_IFNg_IFNG,Frangieh,27,7,0.34883720930232553,0.23255813953488372,0.1162790697674419
Frangieh_IFNg_IFNG,Frangieh,28,1,0.33906976744186046,0.2967441860465116,0.04232558139534884
Frangieh_IFNg_IFNG,Frangieh,28,2,0.3697674418604651,0.2925581395348837,0.0772093023255814
Frangieh_IFNg_IFNG,Frangieh,28,4,0.38930232558139527,0.2841860465116278,0.10511627906976746
Frangieh_IFNg_IFNG,Frangieh,28,7,0.3953488372093023,0.2790697674418604,0.1162790697674419
Frangieh_IFNg_IFNG,Frangieh,29,1,0.2544186046511627,0.26186046511627903,-0.0074418604651162925
Frangieh_IFNg_IFNG,Frangieh,29,2,0.2804651162790697,0.2534883720930232,0.026976744186046488
Frangieh_IFNg_IFNG,Frangieh,29,4,0.30744186046511623,0.24930232558139537,0.058139534883720895
Frangieh_IFNg_IFNG,Frangieh,29,7,0.3255813953488371,0.2558139534883721,0.06976744186046507
Frangieh_IFNg_IL2STAT5,Frangieh,0,1,0.387906976744186,0.20046511627906974,0.1874418604651163
Frangieh_IFNg_IL2STAT5,Frangieh,0,2,0.4265116279069768,0.2023255813953488,0.22418604651162796
Frangieh_IFNg_IL2STAT5,Frangieh,0,4,0.4697674418604651,0.20232558139534876,0.26744186046511637
Frangieh_IFNg_IL2STAT5,Frangieh,0,7,0.5116279069767442,0.2093023255813953,0.30232558139534893
Frangieh_IFNg_IL2STAT5,Frangieh,1,1,0.42,0.1948837209302325,0.22511627906976753
Frangieh_IFNg_IL2STAT5,Frangieh,1,2,0.45767441860465113,0.19860465116279066,0.25906976744186055
Frangieh_IFNg_IL2STAT5,Frangieh,1,4,0.4758139534883721,0.2032558139534883,0.2725581395348838
Frangieh_IFNg_IL2STAT5,Frangieh,1,7,0.48837209302325574,0.19860465116279064,0.28976744186046516
Frangieh_IFNg_IL2STAT5,Frangieh,2,1,0.3576744186046512,0.21581395348837204,0.14186046511627912
Frangieh_IFNg_IL2STAT5,Frangieh,2,2,0.40837209302325583,0.2060465116279069,0.20232558139534892
Frangieh_IFNg_IL2STAT5,Frangieh,2,4,0.43906976744186044,0.20558139534883715,0.2334883720930233
Frangieh_IFNg_IL2STAT5,Frangieh,2,7,0.5116279069767442,0.1860465116279069,0.32558139534883734
Frangieh_IFNg_IL2STAT5,Frangieh,3,1,0.3093023255813953,0.2497674418604651,0.05953488372093024
Frangieh_IFNg_IL2STAT5,Frangieh,3,2,0.34604651162790695,0.2483720930232558,0.09767441860465118
Frangieh_IFNg_IL2STAT5,Frangieh,3,4,0.3948837209302326,0.23627906976744184,0.1586046511627907
Frangieh_IFNg_IL2STAT5,Frangieh,3,7,0.4186046511627907,0.2558139534883721,0.16279069767441862
Frangieh_IFNg_IL2STAT5,Frangieh,4,1,0.43581395348837204,0.21534883720930229,0.2204651162790698
Frangieh_IFNg_IL2STAT5,Frangieh,4,2,0.4604651162790697,0.2037209302325581,0.25674418604651167
Frangieh_IFNg_IL2STAT5,Frangieh,4,4,0.4855813953488372,0.19860465116279066,0.2869767441860466
Frangieh_IFNg_IL2STAT5,Frangieh,4,7,0.48837209302325574,0.19999999999999996,0.28837209302325584
Frangieh_IFNg_IL2STAT5,Frangieh,5,1,0.4069767441860465,0.21627906976744182,0.19069767441860472
Frangieh_IFNg_IL2STAT5,Frangieh,5,2,0.4376744186046511,0.2181395348837209,0.21953488372093027
Frangieh_IFNg_IL2STAT5,Frangieh,5,4,0.4544186046511628,0.21395348837209296,0.2404651162790698
Frangieh_IFNg_IL2STAT5,Frangieh,5,7,0.46511627906976744,0.1860465116279069,0.2790697674418605
Frangieh_IFNg_IL2STAT5,Frangieh,6,1,0.48186046511627906,0.27162790697674416,0.21023255813953493
Frangieh_IFNg_IL2STAT5,Frangieh,6,2,0.5046511627906977,0.273953488372093,0.2306976744186047
Frangieh_IFNg_IL2STAT5,Frangieh,6,4,0.5204651162790698,0.26930232558139533,0.25116279069767444
Frangieh_IFNg_IL2STAT5,Frangieh,6,7,0.5348837209302325,0.2558139534883721,0.2790697674418604
Frangieh_IFNg_IL2STAT5,Frangieh,7,1,0.40837209302325583,0.24046511627906975,0.16790697674418606
Frangieh_IFNg_IL2STAT5,Frangieh,7,2,0.4525581395348837,0.2227906976744186,0.22976744186046516
Frangieh_IFNg_IL2STAT5,Frangieh,7,4,0.4748837209302325,0.2195348837209302,0.25534883720930235
Frangieh_IFNg_IL2STAT5,Frangieh,7,7,0.48837209302325574,0.23255813953488372,0.2558139534883721
Frangieh_IFNg_IL2STAT5,Frangieh,8,1,0.45023255813953483,0.20976744186046506,0.2404651162790698
Frangieh_IFNg_IL2STAT5,Frangieh,8,2,0.4930232558139535,0.21255813953488367,0.28046511627906984
Frangieh_IFNg_IL2STAT5,Frangieh,8,4,0.5069767441860464,0.21023255813953484,0.2967441860465117
Frangieh_IFNg_IL2STAT5,Frangieh,8,7,0.5116279069767442,0.20837209302325577,0.3032558139534885
Frangieh_IFNg_IL2STAT5,Frangieh,9,1,0.4027906976744186,0.23441860465116274,0.16837209302325584
Frangieh_IFNg_IL2STAT5,Frangieh,9,2,0.43348837209302327,0.2381395348837209,0.19534883720930232
Frangieh_IFNg_IL2STAT5,Frangieh,9,4,0.453953488372093,0.253953488372093,0.19999999999999996
Frangieh_IFNg_IL2STAT5,Frangieh,9,7,0.46511627906976744,0.26744186046511625,0.19767441860465113
Frangieh_IFNg_IL2STAT5,Frangieh,10,1,0.35348837209302325,0.2711627906976744,0.08232558139534882
Frangieh_IFNg_IL2STAT5,Frangieh,10,2,0.38651162790697674,0.26046511627906976,0.12604651162790695
Frangieh_IFNg_IL2STAT5,Frangieh,10,4,0.41441860465116276,0.2567441860465116,0.15767441860465115
Frangieh_IFNg_IL2STAT5,Frangieh,10,7,0.4418604651162791,0.2558139534883721,0.18604651162790697
Frangieh_IFNg_IL2STAT5,Frangieh,11,1,0.3567441860465116,0.22465116279069763,0.13209302325581398
Frangieh_IFNg_IL2STAT5,Frangieh,11,2,0.39906976744186046,0.23069767441860464,0.16837209302325587
Frangieh_IFNg_IL2STAT5,Frangieh,11,4,0.4306976744186046,0.23255813953488372,0.19813953488372096
Frangieh_IFNg_IL2STAT5,Frangieh,11,7,0.4418604651162791,0.23255813953488372,0.2093023255813954
Frangieh_IFNg_IL2STAT5,Frangieh,12,1,0.4451162790697674,0.2762790697674419,0.1688372093023256
Frangieh_IFNg_IL2STAT5,Frangieh,12,2,0.4623255813953488,0.2669767441860465,0.19534883720930235
Frangieh_IFNg_IL2STAT5,Frangieh,12,4,0.4958139534883721,0.23720930232558135,0.25860465116279074
Frangieh_IFNg_IL2STAT5,Frangieh,12,7,0.5116279069767442,0.2093023255813953,0.30232558139534893
Frangieh_IFNg_IL2STAT5,Frangieh,13,1,0.39302325581395353,0.21255813953488367,0.1804651162790698
Frangieh_IFNg_IL2STAT5,Frangieh,13,2,0.41441860465116276,0.22139534883720927,0.19302325581395355
Frangieh_IFNg_IL2STAT5,Frangieh,13,4,0.4306976744186046,0.22558139534883717,0.20511627906976748
Frangieh_IFNg_IL2STAT5,Frangieh,13,7,0.4418604651162791,0.23255813953488372,0.2093023255813954
Frangieh_IFNg_IL2STAT5,Frangieh,14,1,0.3869767441860465,0.17395348837209293,0.21302325581395354
Frangieh_IFNg_IL2STAT5,Frangieh,14,2,0.4083720930232558,0.1604651162790697,0.24790697674418605
Frangieh_IFNg_IL2STAT5,Frangieh,14,4,0.43302325581395346,0.1534883720930232,0.2795348837209302
Frangieh_IFNg_IL2STAT5,Frangieh,14,7,0.46511627906976744,0.1395348837209302,0.3255813953488371
Frangieh_IFNg_IL2STAT5,Frangieh,15,1,0.4069767441860465,0.20511627906976743,0.2018604651162791
Frangieh_IFNg_IL2STAT5,Frangieh,15,2,0.44046511627906976,0.20139534883720928,0.2390697674418605
Frangieh_IFNg_IL2STAT5,Frangieh,15,4,0.472093023255814,0.19348837209302322,0.2786046511627907
Frangieh_IFNg_IL2STAT5,Frangieh,15,7,0.5348837209302325,0.1860465116279069,0.34883720930232565
Frangieh_IFNg_IL2STAT5,Frangieh,16,1,0.5348837209302326,0.28465116279069763,0.25023255813953493
Frangieh_IFNg_IL2STAT5,Frangieh,16,2,0.5730232558139535,0.2874418604651163,0.28558139534883725
Frangieh_IFNg_IL2STAT5,Frangieh,16,4,0.6139534883720931,0.27581395348837207,0.338139534883721
Frangieh_IFNg_IL2STAT5,Frangieh,16,7,0.6511627906976745,0.23255813953488372,0.4186046511627908
Frangieh_IFNg_IL2STAT5,Frangieh,17,1,0.38604651162790693,0.25906976744186044,0.12697674418604651
Frangieh_IFNg_IL2STAT5,Frangieh,17,2,0.40651162790697676,0.25627906976744186,0.1502325581395349
Frangieh_IFNg_IL2STAT5,Frangieh,17,4,0.4232558139534883,0.2544186046511628,0.1688372093023256
Frangieh_IFNg_IL2STAT5,Frangieh,17,7,0.4418604651162791,0.2558139534883721,0.18604651162790697
Frangieh_IFNg_IL2STAT5,Frangieh,18,1,0.407906976744186,0.22837209302325576,0.17953488372093027
Frangieh_IFNg_IL2STAT5,Frangieh,18,2,0.433953488372093,0.2209302325581395,0.2130232558139535
Frangieh_IFNg_IL2STAT5,Frangieh,18,4,0.45069767441860464,0.21162790697674413,0.23906976744186045
Frangieh_IFNg_IL2STAT5,Frangieh,18,7,0.46511627906976744,0.23255813953488372,0.23255813953488372
Frangieh_IFNg_IL2STAT5,Frangieh,19,1,0.4241860465116279,0.22325581395348834,0.20093023255813955
Frangieh_IFNg_IL2STAT5,Frangieh,19,2,0.4693023255813953,0.24790697674418602,0.2213953488372093
Frangieh_IFNg_IL2STAT5,Frangieh,19,4,0.48651162790697666,0.22604651162790695,0.2604651162790698
Frangieh_IFNg_IL2STAT5,Frangieh,19,7,0.48837209302325574,0.2195348837209302,0.26883720930232563
Frangieh_IFNg_IL2STAT5,Frangieh,20,1,0.46930232558139534,0.2562790697674418,0.21302325581395354
Frangieh_IFNg_IL2STAT5,Frangieh,20,2,0.5093023255813953,0.22372093023255812,0.28558139534883725
Frangieh_IFNg_IL2STAT5,Frangieh,20,4,0.5483720930232558,0.2227906976744186,0.3255813953488373
Frangieh_IFNg_IL2STAT5,Frangieh,20,7,0.5813953488372093,0.23255813953488372,0.34883720930232565
Frangieh_IFNg_IL2STAT5,Frangieh,21,1,0.44418604651162785,0.2223255813953488,0.2218604651162791
Frangieh_IFNg_IL2STAT5,Frangieh,21,2,0.4618604651162791,0.21023255813953484,0.2516279069767442
Frangieh_IFNg_IL2STAT5,Frangieh,21,4,0.4767441860465116,0.20139534883720928,0.27534883720930237
Frangieh_IFNg_IL2STAT5,Frangieh,21,7,0.48837209302325574,0.16279069767441856,0.32558139534883723
Frangieh_IFNg_IL2STAT5,Frangieh,22,1,0.467906976744186,0.2251162790697674,0.24279069767441863
Frangieh_IFNg_IL2STAT5,Frangieh,22,2,0.5237209302325582,0.22558139534883714,0.298139534883721
Frangieh_IFNg_IL2STAT5,Frangieh,22,4,0.5786046511627907,0.21441860465116275,0.36418604651162795
Frangieh_IFNg_IL2STAT5,Frangieh,22,7,0.6046511627906976,0.2093023255813953,0.39534883720930236
Frangieh_IFNg_IL2STAT5,Frangieh,23,1,0.41023255813953485,0.1948837209302325,0.21534883720930234
Frangieh_IFNg_IL2STAT5,Frangieh,23,2,0.43999999999999995,0.1995348837209302,0.24046511627906977
Frangieh_IFNg_IL2STAT5,Frangieh,23,4,0.46418604651162787,0.20511627906976743,0.25906976744186044
Frangieh_IFNg_IL2STAT5,Frangieh,23,7,0.46511627906976744,0.20558139534883718,0.25953488372093025
Frangieh_IFNg_IL2STAT5,Frangieh,24,1,0.4190697674418605,0.23767441860465113,0.1813953488372093
Frangieh_IFNg_IL2STAT5,Frangieh,24,2,0.47860465116279066,0.23488372093023252,0.24372093023255817
Frangieh_IFNg_IL2STAT5,Frangieh,24,4,0.5306976744186046,0.22511627906976742,0.30558139534883727
Frangieh_IFNg_IL2STAT5,Frangieh,24,7,0.5581395348837209,0.2093023255813953,0.34883720930232565
Frangieh_IFNg_IL2STAT5,Frangieh,25,1,0.4316279069767442,0.2925581395348837,0.13906976744186048
Frangieh_IFNg_IL2STAT5,Frangieh,25,2,0.47162790697674417,0.3186046511627907,0.1530232558139535
Frangieh_IFNg_IL2STAT5,Frangieh,25,4,0.5051162790697675,0.3353488372093023,0.16976744186046516
Frangieh_IFNg_IL2STAT5,Frangieh,25,7,0.5116279069767442,0.3413953488372093,0.17023255813953495
Frangieh_IFNg_IL2STAT5,Frangieh,26,1,0.3846511627906976,0.21767441860465112,0.16697674418604652
Frangieh_IFNg_IL2STAT5,Frangieh,26,2,0.3897674418604651,0.22930232558139532,0.16046511627906976
Frangieh_IFNg_IL2STAT5,Frangieh,26,4,0.3953488372093023,0.24418604651162787,0.1511627906976744
Frangieh_IFNg_IL2STAT5,Frangieh,26,7,0.3953488372093023,0.24418604651162787,0.1511627906976744
Frangieh_IFNg_IL2STAT5,Frangieh,27,1,0.2958139534883721,0.20325581395348835,0.09255813953488375
Frangieh_IFNg_IL2STAT5,Frangieh,27,2,0.3404651162790697,0.2023255813953488,0.13813953488372094
Frangieh_IFNg_IL2STAT5,Frangieh,27,4,0.39069767441860465,0.2023255813953488,0.18837209302325583
Frangieh_IFNg_IL2STAT5,Frangieh,27,7,0.4186046511627907,0.23255813953488372,0.18604651162790703
Frangieh_IFNg_IL2STAT5,Frangieh,28,1,0.4269767441860465,0.19395348837209297,0.2330232558139535
Frangieh_IFNg_IL2STAT5,Frangieh,28,2,0.4711627906976744,0.19534883720930224,0.2758139534883722
Frangieh_IFNg_IL2STAT5,Frangieh,28,4,0.5130232558139535,0.1916279069767441,0.3213953488372093
Frangieh_IFNg_IL2STAT5,Frangieh,28,7,0.5348837209302325,0.1860465116279069,0.34883720930232565
Frangieh_IFNg_IL2STAT5,Frangieh,29,1,0.40837209302325583,0.24697674418604654,0.16139534883720927
Frangieh_IFNg_IL2STAT5,Frangieh,29,2,0.4409302325581395,0.2502325581395349,0.19069767441860466
Frangieh_IFNg_IL2STAT5,Frangieh,29,4,0.47348837209302325,0.24418604651162787,0.22930232558139538
Frangieh_IFNg_IL2STAT5,Frangieh,29,7,0.5116279069767442,0.23255813953488372,0.2790697674418605
Frangieh_IFNg_TNFA,Frangieh,0,1,0.3953488372093023,0.17441860465116274,0.22093023255813957
Frangieh_IFNg_TNFA,Frangieh,0,2,0.4502325581395349,0.18511627906976738,0.26511627906976754
Frangieh_IFNg_TNFA,Frangieh,0,4,0.48093023255813955,0.1846511627906976,0.29627906976744195
Frangieh_IFNg_TNFA,Frangieh,0,7,0.48837209302325574,0.1860465116279069,0.30232558139534893
Frangieh_IFNg_TNFA,Frangieh,1,1,0.43488372093023253,0.24325581395348833,0.1916279069767442
Frangieh_IFNg_TNFA,Frangieh,1,2,0.4776744186046511,0.22279069767441853,0.2548837209302326
Frangieh_IFNg_TNFA,Frangieh,1,4,0.5209302325581394,0.19999999999999993,0.3209302325581396
Frangieh_IFNg_TNFA,Frangieh,1,7,0.5348837209302325,0.1860465116279069,0.34883720930232565
Frangieh_IFNg_TNFA,Frangieh,2,1,0.4404651162790698,0.22325581395348834,0.21720930232558142
Frangieh_IFNg_TNFA,Frangieh,2,2,0.4776744186046512,0.22139534883720927,0.2562790697674419
Frangieh_IFNg_TNFA,Frangieh,2,4,0.5,0.2023255813953488,0.2976744186046512
Frangieh_IFNg_TNFA,Frangieh,2,7,0.5116279069767442,0.2093023255813953,0.30232558139534893
Frangieh_IFNg_TNFA,Frangieh,3,1,0.4604651162790697,0.24372093023255811,0.21674418604651163
Frangieh_IFNg_TNFA,Frangieh,3,2,0.4869767441860465,0.24651162790697673,0.2404651162790698
Frangieh_IFNg_TNFA,Frangieh,3,4,0.5027906976744186,0.2623255813953488,0.2404651162790698
Frangieh_IFNg_TNFA,Frangieh,3,7,0.5116279069767442,0.2790697674418604,0.2325581395348838
Frangieh_IFNg_TNFA,Frangieh,4,1,0.4846511627906977,0.2883720930232558,0.19627906976744192
Frangieh_IFNg_TNFA,Frangieh,4,2,0.512093023255814,0.3195348837209302,0.19255813953488377
Frangieh_IFNg_TNFA,Frangieh,4,4,0.54,0.3246511627906976,0.2153488372093024
Frangieh_IFNg_TNFA,Frangieh,4,7,0.5813953488372093,0.3023255813953488,0.2790697674418605
Frangieh_IFNg_TNFA,Frangieh,5,1,0.45069767441860464,0.26186046511627903,0.1888372093023256
Frangieh_IFNg_TNFA,Frangieh,5,2,0.48604651162790696,0.2567441860465116,0.2293023255813954
Frangieh_IFNg_TNFA,Frangieh,5,4,0.5227906976744187,0.26325581395348835,0.25953488372093025
Frangieh_IFNg_TNFA,Frangieh,5,7,0.5348837209302325,0.3023255813953488,0.23255813953488372
Frangieh_IFNg_TNFA,Frangieh,6,1,0.4381395348837209,0.20883720930232555,0.22930232558139538
Frangieh_IFNg_TNFA,Frangieh,6,2,0.4827906976744186,0.2097674418604651,0.27302325581395354
Frangieh_IFNg_TNFA,Frangieh,6,4,0.5116279069767442,0.22465116279069763,0.2869767441860466
Frangieh_IFNg_TNFA,Frangieh,6,7,0.5116279069767442,0.22465116279069763,0.2869767441860466
Frangieh_IFNg_TNFA,Frangieh,7,1,0.40651162790697676,0.21767441860465112,0.18883720930232564
Frangieh_IFNg_TNFA,Frangieh,7,2,0.42604651162790697,0.20186046511627903,0.22418604651162796
Frangieh_IFNg_TNFA,Frangieh,7,4,0.43860465116279074,0.17441860465116277,0.26418604651162797
Frangieh_IFNg_TNFA,Frangieh,7,7,0.4418604651162791,0.16279069767441856,0.2790697674418605
Frangieh_IFNg_TNFA,Frangieh,8,1,0.486046511627907,0.19813953488372088,0.28790697674418614
Frangieh_IFNg_TNFA,Frangieh,8,2,0.5097674418604651,0.19023255813953482,0.3195348837209303
Frangieh_IFNg_TNFA,Frangieh,8,4,0.5413953488372093,0.19999999999999996,0.34139534883720934
Frangieh_IFNg_TNFA,Frangieh,8,7,0.5581395348837209,0.2093023255813953,0.34883720930232565
Frangieh_IFNg_TNFA,Frangieh,9,1,0.4195348837209302,0.1651162790697674,0.25441860465116284
Frangieh_IFNg_TNFA,Frangieh,9,2,0.44883720930232557,0.14790697674418601,0.30093023255813955
Frangieh_IFNg_TNFA,Frangieh,9,4,0.46372093023255806,0.13348837209302322,0.3302325581395349
Frangieh_IFNg_TNFA,Frangieh,9,7,0.46511627906976744,0.13162790697674415,0.33348837209302323
Frangieh_IFNg_TNFA,Frangieh,10,1,0.41860465116279066,0.23441860465116274,0.18418604651162793
Frangieh_IFNg_TNFA,Frangieh,10,2,0.4497674418604651,0.20976744186046503,0.24000000000000005
Frangieh_IFNg_TNFA,Frangieh,10,4,0.4623255813953488,0.1902325581395348,0.272093023255814
Frangieh_IFNg_TNFA,Frangieh,10,7,0.46511627906976744,0.1860465116279069,0.2790697674418605
Frangieh_IFNg_TNFA,Frangieh,11,1,0.44139534883720927,0.2586046511627907,0.1827906976744186
Frangieh_IFNg_TNFA,Frangieh,11,2,0.48604651162790696,0.2455813953488372,0.24046511627906977
Frangieh_IFNg_TNFA,Frangieh,11,4,0.5116279069767442,0.25116279069767444,0.2604651162790697
Frangieh_IFNg_TNFA,Frangieh,11,7,0.5348837209302325,0.2558139534883721,0.2790697674418604
Frangieh_IFNg_TNFA,Frangieh,12,1,0.4413953488372093,0.22046511627906973,0.22093023255813957
Frangieh_IFNg_TNFA,Frangieh,12,2,0.472093023255814,0.22790697674418603,0.24418604651162795
Frangieh_IFNg_TNFA,Frangieh,12,4,0.5004651162790698,0.22883720930232557,0.2716279069767442
Frangieh_IFNg_TNFA,Frangieh,12,7,0.5116279069767442,0.23255813953488372,0.2790697674418605
Frangieh_IFNg_TNFA,Frangieh,13,1,0.44325581395348834,0.2344186046511628,0.20883720930232555
Frangieh_IFNg_TNFA,Frangieh,13,2,0.4683720930232558,0.24697674418604648,0.2213953488372093
Frangieh_IFNg_TNFA,Frangieh,13,4,0.4874418604651163,0.24465116279069765,0.2427906976744186
Frangieh_IFNg_TNFA,Frangieh,13,7,0.5116279069767442,0.23255813953488372,0.2790697674418605
Frangieh_IFNg_TNFA,Frangieh,14,1,0.4958139534883721,0.1967441860465116,0.29906976744186053
Frangieh_IFNg_TNFA,Frangieh,14,2,0.5451162790697675,0.1730232558139534,0.37209302325581406
Frangieh_IFNg_TNFA,Frangieh,14,4,0.5716279069767443,0.1832558139534883,0.388372093023256
Frangieh_IFNg_TNFA,Frangieh,14,7,0.5813953488372093,0.1860465116279069,0.3953488372093025
Frangieh_IFNg_TNFA,Frangieh,15,1,0.4893023255813953,0.19255813953488368,0.29674418604651165
Frangieh_IFNg_TNFA,Frangieh,15,2,0.515813953488372,0.19720930232558134,0.31860465116279074
Frangieh_IFNg_TNFA,Frangieh,15,4,0.5320930232558139,0.19534883720930224,0.3367441860465117
Frangieh_IFNg_TNFA,Frangieh,15,7,0.5348837209302325,0.19674418604651156,0.338139534883721
Frangieh_IFNg_TNFA,Frangieh,16,1,0.4874418604651163,0.21069767441860462,0.27674418604651163
Frangieh_IFNg_TNFA,Frangieh,16,2,0.5288372093023256,0.20744186046511626,0.3213953488372093
Frangieh_IFNg_TNFA,Frangieh,16,4,0.553953488372093,0.2134883720930232,0.3404651162790698
Frangieh_IFNg_TNFA,Frangieh,16,7,0.5581395348837209,0.2093023255813953,0.34883720930232565
Frangieh_IFNg_TNFA,Frangieh,17,1,0.45767441860465113,0.24697674418604648,0.21069767441860468
Frangieh_IFNg_TNFA,Frangieh,17,2,0.4916279069767442,0.2567441860465116,0.23488372093023255
Frangieh_IFNg_TNFA,Frangieh,17,4,0.5241860465116279,0.25209302325581395,0.2720930232558139
Frangieh_IFNg_TNFA,Frangieh,17,7,0.5348837209302325,0.2558139534883721,0.2790697674418604
Frangieh_IFNg_TNFA,Frangieh,18,1,0.4623255813953488,0.26372093023255816,0.1986046511627907
Frangieh_IFNg_TNFA,Frangieh,18,2,0.4781395348837209,0.2632558139534884,0.21488372093023256
Frangieh_IFNg_TNFA,Frangieh,18,4,0.48837209302325574,0.26418604651162786,0.2241860465116279
Frangieh_IFNg_TNFA,Frangieh,18,7,0.48837209302325574,0.26418604651162786,0.2241860465116279
Frangieh_IFNg_TNFA,Frangieh,19,1,0.44883720930232557,0.153953488372093,0.2948837209302326
Frangieh_IFNg_TNFA,Frangieh,19,2,0.48046511627906974,0.14558139534883718,0.3348837209302326
Frangieh_IFNg_TNFA,Frangieh,19,4,0.5097674418604651,0.13720930232558134,0.3725581395348837
Frangieh_IFNg_TNFA,Frangieh,19,7,0.5348837209302325,0.1395348837209302,0.3953488372093023
Frangieh_IFNg_TNFA,Frangieh,20,1,0.5311627906976745,0.21999999999999997,0.31116279069767444
Frangieh_IFNg_TNFA,Frangieh,20,2,0.5516279069767441,0.23720930232558138,0.3144186046511628
Frangieh_IFNg_TNFA,Frangieh,20,4,0.5697674418604651,0.23069767441860464,0.3390697674418605
Frangieh_IFNg_TNFA,Frangieh,20,7,0.5813953488372093,0.2093023255813953,0.37209302325581406
Frangieh_IFNg_TNFA,Frangieh,21,1,0.4995348837209302,0.19860465116279064,0.3009302325581396
Frangieh_IFNg_TNFA,Frangieh,21,2,0.5283720930232558,0.20511627906976737,0.32325581395348846
Frangieh_IFNg_TNFA,Frangieh,21,4,0.564186046511628,0.21023255813953484,0.3539534883720931
Frangieh_IFNg_TNFA,Frangieh,21,7,0.5813953488372093,0.2093023255813953,0.37209302325581406
Frangieh_IFNg_TNFA,Frangieh,22,1,0.4251162790697674,0.201860465116279,0.22325581395348845
Frangieh_IFNg_TNFA,Frangieh,22,2,0.4558139534883721,0.20883720930232552,0.2469767441860466
Frangieh_IFNg_TNFA,Frangieh,22,4,0.48325581395348843,0.2065116279069767,0.27674418604651174
Frangieh_IFNg_TNFA,Frangieh,22,7,0.5116279069767442,0.2093023255813953,0.30232558139534893
Frangieh_IFNg_TNFA,Frangieh,23,1,0.47674418604651164,0.2041860465116279,0.2725581395348838
Frangieh_IFNg_TNFA,Frangieh,23,2,0.5097674418604651,0.21023255813953484,0.2995348837209303
Frangieh_IFNg_TNFA,Frangieh,23,4,0.5232558139534883,0.20511627906976737,0.318139534883721
Frangieh_IFNg_TNFA,Frangieh,23,7,0.5348837209302325,0.2093023255813953,0.32558139534883723
Frangieh_IFNg_TNFA,Frangieh,24,1,0.39162790697674416,0.19999999999999996,0.1916279069767442
Frangieh_IFNg_TNFA,Frangieh,24,2,0.44744186046511625,0.17395348837209298,0.2734883720930233
Frangieh_IFNg_TNFA,Frangieh,24,4,0.4599999999999999,0.15348837209302324,0.3065116279069767
Frangieh_IFNg_TNFA,Frangieh,24,7,0.46511627906976744,0.1395348837209302,0.3255813953488371
Frangieh_IFNg_TNFA,Frangieh,25,1,0.41209302325581393,0.26325581395348835,0.14883720930232558
Frangieh_IFNg_TNFA,Frangieh,25,2,0.44883720930232557,0.2409302325581395,0.207906976744186
Frangieh_IFNg_TNFA,Frangieh,25,4,0.46511627906976744,0.24139534883720926,0.22372093023255807
Frangieh_IFNg_TNFA,Frangieh,25,7,0.46511627906976744,0.24139534883720926,0.22372093023255807
Frangieh_IFNg_TNFA,Frangieh,26,1,0.33348837209302323,0.17860465116279062,0.15488372093023262
Frangieh_IFNg_TNFA,Frangieh,26,2,0.38046511627906976,0.18511627906976738,0.19534883720930238
Frangieh_IFNg_TNFA,Frangieh,26,4,0.41488372093023257,0.18697674418604643,0.22790697674418614
Frangieh_IFNg_TNFA,Frangieh,26,7,0.4186046511627907,0.1860465116279069,0.2325581395348838
Frangieh_IFNg_TNFA,Frangieh,27,1,0.4116279069767442,0.17255813953488366,0.2390697674418605
Frangieh_IFNg_TNFA,Frangieh,27,2,0.4372093023255814,0.17767441860465114,0.25953488372093025
Frangieh_IFNg_TNFA,Frangieh,27,4,0.46744186046511627,0.1734883720930232,0.29395348837209306
Frangieh_IFNg_TNFA,Frangieh,27,7,0.48837209302325574,0.16279069767441856,0.32558139534883723
Frangieh_IFNg_TNFA,Frangieh,28,1,0.4395348837209302,0.20418604651162783,0.23534883720930236
Frangieh_IFNg_TNFA,Frangieh,28,2,0.4590697674418604,0.20418604651162783,0.2548837209302326
Frangieh_IFNg_TNFA,Frangieh,28,4,0.46511627906976744,0.20372093023255808,0.26139534883720933
Frangieh_IFNg_TNFA,Frangieh,28,7,0.46511627906976744,0.20372093023255808,0.26139534883720933
Frangieh_IFNg_TNFA,Frangieh,29,1,0.4316279069767442,0.2306976744186046,0.20093023255813958
Frangieh_IFNg_TNFA,Frangieh,29,2,0.467906976744186,0.23488372093023252,0.2330232558139535
Frangieh_IFNg_TNFA,Frangieh,29,4,0.5120930232558139,0.2395348837209302,0.2725581395348837
Frangieh_IFNg_TNFA,Frangieh,29,7,0.5348837209302325,0.23255813953488372,0.3023255813953488
Papalexi_IFNg_IFNG,Papalexi,0,1,0.41666666666666663,0.29666666666666663,0.12000000000000002
Papalexi_IFNg_IFNG,Papalexi,0,2,0.45,0.31666666666666665,0.13333333333333336
Papalexi_IFNg_IFNG,Papalexi,0,4,0.49333333333333335,0.34,0.15333333333333335
Papalexi_IFNg_IFNG,Papalexi,0,7,0.5,0.33333333333333326,0.16666666666666669
Papalexi_IFNg_IFNG,Papalexi,1,1,0.4066666666666666,0.23999999999999996,0.1666666666666667
Papalexi_IFNg_IFNG,Papalexi,1,2,0.44,0.27333333333333326,0.16666666666666669
Papalexi_IFNg_IFNG,Papalexi,1,4,0.49666666666666665,0.33,0.16666666666666669
Papalexi_IFNg_IFNG,Papalexi,1,7,0.5,0.33333333333333326,0.16666666666666669
Papalexi_IFNg_IFNG,Papalexi,2,1,0.17666666666666664,0.13333333333333328,0.043333333333333356
Papalexi_IFNg_IFNG,Papalexi,2,2,0.24666666666666665,0.14999999999999994,0.09666666666666669
Papalexi_IFNg_IFNG,Papalexi,2,4,0.31666666666666665,0.16333333333333327,0.15333333333333338
Papalexi_IFNg_IFNG,Papalexi,2,7,0.33333333333333326,0.1666666666666666,0.1666666666666667
Papalexi_IFNg_IFNG,Papalexi,3,1,0.2533333333333333,0.1766666666666666,0.07666666666666669
Papalexi_IFNg_IFNG,Papalexi,3,2,0.3133333333333333,0.20333333333333328,0.11000000000000004
Papalexi_IFNg_IFNG,Papalexi,3,4,0.33333333333333326,0.2066666666666666,0.1266666666666667
Papalexi_IFNg_IFNG,Papalexi,3,7,0.33333333333333326,0.2066666666666666,0.1266666666666667
Papalexi_IFNg_IFNG,Papalexi,4,1,0.26999999999999996,0.3233333333333333,-0.05333333333333334
Papalexi_IFNg_IFNG,Papalexi,4,2,0.30666666666666664,0.33333333333333326,-0.026666666666666675
Papalexi_IFNg_IFNG,Papalexi,4,4,0.33333333333333326,0.33333333333333326,0.0
Papalexi_IFNg_IFNG,Papalexi,4,7,0.33333333333333326,0.33333333333333326,0.0
Papalexi_IFNg_IFNG,Papalexi,5,1,0.3633333333333333,0.24,0.12333333333333332
Papalexi_IFNg_IFNG,Papalexi,5,2,0.44333333333333336,0.3133333333333333,0.13
Papalexi_IFNg_IFNG,Papalexi,5,4,0.49,0.33333333333333326,0.15666666666666668
Papalexi_IFNg_IFNG,Papalexi,5,7,0.5,0.33333333333333326,0.16666666666666669
Papalexi_IFNg_IFNG,Papalexi,6,1,0.43333333333333335,0.43333333333333335,0.0
Papalexi_IFNg_IFNG,Papalexi,6,2,0.48666666666666664,0.48666666666666664,0.0
Papalexi_IFNg_IFNG,Papalexi,6,4,0.5,0.5,0.0
Papalexi_IFNg_IFNG,Papalexi,6,7,0.5,0.5,0.0
Papalexi_IFNg_IFNG,Papalexi,7,1,0.37666666666666665,0.4066666666666666,-0.029999999999999992
Papalexi_IFNg_IFNG,Papalexi,7,2,0.44333333333333336,0.4333333333333333,0.010000000000000014
Papalexi_IFNg_IFNG,Papalexi,7,4,0.49333333333333335,0.43666666666666665,0.056666666666666685
Papalexi_IFNg_IFNG,Papalexi,7,7,0.5,0.44,0.060000000000000026
Papalexi_IFNg_IFNG,Papalexi,8,1,0.11999999999999994,0.11999999999999994,0.0
Papalexi_IFNg_IFNG,Papalexi,8,2,0.15666666666666662,0.15666666666666662,0.0
Papalexi_IFNg_IFNG,Papalexi,8,4,0.1666666666666666,0.1666666666666666,0.0
Papalexi_IFNg_IFNG,Papalexi,8,7,0.1666666666666666,0.1666666666666666,0.0
Papalexi_IFNg_IFNG,Papalexi,9,1,0.46,0.3833333333333333,0.07666666666666666
Papalexi_IFNg_IFNG,Papalexi,9,2,0.56,0.43,0.12999999999999998
Papalexi_IFNg_IFNG,Papalexi,9,4,0.64,0.4766666666666666,0.16333333333333327
Papalexi_IFNg_IFNG,Papalexi,9,7,0.6666666666666665,0.5,0.16666666666666663
Papalexi_IFNg_IFNG,Papalexi,10,1,0.19666666666666666,0.26999999999999996,-0.07333333333333333
Papalexi_IFNg_IFNG,Papalexi,10,2,0.2633333333333333,0.30666666666666664,-0.04333333333333335
Papalexi_IFNg_IFNG,Papalexi,10,4,0.31666666666666665,0.33,-0.013333333333333338
Papalexi_IFNg_IFNG,Papalexi,10,7,0.33333333333333326,0.33333333333333326,0.0
Papalexi_IFNg_IFNG,Papalexi,11,1,0.2866666666666666,0.2866666666666666,0.0
Papalexi_IFNg_IFNG,Papalexi,11,2,0.31666666666666665,0.31666666666666665,0.0
Papalexi_IFNg_IFNG,Papalexi,11,4,0.33333333333333326,0.33333333333333326,0.0
Papalexi_IFNg_IFNG,Papalexi,11,7,0.33333333333333326,0.33333333333333326,0.0
Papalexi_IFNg_IFNG,Papalexi,12,1,0.23999999999999996,0.21666666666666662,0.023333333333333338
Papalexi_IFNg_IFNG,Papalexi,12,2,0.2933333333333333,0.24666666666666662,0.046666666666666676
Papalexi_IFNg_IFNG,Papalexi,12,4,0.33,0.26666666666666666,0.06333333333333335
Papalexi_IFNg_IFNG,Papalexi,12,7,0.33333333333333326,0.26666666666666666,0.0666666666666667
Papalexi_IFNg_IFNG,Papalexi,13,1,0.44666666666666666,0.44666666666666666,0.0
Papalexi_IFNg_IFNG,Papalexi,13,2,0.49333333333333335,0.49333333333333335,0.0
Papalexi_IFNg_IFNG,Papalexi,13,4,0.5,0.5,0.0
Papalexi_IFNg_IFNG,Papalexi,13,7,0.5,0.5,0.0
Papalexi_IFNg_IFNG,Papalexi,14,1,0.2533333333333333,0.1033333333333333,0.15
Papalexi_IFNg_IFNG,Papalexi,14,2,0.30999999999999994,0.16333333333333327,0.1466666666666667
Papalexi_IFNg_IFNG,Papalexi,14,4,0.33333333333333326,0.19333333333333327,0.14000000000000004
Papalexi_IFNg_IFNG,Papalexi,14,7,0.33333333333333326,0.19333333333333327,0.14000000000000004
Papalexi_IFNg_IFNG,Papalexi,15,1,0.2666666666666666,0.2933333333333333,-0.026666666666666682
Papalexi_IFNg_IFNG,Papalexi,15,2,0.3,0.30666666666666664,-0.006666666666666679
Papalexi_IFNg_IFNG,Papalexi,15,4,0.43333333333333335,0.3233333333333333,0.11
Papalexi_IFNg_IFNG,Papalexi,15,7,0.5,0.33333333333333326,0.16666666666666669
Papalexi_IFNg_IFNG,Papalexi,16,1,0.41333333333333333,0.3533333333333333,0.06000000000000001
Papalexi_IFNg_IFNG,Papalexi,16,2,0.4766666666666666,0.37666666666666665,0.10000000000000002
Papalexi_IFNg_IFNG,Papalexi,16,4,0.5,0.38,0.12000000000000002
Papalexi_IFNg_IFNG,Papalexi,16,7,0.5,0.38,0.12000000000000002
Papalexi_IFNg_IFNG,Papalexi,17,1,0.2533333333333333,0.13999999999999996,0.11333333333333334
Papalexi_IFNg_IFNG,Papalexi,17,2,0.30333333333333334,0.15333333333333327,0.15000000000000002
Papalexi_IFNg_IFNG,Papalexi,17,4,0.33333333333333326,0.1666666666666666,0.1666666666666667
Papalexi_IFNg_IFNG,Papalexi,17,7,0.33333333333333326,0.1666666666666666,0.1666666666666667
Papalexi_IFNg_IFNG,Papalexi,18,1,0.33333333333333326,0.1966666666666666,0.1366666666666667
Papalexi_IFNg_IFNG,Papalexi,18,2,0.33333333333333326,0.1966666666666666,0.1366666666666667
Papalexi_IFNg_IFNG,Papalexi,18,4,0.33333333333333326,0.1966666666666666,0.1366666666666667
Papalexi_IFNg_IFNG,Papalexi,18,7,0.33333333333333326,0.1966666666666666,0.1366666666666667
Papalexi_IFNg_IFNG,Papalexi,19,1,0.62,0.62,0.0
Papalexi_IFNg_IFNG,Papalexi,19,2,0.6566666666666666,0.6566666666666666,0.0
Papalexi_IFNg_IFNG,Papalexi,19,4,0.6666666666666665,0.6666666666666665,0.0
Papalexi_IFNg_IFNG,Papalexi,19,7,0.6666666666666665,0.6666666666666665,0.0
Papalexi_IFNg_IFNG,Papalexi,20,1,0.1833333333333333,0.1466666666666666,0.03666666666666667
Papalexi_IFNg_IFNG,Papalexi,20,2,0.20333333333333328,0.1466666666666666,0.05666666666666667
Papalexi_IFNg_IFNG,Papalexi,20,4,0.24999999999999997,0.15666666666666662,0.09333333333333335
Papalexi_IFNg_IFNG,Papalexi,20,7,0.33333333333333326,0.1666666666666666,0.1666666666666667
Papalexi_IFNg_IFNG,Papalexi,21,1,0.3233333333333333,0.25999999999999995,0.06333333333333335
Papalexi_IFNg_IFNG,Papalexi,21,2,0.4066666666666666,0.34,0.0666666666666667
Papalexi_IFNg_IFNG,Papalexi,21,4,0.4766666666666666,0.46,0.016666666666666673
Papalexi_IFNg_IFNG,Papalexi,21,7,0.5,0.5,0.0
Papalexi_IFNg_IFNG,Papalexi,22,1,0.26666666666666666,0.27999999999999997,-0.01333333333333333
Papalexi_IFNg_IFNG,Papalexi,22,2,0.30666666666666664,0.3233333333333333,-0.016666666666666663
Papalexi_IFNg_IFNG,Papalexi,22,4,0.33333333333333326,0.33333333333333326,8.326672684688674e-18
Papalexi_IFNg_IFNG,Papalexi,22,7,0.33333333333333326,0.33333333333333326,8.326672684688674e-18
Papalexi_IFNg_IFNG,Papalexi,23,1,0.27999999999999997,0.20999999999999996,0.07000000000000002
Papalexi_IFNg_IFNG,Papalexi,23,2,0.33,0.23333333333333328,0.09666666666666669
Papalexi_IFNg_IFNG,Papalexi,23,4,0.33333333333333326,0.23333333333333328,0.10000000000000003
Papalexi_IFNg_IFNG,Papalexi,23,7,0.33333333333333326,0.23333333333333328,0.10000000000000003
Papalexi_IFNg_IFNG,Papalexi,24,1,0.3833333333333333,0.23999999999999996,0.14333333333333337
Papalexi_IFNg_IFNG,Papalexi,24,2,0.4033333333333334,0.25666666666666665,0.1466666666666667
Papalexi_IFNg_IFNG,Papalexi,24,4,0.45,0.2933333333333333,0.1566666666666667
Papalexi_IFNg_IFNG,Papalexi,24,7,0.5,0.33333333333333326,0.16666666666666669
Papalexi_IFNg_IFNG,Papalexi,25,1,0.27999999999999997,0.21666666666666662,0.06333333333333334
Papalexi_IFNg_IFNG,Papalexi,25,2,0.36666666666666664,0.24999999999999997,0.11666666666666668
Papalexi_IFNg_IFNG,Papalexi,25,4,0.4633333333333334,0.30333333333333334,0.16000000000000003
Papalexi_IFNg_IFNG,Papalexi,25,7,0.5,0.33333333333333326,0.16666666666666669
Papalexi_IFNg_IFNG,Papalexi,26,1,0.42,0.2533333333333333,0.16666666666666669
Papalexi_IFNg_IFNG,Papalexi,26,2,0.4933333333333333,0.32666666666666666,0.16666666666666669
Papalexi_IFNg_IFNG,Papalexi,26,4,0.5966666666666667,0.43,0.16666666666666663
Papalexi_IFNg_IFNG,Papalexi,26,7,0.6666666666666665,0.5,0.16666666666666663
Papalexi_IFNg_IFNG,Papalexi,27,1,0.1966666666666666,0.1966666666666666,0.0
Papalexi_IFNg_IFNG,Papalexi,27,2,0.27333333333333326,0.27333333333333326,0.0
Papalexi_IFNg_IFNG,Papalexi,27,4,0.31999999999999995,0.31999999999999995,0.0
Papalexi_IFNg_IFNG,Papalexi,27,7,0.33333333333333326,0.33333333333333326,0.0
Papalexi_IFNg_IFNG,Papalexi,28,1,0.31999999999999995,0.2133333333333333,0.10666666666666666
Papalexi_IFNg_IFNG,Papalexi,28,2,0.3933333333333333,0.25999999999999995,0.13333333333333333
Papalexi_IFNg_IFNG,Papalexi,28,4,0.49333333333333335,0.32666666666666666,0.16666666666666669
Papalexi_IFNg_IFNG,Papalexi,28,7,0.5,0.33333333333333326,0.16666666666666669
Papalexi_IFNg_IFNG,Papalexi,29,1,0.3833333333333333,0.2766666666666666,0.10666666666666667
Papalexi_IFNg_IFNG,Papalexi,29,2,0.44666666666666666,0.3133333333333333,0.13333333333333336
Papalexi_IFNg_IFNG,Papalexi,29,4,0.49666666666666665,0.33333333333333326,0.16333333333333336
Papalexi_IFNg_IFNG,Papalexi,29,7,0.5,0.33333333333333326,0.16666666666666669
Papalexi_IFNg_IL2STAT5,Papalexi,0,1,0.42333333333333334,0.42333333333333334,0.0
Papalexi_IFNg_IL2STAT5,Papalexi,0,2,0.45,0.45,0.0
Papalexi_IFNg_IL2STAT5,Papalexi,0,4,0.49333333333333335,0.49333333333333335,0.0
Papalexi_IFNg_IL2STAT5,Papalexi,0,7,0.5,0.5,0.0
Papalexi_IFNg_IL2STAT5,Papalexi,1,1,0.32666666666666666,0.32666666666666666,0.0
Papalexi_IFNg_IL2STAT5,Papalexi,1,2,0.33333333333333326,0.33333333333333326,0.0
Papalexi_IFNg_IL2STAT5,Papalexi,1,4,0.33333333333333326,0.33333333333333326,0.0
Papalexi_IFNg_IL2STAT5,Papalexi,1,7,0.33333333333333326,0.33333333333333326,0.0
Papalexi_IFNg_IL2STAT5,Papalexi,2,1,0.2866666666666666,0.30999999999999994,-0.023333333333333338
Papalexi_IFNg_IL2STAT5,Papalexi,2,2,0.3233333333333333,0.32666666666666666,-0.0033333333333333344
Papalexi_IFNg_IL2STAT5,Papalexi,2,4,0.33333333333333326,0.33333333333333326,0.0
Papalexi_IFNg_IL2STAT5,Papalexi,2,7,0.33333333333333326,0.33333333333333326,0.0
Papalexi_IFNg_IL2STAT5,Papalexi,3,1,0.36,0.33,0.030000000000000006
Papalexi_IFNg_IL2STAT5,Papalexi,3,2,0.44,0.4,0.04
Papalexi_IFNg_IL2STAT5,Papalexi,3,4,0.49666666666666665,0.44,0.05666666666666667
Papalexi_IFNg_IL2STAT5,Papalexi,3,7,0.5,0.44333333333333336,0.05666666666666667
Papalexi_IFNg_IL2STAT5,Papalexi,4,1,0.1833333333333333,0.35,-0.1666666666666667
Papalexi_IFNg_IL2STAT5,Papalexi,4,2,0.18999999999999992,0.35666666666666663,-0.1666666666666667
Papalexi_IFNg_IL2STAT5,Papalexi,4,4,0.2366666666666666,0.40333333333333327,-0.1666666666666667
Papalexi_IFNg_IL2STAT5,Papalexi,4,7,0.33333333333333326,0.5,-0.16666666666666669
Papalexi_IFNg_IL2STAT5,Papalexi,5,1,0.30333333333333334,0.30333333333333334,0.0
Papalexi_IFNg_IL2STAT5,Papalexi,5,2,0.33333333333333326,0.33333333333333326,0.0
Papalexi_IFNg_IL2STAT5,Papalexi,5,4,0.33333333333333326,0.33333333333333326,0.0
Papalexi_IFNg_IL2STAT5,Papalexi,5,7,0.33333333333333326,0.33333333333333326,0.0
Papalexi_IFNg_IL2STAT5,Papalexi,6,1,0.29666666666666663,0.2433333333333333,0.05333333333333335
Papalexi_IFNg_IL2STAT5,Papalexi,6,2,0.33333333333333326,0.26666666666666666,0.0666666666666667
Papalexi_IFNg_IL2STAT5,Papalexi,6,4,0.33333333333333326,0.26666666666666666,0.0666666666666667
Papalexi_IFNg_IL2STAT5,Papalexi,6,7,0.33333333333333326,0.26666666666666666,0.0666666666666667
Papalexi_IFNg_IL2STAT5,Papalexi,7,1,0.33333333333333326,0.27333333333333326,0.06000000000000002
Papalexi_IFNg_IL2STAT5,Papalexi,7,2,0.33333333333333326,0.27333333333333326,0.06000000000000002
Papalexi_IFNg_IL2STAT5,Papalexi,7,4,0.33333333333333326,0.27333333333333326,0.06000000000000002
Papalexi_IFNg_IL2STAT5,Papalexi,7,7,0.33333333333333326,0.27333333333333326,0.06000000000000002
Papalexi_IFNg_IL2STAT5,Papalexi,8,1,0.17333333333333328,0.2433333333333333,-0.07000000000000002
Papalexi_IFNg_IL2STAT5,Papalexi,8,2,0.2133333333333333,0.29666666666666663,-0.08333333333333336
Papalexi_IFNg_IL2STAT5,Papalexi,8,4,0.24666666666666665,0.3533333333333333,-0.10666666666666667
Papalexi_IFNg_IL2STAT5,Papalexi,8,7,0.33333333333333326,0.5,-0.16666666666666669
Papalexi_IFNg_IL2STAT5,Papalexi,9,1,0.46,0.29333333333333333,0.16666666666666669
Papalexi_IFNg_IL2STAT5,Papalexi,9,2,0.49333333333333335,0.32666666666666666,0.16666666666666669
Papalexi_IFNg_IL2STAT5,Papalexi,9,4,0.5,0.33333333333333326,0.16666666666666669
Papalexi_IFNg_IL2STAT5,Papalexi,9,7,0.5,0.33333333333333326,0.16666666666666669
Papalexi_IFNg_IL2STAT5,Papalexi,10,1,0.20999999999999994,0.37666666666666665,-0.1666666666666667
Papalexi_IFNg_IL2STAT5,Papalexi,10,2,0.23999999999999996,0.4066666666666666,-0.1666666666666667
Papalexi_IFNg_IL2STAT5,Papalexi,10,4,0.29666666666666663,0.4633333333333334,-0.16666666666666669
Papalexi_IFNg_IL2STAT5,Papalexi,10,7,0.33333333333333326,0.5,-0.16666666666666669
Papalexi_IFNg_IL2STAT5,Papalexi,11,1,0.39,0.5566666666666666,-0.16666666666666669
Papalexi_IFNg_IL2STAT5,Papalexi,11,2,0.42666666666666664,0.5933333333333333,-0.16666666666666663
Papalexi_IFNg_IL2STAT5,Papalexi,11,4,0.5,0.6666666666666665,-0.16666666666666663
Papalexi_IFNg_IL2STAT5,Papalexi,11,7,0.5,0.6666666666666665,-0.16666666666666663
Papalexi_IFNg_IL2STAT5,Papalexi,12,1,0.31666666666666665,0.36666666666666664,-0.05000000000000001
Papalexi_IFNg_IL2STAT5,Papalexi,12,2,0.33333333333333326,0.39,-0.05666666666666667
Papalexi_IFNg_IL2STAT5,Papalexi,12,4,0.33333333333333326,0.39,-0.05666666666666667
Papalexi_IFNg_IL2STAT5,Papalexi,12,7,0.33333333333333326,0.39,-0.05666666666666667
Papalexi_IFNg_IL2STAT5,Papalexi,13,1,0.41,0.41,0.0
Papalexi_IFNg_IL2STAT5,Papalexi,13,2,0.4633333333333334,0.4633333333333334,0.0
Papalexi_IFNg_IL2STAT5,Papalexi,13,4,0.5,0.5,0.0
Papalexi_IFNg_IL2STAT5,Papalexi,13,7,0.5,0.5,0.0
Papalexi_IFNg_IL2STAT5,Papalexi,14,1,0.34,0.35666666666666663,-0.016666666666666663
Papalexi_IFNg_IL2STAT5,Papalexi,14,2,0.41666666666666663,0.43666666666666665,-0.019999999999999997
Papalexi_IFNg_IL2STAT5,Papalexi,14,4,0.49666666666666665,0.5433333333333333,-0.04666666666666666
Papalexi_IFNg_IL2STAT5,Papalexi,14,7,0.5,0.5466666666666666,-0.04666666666666666
Papalexi_IFNg_IL2STAT5,Papalexi,15,1,0.23333333333333328,0.14333333333333328,0.09000000000000002
Papalexi_IFNg_IL2STAT5,Papalexi,15,2,0.25999999999999995,0.15666666666666662,0.10333333333333336
Papalexi_IFNg_IL2STAT5,Papalexi,15,4,0.33333333333333326,0.1666666666666666,0.1666666666666667
Papalexi_IFNg_IL2STAT5,Papalexi,15,7,0.33333333333333326,0.1666666666666666,0.1666666666666667
Papalexi_IFNg_IL2STAT5,Papalexi,16,1,0.56,0.3933333333333333,0.16666666666666669
Papalexi_IFNg_IL2STAT5,Papalexi,16,2,0.6133333333333333,0.44666666666666666,0.16666666666666663
Papalexi_IFNg_IL2STAT5,Papalexi,16,4,0.6666666666666665,0.5,0.16666666666666663
Papalexi_IFNg_IL2STAT5,Papalexi,16,7,0.6666666666666665,0.5,0.16666666666666663
Papalexi_IFNg_IL2STAT5,Papalexi,17,1,0.35666666666666663,0.41,-0.05333333333333334
Papalexi_IFNg_IL2STAT5,Papalexi,17,2,0.3833333333333333,0.42666666666666664,-0.04333333333333334
Papalexi_IFNg_IL2STAT5,Papalexi,17,4,0.44666666666666666,0.47,-0.023333333333333334
Papalexi_IFNg_IL2STAT5,Papalexi,17,7,0.5,0.5,0.0
Papalexi_IFNg_IL2STAT5,Papalexi,18,1,0.45666666666666667,0.48666666666666664,-0.030000000000000006
Papalexi_IFNg_IL2STAT5,Papalexi,18,2,0.49666666666666665,0.5,-0.0033333333333333335
Papalexi_IFNg_IL2STAT5,Papalexi,18,4,0.5,0.5,0.0
Papalexi_IFNg_IL2STAT5,Papalexi,18,7,0.5,0.5,0.0
Papalexi_IFNg_IL2STAT5,Papalexi,19,1,0.4733333333333334,0.44,0.033333333333333354
Papalexi_IFNg_IL2STAT5,Papalexi,19,2,0.5,0.4533333333333333,0.04666666666666669
Papalexi_IFNg_IL2STAT5,Papalexi,19,4,0.5,0.4533333333333333,0.04666666666666669
Papalexi_IFNg_IL2STAT5,Papalexi,19,7,0.5,0.4533333333333333,0.04666666666666669
Papalexi_IFNg_IL2STAT5,Papalexi,20,1,0.2266666666666666,0.30333333333333334,-0.07666666666666669
Papalexi_IFNg_IL2STAT5,Papalexi,20,2,0.26999999999999996,0.3133333333333333,-0.04333333333333335
Papalexi_IFNg_IL2STAT5,Papalexi,20,4,0.32666666666666666,0.33333333333333326,-0.006666666666666669
Papalexi_IFNg_IL2STAT5,Papalexi,20,7,0.33333333333333326,0.33333333333333326,0.0
Papalexi_IFNg_IL2STAT5,Papalexi,21,1,0.1766666666666666,0.20999999999999996,-0.03333333333333334
Papalexi_IFNg_IL2STAT5,Papalexi,21,2,0.2433333333333333,0.31999999999999995,-0.07666666666666667
Papalexi_IFNg_IL2STAT5,Papalexi,21,4,0.30999999999999994,0.45333333333333337,-0.14333333333333337
Papalexi_IFNg_IL2STAT5,Papalexi,21,7,0.33333333333333326,0.5,-0.16666666666666669
Papalexi_IFNg_IL2STAT5,Papalexi,22,1,0.24999999999999997,0.32666666666666666,-0.07666666666666667
Papalexi_IFNg_IL2STAT5,Papalexi,22,2,0.3,0.3833333333333333,-0.08333333333333334
Papalexi_IFNg_IL2STAT5,Papalexi,22,4,0.33333333333333326,0.41666666666666663,-0.08333333333333334
Papalexi_IFNg_IL2STAT5,Papalexi,22,7,0.33333333333333326,0.41666666666666663,-0.08333333333333334
Papalexi_IFNg_IL2STAT5,Papalexi,23,1,0.22333333333333327,0.27999999999999997,-0.05666666666666668
Papalexi_IFNg_IL2STAT5,Papalexi,23,2,0.25666666666666665,0.29666666666666663,-0.04000000000000001
Papalexi_IFNg_IL2STAT5,Papalexi,23,4,0.3133333333333333,0.32666666666666666,-0.013333333333333338
Papalexi_IFNg_IL2STAT5,Papalexi,23,7,0.33333333333333326,0.33333333333333326,0.0
Papalexi_IFNg_IL2STAT5,Papalexi,24,1,0.37,0.3933333333333333,-0.023333333333333334
Papalexi_IFNg_IL2STAT5,Papalexi,24,2,0.4033333333333334,0.42,-0.01666666666666667
Papalexi_IFNg_IL2STAT5,Papalexi,24,4,0.45333333333333337,0.4633333333333334,-0.01
Papalexi_IFNg_IL2STAT5,Papalexi,24,7,0.5,0.5,0.0
Papalexi_IFNg_IL2STAT5,Papalexi,25,1,0.4233333333333333,0.25666666666666665,0.16666666666666669
Papalexi_IFNg_IL2STAT5,Papalexi,25,2,0.5333333333333333,0.36666666666666664,0.16666666666666669
Papalexi_IFNg_IL2STAT5,Papalexi,25,4,0.63,0.4633333333333334,0.16666666666666663
Papalexi_IFNg_IL2STAT5,Papalexi,25,7,0.6666666666666665,0.5,0.16666666666666663
Papalexi_IFNg_IL2STAT5,Papalexi,26,1,0.5,0.5,0.0
Papalexi_IFNg_IL2STAT5,Papalexi,26,2,0.5,0.5,0.0
Papalexi_IFNg_IL2STAT5,Papalexi,26,4,0.5,0.5,0.0
Papalexi_IFNg_IL2STAT5,Papalexi,26,7,0.5,0.5,0.0
Papalexi_IFNg_IL2STAT5,Papalexi,27,1,0.2866666666666666,0.3733333333333333,-0.08666666666666668
Papalexi_IFNg_IL2STAT5,Papalexi,27,2,0.39666666666666667,0.44666666666666666,-0.05000000000000001
Papalexi_IFNg_IL2STAT5,Papalexi,27,4,0.48333333333333334,0.49333333333333335,-0.01
Papalexi_IFNg_IL2STAT5,Papalexi,27,7,0.5,0.5,0.0
Papalexi_IFNg_IL2STAT5,Papalexi,28,1,0.27333333333333326,0.33333333333333326,-0.06000000000000002
Papalexi_IFNg_IL2STAT5,Papalexi,28,2,0.30666666666666664,0.33333333333333326,-0.026666666666666675
Papalexi_IFNg_IL2STAT5,Papalexi,28,4,0.33333333333333326,0.33333333333333326,0.0
Papalexi_IFNg_IL2STAT5,Papalexi,28,7,0.33333333333333326,0.33333333333333326,0.0
Papalexi_IFNg_IL2STAT5,Papalexi,29,1,0.35666666666666663,0.18999999999999992,0.1666666666666667
Papalexi_IFNg_IL2STAT5,Papalexi,29,2,0.38666666666666666,0.21999999999999997,0.1666666666666667
Papalexi_IFNg_IL2STAT5,Papalexi,29,4,0.44,0.27333333333333326,0.16666666666666669
Papalexi_IFNg_IL2STAT5,Papalexi,29,7,0.5,0.33333333333333326,0.16666666666666669
Papalexi_IFNg_TNFA,Papalexi,0,1,0.30666666666666664,0.32666666666666666,-0.020000000000000004
Papalexi_IFNg_TNFA,Papalexi,0,2,0.33,0.33333333333333326,-0.0033333333333333344
Papalexi_IFNg_TNFA,Papalexi,0,4,0.33333333333333326,0.33333333333333326,0.0
Papalexi_IFNg_TNFA,Papalexi,0,7,0.33333333333333326,0.33333333333333326,0.0
Papalexi_IFNg_TNFA,Papalexi,1,1,0.1666666666666666,0.1666666666666666,0.0
Papalexi_IFNg_TNFA,Papalexi,1,2,0.1666666666666666,0.1666666666666666,0.0
Papalexi_IFNg_TNFA,Papalexi,1,4,0.1666666666666666,0.1666666666666666,0.0
Papalexi_IFNg_TNFA,Papalexi,1,7,0.1666666666666666,0.1666666666666666,0.0
Papalexi_IFNg_TNFA,Papalexi,2,1,0.06666666666666664,0.08999999999999997,-0.023333333333333327
Papalexi_IFNg_TNFA,Papalexi,2,2,0.10666666666666663,0.12333333333333328,-0.01666666666666666
Papalexi_IFNg_TNFA,Papalexi,2,4,0.15666666666666662,0.15999999999999992,-0.0033333333333333322
Papalexi_IFNg_TNFA,Papalexi,2,7,0.1666666666666666,0.1666666666666666,0.0
Papalexi_IFNg_TNFA,Papalexi,3,1,0.16333333333333333,0.16333333333333333,0.0
Papalexi_IFNg_TNFA,Papalexi,3,2,0.24666666666666665,0.24666666666666665,0.0
Papalexi_IFNg_TNFA,Papalexi,3,4,0.30666666666666664,0.30666666666666664,0.0
Papalexi_IFNg_TNFA,Papalexi,3,7,0.33333333333333326,0.33333333333333326,0.0
Papalexi_IFNg_TNFA,Papalexi,4,1,0.18666666666666662,0.3533333333333333,-0.1666666666666667
Papalexi_IFNg_TNFA,Papalexi,4,2,0.22333333333333327,0.39,-0.1666666666666667
Papalexi_IFNg_TNFA,Papalexi,4,4,0.27333333333333326,0.44,-0.16666666666666669
Papalexi_IFNg_TNFA,Papalexi,4,7,0.33333333333333326,0.5,-0.16666666666666669
Papalexi_IFNg_TNFA,Papalexi,5,1,0.2433333333333333,0.2866666666666666,-0.04333333333333335
Papalexi_IFNg_TNFA,Papalexi,5,2,0.2866666666666666,0.30666666666666664,-0.020000000000000004
Papalexi_IFNg_TNFA,Papalexi,5,4,0.3233333333333333,0.32666666666666666,-0.0033333333333333344
Papalexi_IFNg_TNFA,Papalexi,5,7,0.33333333333333326,0.33333333333333326,0.0
Papalexi_IFNg_TNFA,Papalexi,6,1,0.18999999999999992,0.2133333333333333,-0.023333333333333334
Papalexi_IFNg_TNFA,Papalexi,6,2,0.2433333333333333,0.31999999999999995,-0.07666666666666667
Papalexi_IFNg_TNFA,Papalexi,6,4,0.31666666666666665,0.4666666666666666,-0.15000000000000002
Papalexi_IFNg_TNFA,Papalexi,6,7,0.33333333333333326,0.5,-0.16666666666666669
Papalexi_IFNg_TNFA,Papalexi,7,1,0.21999999999999997,0.24999999999999997,-0.03000000000000001
Papalexi_IFNg_TNFA,Papalexi,7,2,0.28333333333333327,0.30999999999999994,-0.026666666666666675
Papalexi_IFNg_TNFA,Papalexi,7,4,0.33,0.33,0.0
Papalexi_IFNg_TNFA,Papalexi,7,7,0.33333333333333326,0.33333333333333326,0.0
Papalexi_IFNg_TNFA,Papalexi,8,1,0.11999999999999994,0.18999999999999997,-0.07000000000000002
Papalexi_IFNg_TNFA,Papalexi,8,2,0.15666666666666662,0.24666666666666665,-0.09000000000000002
Papalexi_IFNg_TNFA,Papalexi,8,4,0.1666666666666666,0.2633333333333333,-0.09666666666666669
Papalexi_IFNg_TNFA,Papalexi,8,7,0.1666666666666666,0.2633333333333333,-0.09666666666666669
Papalexi_IFNg_TNFA,Papalexi,9,1,0.2433333333333333,0.2433333333333333,0.0
Papalexi_IFNg_TNFA,Papalexi,9,2,0.29666666666666663,0.29666666666666663,0.0
Papalexi_IFNg_TNFA,Papalexi,9,4,0.33,0.33,0.0
Papalexi_IFNg_TNFA,Papalexi,9,7,0.33333333333333326,0.33333333333333326,0.0
Papalexi_IFNg_TNFA,Papalexi,10,1,0.13666666666666663,0.3033333333333333,-0.16666666666666663
Papalexi_IFNg_TNFA,Papalexi,10,2,0.19666666666666666,0.3633333333333333,-0.16666666666666669
Papalexi_IFNg_TNFA,Papalexi,10,4,0.29666666666666663,0.4633333333333334,-0.16666666666666669
Papalexi_IFNg_TNFA,Papalexi,10,7,0.33333333333333326,0.5,-0.16666666666666669
Papalexi_IFNg_TNFA,Papalexi,11,1,0.2066666666666666,0.3733333333333333,-0.1666666666666667
Papalexi_IFNg_TNFA,Papalexi,11,2,0.22999999999999995,0.39666666666666667,-0.1666666666666667
Papalexi_IFNg_TNFA,Papalexi,11,4,0.30333333333333334,0.47,-0.16666666666666669
Papalexi_IFNg_TNFA,Papalexi,11,7,0.33333333333333326,0.5,-0.16666666666666669
Papalexi_IFNg_TNFA,Papalexi,12,1,0.23999999999999996,0.29,-0.05000000000000001
Papalexi_IFNg_TNFA,Papalexi,12,2,0.2933333333333333,0.3733333333333333,-0.08
Papalexi_IFNg_TNFA,Papalexi,12,4,0.33,0.43,-0.10000000000000002
Papalexi_IFNg_TNFA,Papalexi,12,7,0.33333333333333326,0.43333333333333335,-0.10000000000000002
Papalexi_IFNg_TNFA,Papalexi,13,1,0.21999999999999997,0.38666666666666666,-0.1666666666666667
Papalexi_IFNg_TNFA,Papalexi,13,2,0.26666666666666666,0.43333333333333335,-0.1666666666666667
Papalexi_IFNg_TNFA,Papalexi,13,4,0.33,0.49666666666666665,-0.16666666666666669
Papalexi_IFNg_TNFA,Papalexi,13,7,0.33333333333333326,0.5,-0.16666666666666669
Papalexi_IFNg_TNFA,Papalexi,14,1,0.2133333333333333,0.22999999999999995,-0.01666666666666667
Papalexi_IFNg_TNFA,Papalexi,14,2,0.2533333333333333,0.27333333333333326,-0.02
Papalexi_IFNg_TNFA,Papalexi,14,4,0.33,0.37666666666666665,-0.04666666666666667
Papalexi_IFNg_TNFA,Papalexi,14,7,0.33333333333333326,0.38,-0.04666666666666667
Papalexi_IFNg_TNFA,Papalexi,15,1,0.06333333333333331,0.12666666666666662,-0.06333333333333331
Papalexi_IFNg_TNFA,Papalexi,15,2,0.09999999999999996,0.14999999999999994,-0.04999999999999998
Papalexi_IFNg_TNFA,Papalexi,15,4,0.15999999999999992,0.16333333333333327,-0.0033333333333333322
Papalexi_IFNg_TNFA,Papalexi,15,7,0.1666666666666666,0.1666666666666666,0.0
Papalexi_IFNg_TNFA,Papalexi,16,1,0.28333333333333327,0.28333333333333327,0.0
Papalexi_IFNg_TNFA,Papalexi,16,2,0.32666666666666666,0.32666666666666666,0.0
Papalexi_IFNg_TNFA,Papalexi,16,4,0.33333333333333326,0.33333333333333326,0.0
Papalexi_IFNg_TNFA,Papalexi,16,7,0.33333333333333326,0.33333333333333326,0.0
Papalexi_IFNg_TNFA,Papalexi,17,1,0.18999999999999992,0.2433333333333333,-0.05333333333333335
Papalexi_IFNg_TNFA,Papalexi,17,2,0.21666666666666662,0.25999999999999995,-0.04333333333333335
Papalexi_IFNg_TNFA,Papalexi,17,4,0.27999999999999997,0.30333333333333334,-0.023333333333333338
Papalexi_IFNg_TNFA,Papalexi,17,7,0.33333333333333326,0.33333333333333326,0.0
Papalexi_IFNg_TNFA,Papalexi,18,1,0.33333333333333326,0.3633333333333333,-0.030000000000000006
Papalexi_IFNg_TNFA,Papalexi,18,2,0.33333333333333326,0.3633333333333333,-0.030000000000000006
Papalexi_IFNg_TNFA,Papalexi,18,4,0.33333333333333326,0.3633333333333333,-0.030000000000000006
Papalexi_IFNg_TNFA,Papalexi,18,7,0.33333333333333326,0.3633333333333333,-0.030000000000000006
Papalexi_IFNg_TNFA,Papalexi,19,1,0.37666666666666665,0.42,-0.04333333333333332
Papalexi_IFNg_TNFA,Papalexi,19,2,0.4066666666666666,0.48,-0.07333333333333332
Papalexi_IFNg_TNFA,Papalexi,19,4,0.4733333333333334,0.6133333333333333,-0.13999999999999996
Papalexi_IFNg_TNFA,Papalexi,19,7,0.5,0.6666666666666665,-0.16666666666666663
Papalexi_IFNg_TNFA,Papalexi,20,1,0.2066666666666666,0.29666666666666663,-0.09000000000000002
Papalexi_IFNg_TNFA,Papalexi,20,2,0.24999999999999997,0.30999999999999994,-0.06000000000000002
Papalexi_IFNg_TNFA,Papalexi,20,4,0.30666666666666664,0.33,-0.023333333333333338
Papalexi_IFNg_TNFA,Papalexi,20,7,0.33333333333333326,0.33333333333333326,0.0
Papalexi_IFNg_TNFA,Papalexi,21,1,0.09333333333333332,0.15333333333333332,-0.06000000000000001
Papalexi_IFNg_TNFA,Papalexi,21,2,0.18333333333333332,0.29,-0.10666666666666667
Papalexi_IFNg_TNFA,Papalexi,21,4,0.30999999999999994,0.4766666666666666,-0.16666666666666669
Papalexi_IFNg_TNFA,Papalexi,21,7,0.33333333333333326,0.5,-0.16666666666666669
Papalexi_IFNg_TNFA,Papalexi,22,1,0.22999999999999995,0.30666666666666664,-0.07666666666666667
Papalexi_IFNg_TNFA,Papalexi,22,2,0.2766666666666666,0.37,-0.09333333333333334
Papalexi_IFNg_TNFA,Papalexi,22,4,0.33,0.43333333333333335,-0.10333333333333333
Papalexi_IFNg_TNFA,Papalexi,22,7,0.33333333333333326,0.44,-0.10666666666666667
Papalexi_IFNg_TNFA,Papalexi,23,1,0.11333333333333329,0.15666666666666665,-0.04333333333333335
Papalexi_IFNg_TNFA,Papalexi,23,2,0.16333333333333327,0.22999999999999995,-0.0666666666666667
Papalexi_IFNg_TNFA,Papalexi,23,4,0.1666666666666666,0.23333333333333328,-0.0666666666666667
Papalexi_IFNg_TNFA,Papalexi,23,7,0.1666666666666666,0.23333333333333328,-0.0666666666666667
Papalexi_IFNg_TNFA,Papalexi,24,1,0.33333333333333326,0.35666666666666663,-0.023333333333333334
Papalexi_IFNg_TNFA,Papalexi,24,2,0.33333333333333326,0.35666666666666663,-0.023333333333333334
Papalexi_IFNg_TNFA,Papalexi,24,4,0.33333333333333326,0.35666666666666663,-0.023333333333333334
Papalexi_IFNg_TNFA,Papalexi,24,7,0.33333333333333326,0.35666666666666663,-0.023333333333333334
Papalexi_IFNg_TNFA,Papalexi,25,1,0.21333333333333332,0.21333333333333332,0.0
Papalexi_IFNg_TNFA,Papalexi,25,2,0.32666666666666666,0.32666666666666666,0.0
Papalexi_IFNg_TNFA,Papalexi,25,4,0.33333333333333326,0.33333333333333326,0.0
Papalexi_IFNg_TNFA,Papalexi,25,7,0.33333333333333326,0.33333333333333326,0.0
Papalexi_IFNg_TNFA,Papalexi,26,1,0.39333333333333337,0.39333333333333337,0.0
Papalexi_IFNg_TNFA,Papalexi,26,2,0.44333333333333336,0.44333333333333336,0.0
Papalexi_IFNg_TNFA,Papalexi,26,4,0.49333333333333335,0.49333333333333335,0.0
Papalexi_IFNg_TNFA,Papalexi,26,7,0.5,0.5,0.0
Papalexi_IFNg_TNFA,Papalexi,27,1,0.22333333333333327,0.30999999999999994,-0.08666666666666668
Papalexi_IFNg_TNFA,Papalexi,27,2,0.29,0.36,-0.07000000000000002
Papalexi_IFNg_TNFA,Papalexi,27,4,0.33,0.3733333333333333,-0.04333333333333334
Papalexi_IFNg_TNFA,Papalexi,27,7,0.33333333333333326,0.38,-0.04666666666666667
Papalexi_IFNg_TNFA,Papalexi,28,1,0.2433333333333333,0.30333333333333334,-0.06000000000000002
Papalexi_IFNg_TNFA,Papalexi,28,2,0.27999999999999997,0.3133333333333333,-0.03333333333333335
Papalexi_IFNg_TNFA,Papalexi,28,4,0.33,0.33,0.0
Papalexi_IFNg_TNFA,Papalexi,28,7,0.33333333333333326,0.33333333333333326,0.0
Papalexi_IFNg_TNFA,Papalexi,29,1,0.23666666666666664,0.23666666666666664,0.0
Papalexi_IFNg_TNFA,Papalexi,29,2,0.30666666666666664,0.30666666666666664,0.0
Papalexi_IFNg_TNFA,Papalexi,29,4,0.33333333333333326,0.33333333333333326,0.0
Papalexi_IFNg_TNFA,Papalexi,29,7,0.33333333333333326,0.33333333333333326,0.0
Tian_all_IFNG,Tian,0,1,0.17142857142857135,0.19095238095238087,-0.019523809523809523
Tian_all_IFNG,Tian,0,2,0.19904761904761897,0.19190476190476183,0.00714285714285713
Tian_all_IFNG,Tian,0,4,0.21190476190476182,0.19142857142857136,0.020476190476190453
Tian_all_IFNG,Tian,0,7,0.2142857142857142,0.1904761904761904,0.023809523809523777
Tian_all_IFNG,Tian,1,1,0.25571428571428567,0.21238095238095234,0.04333333333333332
Tian_all_IFNG,Tian,1,2,0.2852380952380952,0.24428571428571427,0.04095238095238092
Tian_all_IFNG,Tian,1,4,0.3061904761904761,0.2628571428571429,0.043333333333333286
Tian_all_IFNG,Tian,1,7,0.3095238095238095,0.2619047619047619,0.047619047619047554
Tian_all_IFNG,Tian,2,1,0.18809523809523804,0.2566666666666666,-0.06857142857142859
Tian_all_IFNG,Tian,2,2,0.2161904761904761,0.2699999999999999,-0.05380952380952384
Tian_all_IFNG,Tian,2,4,0.23047619047619036,0.2866666666666666,-0.05619047619047624
Tian_all_IFNG,Tian,2,7,0.238095238095238,0.29666666666666663,-0.058571428571428635
Tian_all_IFNG,Tian,3,1,0.20047619047619045,0.20714285714285705,-0.006666666666666619
Tian_all_IFNG,Tian,3,2,0.22904761904761903,0.21142857142857135,0.01761904761904769
Tian_all_IFNG,Tian,3,4,0.2533333333333333,0.21714285714285705,0.03619047619047629
Tian_all_IFNG,Tian,3,7,0.2619047619047619,0.2142857142857142,0.04761904761904773
Tian_all_IFNG,Tian,4,1,0.1885714285714285,0.24190476190476182,-0.05333333333333334
Tian_all_IFNG,Tian,4,2,0.20476190476190467,0.23333333333333325,-0.028571428571428577
Tian_all_IFNG,Tian,4,4,0.21333333333333326,0.21904761904761894,-0.00571428571428572
Tian_all_IFNG,Tian,4,7,0.2142857142857142,0.218095238095238,-0.003809523809523818
Tian_all_IFNG,Tian,5,1,0.23619047619047615,0.25380952380952376,-0.017619047619047642
Tian_all_IFNG,Tian,5,2,0.26428571428571423,0.2857142857142857,-0.02142857142857146
Tian_all_IFNG,Tian,5,4,0.29047619047619044,0.2857142857142857,0.004761904761904733
Tian_all_IFNG,Tian,5,7,0.3095238095238095,0.2857142857142857,0.023809523809523777
Tian_all_IFNG,Tian,6,1,0.22999999999999993,0.17904761904761898,0.05095238095238095
Tian_all_IFNG,Tian,6,2,0.23904761904761898,0.18333333333333324,0.05571428571428573
Tian_all_IFNG,Tian,6,4,0.2509523809523809,0.19190476190476183,0.059047619047619085
Tian_all_IFNG,Tian,6,7,0.2619047619047619,0.1904761904761904,0.07142857142857151
Tian_all_IFNG,Tian,7,1,0.14714285714285713,0.1904761904761904,-0.043333333333333286
Tian_all_IFNG,Tian,7,2,0.19761904761904758,0.2061904761904761,-0.008571428571428508
Tian_all_IFNG,Tian,7,4,0.24857142857142858,0.22857142857142848,0.020000000000000098
Tian_all_IFNG,Tian,7,7,0.2619047619047619,0.238095238095238,0.02380952380952392
Tian_all_IFNG,Tian,8,1,0.2628571428571428,0.23190476190476186,0.030952380952380967
Tian_all_IFNG,Tian,8,2,0.2857142857142857,0.23714285714285713,0.048571428571428585
Tian_all_IFNG,Tian,8,4,0.2857142857142857,0.23714285714285713,0.048571428571428585
Tian_all_IFNG,Tian,8,7,0.2857142857142857,0.23714285714285713,0.048571428571428585
Tian_all_IFNG,Tian,9,1,0.20999999999999994,0.2261904761904761,-0.016190476190476172
Tian_all_IFNG,Tian,9,2,0.23285714285714276,0.22999999999999993,0.002857142857142867
Tian_all_IFNG,Tian,9,4,0.2585714285714285,0.22904761904761894,0.029523809523809556
Tian_all_IFNG,Tian,9,7,0.2857142857142857,0.238095238095238,0.0476190476190477
Tian_all_IFNG,Tian,10,1,0.17095238095238088,0.2347619047619047,-0.06380952380952382
Tian_all_IFNG,Tian,10,2,0.18523809523809517,0.25190476190476185,-0.06666666666666668
Tian_all_IFNG,Tian,10,4,0.20095238095238088,0.2795238095238095,-0.07857142857142861
Tian_all_IFNG,Tian,10,7,0.2142857142857142,0.33333333333333326,-0.11904761904761912
Tian_all_IFNG,Tian,11,1,0.2523809523809523,0.2133333333333333,0.03904761904761905
Tian_all_IFNG,Tian,11,2,0.2776190476190476,0.22999999999999995,0.04761904761904763
Tian_all_IFNG,Tian,11,4,0.31190476190476185,0.25809523809523804,0.05380952380952379
Tian_all_IFNG,Tian,11,7,0.33333333333333326,0.2619047619047619,0.0714285714285714
Tian_all_IFNG,Tian,12,1,0.2204761904761904,0.22571428571428565,-0.005238095238095253
Tian_all_IFNG,Tian,12,2,0.25095238095238087,0.24428571428571424,0.006666666666666639
Tian_all_IFNG,Tian,12,4,0.27619047619047615,0.2776190476190476,-0.0014285714285714628
Tian_all_IFNG,Tian,12,7,0.3095238095238095,0.2857142857142857,0.023809523809523777
Tian_all_IFNG,Tian,13,1,0.2604761904761904,0.2642857142857143,-0.0038095238095238234
Tian_all_IFNG,Tian,13,2,0.27428571428571424,0.27904761904761904,-0.004761904761904764
Tian_all_IFNG,Tian,13,4,0.2838095238095238,0.2738095238095238,0.009999999999999988
Tian_all_IFNG,Tian,13,7,0.2857142857142857,0.2723809523809524,0.013333333333333317
Tian_all_IFNG,Tian,14,1,0.22523809523809518,0.27523809523809517,-0.050000000000000024
Tian_all_IFNG,Tian,14,2,0.25047619047619046,0.2628571428571428,-0.012380952380952355
Tian_all_IFNG,Tian,14,4,0.2752380952380952,0.2423809523809523,0.03285714285714294
Tian_all_IFNG,Tian,14,7,0.2857142857142857,0.238095238095238,0.0476190476190477
Tian_all_IFNG,Tian,15,1,0.2004761904761904,0.1704761904761904,0.02999999999999998
Tian_all_IFNG,Tian,15,2,0.21333333333333326,0.1804761904761904,0.032857142857142835
Tian_all_IFNG,Tian,15,4,0.228095238095238,0.18761904761904755,0.04047619047619045
Tian_all_IFNG,Tian,15,7,0.238095238095238,0.1904761904761904,0.04761904761904759
Tian_all_IFNG,Tian,16,1,0.2142857142857142,0.25809523809523804,-0.04380952380952386
Tian_all_IFNG,Tian,16,2,0.22523809523809515,0.2647619047619047,-0.03952380952380957
Tian_all_IFNG,Tian,16,4,0.2361904761904761,0.2714285714285714,-0.03523809523809528
Tian_all_IFNG,Tian,16,7,0.238095238095238,0.27333333333333326,-0.03523809523809527
Tian_all_IFNG,Tian,17,1,0.2228571428571428,0.1971428571428571,0.025714285714285738
Tian_all_IFNG,Tian,17,2,0.2552380952380952,0.20857142857142846,0.046666666666666703
Tian_all_IFNG,Tian,17,4,0.2819047619047619,0.22142857142857136,0.06047619047619053
Tian_all_IFNG,Tian,17,7,0.3095238095238095,0.238095238095238,0.07142857142857148
Tian_all_IFNG,Tian,18,1,0.2109523809523809,0.2457142857142857,-0.0347619047619048
Tian_all_IFNG,Tian,18,2,0.2504761904761904,0.24095238095238092,0.009523809523809499
Tian_all_IFNG,Tian,18,4,0.2961904761904761,0.25761904761904764,0.03857142857142852
Tian_all_IFNG,Tian,18,7,0.3095238095238095,0.2619047619047619,0.047619047619047554
Tian_all_IFNG,Tian,19,1,0.20619047619047615,0.20857142857142846,-0.0023809523809523586
Tian_all_IFNG,Tian,19,2,0.2347619047619047,0.2104761904761904,0.024285714285714313
Tian_all_IFNG,Tian,19,4,0.29238095238095235,0.2142857142857142,0.07809523809523813
Tian_all_IFNG,Tian,19,7,0.3095238095238095,0.2142857142857142,0.09523809523809529
Tian_all_IFNG,Tian,20,1,0.20999999999999994,0.23619047619047615,-0.026190476190476195
Tian_all_IFNG,Tian,20,2,0.2261904761904761,0.2376190476190475,-0.01142857142857144
Tian_all_IFNG,Tian,20,4,0.2376190476190475,0.24523809523809517,-0.007619047619047652
Tian_all_IFNG,Tian,20,7,0.238095238095238,0.24571428571428566,-0.007619047619047654
Tian_all_IFNG,Tian,21,1,0.26476190476190475,0.2504761904761904,0.014285714285714351
Tian_all_IFNG,Tian,21,2,0.27666666666666667,0.23761904761904756,0.039047619047619116
Tian_all_IFNG,Tian,21,4,0.29333333333333333,0.25190476190476185,0.04142857142857146
Tian_all_IFNG,Tian,21,7,0.3095238095238095,0.2857142857142857,0.023809523809523777
Tian_all_IFNG,Tian,22,1,0.2366666666666666,0.19809523809523802,0.0385714285714286
Tian_all_IFNG,Tian,22,2,0.25047619047619046,0.1923809523809523,0.05809523809523814
Tian_all_IFNG,Tian,22,4,0.25952380952380955,0.1804761904761904,0.07904761904761912
Tian_all_IFNG,Tian,22,7,0.2619047619047619,0.1766666666666666,0.08523809523809531
Tian_all_IFNG,Tian,23,1,0.2552380952380952,0.23904761904761898,0.016190476190476196
Tian_all_IFNG,Tian,23,2,0.27714285714285714,0.24380952380952375,0.03333333333333335
Tian_all_IFNG,Tian,23,4,0.31142857142857144,0.2347619047619047,0.0766666666666667
Tian_all_IFNG,Tian,23,7,0.33333333333333326,0.2142857142857142,0.11904761904761912
Tian_all_IFNG,Tian,24,1,0.1785714285714285,0.18619047619047613,-0.007619047619047612
Tian_all_IFNG,Tian,24,2,0.19619047619047614,0.19999999999999993,-0.0038095238095238056
Tian_all_IFNG,Tian,24,4,0.20333333333333325,0.19523809523809516,0.008095238095238086
Tian_all_IFNG,Tian,24,7,0.2142857142857142,0.1904761904761904,0.023809523809523777
Tian_all_IFNG,Tian,25,1,0.17952380952380945,0.21238095238095234,-0.03285714285714286
Tian_all_IFNG,Tian,25,2,0.2123809523809523,0.18952380952380948,0.02285714285714282
Tian_all_IFNG,Tian,25,4,0.2261904761904761,0.16428571428571423,0.06190476190476185
Tian_all_IFNG,Tian,25,7,0.238095238095238,0.119047619047619,0.119047619047619
Tian_all_IFNG,Tian,26,1,0.19095238095238087,0.17619047619047612,0.014761904761904763
Tian_all_IFNG,Tian,26,2,0.20285714285714276,0.16380952380952377,0.03904761904761904
Tian_all_IFNG,Tian,26,4,0.21523809523809515,0.15428571428571422,0.06095238095238093
Tian_all_IFNG,Tian,26,7,0.238095238095238,0.1428571428571428,0.0952380952380952
Tian_all_IFNG,Tian,27,1,0.2266666666666666,0.23238095238095233,-0.00571428571428571
Tian_all_IFNG,Tian,27,2,0.24666666666666665,0.23714285714285707,0.009523809523809566
Tian_all_IFNG,Tian,27,4,0.25857142857142856,0.249047619047619,0.009523809523809594
Tian_all_IFNG,Tian,27,7,0.2619047619047619,0.2552380952380952,0.006666666666666748
Tian_all_IFNG,Tian,28,1,0.18761904761904755,0.19380952380952376,-0.006190476190476198
Tian_all_IFNG,Tian,28,2,0.2242857142857142,0.20999999999999994,0.01428571428571427
Tian_all_IFNG,Tian,28,4,0.2738095238095238,0.23666666666666664,0.037142857142857116
Tian_all_IFNG,Tian,28,7,0.3095238095238095,0.2857142857142857,0.023809523809523777
Tian_all_IFNG,Tian,29,1,0.1828571428571428,0.20380952380952372,-0.02095238095238094
Tian_all_IFNG,Tian,29,2,0.21047619047619043,0.21952380952380945,-0.009047619047619011
Tian_all_IFNG,Tian,29,4,0.239047619047619,0.23666666666666658,0.002380952380952442
Tian_all_IFNG,Tian,29,7,0.2619047619047619,0.238095238095238,0.02380952380952392
Tian_all_IL2STAT5,Tian,0,1,0.2471428571428571,0.36238095238095236,-0.11523809523809522
Tian_all_IL2STAT5,Tian,0,2,0.27285714285714285,0.3614285714285714,-0.08857142857142854
Tian_all_IL2STAT5,Tian,0,4,0.28523809523809524,0.36285714285714277,-0.07761904761904759
Tian_all_IL2STAT5,Tian,0,7,0.2857142857142857,0.36238095238095236,-0.07666666666666662
Tian_all_IL2STAT5,Tian,1,1,0.31999999999999995,0.30999999999999994,0.010000000000000038
Tian_all_IL2STAT5,Tian,1,2,0.33333333333333326,0.3085714285714285,0.024761904761904784
Tian_all_IL2STAT5,Tian,1,4,0.34428571428571425,0.27761904761904754,0.0666666666666667
Tian_all_IL2STAT5,Tian,1,7,0.3571428571428571,0.238095238095238,0.11904761904761911
Tian_all_IL2STAT5,Tian,2,1,0.32095238095238093,0.31666666666666665,0.004285714285714285
Tian_all_IL2STAT5,Tian,2,2,0.3395238095238095,0.3052380952380952,0.034285714285714294
Tian_all_IL2STAT5,Tian,2,4,0.348095238095238,0.3061904761904761,0.04190476190476191
Tian_all_IL2STAT5,Tian,2,7,0.3571428571428571,0.3095238095238095,0.047619047619047616
Tian_all_IL2STAT5,Tian,3,1,0.28714285714285714,0.3304761904761904,-0.043333333333333314
Tian_all_IL2STAT5,Tian,3,2,0.29857142857142854,0.33238095238095233,-0.0338095238095238
Tian_all_IL2STAT5,Tian,3,4,0.30857142857142855,0.3295238095238095,-0.02095238095238096
Tian_all_IL2STAT5,Tian,3,7,0.3095238095238095,0.33095238095238094,-0.021428571428571436
Tian_all_IL2STAT5,Tian,4,1,0.2976190476190476,0.29428571428571426,0.0033333333333333106
Tian_all_IL2STAT5,Tian,4,2,0.3219047619047619,0.2833333333333333,0.038571428571428555
Tian_all_IL2STAT5,Tian,4,4,0.34428571428571425,0.27761904761904765,0.06666666666666664
Tian_all_IL2STAT5,Tian,4,7,0.3571428571428571,0.2619047619047619,0.09523809523809518
Tian_all_IL2STAT5,Tian,5,1,0.3276190476190476,0.3142857142857143,0.013333333333333332
Tian_all_IL2STAT5,Tian,5,2,0.3419047619047619,0.3219047619047619,0.02
Tian_all_IL2STAT5,Tian,5,4,0.3561904761904761,0.3276190476190476,0.028571428571428567
Tian_all_IL2STAT5,Tian,5,7,0.3571428571428571,0.3276190476190476,0.02952380952380952
Tian_all_IL2STAT5,Tian,6,1,0.31666666666666665,0.32476190476190475,-0.008095238095238112
Tian_all_IL2STAT5,Tian,6,2,0.33666666666666667,0.3171428571428571,0.0195238095238095
Tian_all_IL2STAT5,Tian,6,4,0.36238095238095236,0.319047619047619,0.043333333333333286
Tian_all_IL2STAT5,Tian,6,7,0.3809523809523809,0.33333333333333326,0.047619047619047554
Tian_all_IL2STAT5,Tian,7,1,0.3052380952380952,0.3495238095238095,-0.04428571428571429
Tian_all_IL2STAT5,Tian,7,2,0.3419047619047618,0.37857142857142856,-0.03666666666666667
Tian_all_IL2STAT5,Tian,7,4,0.3723809523809523,0.4161904761904761,-0.04380952380952381
Tian_all_IL2STAT5,Tian,7,7,0.3809523809523809,0.4285714285714285,-0.047619047619047616
Tian_all_IL2STAT5,Tian,8,1,0.34476190476190477,0.33619047619047615,0.008571428571428555
Tian_all_IL2STAT5,Tian,8,2,0.36095238095238086,0.3395238095238095,0.0214285714285714
Tian_all_IL2STAT5,Tian,8,4,0.36857142857142855,0.33904761904761904,0.02952380952380949
Tian_all_IL2STAT5,Tian,8,7,0.3809523809523809,0.33333333333333326,0.047619047619047554
Tian_all_IL2STAT5,Tian,9,1,0.31238095238095237,0.35190476190476183,-0.039523809523809496
Tian_all_IL2STAT5,Tian,9,2,0.34285714285714286,0.3457142857142857,-0.0028571428571428524
Tian_all_IL2STAT5,Tian,9,4,0.35428571428571426,0.3471428571428571,0.007142857142857134
Tian_all_IL2STAT5,Tian,9,7,0.3571428571428571,0.3457142857142857,0.011428571428571415
Tian_all_IL2STAT5,Tian,10,1,0.25999999999999995,0.3899999999999999,-0.12999999999999998
Tian_all_IL2STAT5,Tian,10,2,0.28857142857142853,0.3909523809523809,-0.10238095238095235
Tian_all_IL2STAT5,Tian,10,4,0.3219047619047619,0.3838095238095237,-0.061904761904761844
Tian_all_IL2STAT5,Tian,10,7,0.33333333333333326,0.3809523809523809,-0.047619047619047554
Tian_all_IL2STAT5,Tian,11,1,0.24857142857142855,0.339047619047619,-0.09047619047619047
Tian_all_IL2STAT5,Tian,11,2,0.2633333333333333,0.3495238095238095,-0.08619047619047616
Tian_all_IL2STAT5,Tian,11,4,0.2757142857142857,0.3733333333333333,-0.09761904761904758
Tian_all_IL2STAT5,Tian,11,7,0.2857142857142857,0.40476190476190477,-0.11904761904761901
Tian_all_IL2STAT5,Tian,12,1,0.279047619047619,0.3661904761904761,-0.08714285714285712
Tian_all_IL2STAT5,Tian,12,2,0.29333333333333333,0.3628571428571428,-0.0695238095238095
Tian_all_IL2STAT5,Tian,12,4,0.29952380952380947,0.3552380952380952,-0.05571428571428571
Tian_all_IL2STAT5,Tian,12,7,0.3095238095238095,0.33333333333333326,-0.023809523809523836
Tian_all_IL2STAT5,Tian,13,1,0.31666666666666665,0.3,0.01666666666666666
Tian_all_IL2STAT5,Tian,13,2,0.3457142857142857,0.30809523809523803,0.037619047619047635
Tian_all_IL2STAT5,Tian,13,4,0.3714285714285714,0.3147619047619047,0.056666666666666685
Tian_all_IL2STAT5,Tian,13,7,0.40476190476190477,0.3571428571428571,0.047619047619047616
Tian_all_IL2STAT5,Tian,14,1,0.3338095238095237,0.3476190476190476,-0.013809523809523827
Tian_all_IL2STAT5,Tian,14,2,0.35952380952380947,0.35952380952380947,-1.8873791418627663e-17
Tian_all_IL2STAT5,Tian,14,4,0.3752380952380952,0.37714285714285706,-0.001904761904761929
Tian_all_IL2STAT5,Tian,14,7,0.3809523809523809,0.3828571428571428,-0.0019047619047619325
Tian_all_IL2STAT5,Tian,15,1,0.35428571428571426,0.319047619047619,0.03523809523809522
Tian_all_IL2STAT5,Tian,15,2,0.36904761904761896,0.3109523809523809,0.05809523809523807
Tian_all_IL2STAT5,Tian,15,4,0.37809523809523804,0.3133333333333333,0.06476190476190472
Tian_all_IL2STAT5,Tian,15,7,0.3809523809523809,0.3133333333333333,0.06761904761904755
Tian_all_IL2STAT5,Tian,16,1,0.3928571428571428,0.34,0.05285714285714284
Tian_all_IL2STAT5,Tian,16,2,0.418095238095238,0.3533333333333333,0.06476190476190476
Tian_all_IL2STAT5,Tian,16,4,0.44095238095238093,0.38714285714285707,0.053809523809523835
Tian_all_IL2STAT5,Tian,16,7,0.4523809523809524,0.40476190476190477,0.04761904761904767
Tian_all_IL2STAT5,Tian,17,1,0.27190476190476187,0.3561904761904761,-0.08428571428571427
Tian_all_IL2STAT5,Tian,17,2,0.29952380952380947,0.3647619047619047,-0.0652380952380952
Tian_all_IL2STAT5,Tian,17,4,0.31666666666666665,0.37714285714285706,-0.06047619047619043
Tian_all_IL2STAT5,Tian,17,7,0.33333333333333326,0.3809523809523809,-0.047619047619047554
Tian_all_IL2STAT5,Tian,18,1,0.2738095238095237,0.35428571428571426,-0.0804761904761905
Tian_all_IL2STAT5,Tian,18,2,0.31095238095238087,0.34857142857142853,-0.037619047619047635
Tian_all_IL2STAT5,Tian,18,4,0.3561904761904761,0.32904761904761903,0.027142857142857118
Tian_all_IL2STAT5,Tian,18,7,0.3809523809523809,0.33333333333333326,0.047619047619047554
Tian_all_IL2STAT5,Tian,19,1,0.24952380952380948,0.3152380952380952,-0.06571428571428575
Tian_all_IL2STAT5,Tian,19,2,0.289047619047619,0.34285714285714286,-0.05380952380952382
Tian_all_IL2STAT5,Tian,19,4,0.3204761904761904,0.3914285714285714,-0.07095238095238096
Tian_all_IL2STAT5,Tian,19,7,0.33333333333333326,0.4523809523809524,-0.11904761904761907
Tian_all_IL2STAT5,Tian,20,1,0.26380952380952377,0.3914285714285714,-0.1276190476190476
Tian_all_IL2STAT5,Tian,20,2,0.2752380952380952,0.41238095238095235,-0.1371428571428571
Tian_all_IL2STAT5,Tian,20,4,0.28476190476190477,0.4276190476190475,-0.1428571428571428
Tian_all_IL2STAT5,Tian,20,7,0.2857142857142857,0.4285714285714285,-0.1428571428571428
Tian_all_IL2STAT5,Tian,21,1,0.36095238095238086,0.3080952380952381,0.05285714285714284
Tian_all_IL2STAT5,Tian,21,2,0.37857142857142856,0.31047619047619046,0.06809523809523806
Tian_all_IL2STAT5,Tian,21,4,0.39523809523809517,0.3019047619047619,0.09333333333333328
Tian_all_IL2STAT5,Tian,21,7,0.40476190476190477,0.2857142857142857,0.11904761904761901
Tian_all_IL2STAT5,Tian,22,1,0.3152380952380952,0.3319047619047619,-0.016666666666666656
Tian_all_IL2STAT5,Tian,22,2,0.33333333333333326,0.3414285714285714,-0.0080952380952381
Tian_all_IL2STAT5,Tian,22,4,0.3471428571428571,0.33476190476190476,0.012380952380952367
Tian_all_IL2STAT5,Tian,22,7,0.3571428571428571,0.33333333333333326,0.023809523809523777
Tian_all_IL2STAT5,Tian,23,1,0.3638095238095238,0.319047619047619,0.044761904761904746
Tian_all_IL2STAT5,Tian,23,2,0.38714285714285707,0.3371428571428571,0.049999999999999975
Tian_all_IL2STAT5,Tian,23,4,0.3985714285714285,0.33714285714285713,0.061428571428571395
Tian_all_IL2STAT5,Tian,23,7,0.40476190476190477,0.33333333333333326,0.0714285714285714
Tian_all_IL2STAT5,Tian,24,1,0.2752380952380952,0.31047619047619046,-0.035238095238095214
Tian_all_IL2STAT5,Tian,24,2,0.2919047619047619,0.3028571428571428,-0.010952380952380936
Tian_all_IL2STAT5,Tian,24,4,0.30666666666666664,0.29095238095238096,0.015714285714285712
Tian_all_IL2STAT5,Tian,24,7,0.33333333333333326,0.2619047619047619,0.0714285714285714
Tian_all_IL2STAT5,Tian,25,1,0.269047619047619,0.35571428571428565,-0.08666666666666668
Tian_all_IL2STAT5,Tian,25,2,0.3080952380952381,0.33476190476190476,-0.02666666666666665
Tian_all_IL2STAT5,Tian,25,4,0.3376190476190476,0.339047619047619,-0.0014285714285714158
Tian_all_IL2STAT5,Tian,25,7,0.3571428571428571,0.3571428571428571,0.0
Tian_all_IL2STAT5,Tian,26,1,0.3014285714285714,0.22619047619047614,0.07523809523809527
Tian_all_IL2STAT5,Tian,26,2,0.3171428571428571,0.23857142857142852,0.0785714285714286
Tian_all_IL2STAT5,Tian,26,4,0.33428571428571424,0.23142857142857134,0.1028571428571429
Tian_all_IL2STAT5,Tian,26,7,0.3571428571428571,0.2142857142857142,0.1428571428571429
Tian_all_IL2STAT5,Tian,27,1,0.30857142857142855,0.3152380952380952,-0.006666666666666663
Tian_all_IL2STAT5,Tian,27,2,0.34,0.3152380952380952,0.024761904761904752
Tian_all_IL2STAT5,Tian,27,4,0.3533333333333333,0.29428571428571426,0.05904761904761902
Tian_all_IL2STAT5,Tian,27,7,0.3571428571428571,0.28476190476190477,0.07238095238095235
Tian_all_IL2STAT5,Tian,28,1,0.30666666666666664,0.31809523809523804,-0.011428571428571423
Tian_all_IL2STAT5,Tian,28,2,0.3276190476190476,0.32666666666666666,0.0009523809523809645
Tian_all_IL2STAT5,Tian,28,4,0.33285714285714285,0.33238095238095233,0.0004761904761904967
Tian_all_IL2STAT5,Tian,28,7,0.33333333333333326,0.3309523809523809,0.0023809523809524016
Tian_all_IL2STAT5,Tian,29,1,0.2785714285714285,0.3576190476190476,-0.07904761904761905
Tian_all_IL2STAT5,Tian,29,2,0.30761904761904757,0.3561904761904761,-0.04857142857142855
Tian_all_IL2STAT5,Tian,29,4,0.31999999999999995,0.36285714285714277,-0.04285714285714283
Tian_all_IL2STAT5,Tian,29,7,0.33333333333333326,0.3809523809523809,-0.047619047619047554
Tian_all_TNFA,Tian,0,1,0.1742857142857142,0.3547619047619047,-0.1804761904761905
Tian_all_TNFA,Tian,0,2,0.20523809523809514,0.3561904761904761,-0.150952380952381
Tian_all_TNFA,Tian,0,4,0.21380952380952373,0.3547619047619047,-0.14095238095238102
Tian_all_TNFA,Tian,0,7,0.2142857142857142,0.35428571428571426,-0.14000000000000007
Tian_all_TNFA,Tian,1,1,0.2285714285714285,0.38857142857142857,-0.16
Tian_all_TNFA,Tian,1,2,0.24619047619047613,0.3976190476190476,-0.1514285714285714
Tian_all_TNFA,Tian,1,4,0.2685714285714285,0.37619047619047613,-0.10761904761904759
Tian_all_TNFA,Tian,1,7,0.2857142857142857,0.33333333333333326,-0.047619047619047616
Tian_all_TNFA,Tian,2,1,0.1747619047619047,0.3742857142857142,-0.19952380952380955
Tian_all_TNFA,Tian,2,2,0.20666666666666658,0.3714285714285714,-0.1647619047619048
Tian_all_TNFA,Tian,2,4,0.22380952380952374,0.35047619047619044,-0.12666666666666673
Tian_all_TNFA,Tian,2,7,0.238095238095238,0.33333333333333326,-0.0952380952380953
Tian_all_TNFA,Tian,3,1,0.20095238095238088,0.38857142857142857,-0.18761904761904763
Tian_all_TNFA,Tian,3,2,0.22809523809523802,0.3742857142857142,-0.1461904761904762
Tian_all_TNFA,Tian,3,4,0.2509523809523809,0.319047619047619,-0.0680952380952381
Tian_all_TNFA,Tian,3,7,0.2619047619047619,0.2619047619047619,0.0
Tian_all_TNFA,Tian,4,1,0.17190476190476184,0.3876190476190476,-0.21571428571428572
Tian_all_TNFA,Tian,4,2,0.18999999999999992,0.3995238095238095,-0.20952380952380953
Tian_all_TNFA,Tian,4,4,0.20333333333333325,0.39619047619047615,-0.1928571428571429
Tian_all_TNFA,Tian,4,7,0.2142857142857142,0.40476190476190477,-0.19047619047619052
Tian_all_TNFA,Tian,5,1,0.15999999999999992,0.4319047619047619,-0.2719047619047619
Tian_all_TNFA,Tian,5,2,0.18285714285714277,0.40857142857142853,-0.22571428571428573
Tian_all_TNFA,Tian,5,4,0.19952380952380946,0.39238095238095233,-0.1928571428571429
Tian_all_TNFA,Tian,5,7,0.2142857142857142,0.40476190476190477,-0.19047619047619052
Tian_all_TNFA,Tian,6,1,0.19999999999999993,0.4266666666666666,-0.22666666666666666
Tian_all_TNFA,Tian,6,2,0.2309523809523809,0.4342857142857142,-0.2033333333333333
Tian_all_TNFA,Tian,6,4,0.2519047619047619,0.45523809523809516,-0.20333333333333328
Tian_all_TNFA,Tian,6,7,0.2619047619047619,0.4761904761904761,-0.2142857142857142
Tian_all_TNFA,Tian,7,1,0.19380952380952374,0.3823809523809523,-0.18857142857142858
Tian_all_TNFA,Tian,7,2,0.21666666666666656,0.3671428571428571,-0.1504761904761905
Tian_all_TNFA,Tian,7,4,0.228095238095238,0.358095238095238,-0.13000000000000006
Tian_all_TNFA,Tian,7,7,0.238095238095238,0.3571428571428571,-0.11904761904761911
Tian_all_TNFA,Tian,8,1,0.18523809523809515,0.4095238095238095,-0.22428571428571434
Tian_all_TNFA,Tian,8,2,0.2076190476190475,0.4214285714285714,-0.21380952380952387
Tian_all_TNFA,Tian,8,4,0.2261904761904761,0.41142857142857137,-0.18523809523809528
Tian_all_TNFA,Tian,8,7,0.238095238095238,0.40476190476190477,-0.1666666666666667
Tian_all_TNFA,Tian,9,1,0.14619047619047612,0.41047619047619044,-0.2642857142857143
Tian_all_TNFA,Tian,9,2,0.18476190476190468,0.4419047619047619,-0.2571428571428572
Tian_all_TNFA,Tian,9,4,0.21714285714285705,0.4761904761904762,-0.25904761904761914
Tian_all_TNFA,Tian,9,7,0.238095238095238,0.5,-0.261904761904762
Tian_all_TNFA,Tian,10,1,0.1585714285714285,0.3995238095238095,-0.24095238095238095
Tian_all_TNFA,Tian,10,2,0.1842857142857142,0.41142857142857137,-0.22714285714285715
Tian_all_TNFA,Tian,10,4,0.20380952380952372,0.4071428571428571,-0.20333333333333337
Tian_all_TNFA,Tian,10,7,0.2142857142857142,0.40476190476190477,-0.19047619047619052
Tian_all_TNFA,Tian,11,1,0.15714285714285708,0.3971428571428571,-0.24
Tian_all_TNFA,Tian,11,2,0.17476190476190467,0.4028571428571428,-0.2280952380952381
Tian_all_TNFA,Tian,11,4,0.1942857142857142,0.4347619047619047,-0.24047619047619048
Tian_all_TNFA,Tian,11,7,0.2142857142857142,0.4761904761904761,-0.2619047619047619
Tian_all_TNFA,Tian,12,1,0.19523809523809516,0.4319047619047619,-0.23666666666666672
Tian_all_TNFA,Tian,12,2,0.21476190476190468,0.43619047619047613,-0.2214285714285715
Tian_all_TNFA,Tian,12,4,0.22761904761904753,0.4352380952380952,-0.20761904761904768
Tian_all_TNFA,Tian,12,7,0.238095238095238,0.4285714285714285,-0.19047619047619052
Tian_all_TNFA,Tian,13,1,0.1971428571428571,0.3838095238095237,-0.18666666666666665
Tian_all_TNFA,Tian,13,2,0.22333333333333327,0.38809523809523805,-0.16476190476190475
Tian_all_TNFA,Tian,13,4,0.2519047619047619,0.3995238095238095,-0.14761904761904757
Tian_all_TNFA,Tian,13,7,0.2619047619047619,0.40476190476190477,-0.1428571428571428
Tian_all_TNFA,Tian,14,1,0.18285714285714277,0.3338095238095237,-0.15095238095238095
Tian_all_TNFA,Tian,14,2,0.22190476190476183,0.3299999999999999,-0.1080952380952381
Tian_all_TNFA,Tian,14,4,0.2342857142857142,0.3728571428571428,-0.1385714285714286
Tian_all_TNFA,Tian,14,7,0.238095238095238,0.39428571428571424,-0.1561904761904762
Tian_all_TNFA,Tian,15,1,0.15619047619047613,0.4323809523809523,-0.2761904761904762
Tian_all_TNFA,Tian,15,2,0.18952380952380946,0.4557142857142857,-0.26619047619047626
Tian_all_TNFA,Tian,15,4,0.22333333333333324,0.49142857142857144,-0.26809523809523816
Tian_all_TNFA,Tian,15,7,0.238095238095238,0.5238095238095238,-0.2857142857142858
Tian_all_TNFA,Tian,16,1,0.18142857142857136,0.46619047619047616,-0.2847619047619048
Tian_all_TNFA,Tian,16,2,0.21380952380952373,0.4352380952380952,-0.2214285714285715
Tian_all_TNFA,Tian,16,4,0.2323809523809523,0.4138095238095238,-0.1814285714285715
Tian_all_TNFA,Tian,16,7,0.238095238095238,0.39666666666666667,-0.15857142857142864
Tian_all_TNFA,Tian,17,1,0.16761904761904756,0.36666666666666664,-0.19904761904761906
Tian_all_TNFA,Tian,17,2,0.18714285714285708,0.35857142857142854,-0.17142857142857146
Tian_all_TNFA,Tian,17,4,0.19904761904761897,0.358095238095238,-0.15904761904761908
Tian_all_TNFA,Tian,17,7,0.2142857142857142,0.3571428571428571,-0.1428571428571429
Tian_all_TNFA,Tian,18,1,0.19999999999999993,0.4319047619047619,-0.23190476190476195
Tian_all_TNFA,Tian,18,2,0.2161904761904761,0.42047619047619045,-0.20428571428571435
Tian_all_TNFA,Tian,18,4,0.23380952380952372,0.38666666666666666,-0.1528571428571429
Tian_all_TNFA,Tian,18,7,0.238095238095238,0.358095238095238,-0.12000000000000005
Tian_all_TNFA,Tian,19,1,0.2042857142857142,0.4409523809523809,-0.23666666666666672
Tian_all_TNFA,Tian,19,2,0.22095238095238087,0.43857142857142856,-0.21761904761904766
Tian_all_TNFA,Tian,19,4,0.2342857142857142,0.418095238095238,-0.18380952380952387
Tian_all_TNFA,Tian,19,7,0.238095238095238,0.40476190476190477,-0.1666666666666667
Tian_all_TNFA,Tian,20,1,0.21904761904761902,0.4957142857142857,-0.2766666666666667
Tian_all_TNFA,Tian,20,2,0.24142857142857144,0.4980952380952381,-0.25666666666666665
Tian_all_TNFA,Tian,20,4,0.26,0.4842857142857142,-0.22428571428571428
Tian_all_TNFA,Tian,20,7,0.2619047619047619,0.4814285714285714,-0.21952380952380948
Tian_all_TNFA,Tian,21,1,0.21285714285714277,0.3723809523809523,-0.15952380952380954
Tian_all_TNFA,Tian,21,2,0.23333333333333325,0.37190476190476185,-0.1385714285714286
Tian_all_TNFA,Tian,21,4,0.26380952380952377,0.3357142857142857,-0.07190476190476192
Tian_all_TNFA,Tian,21,7,0.2857142857142857,0.2857142857142857,0.0
Tian_all_TNFA,Tian,22,1,0.19380952380952376,0.42619047619047623,-0.2323809523809524
Tian_all_TNFA,Tian,22,2,0.20904761904761898,0.4157142857142857,-0.20666666666666672
Tian_all_TNFA,Tian,22,4,0.2376190476190476,0.42047619047619045,-0.18285714285714288
Tian_all_TNFA,Tian,22,7,0.2619047619047619,0.4523809523809524,-0.19047619047619047
Tian_all_TNFA,Tian,23,1,0.22380952380952376,0.3933333333333333,-0.1695238095238095
Tian_all_TNFA,Tian,23,2,0.24619047619047618,0.40476190476190466,-0.15857142857142853
Tian_all_TNFA,Tian,23,4,0.2614285714285714,0.4019047619047618,-0.1404761904761904
Tian_all_TNFA,Tian,23,7,0.2619047619047619,0.4014285714285714,-0.13952380952380944
Tian_all_TNFA,Tian,24,1,0.18095238095238086,0.3938095238095238,-0.21285714285714288
Tian_all_TNFA,Tian,24,2,0.20809523809523803,0.4138095238095238,-0.20571428571428574
Tian_all_TNFA,Tian,24,4,0.2309523809523809,0.42857142857142855,-0.19761904761904764
Tian_all_TNFA,Tian,24,7,0.2619047619047619,0.4523809523809524,-0.19047619047619047
Tian_all_TNFA,Tian,25,1,0.16476190476190472,0.3928571428571428,-0.2280952380952381
Tian_all_TNFA,Tian,25,2,0.19095238095238087,0.40238095238095234,-0.21142857142857147
Tian_all_TNFA,Tian,25,4,0.22380952380952374,0.3999999999999999,-0.17619047619047623
Tian_all_TNFA,Tian,25,7,0.238095238095238,0.40476190476190477,-0.1666666666666667
Tian_all_TNFA,Tian,26,1,0.16428571428571423,0.35999999999999993,-0.19571428571428573
Tian_all_TNFA,Tian,26,2,0.18999999999999992,0.34333333333333327,-0.15333333333333335
Tian_all_TNFA,Tian,26,4,0.20666666666666658,0.33238095238095233,-0.12571428571428575
Tian_all_TNFA,Tian,26,7,0.2142857142857142,0.3095238095238095,-0.09523809523809529
Tian_all_TNFA,Tian,27,1,0.1785714285714285,0.41285714285714287,-0.23428571428571432
Tian_all_TNFA,Tian,27,2,0.189047619047619,0.418095238095238,-0.22904761904761908
Tian_all_TNFA,Tian,27,4,0.21142857142857135,0.45238095238095233,-0.24095238095238097
Tian_all_TNFA,Tian,27,7,0.238095238095238,0.5,-0.261904761904762
Tian_all_TNFA,Tian,28,1,0.19476190476190466,0.4099999999999999,-0.21523809523809526
Tian_all_TNFA,Tian,28,2,0.22476190476190466,0.3909523809523809,-0.16619047619047625
Tian_all_TNFA,Tian,28,4,0.2361904761904761,0.38428571428571423,-0.14809523809523814
Tian_all_TNFA,Tian,28,7,0.238095238095238,0.3828571428571428,-0.1447619047619048
Tian_all_TNFA,Tian,29,1,0.14095238095238088,0.38666666666666666,-0.2457142857142857
Tian_all_TNFA,Tian,29,2,0.16523809523809518,0.3614285714285714,-0.1961904761904762
Tian_all_TNFA,Tian,29,4,0.18666666666666662,0.33,-0.14333333333333337
Tian_all_TNFA,Tian,29,7,0.1904761904761904,0.32428571428571423,-0.13380952380952385
