analysis,task,study,seed,delta
q75,Frangieh_Coculture_IFNG,Frangieh,0,0.0570731707317073
q75,Frangieh_Coculture_IFNG,Frangieh,1,0.0317073170731707
q75,Frangieh_Coculture_IFNG,Frangieh,2,0.06292682926829268
q75,Frangieh_Coculture_IFNG,Frangieh,3,0.07658536585365855
q75,Frangieh_Coculture_IFNG,Frangieh,4,-0.04731707317073174
q75,Frangieh_Coculture_IFNG,Frangieh,5,0.05658536585365852
q75,Frangieh_Coculture_IFNG,Frangieh,6,-0.02146341463414635
q75,Frangieh_Coculture_IFNG,Frangieh,7,0.049268292682926845
q75,Frangieh_Coculture_IFNG,Frangieh,8,0.027804878048780547
q75,Frangieh_Coculture_IFNG,Frangieh,9,0.05512195121951222
q75,Frangieh_Coculture_IFNG,Frangieh,10,0.021463414634146326
q75,Frangieh_Coculture_IFNG,Frangieh,11,0.0034146341463414213
q75,Frangieh_Coculture_IFNG,Frangieh,12,0.01804878048780489
q75,Frangieh_Coculture_IFNG,Frangieh,13,0.012195121951219488
q75,Frangieh_Coculture_IFNG,Frangieh,14,0.06390243902439022
q75,Frangieh_Coculture_IFNG,Frangieh,15,0.04487804878048785
q75,Frangieh_Coculture_IFNG,Frangieh,16,0.12829268292682924
q75,Frangieh_Coculture_IFNG,Frangieh,17,0.02829268292682937
q75,Frangieh_Coculture_IFNG,Frangieh,18,0.03414634146341464
q75,Frangieh_Coculture_IFNG,Frangieh,19,0.016097560975609757
q75,Frangieh_Coculture_IFNG,Frangieh,20,-0.04390243902439022
q75,Frangieh_Coculture_IFNG,Frangieh,21,0.04341463414634143
q75,Frangieh_Coculture_IFNG,Frangieh,22,0.04390243902439023
q75,Frangieh_Coculture_IFNG,Frangieh,23,-0.07073170731707318
q75,Frangieh_Coculture_IFNG,Frangieh,24,0.030731707317073198
q75,Frangieh_Coculture_IFNG,Frangieh,25,0.10390243902439023
q75,Frangieh_Coculture_IFNG,Frangieh,26,0.06829268292682925
q75,Frangieh_Coculture_IFNG,Frangieh,27,0.05707317073170727
q75,Frangieh_Coculture_IFNG,Frangieh,28,0.02390243902439022
q75,Frangieh_Coculture_IFNG,Frangieh,29,0.09365853658536587
q75,Frangieh_Coculture_IL2STAT5,Frangieh,0,0.09609756097560976
q75,Frangieh_Coculture_IL2STAT5,Frangieh,1,0.12048780487804883
q75,Frangieh_Coculture_IL2STAT5,Frangieh,2,-0.0009756097560975876
q75,Frangieh_Coculture_IL2STAT5,Frangieh,3,0.04780487804878047
q75,Frangieh_Coculture_IL2STAT5,Frangieh,4,0.005853658536585354
q75,Frangieh_Coculture_IL2STAT5,Frangieh,5,0.006829268292682897
q75,Frangieh_Coculture_IL2STAT5,Frangieh,6,-0.04829268292682931
q75,Frangieh_Coculture_IL2STAT5,Frangieh,7,0.10634146341463417
q75,Frangieh_Coculture_IL2STAT5,Frangieh,8,0.08439024390243903
q75,Frangieh_Coculture_IL2STAT5,Frangieh,9,0.06975609756097562
q75,Frangieh_Coculture_IL2STAT5,Frangieh,10,0.040975609756097604
q75,Frangieh_Coculture_IL2STAT5,Frangieh,11,0.10000000000000003
q75,Frangieh_Coculture_IL2STAT5,Frangieh,12,0.08975609756097555
q75,Frangieh_Coculture_IL2STAT5,Frangieh,13,0.07560975609756093
q75,Frangieh_Coculture_IL2STAT5,Frangieh,14,0.07170731707317074
q75,Frangieh_Coculture_IL2STAT5,Frangieh,15,0.15170731707317073
q75,Frangieh_Coculture_IL2STAT5,Frangieh,16,0.0814634146341463
q75,Frangieh_Coculture_IL2STAT5,Frangieh,17,0.07121951219512196
q75,Frangieh_Coculture_IL2STAT5,Frangieh,18,0.008780487804878034
q75,Frangieh_Coculture_IL2STAT5,Frangieh,19,0.10585365853658532
q75,Frangieh_Coculture_IL2STAT5,Frangieh,20,0.024390243902439004
q75,Frangieh_Coculture_IL2STAT5,Frangieh,21,0.09463414634146337
q75,Frangieh_Coculture_IL2STAT5,Frangieh,22,0.0829268292682927
q75,Frangieh_Coculture_IL2STAT5,Frangieh,23,0.09268292682926833
q75,Frangieh_Coculture_IL2STAT5,Frangieh,24,0.04243902439024387
q75,Frangieh_Coculture_IL2STAT5,Frangieh,25,0.08926829268292691
q75,Frangieh_Coculture_IL2STAT5,Frangieh,26,0.004878048780487755
q75,Frangieh_Coculture_IL2STAT5,Frangieh,27,0.018536585365853665
q75,Frangieh_Coculture_IL2STAT5,Frangieh,28,0.06341463414634146
q75,Frangieh_Coculture_IL2STAT5,Frangieh,29,0.06390243902439025
q75,Frangieh_Coculture_TNFA,Frangieh,0,0.04682926829268291
q75,Frangieh_Coculture_TNFA,Frangieh,1,0.09219512195121952
q75,Frangieh_Coculture_TNFA,Frangieh,2,0.022439024390243922
q75,Frangieh_Coculture_TNFA,Frangieh,3,0.06731707317073167
q75,Frangieh_Coculture_TNFA,Frangieh,4,0.024878048780487792
q75,Frangieh_Coculture_TNFA,Frangieh,5,0.10048780487804876
q75,Frangieh_Coculture_TNFA,Frangieh,6,-0.01853658536585371
q75,Frangieh_Coculture_TNFA,Frangieh,7,0.039999999999999945
q75,Frangieh_Coculture_TNFA,Frangieh,8,0.03414634146341457
q75,Frangieh_Coculture_TNFA,Frangieh,9,0.022926829268292682
q75,Frangieh_Coculture_TNFA,Frangieh,10,0.06926829268292681
q75,Frangieh_Coculture_TNFA,Frangieh,11,0.06292682926829278
q75,Frangieh_Coculture_TNFA,Frangieh,12,-0.04487804878048781
q75,Frangieh_Coculture_TNFA,Frangieh,13,0.007804878048780511
q75,Frangieh_Coculture_TNFA,Frangieh,14,0.017560975609756065
q75,Frangieh_Coculture_TNFA,Frangieh,15,0.04731707317073178
q75,Frangieh_Coculture_TNFA,Frangieh,16,0.04292682926829265
q75,Frangieh_Coculture_TNFA,Frangieh,17,0.02682926829268295
q75,Frangieh_Coculture_TNFA,Frangieh,18,-0.004390243902439071
q75,Frangieh_Coculture_TNFA,Frangieh,19,0.044390243902438974
q75,Frangieh_Coculture_TNFA,Frangieh,20,0.007804878048780457
q75,Frangieh_Coculture_TNFA,Frangieh,21,0.013170731707317054
q75,Frangieh_Coculture_TNFA,Frangieh,22,0.047804878048780475
q75,Frangieh_Coculture_TNFA,Frangieh,23,0.06731707317073174
q75,Frangieh_Coculture_TNFA,Frangieh,24,0.06292682926829266
q75,Frangieh_Coculture_TNFA,Frangieh,25,0.028780487804878137
q75,Frangieh_Coculture_TNFA,Frangieh,26,0.024878048780487837
q75,Frangieh_Coculture_TNFA,Frangieh,27,0.06926829268292684
q75,Frangieh_Coculture_TNFA,Frangieh,28,0.0004878048780487776
q75,Frangieh_Coculture_TNFA,Frangieh,29,0.014634146341463445
q75,Frangieh_Control_IFNG,Frangieh,0,0.005128205128205101
q75,Frangieh_Control_IFNG,Frangieh,1,0.11743589743589743
q75,Frangieh_Control_IFNG,Frangieh,2,0.1579487179487179
q75,Frangieh_Control_IFNG,Frangieh,3,0.04923076923076919
q75,Frangieh_Control_IFNG,Frangieh,4,0.039487179487179544
q75,Frangieh_Control_IFNG,Frangieh,5,0.035384615384615355
q75,Frangieh_Control_IFNG,Frangieh,6,0.06871794871794877
q75,Frangieh_Control_IFNG,Frangieh,7,0.10256410256410259
q75,Frangieh_Control_IFNG,Frangieh,8,0.01179487179487177
q75,Frangieh_Control_IFNG,Frangieh,9,0.059999999999999956
q75,Frangieh_Control_IFNG,Frangieh,10,-0.01743589743589746
q75,Frangieh_Control_IFNG,Frangieh,11,0.15384615384615385
q75,Frangieh_Control_IFNG,Frangieh,12,-0.002051282051282107
q75,Frangieh_Control_IFNG,Frangieh,13,-0.002564102564102591
q75,Frangieh_Control_IFNG,Frangieh,14,0.03743589743589739
q75,Frangieh_Control_IFNG,Frangieh,15,0.027179487179487104
q75,Frangieh_Control_IFNG,Frangieh,16,0.008717948717948662
q75,Frangieh_Control_IFNG,Frangieh,17,0.09333333333333335
q75,Frangieh_Control_IFNG,Frangieh,18,0.07333333333333333
q75,Frangieh_Control_IFNG,Frangieh,19,0.048205128205128164
q75,Frangieh_Control_IFNG,Frangieh,20,0.07846153846153844
q75,Frangieh_Control_IFNG,Frangieh,21,0.04153846153846153
q75,Frangieh_Control_IFNG,Frangieh,22,-0.03179487179487183
q75,Frangieh_Control_IFNG,Frangieh,23,0.17384615384615393
q75,Frangieh_Control_IFNG,Frangieh,24,0.12666666666666673
q75,Frangieh_Control_IFNG,Frangieh,25,0.06871794871794872
q75,Frangieh_Control_IFNG,Frangieh,26,0.030769230769230767
q75,Frangieh_Control_IFNG,Frangieh,27,0.04564102564102567
q75,Frangieh_Control_IFNG,Frangieh,28,0.07230769230769235
q75,Frangieh_Control_IFNG,Frangieh,29,0.1564102564102564
q75,Frangieh_Control_IL2STAT5,Frangieh,0,0.07641025641025641
q75,Frangieh_Control_IL2STAT5,Frangieh,1,0.061025641025640995
q75,Frangieh_Control_IL2STAT5,Frangieh,2,0.05487179487179494
q75,Frangieh_Control_IL2STAT5,Frangieh,3,0.013333333333333315
q75,Frangieh_Control_IL2STAT5,Frangieh,4,-0.0025641025641026083
q75,Frangieh_Control_IL2STAT5,Frangieh,5,0.003076923076923142
q75,Frangieh_Control_IL2STAT5,Frangieh,6,-0.0020512820512820647
q75,Frangieh_Control_IL2STAT5,Frangieh,7,-0.041025641025641
q75,Frangieh_Control_IL2STAT5,Frangieh,8,0.00820512820512812
q75,Frangieh_Control_IL2STAT5,Frangieh,9,-0.002564102564102593
q75,Frangieh_Control_IL2STAT5,Frangieh,10,-0.02717948717948712
q75,Frangieh_Control_IL2STAT5,Frangieh,11,0.11179487179487183
q75,Frangieh_Control_IL2STAT5,Frangieh,12,0.04820512820512813
q75,Frangieh_Control_IL2STAT5,Frangieh,13,0.2148717948717949
q75,Frangieh_Control_IL2STAT5,Frangieh,14,-0.0030769230769231133
q75,Frangieh_Control_IL2STAT5,Frangieh,15,0.017948717948717934
q75,Frangieh_Control_IL2STAT5,Frangieh,16,0.03179487179487182
q75,Frangieh_Control_IL2STAT5,Frangieh,17,-0.04256410256410255
q75,Frangieh_Control_IL2STAT5,Frangieh,18,0.054358974358974355
q75,Frangieh_Control_IL2STAT5,Frangieh,19,0.10358974358974365
q75,Frangieh_Control_IL2STAT5,Frangieh,20,0.11641025641025639
q75,Frangieh_Control_IL2STAT5,Frangieh,21,-0.006666666666666618
q75,Frangieh_Control_IL2STAT5,Frangieh,22,0.12205128205128216
q75,Frangieh_Control_IL2STAT5,Frangieh,23,0.06615384615384613
q75,Frangieh_Control_IL2STAT5,Frangieh,24,0.14564102564102568
q75,Frangieh_Control_IL2STAT5,Frangieh,25,0.07179487179487182
q75,Frangieh_Control_IL2STAT5,Frangieh,26,0.026666666666666713
q75,Frangieh_Control_IL2STAT5,Frangieh,27,0.012307692307692256
q75,Frangieh_Control_IL2STAT5,Frangieh,28,0.06512820512820512
q75,Frangieh_Control_IL2STAT5,Frangieh,29,0.006666666666666685
q75,Frangieh_Control_TNFA,Frangieh,0,0.03435897435897431
q75,Frangieh_Control_TNFA,Frangieh,1,0.019999999999999955
q75,Frangieh_Control_TNFA,Frangieh,2,0.20564102564102563
q75,Frangieh_Control_TNFA,Frangieh,3,0.14512820512820515
q75,Frangieh_Control_TNFA,Frangieh,4,0.024102564102564124
q75,Frangieh_Control_TNFA,Frangieh,5,0.0815384615384616
q75,Frangieh_Control_TNFA,Frangieh,6,0.011794871794871794
q75,Frangieh_Control_TNFA,Frangieh,7,0.13589743589743594
q75,Frangieh_Control_TNFA,Frangieh,8,0.038974358974358955
q75,Frangieh_Control_TNFA,Frangieh,9,0.05333333333333333
q75,Frangieh_Control_TNFA,Frangieh,10,0.038974358974358976
q75,Frangieh_Control_TNFA,Frangieh,11,0.05076923076923075
q75,Frangieh_Control_TNFA,Frangieh,12,0.11025641025641027
q75,Frangieh_Control_TNFA,Frangieh,13,0.15487179487179487
q75,Frangieh_Control_TNFA,Frangieh,14,0.10205128205128204
q75,Frangieh_Control_TNFA,Frangieh,15,0.20564102564102554
q75,Frangieh_Control_TNFA,Frangieh,16,0.06923076923076919
q75,Frangieh_Control_TNFA,Frangieh,17,0.021538461538461524
q75,Frangieh_Control_TNFA,Frangieh,18,0.16153846153846152
q75,Frangieh_Control_TNFA,Frangieh,19,0.16410256410256407
q75,Frangieh_Control_TNFA,Frangieh,20,0.101025641025641
q75,Frangieh_Control_TNFA,Frangieh,21,0.049230769230769224
q75,Frangieh_Control_TNFA,Frangieh,22,0.08410256410256406
q75,Frangieh_Control_TNFA,Frangieh,23,0.09743589743589745
q75,Frangieh_Control_TNFA,Frangieh,24,0.17743589743589738
q75,Frangieh_Control_TNFA,Frangieh,25,0.03846153846153842
q75,Frangieh_Control_TNFA,Frangieh,26,0.07179487179487179
q75,Frangieh_Control_TNFA,Frangieh,27,0.08461538461538463
q75,Frangieh_Control_TNFA,Frangieh,28,0.033333333333333395
q75,Frangieh_Control_TNFA,Frangieh,29,0.09692307692307692
q75,Frangieh_IFNg_IFNG,Frangieh,0,0.06093023255813956
q75,Frangieh_IFNg_IFNG,Frangieh,1,0.0623255813953488
q75,Frangieh_IFNg_IFNG,Frangieh,2,0.052558139534883724
q75,Frangieh_IFNg_IFNG,Frangieh,3,0.08697674418604652
q75,Frangieh_IFNg_IFNG,Frangieh,4,0.059069767441860516
q75,Frangieh_IFNg_IFNG,Frangieh,5,0.059069767441860446
q75,Frangieh_IFNg_IFNG,Frangieh,6,-0.021860465116279138
q75,Frangieh_IFNg_IFNG,Frangieh,7,0.021860465116279072
q75,Frangieh_IFNg_IFNG,Frangieh,8,0.06604651162790694
q75,Frangieh_IFNg_IFNG,Frangieh,9,0.021860465116279145
q75,Frangieh_IFNg_IFNG,Frangieh,10,0.03581395348837204
q75,Frangieh_IFNg_IFNG,Frangieh,11,0.06046511627906982
q75,Frangieh_IFNg_IFNG,Frangieh,12,0.08139534883720928
q75,Frangieh_IFNg_IFNG,Frangieh,13,0.02511627906976745
q75,Frangieh_IFNg_IFNG,Frangieh,14,0.047441860465116295
q75,Frangieh_IFNg_IFNG,Frangieh,15,-0.03023255813953495
q75,Frangieh_IFNg_IFNG,Frangieh,16,0.01953488372093028
q75,Frangieh_IFNg_IFNG,Frangieh,17,0.08837209302325581
q75,Frangieh_IFNg_IFNG,Frangieh,18,0.02976744186046512
q75,Frangieh_IFNg_IFNG,Frangieh,19,0.004186046511627936
q75,Frangieh_IFNg_IFNG,Frangieh,20,0.07674418604651156
q75,Frangieh_IFNg_IFNG,Frangieh,21,0.045116279069767395
q75,Frangieh_IFNg_IFNG,Frangieh,22,-0.02883720930232557
q75,Frangieh_IFNg_IFNG,Frangieh,23,0.026976744186046554
q75,Frangieh_IFNg_IFNG,Frangieh,24,0.03534883720930227
q75,Frangieh_IFNg_IFNG,Frangieh,25,0.11209302325581398
q75,Frangieh_IFNg_IFNG,Frangieh,26,-0.007441860465116269
q75,Frangieh_IFNg_IFNG,Frangieh,27,0.12093023255813957
q75,Frangieh_IFNg_IFNG,Frangieh,28,0.07395348837209306
q75,Frangieh_IFNg_IFNG,Frangieh,29,0.07720930232558137
q75,Frangieh_IFNg_IL2STAT5,Frangieh,0,0.11488372093023261
q75,Frangieh_IFNg_IL2STAT5,Frangieh,1,0.06465116279069766
q75,Frangieh_IFNg_IL2STAT5,Frangieh,2,0.18372093023255823
q75,Frangieh_IFNg_IL2STAT5,Frangieh,3,0.10325581395348837
q75,Frangieh_IFNg_IL2STAT5,Frangieh,4,0.06790697674418604
q75,Frangieh_IFNg_IL2STAT5,Frangieh,5,0.08837209302325583
q75,Frangieh_IFNg_IL2STAT5,Frangieh,6,0.0688372093023255
q75,Frangieh_IFNg_IL2STAT5,Frangieh,7,0.08790697674418604
q75,Frangieh_IFNg_IL2STAT5,Frangieh,8,0.06279069767441864
q75,Frangieh_IFNg_IL2STAT5,Frangieh,9,0.029302325581395304
q75,Frangieh_IFNg_IL2STAT5,Frangieh,10,0.10372093023255817
q75,Frangieh_IFNg_IL2STAT5,Frangieh,11,0.0772093023255814
q75,Frangieh_IFNg_IL2STAT5,Frangieh,12,0.13348837209302336
q75,Frangieh_IFNg_IL2STAT5,Frangieh,13,0.02883720930232558
q75,Frangieh_IFNg_IL2STAT5,Frangieh,14,0.11255813953488365
q75,Frangieh_IFNg_IL2STAT5,Frangieh,15,0.14697674418604656
q75,Frangieh_IFNg_IL2STAT5,Frangieh,16,0.16837209302325587
q75,Frangieh_IFNg_IL2STAT5,Frangieh,17,0.05906976744186045
q75,Frangieh_IFNg_IL2STAT5,Frangieh,18,0.05302325581395342
q75,Frangieh_IFNg_IL2STAT5,Frangieh,19,0.06790697674418605
q75,Frangieh_IFNg_IL2STAT5,Frangieh,20,0.1358139534883721
q75,Frangieh_IFNg_IL2STAT5,Frangieh,21,0.10372093023255811
q75,Frangieh_IFNg_IL2STAT5,Frangieh,22,0.1525581395348837
q75,Frangieh_IFNg_IL2STAT5,Frangieh,23,0.04418604651162786
q75,Frangieh_IFNg_IL2STAT5,Frangieh,24,0.16744186046511633
q75,Frangieh_IFNg_IL2STAT5,Frangieh,25,0.03116279069767449
q75,Frangieh_IFNg_IL2STAT5,Frangieh,26,-0.015813953488372102
q75,Frangieh_IFNg_IL2STAT5,Frangieh,27,0.09348837209302328
q75,Frangieh_IFNg_IL2STAT5,Frangieh,28,0.11581395348837212
q75,Frangieh_IFNg_IL2STAT5,Frangieh,29,0.11767441860465123
q75,Frangieh_IFNg_TNFA,Frangieh,0,0.08139534883720932
q75,Frangieh_IFNg_TNFA,Frangieh,1,0.15720930232558142
q75,Frangieh_IFNg_TNFA,Frangieh,2,0.08511627906976749
q75,Frangieh_IFNg_TNFA,Frangieh,3,0.015813953488372164
q75,Frangieh_IFNg_TNFA,Frangieh,4,0.08279069767441861
q75,Frangieh_IFNg_TNFA,Frangieh,5,0.04372093023255808
q75,Frangieh_IFNg_TNFA,Frangieh,6,0.057674418604651195
q75,Frangieh_IFNg_TNFA,Frangieh,7,0.09023255813953486
q75,Frangieh_IFNg_TNFA,Frangieh,8,0.06093023255813952
q75,Frangieh_IFNg_TNFA,Frangieh,9,0.07906976744186044
q75,Frangieh_IFNg_TNFA,Frangieh,10,0.09488372093023259
q75,Frangieh_IFNg_TNFA,Frangieh,11,0.0962790697674418
q75,Frangieh_IFNg_TNFA,Frangieh,12,0.05813953488372094
q75,Frangieh_IFNg_TNFA,Frangieh,13,0.07023255813953494
q75,Frangieh_IFNg_TNFA,Frangieh,14,0.09627906976744192
q75,Frangieh_IFNg_TNFA,Frangieh,15,0.041395348837209286
q75,Frangieh_IFNg_TNFA,Frangieh,16,0.07209302325581399
q75,Frangieh_IFNg_TNFA,Frangieh,17,0.06837209302325575
q75,Frangieh_IFNg_TNFA,Frangieh,18,0.02558139534883721
q75,Frangieh_IFNg_TNFA,Frangieh,19,0.10046511627906975
q75,Frangieh_IFNg_TNFA,Frangieh,20,0.06093023255813962
q75,Frangieh_IFNg_TNFA,Frangieh,21,0.07116279069767445
q75,Frangieh_IFNg_TNFA,Frangieh,22,0.07906976744186048
q75,Frangieh_IFNg_TNFA,Frangieh,23,0.05302325581395346
q75,Frangieh_IFNg_TNFA,Frangieh,24,0.13395348837209298
q75,Frangieh_IFNg_TNFA,Frangieh,25,0.07488372093023249
q75,Frangieh_IFNg_TNFA,Frangieh,26,0.07767441860465123
q75,Frangieh_IFNg_TNFA,Frangieh,27,0.08651162790697672
q75,Frangieh_IFNg_TNFA,Frangieh,28,0.026046511627906943
q75,Frangieh_IFNg_TNFA,Frangieh,29,0.10139534883720927
q75,Papalexi_IFNg_IFNG,Papalexi,0,0.04666666666666667
q75,Papalexi_IFNg_IFNG,Papalexi,1,-1.5543122344752193e-17
q75,Papalexi_IFNg_IFNG,Papalexi,2,0.12333333333333335
q75,Papalexi_IFNg_IFNG,Papalexi,3,0.05000000000000001
q75,Papalexi_IFNg_IFNG,Papalexi,4,0.05333333333333334
q75,Papalexi_IFNg_IFNG,Papalexi,5,0.04333333333333335
q75,Papalexi_IFNg_IFNG,Papalexi,6,0.0
q75,Papalexi_IFNg_IFNG,Papalexi,7,0.09
q75,Papalexi_IFNg_IFNG,Papalexi,8,0.0
q75,Papalexi_IFNg_IFNG,Papalexi,9,0.08999999999999998
q75,Papalexi_IFNg_IFNG,Papalexi,10,0.07333333333333333
q75,Papalexi_IFNg_IFNG,Papalexi,11,0.0
q75,Papalexi_IFNg_IFNG,Papalexi,12,0.04333333333333334
q75,Papalexi_IFNg_IFNG,Papalexi,13,0.0
q75,Papalexi_IFNg_IFNG,Papalexi,14,-0.009999999999999948
q75,Papalexi_IFNg_IFNG,Papalexi,15,0.19333333333333336
q75,Papalexi_IFNg_IFNG,Papalexi,16,0.06
q75,Papalexi_IFNg_IFNG,Papalexi,17,0.05333333333333336
q75,Papalexi_IFNg_IFNG,Papalexi,18,0.0
q75,Papalexi_IFNg_IFNG,Papalexi,19,0.0
q75,Papalexi_IFNg_IFNG,Papalexi,20,0.13000000000000006
q75,Papalexi_IFNg_IFNG,Papalexi,21,-0.06333333333333334
q75,Papalexi_IFNg_IFNG,Papalexi,22,0.013333333333333343
q75,Papalexi_IFNg_IFNG,Papalexi,23,0.03000000000000001
q75,Papalexi_IFNg_IFNG,Papalexi,24,0.02333333333333332
q75,Papalexi_IFNg_IFNG,Papalexi,25,0.10333333333333333
q75,Papalexi_IFNg_IFNG,Papalexi,26,-4.662936703425657e-17
q75,Papalexi_IFNg_IFNG,Papalexi,27,0.0
q75,Papalexi_IFNg_IFNG,Papalexi,28,0.06
q75,Papalexi_IFNg_IFNG,Papalexi,29,0.06
q75,Papalexi_IFNg_IL2STAT5,Papalexi,0,0.0
q75,Papalexi_IFNg_IL2STAT5,Papalexi,1,0.0
q75,Papalexi_IFNg_IL2STAT5,Papalexi,2,0.023333333333333338
q75,Papalexi_IFNg_IL2STAT5,Papalexi,3,0.02666666666666667
q75,Papalexi_IFNg_IL2STAT5,Papalexi,4,2.4980018054066023e-17
q75,Papalexi_IFNg_IL2STAT5,Papalexi,5,0.0
q75,Papalexi_IFNg_IL2STAT5,Papalexi,6,0.01333333333333334
q75,Papalexi_IFNg_IL2STAT5,Papalexi,7,0.0
q75,Papalexi_IFNg_IL2STAT5,Papalexi,8,-0.09666666666666666
q75,Papalexi_IFNg_IL2STAT5,Papalexi,9,-6.661338147750939e-18
q75,Papalexi_IFNg_IL2STAT5,Papalexi,10,2.0539125955565396e-17
q75,Papalexi_IFNg_IL2STAT5,Papalexi,11,3.663735981263017e-17
q75,Papalexi_IFNg_IL2STAT5,Papalexi,12,-0.006666666666666666
q75,Papalexi_IFNg_IL2STAT5,Papalexi,13,0.0
q75,Papalexi_IFNg_IL2STAT5,Papalexi,14,-0.029999999999999992
q75,Papalexi_IFNg_IL2STAT5,Papalexi,15,0.0766666666666667
q75,Papalexi_IFNg_IL2STAT5,Papalexi,16,-2.886579864025407e-17
q75,Papalexi_IFNg_IL2STAT5,Papalexi,17,0.05333333333333333
q75,Papalexi_IFNg_IL2STAT5,Papalexi,18,0.030000000000000006
q75,Papalexi_IFNg_IL2STAT5,Papalexi,19,0.013333333333333334
q75,Papalexi_IFNg_IL2STAT5,Papalexi,20,0.07666666666666667
q75,Papalexi_IFNg_IL2STAT5,Papalexi,21,-0.13333333333333333
q75,Papalexi_IFNg_IL2STAT5,Papalexi,22,-0.006666666666666658
q75,Papalexi_IFNg_IL2STAT5,Papalexi,23,0.05666666666666668
q75,Papalexi_IFNg_IL2STAT5,Papalexi,24,0.023333333333333334
q75,Papalexi_IFNg_IL2STAT5,Papalexi,25,-3.1086244689504386e-17
q75,Papalexi_IFNg_IL2STAT5,Papalexi,26,0.0
q75,Papalexi_IFNg_IL2STAT5,Papalexi,27,0.08666666666666668
q75,Papalexi_IFNg_IL2STAT5,Papalexi,28,0.06000000000000001
q75,Papalexi_IFNg_IL2STAT5,Papalexi,29,-2.3869795029440865e-17
q75,Papalexi_IFNg_TNFA,Papalexi,0,0.020000000000000004
q75,Papalexi_IFNg_TNFA,Papalexi,1,0.0
q75,Papalexi_IFNg_TNFA,Papalexi,2,0.02333333333333332
q75,Papalexi_IFNg_TNFA,Papalexi,3,0.0
q75,Papalexi_IFNg_TNFA,Papalexi,4,1.7763568394002505e-17
q75,Papalexi_IFNg_TNFA,Papalexi,5,0.04333333333333334
q75,Papalexi_IFNg_TNFA,Papalexi,6,-0.14333333333333334
q75,Papalexi_IFNg_TNFA,Papalexi,7,0.03000000000000001
q75,Papalexi_IFNg_TNFA,Papalexi,8,-0.026666666666666675
q75,Papalexi_IFNg_TNFA,Papalexi,9,0.0
q75,Papalexi_IFNg_TNFA,Papalexi,10,-1.609823385706477e-17
q75,Papalexi_IFNg_TNFA,Papalexi,11,2.1094237467877975e-17
q75,Papalexi_IFNg_TNFA,Papalexi,12,-0.04999999999999999
q75,Papalexi_IFNg_TNFA,Papalexi,13,1.8873791418627663e-17
q75,Papalexi_IFNg_TNFA,Papalexi,14,-0.03
q75,Papalexi_IFNg_TNFA,Papalexi,15,0.06333333333333331
q75,Papalexi_IFNg_TNFA,Papalexi,16,0.0
q75,Papalexi_IFNg_TNFA,Papalexi,17,0.05333333333333334
q75,Papalexi_IFNg_TNFA,Papalexi,18,0.0
q75,Papalexi_IFNg_TNFA,Papalexi,19,-0.12333333333333332
q75,Papalexi_IFNg_TNFA,Papalexi,20,0.09000000000000002
q75,Papalexi_IFNg_TNFA,Papalexi,21,-0.10666666666666667
q75,Papalexi_IFNg_TNFA,Papalexi,22,-0.029999999999999992
q75,Papalexi_IFNg_TNFA,Papalexi,23,-0.023333333333333338
q75,Papalexi_IFNg_TNFA,Papalexi,24,0.0
q75,Papalexi_IFNg_TNFA,Papalexi,25,0.0
q75,Papalexi_IFNg_TNFA,Papalexi,26,0.0
q75,Papalexi_IFNg_TNFA,Papalexi,27,0.040000000000000015
q75,Papalexi_IFNg_TNFA,Papalexi,28,0.06000000000000001
q75,Papalexi_IFNg_TNFA,Papalexi,29,0.0
q75,Tian_all_IFNG,Tian,0,0.043333333333333314
q75,Tian_all_IFNG,Tian,1,0.0042857142857142426
q75,Tian_all_IFNG,Tian,2,0.009999999999999948
q75,Tian_all_IFNG,Tian,3,0.05428571428571434
q75,Tian_all_IFNG,Tian,4,0.04952380952380952
q75,Tian_all_IFNG,Tian,5,0.041428571428571426
q75,Tian_all_IFNG,Tian,6,0.020476190476190554
q75,Tian_all_IFNG,Tian,7,0.06714285714285721
q75,Tian_all_IFNG,Tian,8,0.017619047619047618
q75,Tian_all_IFNG,Tian,9,0.06380952380952387
q75,Tian_all_IFNG,Tian,10,-0.055238095238095315
q75,Tian_all_IFNG,Tian,11,0.032380952380952344
q75,Tian_all_IFNG,Tian,12,0.02904761904761903
q75,Tian_all_IFNG,Tian,13,0.01714285714285714
q75,Tian_all_IFNG,Tian,14,0.09761904761904772
q75,Tian_all_IFNG,Tian,15,0.017619047619047607
q75,Tian_all_IFNG,Tian,16,0.00857142857142859
q75,Tian_all_IFNG,Tian,17,0.04571428571428575
q75,Tian_all_IFNG,Tian,18,0.08238095238095237
q75,Tian_all_IFNG,Tian,19,0.09761904761904766
q75,Tian_all_IFNG,Tian,20,0.018571428571428544
q75,Tian_all_IFNG,Tian,21,0.009523809523809431
q75,Tian_all_IFNG,Tian,22,0.046666666666666724
q75,Tian_all_IFNG,Tian,23,0.10285714285714294
q75,Tian_all_IFNG,Tian,24,0.03142857142857139
q75,Tian_all_IFNG,Tian,25,0.15190476190476188
q75,Tian_all_IFNG,Tian,26,0.08047619047619044
q75,Tian_all_IFNG,Tian,27,0.012380952380952458
q75,Tian_all_IFNG,Tian,28,0.029999999999999975
q75,Tian_all_IFNG,Tian,29,0.04476190476190485
q75,Tian_all_IL2STAT5,Tian,0,0.03857142857142858
q75,Tian_all_IL2STAT5,Tian,1,0.10904761904761903
q75,Tian_all_IL2STAT5,Tian,2,0.04333333333333333
q75,Tian_all_IL2STAT5,Tian,3,0.021904761904761875
q75,Tian_all_IL2STAT5,Tian,4,0.09190476190476186
q75,Tian_all_IL2STAT5,Tian,5,0.01619047619047619
q75,Tian_all_IL2STAT5,Tian,6,0.055714285714285675
q75,Tian_all_IL2STAT5,Tian,7,-0.0033333333333333305
q75,Tian_all_IL2STAT5,Tian,8,0.039047619047619005
q75,Tian_all_IL2STAT5,Tian,9,0.050952380952380916
q75,Tian_all_IL2STAT5,Tian,10,0.08238095238095243
q75,Tian_all_IL2STAT5,Tian,11,-0.028571428571428536
q75,Tian_all_IL2STAT5,Tian,12,0.06333333333333328
q75,Tian_all_IL2STAT5,Tian,13,0.03095238095238095
q75,Tian_all_IL2STAT5,Tian,14,0.011904761904761895
q75,Tian_all_IL2STAT5,Tian,15,0.03238095238095234
q75,Tian_all_IL2STAT5,Tian,16,-0.005238095238095168
q75,Tian_all_IL2STAT5,Tian,17,0.036666666666666715
q75,Tian_all_IL2STAT5,Tian,18,0.1280952380952381
q75,Tian_all_IL2STAT5,Tian,19,-0.053333333333333316
q75,Tian_all_IL2STAT5,Tian,20,-0.015238095238095186
q75,Tian_all_IL2STAT5,Tian,21,0.06619047619047617
q75,Tian_all_IL2STAT5,Tian,22,0.040476190476190436
q75,Tian_all_IL2STAT5,Tian,23,0.02666666666666665
q75,Tian_all_IL2STAT5,Tian,24,0.10666666666666663
q75,Tian_all_IL2STAT5,Tian,25,0.08666666666666666
q75,Tian_all_IL2STAT5,Tian,26,0.06761904761904765
q75,Tian_all_IL2STAT5,Tian,27,0.07904761904761902
q75,Tian_all_IL2STAT5,Tian,28,0.013809523809523825
q75,Tian_all_IL2STAT5,Tian,29,0.031428571428571486
q75,Tian_all_TNFA,Tian,0,0.04047619047619045
q75,Tian_all_TNFA,Tian,1,0.11238095238095239
q75,Tian_all_TNFA,Tian,2,0.10428571428571422
q75,Tian_all_TNFA,Tian,3,0.1876190476190476
q75,Tian_all_TNFA,Tian,4,0.025238095238095205
q75,Tian_all_TNFA,Tian,5,0.0814285714285714
q75,Tian_all_TNFA,Tian,6,0.01238095238095247
q75,Tian_all_TNFA,Tian,7,0.06952380952380949
q75,Tian_all_TNFA,Tian,8,0.05761904761904761
q75,Tian_all_TNFA,Tian,9,0.002380952380952313
q75,Tian_all_TNFA,Tian,10,0.05047619047619043
q75,Tian_all_TNFA,Tian,11,-0.02190476190476192
q75,Tian_all_TNFA,Tian,12,0.04619047619047622
q75,Tian_all_TNFA,Tian,13,0.04380952380952387
q75,Tian_all_TNFA,Tian,14,-0.005238095238095277
q75,Tian_all_TNFA,Tian,15,-0.009523809523809618
q75,Tian_all_TNFA,Tian,16,0.12619047619047616
q75,Tian_all_TNFA,Tian,17,0.056190476190476166
q75,Tian_all_TNFA,Tian,18,0.1119047619047619
q75,Tian_all_TNFA,Tian,19,0.06999999999999998
q75,Tian_all_TNFA,Tian,20,0.057142857142857224
q75,Tian_all_TNFA,Tian,21,0.15952380952380954
q75,Tian_all_TNFA,Tian,22,0.04190476190476196
q75,Tian_all_TNFA,Tian,23,0.03000000000000006
q75,Tian_all_TNFA,Tian,24,0.022380952380952408
q75,Tian_all_TNFA,Tian,25,0.06142857142857141
q75,Tian_all_TNFA,Tian,26,0.1004761904761904
q75,Tian_all_TNFA,Tian,27,-0.027619047619047675
q75,Tian_all_TNFA,Tian,28,0.07047619047619046
q75,Tian_all_TNFA,Tian,29,0.11190476190476187
q60,Frangieh_Coculture_IFNG,Frangieh,0,0.05170731707317074
q60,Frangieh_Coculture_IFNG,Frangieh,1,0.04195121951219518
q60,Frangieh_Coculture_IFNG,Frangieh,2,0.1560975609756098
q60,Frangieh_Coculture_IFNG,Frangieh,3,0.14195121951219514
q60,Frangieh_Coculture_IFNG,Frangieh,4,-0.012195121951219528
q60,Frangieh_Coculture_IFNG,Frangieh,5,0.12926829268292686
q60,Frangieh_Coculture_IFNG,Frangieh,6,-0.04585365853658535
q60,Frangieh_Coculture_IFNG,Frangieh,7,-0.03853658536585366
q60,Frangieh_Coculture_IFNG,Frangieh,8,0.022926829268292672
q60,Frangieh_Coculture_IFNG,Frangieh,9,0.03024390243902439
q60,Frangieh_Coculture_IFNG,Frangieh,10,0.0448780487804878
q60,Frangieh_Coculture_IFNG,Frangieh,11,-0.006341463414634099
q60,Frangieh_Coculture_IFNG,Frangieh,12,0.060975609756097594
q60,Frangieh_Coculture_IFNG,Frangieh,13,0.042926829268292666
q60,Frangieh_Coculture_IFNG,Frangieh,14,0.028780487804878064
q60,Frangieh_Coculture_IFNG,Frangieh,15,0.1234146341463415
q60,Frangieh_Coculture_IFNG,Frangieh,16,0.13804878048780497
q60,Frangieh_Coculture_IFNG,Frangieh,17,0.09804878048780488
q60,Frangieh_Coculture_IFNG,Frangieh,18,0.017560975609756103
q60,Frangieh_Coculture_IFNG,Frangieh,19,-0.014634146341463457
q60,Frangieh_Coculture_IFNG,Frangieh,20,-0.0229268292682927
q60,Frangieh_Coculture_IFNG,Frangieh,21,0.036585365853658486
q60,Frangieh_Coculture_IFNG,Frangieh,22,0.1131707317073171
q60,Frangieh_Coculture_IFNG,Frangieh,23,0.012195121951219537
q60,Frangieh_Coculture_IFNG,Frangieh,24,0.014634146341463348
q60,Frangieh_Coculture_IFNG,Frangieh,25,0.19024390243902442
q60,Frangieh_Coculture_IFNG,Frangieh,26,0.1604878048780488
q60,Frangieh_Coculture_IFNG,Frangieh,27,0.12048780487804883
q60,Frangieh_Coculture_IFNG,Frangieh,28,0.09902439024390242
q60,Frangieh_Coculture_IFNG,Frangieh,29,0.07560975609756099
q60,Frangieh_Coculture_IL2STAT5,Frangieh,0,0.11804878048780493
q60,Frangieh_Coculture_IL2STAT5,Frangieh,1,0.14634146341463417
q60,Frangieh_Coculture_IL2STAT5,Frangieh,2,0.07756097560975606
q60,Frangieh_Coculture_IL2STAT5,Frangieh,3,0.11463414634146343
q60,Frangieh_Coculture_IL2STAT5,Frangieh,4,0.04975609756097571
q60,Frangieh_Coculture_IL2STAT5,Frangieh,5,0.14585365853658538
q60,Frangieh_Coculture_IL2STAT5,Frangieh,6,-0.05756097560975612
q60,Frangieh_Coculture_IL2STAT5,Frangieh,7,0.07902439024390238
q60,Frangieh_Coculture_IL2STAT5,Frangieh,8,0.05560975609756096
q60,Frangieh_Coculture_IL2STAT5,Frangieh,9,0.02585365853658536
q60,Frangieh_Coculture_IL2STAT5,Frangieh,10,0.04682926829268285
q60,Frangieh_Coculture_IL2STAT5,Frangieh,11,0.0721951219512195
q60,Frangieh_Coculture_IL2STAT5,Frangieh,12,0.044878048780487824
q60,Frangieh_Coculture_IL2STAT5,Frangieh,13,0.07463414634146347
q60,Frangieh_Coculture_IL2STAT5,Frangieh,14,0.02243902439024391
q60,Frangieh_Coculture_IL2STAT5,Frangieh,15,0.1770731707317073
q60,Frangieh_Coculture_IL2STAT5,Frangieh,16,0.08048780487804881
q60,Frangieh_Coculture_IL2STAT5,Frangieh,17,0.09658536585365855
q60,Frangieh_Coculture_IL2STAT5,Frangieh,18,0.007804878048780462
q60,Frangieh_Coculture_IL2STAT5,Frangieh,19,0.11707317073170734
q60,Frangieh_Coculture_IL2STAT5,Frangieh,20,0.08780487804878045
q60,Frangieh_Coculture_IL2STAT5,Frangieh,21,0.051707317073170736
q60,Frangieh_Coculture_IL2STAT5,Frangieh,22,0.06634146341463416
q60,Frangieh_Coculture_IL2STAT5,Frangieh,23,0.13951219512195126
q60,Frangieh_Coculture_IL2STAT5,Frangieh,24,0.035609756097561035
q60,Frangieh_Coculture_IL2STAT5,Frangieh,25,-0.018048780487804866
q60,Frangieh_Coculture_IL2STAT5,Frangieh,26,0.06048780487804879
q60,Frangieh_Coculture_IL2STAT5,Frangieh,27,0.019024390243902452
q60,Frangieh_Coculture_IL2STAT5,Frangieh,28,0.07658536585365844
q60,Frangieh_Coculture_IL2STAT5,Frangieh,29,0.11951219512195124
q60,Frangieh_Coculture_TNFA,Frangieh,0,-0.017073170731707315
q60,Frangieh_Coculture_TNFA,Frangieh,1,0.07902439024390244
q60,Frangieh_Coculture_TNFA,Frangieh,2,-0.007804878048780448
q60,Frangieh_Coculture_TNFA,Frangieh,3,0.06585365853658534
q60,Frangieh_Coculture_TNFA,Frangieh,4,0.060975609756097546
q60,Frangieh_Coculture_TNFA,Frangieh,5,0.02439024390243908
q60,Frangieh_Coculture_TNFA,Frangieh,6,0.004878048780487806
q60,Frangieh_Coculture_TNFA,Frangieh,7,0.08097560975609756
q60,Frangieh_Coculture_TNFA,Frangieh,8,0.09707317073170729
q60,Frangieh_Coculture_TNFA,Frangieh,9,0.0434146341463415
q60,Frangieh_Coculture_TNFA,Frangieh,10,0.08390243902439026
q60,Frangieh_Coculture_TNFA,Frangieh,11,0.144390243902439
q60,Frangieh_Coculture_TNFA,Frangieh,12,0.03463414634146346
q60,Frangieh_Coculture_TNFA,Frangieh,13,-0.0014634146341463827
q60,Frangieh_Coculture_TNFA,Frangieh,14,0.07902439024390254
q60,Frangieh_Coculture_TNFA,Frangieh,15,-0.0029268292682926855
q60,Frangieh_Coculture_TNFA,Frangieh,16,-0.005365853658536585
q60,Frangieh_Coculture_TNFA,Frangieh,17,0.020000000000000007
q60,Frangieh_Coculture_TNFA,Frangieh,18,-0.05999999999999999
q60,Frangieh_Coculture_TNFA,Frangieh,19,0.011219512195121921
q60,Frangieh_Coculture_TNFA,Frangieh,20,0.017560975609756144
q60,Frangieh_Coculture_TNFA,Frangieh,21,-0.022926829268292613
q60,Frangieh_Coculture_TNFA,Frangieh,22,0.018536585365853665
q60,Frangieh_Coculture_TNFA,Frangieh,23,-0.02731707317073168
q60,Frangieh_Coculture_TNFA,Frangieh,24,0.07804878048780484
q60,Frangieh_Coculture_TNFA,Frangieh,25,0.022926829268292693
q60,Frangieh_Coculture_TNFA,Frangieh,26,-0.022926829268292686
q60,Frangieh_Coculture_TNFA,Frangieh,27,0.034146341463414574
q60,Frangieh_Coculture_TNFA,Frangieh,28,0.016585365853658537
q60,Frangieh_Coculture_TNFA,Frangieh,29,0.013658536585365888
q60,Frangieh_Control_IFNG,Frangieh,0,0.045641025641025665
q60,Frangieh_Control_IFNG,Frangieh,1,0.0805128205128205
q60,Frangieh_Control_IFNG,Frangieh,2,0.06461538461538463
q60,Frangieh_Control_IFNG,Frangieh,3,0.048205128205128206
q60,Frangieh_Control_IFNG,Frangieh,4,0.03692307692307692
q60,Frangieh_Control_IFNG,Frangieh,5,0.04615384615384621
q60,Frangieh_Control_IFNG,Frangieh,6,0.05128205128205129
q60,Frangieh_Control_IFNG,Frangieh,7,0.01538461538461537
q60,Frangieh_Control_IFNG,Frangieh,8,0.04153846153846155
q60,Frangieh_Control_IFNG,Frangieh,9,0.10153846153846156
q60,Frangieh_Control_IFNG,Frangieh,10,0.058974358974358994
q60,Frangieh_Control_IFNG,Frangieh,11,0.1476923076923078
q60,Frangieh_Control_IFNG,Frangieh,12,0.0830769230769231
q60,Frangieh_Control_IFNG,Frangieh,13,0.035384615384615355
q60,Frangieh_Control_IFNG,Frangieh,14,0.031282051282051304
q60,Frangieh_Control_IFNG,Frangieh,15,0.09846153846153852
q60,Frangieh_Control_IFNG,Frangieh,16,0.03179487179487177
q60,Frangieh_Control_IFNG,Frangieh,17,0.055897435897435926
q60,Frangieh_Control_IFNG,Frangieh,18,0.06871794871794874
q60,Frangieh_Control_IFNG,Frangieh,19,0.08974358974358973
q60,Frangieh_Control_IFNG,Frangieh,20,0.0010256410256410254
q60,Frangieh_Control_IFNG,Frangieh,21,0.026666666666666675
q60,Frangieh_Control_IFNG,Frangieh,22,-0.05076923076923072
q60,Frangieh_Control_IFNG,Frangieh,23,0.17025641025641025
q60,Frangieh_Control_IFNG,Frangieh,24,0.030256410256410286
q60,Frangieh_Control_IFNG,Frangieh,25,0.021025641025641112
q60,Frangieh_Control_IFNG,Frangieh,26,0.033846153846153866
q60,Frangieh_Control_IFNG,Frangieh,27,-0.09846153846153843
q60,Frangieh_Control_IFNG,Frangieh,28,0.10666666666666673
q60,Frangieh_Control_IFNG,Frangieh,29,0.07230769230769231
q60,Frangieh_Control_IL2STAT5,Frangieh,0,0.14410256410256408
q60,Frangieh_Control_IL2STAT5,Frangieh,1,-0.014871794871794842
q60,Frangieh_Control_IL2STAT5,Frangieh,2,-0.021538461538461538
q60,Frangieh_Control_IL2STAT5,Frangieh,3,0.15641025641025638
q60,Frangieh_Control_IL2STAT5,Frangieh,4,0.009743589743589676
q60,Frangieh_Control_IL2STAT5,Frangieh,5,0.06564102564102563
q60,Frangieh_Control_IL2STAT5,Frangieh,6,0.02307692307692304
q60,Frangieh_Control_IL2STAT5,Frangieh,7,0.1
q60,Frangieh_Control_IL2STAT5,Frangieh,8,0.10410256410256405
q60,Frangieh_Control_IL2STAT5,Frangieh,9,0.1441025641025641
q60,Frangieh_Control_IL2STAT5,Frangieh,10,0.0010256410256410204
q60,Frangieh_Control_IL2STAT5,Frangieh,11,0.13230769230769235
q60,Frangieh_Control_IL2STAT5,Frangieh,12,0.10153846153846152
q60,Frangieh_Control_IL2STAT5,Frangieh,13,0.1707692307692307
q60,Frangieh_Control_IL2STAT5,Frangieh,14,-0.0030769230769230192
q60,Frangieh_Control_IL2STAT5,Frangieh,15,0.05282051282051283
q60,Frangieh_Control_IL2STAT5,Frangieh,16,0.00974358974358971
q60,Frangieh_Control_IL2STAT5,Frangieh,17,0.13948717948717948
q60,Frangieh_Control_IL2STAT5,Frangieh,18,0.04102564102564101
q60,Frangieh_Control_IL2STAT5,Frangieh,19,0.1461538461538461
q60,Frangieh_Control_IL2STAT5,Frangieh,20,0.12615384615384612
q60,Frangieh_Control_IL2STAT5,Frangieh,21,0.016410256410256466
q60,Frangieh_Control_IL2STAT5,Frangieh,22,0.10410256410256412
q60,Frangieh_Control_IL2STAT5,Frangieh,23,0.07948717948717957
q60,Frangieh_Control_IL2STAT5,Frangieh,24,0.10717948717948714
q60,Frangieh_Control_IL2STAT5,Frangieh,25,0.047179487179487174
q60,Frangieh_Control_IL2STAT5,Frangieh,26,0.016923076923076878
q60,Frangieh_Control_IL2STAT5,Frangieh,27,0.03384615384615382
q60,Frangieh_Control_IL2STAT5,Frangieh,28,0.08564102564102559
q60,Frangieh_Control_IL2STAT5,Frangieh,29,0.05999999999999997
q60,Frangieh_Control_TNFA,Frangieh,0,0.06974358974358981
q60,Frangieh_Control_TNFA,Frangieh,1,0.01846153846153848
q60,Frangieh_Control_TNFA,Frangieh,2,0.14051282051282046
q60,Frangieh_Control_TNFA,Frangieh,3,0.10666666666666666
q60,Frangieh_Control_TNFA,Frangieh,4,-0.0051282051282051135
q60,Frangieh_Control_TNFA,Frangieh,5,0.07692307692307691
q60,Frangieh_Control_TNFA,Frangieh,6,-0.01230769230769229
q60,Frangieh_Control_TNFA,Frangieh,7,0.09897435897435897
q60,Frangieh_Control_TNFA,Frangieh,8,0.055384615384615296
q60,Frangieh_Control_TNFA,Frangieh,9,0.026153846153846146
q60,Frangieh_Control_TNFA,Frangieh,10,0.12102564102564102
q60,Frangieh_Control_TNFA,Frangieh,11,0.042564102564102535
q60,Frangieh_Control_TNFA,Frangieh,12,0.0010256410256410575
q60,Frangieh_Control_TNFA,Frangieh,13,0.17179487179487182
q60,Frangieh_Control_TNFA,Frangieh,14,0.033333333333333284
q60,Frangieh_Control_TNFA,Frangieh,15,0.1897435897435898
q60,Frangieh_Control_TNFA,Frangieh,16,0.06717948717948719
q60,Frangieh_Control_TNFA,Frangieh,17,0.03333333333333333
q60,Frangieh_Control_TNFA,Frangieh,18,0.1805128205128205
q60,Frangieh_Control_TNFA,Frangieh,19,0.14051282051282052
q60,Frangieh_Control_TNFA,Frangieh,20,0.05076923076923073
q60,Frangieh_Control_TNFA,Frangieh,21,0.17076923076923073
q60,Frangieh_Control_TNFA,Frangieh,22,-0.08256410256410258
q60,Frangieh_Control_TNFA,Frangieh,23,0.05128205128205129
q60,Frangieh_Control_TNFA,Frangieh,24,0.10153846153846154
q60,Frangieh_Control_TNFA,Frangieh,25,0.02410256410256411
q60,Frangieh_Control_TNFA,Frangieh,26,0.05230769230769232
q60,Frangieh_Control_TNFA,Frangieh,27,0.0871794871794872
q60,Frangieh_Control_TNFA,Frangieh,28,0.05025641025641028
q60,Frangieh_Control_TNFA,Frangieh,29,0.09230769230769229
q60,Frangieh_IFNg_IFNG,Frangieh,0,0.06465116279069769
q60,Frangieh_IFNg_IFNG,Frangieh,1,0.03767441860465113
q60,Frangieh_IFNg_IFNG,Frangieh,2,0.056279069767441875
q60,Frangieh_IFNg_IFNG,Frangieh,3,-0.012093023255813953
q60,Frangieh_IFNg_IFNG,Frangieh,4,0.11581395348837209
q60,Frangieh_IFNg_IFNG,Frangieh,5,0.039534883720930225
q60,Frangieh_IFNg_IFNG,Frangieh,6,0.033023255813953496
q60,Frangieh_IFNg_IFNG,Frangieh,7,0.07488372093023249
q60,Frangieh_IFNg_IFNG,Frangieh,8,0.1088372093023256
q60,Frangieh_IFNg_IFNG,Frangieh,9,0.05674418604651164
q60,Frangieh_IFNg_IFNG,Frangieh,10,-0.03395348837209302
q60,Frangieh_IFNg_IFNG,Frangieh,11,0.17767441860465122
q60,Frangieh_IFNg_IFNG,Frangieh,12,0.09302325581395347
q60,Frangieh_IFNg_IFNG,Frangieh,13,0.058139534883720936
q60,Frangieh_IFNg_IFNG,Frangieh,14,0.04883720930232558
q60,Frangieh_IFNg_IFNG,Frangieh,15,0.03488372093023254
q60,Frangieh_IFNg_IFNG,Frangieh,16,0.0009302325581394755
q60,Frangieh_IFNg_IFNG,Frangieh,17,0.09395348837209308
q60,Frangieh_IFNg_IFNG,Frangieh,18,0.0888372093023256
q60,Frangieh_IFNg_IFNG,Frangieh,19,0.05674418604651164
q60,Frangieh_IFNg_IFNG,Frangieh,20,-0.006511627906976758
q60,Frangieh_IFNg_IFNG,Frangieh,21,0.1051162790697674
q60,Frangieh_IFNg_IFNG,Frangieh,22,0.07069767441860465
q60,Frangieh_IFNg_IFNG,Frangieh,23,0.026046511627906943
q60,Frangieh_IFNg_IFNG,Frangieh,24,0.13255813953488368
q60,Frangieh_IFNg_IFNG,Frangieh,25,0.08883720930232557
q60,Frangieh_IFNg_IFNG,Frangieh,26,-0.006976744186046524
q60,Frangieh_IFNg_IFNG,Frangieh,27,0.12325581395348845
q60,Frangieh_IFNg_IFNG,Frangieh,28,0.11720930232558137
q60,Frangieh_IFNg_IFNG,Frangieh,29,0.05767441860465123
q60,Frangieh_IFNg_IL2STAT5,Frangieh,0,0.05813953488372093
q60,Frangieh_IFNg_IL2STAT5,Frangieh,1,-0.10186046511627907
q60,Frangieh_IFNg_IL2STAT5,Frangieh,2,0.10790697674418612
q60,Frangieh_IFNg_IL2STAT5,Frangieh,3,0.05581395348837213
q60,Frangieh_IFNg_IL2STAT5,Frangieh,4,0.06604651162790703
q60,Frangieh_IFNg_IL2STAT5,Frangieh,5,0.1334883720930233
q60,Frangieh_IFNg_IL2STAT5,Frangieh,6,0.01953488372093022
q60,Frangieh_IFNg_IL2STAT5,Frangieh,7,0.09209302325581398
q60,Frangieh_IFNg_IL2STAT5,Frangieh,8,0.07209302325581403
q60,Frangieh_IFNg_IL2STAT5,Frangieh,9,0.03813953488372089
q60,Frangieh_IFNg_IL2STAT5,Frangieh,10,0.12465116279069768
q60,Frangieh_IFNg_IL2STAT5,Frangieh,11,0.005116279069767515
q60,Frangieh_IFNg_IL2STAT5,Frangieh,12,0.09488372093023256
q60,Frangieh_IFNg_IL2STAT5,Frangieh,13,0.043720930232558165
q60,Frangieh_IFNg_IL2STAT5,Frangieh,14,0.12093023255813952
q60,Frangieh_IFNg_IL2STAT5,Frangieh,15,0.08790697674418603
q60,Frangieh_IFNg_IL2STAT5,Frangieh,16,0.07953488372093022
q60,Frangieh_IFNg_IL2STAT5,Frangieh,17,0.057674418604651126
q60,Frangieh_IFNg_IL2STAT5,Frangieh,18,0.14883720930232563
q60,Frangieh_IFNg_IL2STAT5,Frangieh,19,0.01860465116279063
q60,Frangieh_IFNg_IL2STAT5,Frangieh,20,-0.0009302325581395277
q60,Frangieh_IFNg_IL2STAT5,Frangieh,21,0.11581395348837209
q60,Frangieh_IFNg_IL2STAT5,Frangieh,22,0.03395348837209307
q60,Frangieh_IFNg_IL2STAT5,Frangieh,23,0.05627906976744188
q60,Frangieh_IFNg_IL2STAT5,Frangieh,24,0.10558139534883719
q60,Frangieh_IFNg_IL2STAT5,Frangieh,25,0.047906976744186036
q60,Frangieh_IFNg_IL2STAT5,Frangieh,26,0.09395348837209305
q60,Frangieh_IFNg_IL2STAT5,Frangieh,27,0.05534883720930234
q60,Frangieh_IFNg_IL2STAT5,Frangieh,28,-0.0023255813953487335
q60,Frangieh_IFNg_IL2STAT5,Frangieh,29,0.1390697674418605
q60,Frangieh_IFNg_TNFA,Frangieh,0,0.07534883720930231
q60,Frangieh_IFNg_TNFA,Frangieh,1,0.13209302325581398
q60,Frangieh_IFNg_TNFA,Frangieh,2,0.060465116279069794
q60,Frangieh_IFNg_TNFA,Frangieh,3,0.10697674418604661
q60,Frangieh_IFNg_TNFA,Frangieh,4,0.058604651162790684
q60,Frangieh_IFNg_TNFA,Frangieh,5,0.08511627906976743
q60,Frangieh_IFNg_TNFA,Frangieh,6,0.0995348837209302
q60,Frangieh_IFNg_TNFA,Frangieh,7,0.002325581395348794
q60,Frangieh_IFNg_TNFA,Frangieh,8,0.05906976744186046
q60,Frangieh_IFNg_TNFA,Frangieh,9,0.12651162790697676
q60,Frangieh_IFNg_TNFA,Frangieh,10,0.16511627906976742
q60,Frangieh_IFNg_TNFA,Frangieh,11,0.015348837209302362
q60,Frangieh_IFNg_TNFA,Frangieh,12,0.049302325581395384
q60,Frangieh_IFNg_TNFA,Frangieh,13,0.01441860465116283
q60,Frangieh_IFNg_TNFA,Frangieh,14,0.05860465116279068
q60,Frangieh_IFNg_TNFA,Frangieh,15,0.03162790697674419
q60,Frangieh_IFNg_TNFA,Frangieh,16,0.08511627906976742
q60,Frangieh_IFNg_TNFA,Frangieh,17,-0.006511627906976748
q60,Frangieh_IFNg_TNFA,Frangieh,18,0.059534883720930194
q60,Frangieh_IFNg_TNFA,Frangieh,19,0.10093023255813957
q60,Frangieh_IFNg_TNFA,Frangieh,20,0.0995348837209303
q60,Frangieh_IFNg_TNFA,Frangieh,21,-0.013488372093023277
q60,Frangieh_IFNg_TNFA,Frangieh,22,0.04046511627906978
q60,Frangieh_IFNg_TNFA,Frangieh,23,0.060465116279069815
q60,Frangieh_IFNg_TNFA,Frangieh,24,0.05302325581395346
q60,Frangieh_IFNg_TNFA,Frangieh,25,0.0265116279069767
q60,Frangieh_IFNg_TNFA,Frangieh,26,0.09302325581395354
q60,Frangieh_IFNg_TNFA,Frangieh,27,0.09023255813953494
q60,Frangieh_IFNg_TNFA,Frangieh,28,0.13162790697674423
q60,Frangieh_IFNg_TNFA,Frangieh,29,0.07767441860465114
q60,Papalexi_IFNg_IFNG,Papalexi,0,0.1266666666666667
q60,Papalexi_IFNg_IFNG,Papalexi,1,-3.1086244689504386e-17
q60,Papalexi_IFNg_IFNG,Papalexi,2,-2.6090241078691177e-17
q60,Papalexi_IFNg_IFNG,Papalexi,3,-0.009999999999999992
q60,Papalexi_IFNg_IFNG,Papalexi,4,-0.03333333333333332
q60,Papalexi_IFNg_IFNG,Papalexi,5,0.09000000000000004
q60,Papalexi_IFNg_IFNG,Papalexi,6,0.013333333333333334
q60,Papalexi_IFNg_IFNG,Papalexi,7,0.07666666666666667
q60,Papalexi_IFNg_IFNG,Papalexi,8,-0.006666666666666682
q60,Papalexi_IFNg_IFNG,Papalexi,9,-4.773959005888173e-17
q60,Papalexi_IFNg_IFNG,Papalexi,10,3.83026943495679e-17
q60,Papalexi_IFNg_IFNG,Papalexi,11,0.046666666666666676
q60,Papalexi_IFNg_IFNG,Papalexi,12,-0.07666666666666667
q60,Papalexi_IFNg_IFNG,Papalexi,13,0.003333333333333335
q60,Papalexi_IFNg_IFNG,Papalexi,14,0.013333333333333358
q60,Papalexi_IFNg_IFNG,Papalexi,15,0.15333333333333332
q60,Papalexi_IFNg_IFNG,Papalexi,16,0.006666666666666665
q60,Papalexi_IFNg_IFNG,Papalexi,17,0.1366666666666667
q60,Papalexi_IFNg_IFNG,Papalexi,18,0.0
q60,Papalexi_IFNg_IFNG,Papalexi,19,0.036666666666666646
q60,Papalexi_IFNg_IFNG,Papalexi,20,0.056666666666666726
q60,Papalexi_IFNg_IFNG,Papalexi,21,0.02666666666666665
q60,Papalexi_IFNg_IFNG,Papalexi,22,-0.03999999999999998
q60,Papalexi_IFNg_IFNG,Papalexi,23,0.020000000000000018
q60,Papalexi_IFNg_IFNG,Papalexi,24,0.19000000000000003
q60,Papalexi_IFNg_IFNG,Papalexi,25,0.09333333333333332
q60,Papalexi_IFNg_IFNG,Papalexi,26,0.17333333333333326
q60,Papalexi_IFNg_IFNG,Papalexi,27,0.18000000000000005
q60,Papalexi_IFNg_IFNG,Papalexi,28,0.16000000000000003
q60,Papalexi_IFNg_IFNG,Papalexi,29,0.023333333333333366
q60,Papalexi_IFNg_IL2STAT5,Papalexi,0,0.0
q60,Papalexi_IFNg_IL2STAT5,Papalexi,1,0.0
q60,Papalexi_IFNg_IL2STAT5,Papalexi,2,0.023333333333333338
q60,Papalexi_IFNg_IL2STAT5,Papalexi,3,0.02666666666666667
q60,Papalexi_IFNg_IL2STAT5,Papalexi,4,2.4980018054066023e-17
q60,Papalexi_IFNg_IL2STAT5,Papalexi,5,0.0
q60,Papalexi_IFNg_IL2STAT5,Papalexi,6,0.01333333333333334
q60,Papalexi_IFNg_IL2STAT5,Papalexi,7,0.0
q60,Papalexi_IFNg_IL2STAT5,Papalexi,8,-0.09666666666666666
q60,Papalexi_IFNg_IL2STAT5,Papalexi,9,-6.661338147750939e-18
q60,Papalexi_IFNg_IL2STAT5,Papalexi,10,2.0539125955565396e-17
q60,Papalexi_IFNg_IL2STAT5,Papalexi,11,3.663735981263017e-17
q60,Papalexi_IFNg_IL2STAT5,Papalexi,12,-0.006666666666666666
q60,Papalexi_IFNg_IL2STAT5,Papalexi,13,0.0
q60,Papalexi_IFNg_IL2STAT5,Papalexi,14,-0.029999999999999992
q60,Papalexi_IFNg_IL2STAT5,Papalexi,15,0.0766666666666667
q60,Papalexi_IFNg_IL2STAT5,Papalexi,16,-2.886579864025407e-17
q60,Papalexi_IFNg_IL2STAT5,Papalexi,17,0.05333333333333333
q60,Papalexi_IFNg_IL2STAT5,Papalexi,18,0.030000000000000006
q60,Papalexi_IFNg_IL2STAT5,Papalexi,19,0.013333333333333334
q60,Papalexi_IFNg_IL2STAT5,Papalexi,20,0.07666666666666667
q60,Papalexi_IFNg_IL2STAT5,Papalexi,21,-0.13333333333333333
q60,Papalexi_IFNg_IL2STAT5,Papalexi,22,-0.006666666666666658
q60,Papalexi_IFNg_IL2STAT5,Papalexi,23,0.05666666666666668
q60,Papalexi_IFNg_IL2STAT5,Papalexi,24,0.023333333333333334
q60,Papalexi_IFNg_IL2STAT5,Papalexi,25,-3.1086244689504386e-17
q60,Papalexi_IFNg_IL2STAT5,Papalexi,26,0.0
q60,Papalexi_IFNg_IL2STAT5,Papalexi,27,0.08666666666666668
q60,Papalexi_IFNg_IL2STAT5,Papalexi,28,0.06000000000000001
q60,Papalexi_IFNg_IL2STAT5,Papalexi,29,-2.3869795029440865e-17
q60,Papalexi_IFNg_TNFA,Papalexi,0,0.04
q60,Papalexi_IFNg_TNFA,Papalexi,1,0.0
q60,Papalexi_IFNg_TNFA,Papalexi,2,0.02333333333333332
q60,Papalexi_IFNg_TNFA,Papalexi,3,0.03000000000000001
q60,Papalexi_IFNg_TNFA,Papalexi,4,6.328271240363392e-17
q60,Papalexi_IFNg_TNFA,Papalexi,5,0.07333333333333335
q60,Papalexi_IFNg_TNFA,Papalexi,6,-0.1433333333333333
q60,Papalexi_IFNg_TNFA,Papalexi,7,0.03000000000000001
q60,Papalexi_IFNg_TNFA,Papalexi,8,-0.026666666666666675
q60,Papalexi_IFNg_TNFA,Papalexi,9,1.4988010832439614e-17
q60,Papalexi_IFNg_TNFA,Papalexi,10,0.03333333333333332
q60,Papalexi_IFNg_TNFA,Papalexi,11,2.1094237467877975e-17
q60,Papalexi_IFNg_TNFA,Papalexi,12,-0.049999999999999975
q60,Papalexi_IFNg_TNFA,Papalexi,13,1.8873791418627663e-17
q60,Papalexi_IFNg_TNFA,Papalexi,14,-0.03
q60,Papalexi_IFNg_TNFA,Papalexi,15,0.06333333333333331
q60,Papalexi_IFNg_TNFA,Papalexi,16,0.020000000000000004
q60,Papalexi_IFNg_TNFA,Papalexi,17,-0.09
q60,Papalexi_IFNg_TNFA,Papalexi,18,0.0
q60,Papalexi_IFNg_TNFA,Papalexi,19,-0.12333333333333332
q60,Papalexi_IFNg_TNFA,Papalexi,20,0.09000000000000005
q60,Papalexi_IFNg_TNFA,Papalexi,21,-0.04333333333333335
q60,Papalexi_IFNg_TNFA,Papalexi,22,-0.029999999999999964
q60,Papalexi_IFNg_TNFA,Papalexi,23,-0.023333333333333338
q60,Papalexi_IFNg_TNFA,Papalexi,24,0.0
q60,Papalexi_IFNg_TNFA,Papalexi,25,-0.016666666666666677
q60,Papalexi_IFNg_TNFA,Papalexi,26,0.0
q60,Papalexi_IFNg_TNFA,Papalexi,27,0.05666666666666668
q60,Papalexi_IFNg_TNFA,Papalexi,28,0.06000000000000001
q60,Papalexi_IFNg_TNFA,Papalexi,29,0.0
q60,Tian_all_IFNG,Tian,0,0.04666666666666664
q60,Tian_all_IFNG,Tian,1,0.0023809523809524016
q60,Tian_all_IFNG,Tian,2,0.05238095238095242
q60,Tian_all_IFNG,Tian,3,0.06333333333333332
q60,Tian_all_IFNG,Tian,4,0.0861904761904762
q60,Tian_all_IFNG,Tian,5,0.08999999999999997
q60,Tian_all_IFNG,Tian,6,0.04857142857142856
q60,Tian_all_IFNG,Tian,7,0.01142857142857148
q60,Tian_all_IFNG,Tian,8,0.08809523809523806
q60,Tian_all_IFNG,Tian,9,0.05809523809523813
q60,Tian_all_IFNG,Tian,10,-0.005714285714285603
q60,Tian_all_IFNG,Tian,11,-0.002380952380952371
q60,Tian_all_IFNG,Tian,12,-0.0052380952380953
q60,Tian_all_IFNG,Tian,13,-0.0023809523809523703
q60,Tian_all_IFNG,Tian,14,0.03523809523809527
q60,Tian_all_IFNG,Tian,15,-0.019523809523809447
q60,Tian_all_IFNG,Tian,16,0.010952380952380967
q60,Tian_all_IFNG,Tian,17,0.07238095238095232
q60,Tian_all_IFNG,Tian,18,0.1266666666666667
q60,Tian_all_IFNG,Tian,19,0.06666666666666671
q60,Tian_all_IFNG,Tian,20,0.0157142857142857
q60,Tian_all_IFNG,Tian,21,-0.017619047619047565
q60,Tian_all_IFNG,Tian,22,0.04952380952380949
q60,Tian_all_IFNG,Tian,23,0.0399999999999999
q60,Tian_all_IFNG,Tian,24,0.08952380952380952
q60,Tian_all_IFNG,Tian,25,0.1814285714285714
q60,Tian_all_IFNG,Tian,26,0.07952380952380957
q60,Tian_all_IFNG,Tian,27,0.048095238095238066
q60,Tian_all_IFNG,Tian,28,0.001904761904761913
q60,Tian_all_IFNG,Tian,29,0.056190476190476214
q60,Tian_all_IL2STAT5,Tian,0,0.05380952380952382
q60,Tian_all_IL2STAT5,Tian,1,0.08809523809523809
q60,Tian_all_IL2STAT5,Tian,2,5.440092820663267e-17
q60,Tian_all_IL2STAT5,Tian,3,0.04571428571428573
q60,Tian_all_IL2STAT5,Tian,4,0.12523809523809534
q60,Tian_all_IL2STAT5,Tian,5,0.10095238095238104
q60,Tian_all_IL2STAT5,Tian,6,0.06809523809523817
q60,Tian_all_IL2STAT5,Tian,7,0.19333333333333344
q60,Tian_all_IL2STAT5,Tian,8,0.035238095238095186
q60,Tian_all_IL2STAT5,Tian,9,0.030476190476190462
q60,Tian_all_IL2STAT5,Tian,10,0.09714285714285717
q60,Tian_all_IL2STAT5,Tian,11,0.14761904761904762
q60,Tian_all_IL2STAT5,Tian,12,0.1414285714285714
q60,Tian_all_IL2STAT5,Tian,13,0.01904761904761908
q60,Tian_all_IL2STAT5,Tian,14,0.02476190476190475
q60,Tian_all_IL2STAT5,Tian,15,0.0852380952380953
q60,Tian_all_IL2STAT5,Tian,16,0.02904761904761908
q60,Tian_all_IL2STAT5,Tian,17,0.0019047619047618636
q60,Tian_all_IL2STAT5,Tian,18,0.05809523809523806
q60,Tian_all_IL2STAT5,Tian,19,0.04047619047619042
q60,Tian_all_IL2STAT5,Tian,20,-0.03857142857142854
q60,Tian_all_IL2STAT5,Tian,21,0.08619047619047622
q60,Tian_all_IL2STAT5,Tian,22,-0.0066666666666667955
q60,Tian_all_IL2STAT5,Tian,23,0.07904761904761909
q60,Tian_all_IL2STAT5,Tian,24,0.07238095238095237
q60,Tian_all_IL2STAT5,Tian,25,0.10000000000000007
q60,Tian_all_IL2STAT5,Tian,26,0.04047619047619053
q60,Tian_all_IL2STAT5,Tian,27,0.19047619047619052
q60,Tian_all_IL2STAT5,Tian,28,-0.0038095238095238494
q60,Tian_all_IL2STAT5,Tian,29,0.03142857142857134
q60,Tian_all_TNFA,Tian,0,0.0257142857142857
q60,Tian_all_TNFA,Tian,1,0.10523809523809519
q60,Tian_all_TNFA,Tian,2,0.01714285714285714
q60,Tian_all_TNFA,Tian,3,0.23523809523809525
q60,Tian_all_TNFA,Tian,4,0.08571428571428578
q60,Tian_all_TNFA,Tian,5,0.09904761904761901
q60,Tian_all_TNFA,Tian,6,0.046190476190476136
q60,Tian_all_TNFA,Tian,7,0.05000000000000005
q60,Tian_all_TNFA,Tian,8,0.03619047619047621
q60,Tian_all_TNFA,Tian,9,0.043809523809523764
q60,Tian_all_TNFA,Tian,10,0.07619047619047616
q60,Tian_all_TNFA,Tian,11,-0.05571428571428574
q60,Tian_all_TNFA,Tian,12,0.049047619047619034
q60,Tian_all_TNFA,Tian,13,0.08142857142857149
q60,Tian_all_TNFA,Tian,14,0.018571428571428607
q60,Tian_all_TNFA,Tian,15,-0.04857142857142855
q60,Tian_all_TNFA,Tian,16,0.06952380952380964
q60,Tian_all_TNFA,Tian,17,0.05476190476190482
q60,Tian_all_TNFA,Tian,18,0.014285714285714289
q60,Tian_all_TNFA,Tian,19,0.07476190476190485
q60,Tian_all_TNFA,Tian,20,0.04904761904761903
q60,Tian_all_TNFA,Tian,21,0.0861904761904761
q60,Tian_all_TNFA,Tian,22,0.03333333333333328
q60,Tian_all_TNFA,Tian,23,0.06857142857142857
q60,Tian_all_TNFA,Tian,24,0.03095238095238094
q60,Tian_all_TNFA,Tian,25,0.10238095238095235
q60,Tian_all_TNFA,Tian,26,0.10380952380952375
q60,Tian_all_TNFA,Tian,27,0.01761904761904757
q60,Tian_all_TNFA,Tian,28,0.03809523809523809
q60,Tian_all_TNFA,Tian,29,0.11809523809523809
q80,Frangieh_Coculture_IFNG,Frangieh,0,0.02634146341463416
q80,Frangieh_Coculture_IFNG,Frangieh,1,0.015609756097560984
q80,Frangieh_Coculture_IFNG,Frangieh,2,0.047804878048780475
q80,Frangieh_Coculture_IFNG,Frangieh,3,0.060487804878048744
q80,Frangieh_Coculture_IFNG,Frangieh,4,-0.08487804878048777
q80,Frangieh_Coculture_IFNG,Frangieh,5,0.022926829268292714
q80,Frangieh_Coculture_IFNG,Frangieh,6,0.023902439024390276
q80,Frangieh_Coculture_IFNG,Frangieh,7,0.0429268292682927
q80,Frangieh_Coculture_IFNG,Frangieh,8,0.07024390243902437
q80,Frangieh_Coculture_IFNG,Frangieh,9,0.012682926829268344
q80,Frangieh_Coculture_IFNG,Frangieh,10,0.05804878048780493
q80,Frangieh_Coculture_IFNG,Frangieh,11,0.015609756097560955
q80,Frangieh_Coculture_IFNG,Frangieh,12,0.03317073170731708
q80,Frangieh_Coculture_IFNG,Frangieh,13,0.0019512195121951042
q80,Frangieh_Coculture_IFNG,Frangieh,14,0.04292682926829263
q80,Frangieh_Coculture_IFNG,Frangieh,15,0.05024390243902434
q80,Frangieh_Coculture_IFNG,Frangieh,16,0.12487804878048783
q80,Frangieh_Coculture_IFNG,Frangieh,17,0.02146341463414634
q80,Frangieh_Coculture_IFNG,Frangieh,18,0.009268292682926872
q80,Frangieh_Coculture_IFNG,Frangieh,19,0.08878048780487809
q80,Frangieh_Coculture_IFNG,Frangieh,20,0.07463414634146341
q80,Frangieh_Coculture_IFNG,Frangieh,21,0.08
q80,Frangieh_Coculture_IFNG,Frangieh,22,0.04585365853658535
q80,Frangieh_Coculture_IFNG,Frangieh,23,-0.03365853658536586
q80,Frangieh_Coculture_IFNG,Frangieh,24,0.040000000000000015
q80,Frangieh_Coculture_IFNG,Frangieh,25,0.020487804878048795
q80,Frangieh_Coculture_IFNG,Frangieh,26,0.047317073170731694
q80,Frangieh_Coculture_IFNG,Frangieh,27,0.01658536585365851
q80,Frangieh_Coculture_IFNG,Frangieh,28,0.04487804878048781
q80,Frangieh_Coculture_IFNG,Frangieh,29,0.04634146341463419
q80,Frangieh_Coculture_IL2STAT5,Frangieh,0,0.06682926829268297
q80,Frangieh_Coculture_IL2STAT5,Frangieh,1,0.06780487804878053
q80,Frangieh_Coculture_IL2STAT5,Frangieh,2,0.035121951219512164
q80,Frangieh_Coculture_IL2STAT5,Frangieh,3,0.028292682926829335
q80,Frangieh_Coculture_IL2STAT5,Frangieh,4,0.036585365853658514
q80,Frangieh_Coculture_IL2STAT5,Frangieh,5,-0.008292682926829314
q80,Frangieh_Coculture_IL2STAT5,Frangieh,6,0.05073170731707327
q80,Frangieh_Coculture_IL2STAT5,Frangieh,7,0.05951219512195125
q80,Frangieh_Coculture_IL2STAT5,Frangieh,8,0.00048780487804879285
q80,Frangieh_Coculture_IL2STAT5,Frangieh,9,0.04439024390243901
q80,Frangieh_Coculture_IL2STAT5,Frangieh,10,0.039999999999999966
q80,Frangieh_Coculture_IL2STAT5,Frangieh,11,0.1
q80,Frangieh_Coculture_IL2STAT5,Frangieh,12,0.05170731707317069
q80,Frangieh_Coculture_IL2STAT5,Frangieh,13,0.04292682926829266
q80,Frangieh_Coculture_IL2STAT5,Frangieh,14,0.026341463414634125
q80,Frangieh_Coculture_IL2STAT5,Frangieh,15,0.07268292682926829
q80,Frangieh_Coculture_IL2STAT5,Frangieh,16,0.011707317073170756
q80,Frangieh_Coculture_IL2STAT5,Frangieh,17,-0.0009756097560975802
q80,Frangieh_Coculture_IL2STAT5,Frangieh,18,0.04243902439024397
q80,Frangieh_Coculture_IL2STAT5,Frangieh,19,0.01853658536585367
q80,Frangieh_Coculture_IL2STAT5,Frangieh,20,0.03804878048780488
q80,Frangieh_Coculture_IL2STAT5,Frangieh,21,0.11268292682926827
q80,Frangieh_Coculture_IL2STAT5,Frangieh,22,0.07365853658536585
q80,Frangieh_Coculture_IL2STAT5,Frangieh,23,0.07463414634146343
q80,Frangieh_Coculture_IL2STAT5,Frangieh,24,0.025365853658536587
q80,Frangieh_Coculture_IL2STAT5,Frangieh,25,0.08439024390243899
q80,Frangieh_Coculture_IL2STAT5,Frangieh,26,0.05658536585365856
q80,Frangieh_Coculture_IL2STAT5,Frangieh,27,0.06682926829268292
q80,Frangieh_Coculture_IL2STAT5,Frangieh,28,0.06243902439024395
q80,Frangieh_Coculture_IL2STAT5,Frangieh,29,0.08000000000000006
q80,Frangieh_Coculture_TNFA,Frangieh,0,0.04487804878048781
q80,Frangieh_Coculture_TNFA,Frangieh,1,0.08634146341463411
q80,Frangieh_Coculture_TNFA,Frangieh,2,0.016585365853658558
q80,Frangieh_Coculture_TNFA,Frangieh,3,0.08926829268292684
q80,Frangieh_Coculture_TNFA,Frangieh,4,0.0053658536585365095
q80,Frangieh_Coculture_TNFA,Frangieh,5,0.11804878048780491
q80,Frangieh_Coculture_TNFA,Frangieh,6,0.02048780487804879
q80,Frangieh_Coculture_TNFA,Frangieh,7,0.0521951219512195
q80,Frangieh_Coculture_TNFA,Frangieh,8,0.07853658536585362
q80,Frangieh_Coculture_TNFA,Frangieh,9,0.035609756097561
q80,Frangieh_Coculture_TNFA,Frangieh,10,0.046341463414634215
q80,Frangieh_Coculture_TNFA,Frangieh,11,-0.0048780487804877225
q80,Frangieh_Coculture_TNFA,Frangieh,12,-0.02536585365853659
q80,Frangieh_Coculture_TNFA,Frangieh,13,0.050731707317073216
q80,Frangieh_Coculture_TNFA,Frangieh,14,0.018048780487804866
q80,Frangieh_Coculture_TNFA,Frangieh,15,0.04341463414634142
q80,Frangieh_Coculture_TNFA,Frangieh,16,0.023414634146341467
q80,Frangieh_Coculture_TNFA,Frangieh,17,0.05414634146341463
q80,Frangieh_Coculture_TNFA,Frangieh,18,-0.0014634146341463527
q80,Frangieh_Coculture_TNFA,Frangieh,19,0.03609756097560968
q80,Frangieh_Coculture_TNFA,Frangieh,20,0.004878048780487829
q80,Frangieh_Coculture_TNFA,Frangieh,21,0.04878048780487807
q80,Frangieh_Coculture_TNFA,Frangieh,22,0.06195121951219514
q80,Frangieh_Coculture_TNFA,Frangieh,23,0.031219512195121944
q80,Frangieh_Coculture_TNFA,Frangieh,24,0.016585365853658524
q80,Frangieh_Coculture_TNFA,Frangieh,25,0.0302439024390244
q80,Frangieh_Coculture_TNFA,Frangieh,26,0.033658536585365814
q80,Frangieh_Coculture_TNFA,Frangieh,27,0.07219512195121949
q80,Frangieh_Coculture_TNFA,Frangieh,28,0.007804878048780448
q80,Frangieh_Coculture_TNFA,Frangieh,29,0.01951219512195119
q80,Frangieh_Control_IFNG,Frangieh,0,0.04512820512820509
q80,Frangieh_Control_IFNG,Frangieh,1,0.13948717948717956
q80,Frangieh_Control_IFNG,Frangieh,2,0.16820512820512817
q80,Frangieh_Control_IFNG,Frangieh,3,0.07692307692307691
q80,Frangieh_Control_IFNG,Frangieh,4,0.023076923076923054
q80,Frangieh_Control_IFNG,Frangieh,5,0.008717948717948676
q80,Frangieh_Control_IFNG,Frangieh,6,0.05333333333333335
q80,Frangieh_Control_IFNG,Frangieh,7,0.059999999999999984
q80,Frangieh_Control_IFNG,Frangieh,8,0.015384615384615353
q80,Frangieh_Control_IFNG,Frangieh,9,0.02205128205128213
q80,Frangieh_Control_IFNG,Frangieh,10,-0.013846153846153786
q80,Frangieh_Control_IFNG,Frangieh,11,0.15743589743589737
q80,Frangieh_Control_IFNG,Frangieh,12,0.04051282051282053
q80,Frangieh_Control_IFNG,Frangieh,13,-0.019487179487179488
q80,Frangieh_Control_IFNG,Frangieh,14,0.03384615384615382
q80,Frangieh_Control_IFNG,Frangieh,15,0.030769230769230754
q80,Frangieh_Control_IFNG,Frangieh,16,0.009743589743589742
q80,Frangieh_Control_IFNG,Frangieh,17,0.10102564102564097
q80,Frangieh_Control_IFNG,Frangieh,18,0.06153846153846156
q80,Frangieh_Control_IFNG,Frangieh,19,0.03641025641025644
q80,Frangieh_Control_IFNG,Frangieh,20,-0.019487179487179516
q80,Frangieh_Control_IFNG,Frangieh,21,0.0805128205128205
q80,Frangieh_Control_IFNG,Frangieh,22,-0.024615384615384647
q80,Frangieh_Control_IFNG,Frangieh,23,-0.014871794871794885
q80,Frangieh_Control_IFNG,Frangieh,24,0.03076923076923072
q80,Frangieh_Control_IFNG,Frangieh,25,0.08205128205128207
q80,Frangieh_Control_IFNG,Frangieh,26,0.057435897435897464
q80,Frangieh_Control_IFNG,Frangieh,27,-0.004102564102564153
q80,Frangieh_Control_IFNG,Frangieh,28,0.06256410256410254
q80,Frangieh_Control_IFNG,Frangieh,29,0.0594871794871795
q80,Frangieh_Control_IL2STAT5,Frangieh,0,0.038974358974358955
q80,Frangieh_Control_IL2STAT5,Frangieh,1,0.021025641025641004
q80,Frangieh_Control_IL2STAT5,Frangieh,2,0.028205128205128185
q80,Frangieh_Control_IL2STAT5,Frangieh,3,0.019999999999999987
q80,Frangieh_Control_IL2STAT5,Frangieh,4,0.040000000000000015
q80,Frangieh_Control_IL2STAT5,Frangieh,5,-0.01641025641025644
q80,Frangieh_Control_IL2STAT5,Frangieh,6,0.015384615384615384
q80,Frangieh_Control_IL2STAT5,Frangieh,7,0.010256410256410253
q80,Frangieh_Control_IL2STAT5,Frangieh,8,0.00820512820512822
q80,Frangieh_Control_IL2STAT5,Frangieh,9,0.017948717948717965
q80,Frangieh_Control_IL2STAT5,Frangieh,10,0.009743589743589676
q80,Frangieh_Control_IL2STAT5,Frangieh,11,0.08256410256410261
q80,Frangieh_Control_IL2STAT5,Frangieh,12,0.055897435897435906
q80,Frangieh_Control_IL2STAT5,Frangieh,13,0.05846153846153843
q80,Frangieh_Control_IL2STAT5,Frangieh,14,-0.04153846153846162
q80,Frangieh_Control_IL2STAT5,Frangieh,15,-0.001538461538461553
q80,Frangieh_Control_IL2STAT5,Frangieh,16,0.021025641025641056
q80,Frangieh_Control_IL2STAT5,Frangieh,17,-0.03025641025641021
q80,Frangieh_Control_IL2STAT5,Frangieh,18,0.033846153846153804
q80,Frangieh_Control_IL2STAT5,Frangieh,19,0.045128205128205125
q80,Frangieh_Control_IL2STAT5,Frangieh,20,0.04512820512820508
q80,Frangieh_Control_IL2STAT5,Frangieh,21,-0.011282051282051326
q80,Frangieh_Control_IL2STAT5,Frangieh,22,0.03794871794871796
q80,Frangieh_Control_IL2STAT5,Frangieh,23,0.09794871794871794
q80,Frangieh_Control_IL2STAT5,Frangieh,24,0.058461538461538474
q80,Frangieh_Control_IL2STAT5,Frangieh,25,0.10205128205128206
q80,Frangieh_Control_IL2STAT5,Frangieh,26,0.04461538461538462
q80,Frangieh_Control_IL2STAT5,Frangieh,27,-0.004102564102564054
q80,Frangieh_Control_IL2STAT5,Frangieh,28,0.05487179487179489
q80,Frangieh_Control_IL2STAT5,Frangieh,29,-0.05948717948717951
q80,Frangieh_Control_TNFA,Frangieh,0,0.06205128205128207
q80,Frangieh_Control_TNFA,Frangieh,1,-0.039487179487179544
q80,Frangieh_Control_TNFA,Frangieh,2,0.24717948717948715
q80,Frangieh_Control_TNFA,Frangieh,3,0.12051282051282051
q80,Frangieh_Control_TNFA,Frangieh,4,0.005128205128205161
q80,Frangieh_Control_TNFA,Frangieh,5,0.048205128205128255
q80,Frangieh_Control_TNFA,Frangieh,6,0.03128205128205133
q80,Frangieh_Control_TNFA,Frangieh,7,0.014871794871794852
q80,Frangieh_Control_TNFA,Frangieh,8,0.03948717948717953
q80,Frangieh_Control_TNFA,Frangieh,9,0.08051282051282051
q80,Frangieh_Control_TNFA,Frangieh,10,0.04769230769230773
q80,Frangieh_Control_TNFA,Frangieh,11,0.04102564102564108
q80,Frangieh_Control_TNFA,Frangieh,12,0.08769230769230763
q80,Frangieh_Control_TNFA,Frangieh,13,0.08051282051282045
q80,Frangieh_Control_TNFA,Frangieh,14,0.08051282051282051
q80,Frangieh_Control_TNFA,Frangieh,15,0.12000000000000004
q80,Frangieh_Control_TNFA,Frangieh,16,0.11179487179487177
q80,Frangieh_Control_TNFA,Frangieh,17,0.06974358974358974
q80,Frangieh_Control_TNFA,Frangieh,18,0.07692307692307691
q80,Frangieh_Control_TNFA,Frangieh,19,0.06205128205128207
q80,Frangieh_Control_TNFA,Frangieh,20,0.11333333333333334
q80,Frangieh_Control_TNFA,Frangieh,21,-0.01282051282051281
q80,Frangieh_Control_TNFA,Frangieh,22,0.04205128205128207
q80,Frangieh_Control_TNFA,Frangieh,23,0.1333333333333334
q80,Frangieh_Control_TNFA,Frangieh,24,0.14923076923076922
q80,Frangieh_Control_TNFA,Frangieh,25,0.021538461538461496
q80,Frangieh_Control_TNFA,Frangieh,26,0.05948717948717954
q80,Frangieh_Control_TNFA,Frangieh,27,0.06564102564102563
q80,Frangieh_Control_TNFA,Frangieh,28,0.023589743589743604
q80,Frangieh_Control_TNFA,Frangieh,29,0.04923076923076922
q80,Frangieh_IFNg_IFNG,Frangieh,0,0.007906976744185994
q80,Frangieh_IFNg_IFNG,Frangieh,1,0.04511627906976743
q80,Frangieh_IFNg_IFNG,Frangieh,2,0.04279069767441867
q80,Frangieh_IFNg_IFNG,Frangieh,3,0.006976744186046524
q80,Frangieh_IFNg_IFNG,Frangieh,4,0.04139534883720928
q80,Frangieh_IFNg_IFNG,Frangieh,5,0.024186046511627892
q80,Frangieh_IFNg_IFNG,Frangieh,6,-0.003720930232558158
q80,Frangieh_IFNg_IFNG,Frangieh,7,0.006511627906976716
q80,Frangieh_IFNg_IFNG,Frangieh,8,0.007906976744186056
q80,Frangieh_IFNg_IFNG,Frangieh,9,0.09302325581395351
q80,Frangieh_IFNg_IFNG,Frangieh,10,0.025581395348837202
q80,Frangieh_IFNg_IFNG,Frangieh,11,0.024186046511627993
q80,Frangieh_IFNg_IFNG,Frangieh,12,0.002325581395348877
q80,Frangieh_IFNg_IFNG,Frangieh,13,0.033023255813953496
q80,Frangieh_IFNg_IFNG,Frangieh,14,0.036744186046511626
q80,Frangieh_IFNg_IFNG,Frangieh,15,-0.013953488372093108
q80,Frangieh_IFNg_IFNG,Frangieh,16,0.06418604651162797
q80,Frangieh_IFNg_IFNG,Frangieh,17,0.05255813953488376
q80,Frangieh_IFNg_IFNG,Frangieh,18,0.011162790697674403
q80,Frangieh_IFNg_IFNG,Frangieh,19,0.016279069767441905
q80,Frangieh_IFNg_IFNG,Frangieh,20,0.03302325581395351
q80,Frangieh_IFNg_IFNG,Frangieh,21,1.582067810090848e-17
q80,Frangieh_IFNg_IFNG,Frangieh,22,0.007441860465116248
q80,Frangieh_IFNg_IFNG,Frangieh,23,0.06558139534883721
q80,Frangieh_IFNg_IFNG,Frangieh,24,0.09720930232558142
q80,Frangieh_IFNg_IFNG,Frangieh,25,4.3298697960381107e-17
q80,Frangieh_IFNg_IFNG,Frangieh,26,0.05209302325581398
q80,Frangieh_IFNg_IFNG,Frangieh,27,0.04279069767441863
q80,Frangieh_IFNg_IFNG,Frangieh,28,0.09860465116279077
q80,Frangieh_IFNg_IFNG,Frangieh,29,0.03906976744186047
q80,Frangieh_IFNg_IL2STAT5,Frangieh,0,0.06883720930232554
q80,Frangieh_IFNg_IL2STAT5,Frangieh,1,-0.03488372093023256
q80,Frangieh_IFNg_IL2STAT5,Frangieh,2,0.12000000000000004
q80,Frangieh_IFNg_IL2STAT5,Frangieh,3,0.18372093023255817
q80,Frangieh_IFNg_IL2STAT5,Frangieh,4,0.07720930232558137
q80,Frangieh_IFNg_IL2STAT5,Frangieh,5,0.10186046511627907
q80,Frangieh_IFNg_IL2STAT5,Frangieh,6,0.04139534883720934
q80,Frangieh_IFNg_IL2STAT5,Frangieh,7,0.15395348837209305
q80,Frangieh_IFNg_IL2STAT5,Frangieh,8,0.05116279069767443
q80,Frangieh_IFNg_IL2STAT5,Frangieh,9,0.016279069767441853
q80,Frangieh_IFNg_IL2STAT5,Frangieh,10,0.06000000000000001
q80,Frangieh_IFNg_IL2STAT5,Frangieh,11,0.06930232558139533
q80,Frangieh_IFNg_IL2STAT5,Frangieh,12,0.10511627906976749
q80,Frangieh_IFNg_IL2STAT5,Frangieh,13,0.01860465116279073
q80,Frangieh_IFNg_IL2STAT5,Frangieh,14,0.07953488372093026
q80,Frangieh_IFNg_IL2STAT5,Frangieh,15,0.1097674418604652
q80,Frangieh_IFNg_IL2STAT5,Frangieh,16,0.16046511627906973
q80,Frangieh_IFNg_IL2STAT5,Frangieh,17,0.061395348837209325
q80,Frangieh_IFNg_IL2STAT5,Frangieh,18,0.044186046511627906
q80,Frangieh_IFNg_IL2STAT5,Frangieh,19,0.0651162790697675
q80,Frangieh_IFNg_IL2STAT5,Frangieh,20,0.12279069767441862
q80,Frangieh_IFNg_IL2STAT5,Frangieh,21,0.06372093023255816
q80,Frangieh_IFNg_IL2STAT5,Frangieh,22,0.11488372093023258
q80,Frangieh_IFNg_IL2STAT5,Frangieh,23,0.03302325581395347
q80,Frangieh_IFNg_IL2STAT5,Frangieh,24,0.11581395348837212
q80,Frangieh_IFNg_IL2STAT5,Frangieh,25,0.09674418604651165
q80,Frangieh_IFNg_IL2STAT5,Frangieh,26,0.03953488372093029
q80,Frangieh_IFNg_IL2STAT5,Frangieh,27,0.06418604651162796
q80,Frangieh_IFNg_IL2STAT5,Frangieh,28,0.0553488372093024
q80,Frangieh_IFNg_IL2STAT5,Frangieh,29,0.10418604651162798
q80,Frangieh_IFNg_TNFA,Frangieh,0,0.018139534883720977
q80,Frangieh_IFNg_TNFA,Frangieh,1,0.08976744186046512
q80,Frangieh_IFNg_TNFA,Frangieh,2,0.10651162790697676
q80,Frangieh_IFNg_TNFA,Frangieh,3,0.03627906976744184
q80,Frangieh_IFNg_TNFA,Frangieh,4,0.033953488372093034
q80,Frangieh_IFNg_TNFA,Frangieh,5,0.026046511627907023
q80,Frangieh_IFNg_TNFA,Frangieh,6,0.02232558139534885
q80,Frangieh_IFNg_TNFA,Frangieh,7,-0.01162790697674418
q80,Frangieh_IFNg_TNFA,Frangieh,8,0.07534883720930231
q80,Frangieh_IFNg_TNFA,Frangieh,9,0.05209302325581394
q80,Frangieh_IFNg_TNFA,Frangieh,10,0.021395348837209286
q80,Frangieh_IFNg_TNFA,Frangieh,11,0.0730232558139535
q80,Frangieh_IFNg_TNFA,Frangieh,12,0.03860465116279071
q80,Frangieh_IFNg_TNFA,Frangieh,13,0.07023255813953486
q80,Frangieh_IFNg_TNFA,Frangieh,14,0.019069767441860487
q80,Frangieh_IFNg_TNFA,Frangieh,15,0.0358139534883721
q80,Frangieh_IFNg_TNFA,Frangieh,16,0.06232558139534887
q80,Frangieh_IFNg_TNFA,Frangieh,17,0.009302325581395335
q80,Frangieh_IFNg_TNFA,Frangieh,18,0.04186046511627906
q80,Frangieh_IFNg_TNFA,Frangieh,19,0.07534883720930237
q80,Frangieh_IFNg_TNFA,Frangieh,20,0.10232558139534888
q80,Frangieh_IFNg_TNFA,Frangieh,21,0.03860465116279076
q80,Frangieh_IFNg_TNFA,Frangieh,22,0.08093023255813961
q80,Frangieh_IFNg_TNFA,Frangieh,23,-0.009302325581395326
q80,Frangieh_IFNg_TNFA,Frangieh,24,0.05116279069767442
q80,Frangieh_IFNg_TNFA,Frangieh,25,0.08325581395348834
q80,Frangieh_IFNg_TNFA,Frangieh,26,0.05813953488372094
q80,Frangieh_IFNg_TNFA,Frangieh,27,0.11813953488372092
q80,Frangieh_IFNg_TNFA,Frangieh,28,0.0083720930232558
q80,Frangieh_IFNg_TNFA,Frangieh,29,0.04697674418604649
q80,Papalexi_IFNg_IFNG,Papalexi,0,0.14666666666666672
q80,Papalexi_IFNg_IFNG,Papalexi,1,0.0
q80,Papalexi_IFNg_IFNG,Papalexi,2,0.1133333333333333
q80,Papalexi_IFNg_IFNG,Papalexi,3,0.07666666666666672
q80,Papalexi_IFNg_IFNG,Papalexi,4,0.0
q80,Papalexi_IFNg_IFNG,Papalexi,5,0.01999999999999999
q80,Papalexi_IFNg_IFNG,Papalexi,6,0.09000000000000002
q80,Papalexi_IFNg_IFNG,Papalexi,7,6.661338147750939e-17
q80,Papalexi_IFNg_IFNG,Papalexi,8,0.08999999999999998
q80,Papalexi_IFNg_IFNG,Papalexi,9,0.0
q80,Papalexi_IFNg_IFNG,Papalexi,10,0.026666666666666658
q80,Papalexi_IFNg_IFNG,Papalexi,11,0.0
q80,Papalexi_IFNg_IFNG,Papalexi,12,0.0
q80,Papalexi_IFNg_IFNG,Papalexi,13,3.552713678800501e-17
q80,Papalexi_IFNg_IFNG,Papalexi,14,0.0
q80,Papalexi_IFNg_IFNG,Papalexi,15,0.0
q80,Papalexi_IFNg_IFNG,Papalexi,16,0.0
q80,Papalexi_IFNg_IFNG,Papalexi,17,0.0
q80,Papalexi_IFNg_IFNG,Papalexi,18,0.0
q80,Papalexi_IFNg_IFNG,Papalexi,19,0.09000000000000002
q80,Papalexi_IFNg_IFNG,Papalexi,20,0.0
q80,Papalexi_IFNg_IFNG,Papalexi,21,0.0
q80,Papalexi_IFNg_IFNG,Papalexi,22,0.0
q80,Papalexi_IFNg_IFNG,Papalexi,23,0.0
q80,Papalexi_IFNg_IFNG,Papalexi,24,0.0
q80,Papalexi_IFNg_IFNG,Papalexi,25,7.771561172376095e-17
q80,Papalexi_IFNg_IFNG,Papalexi,26,0.0
q80,Papalexi_IFNg_IFNG,Papalexi,27,0.07666666666666663
q80,Papalexi_IFNg_IFNG,Papalexi,28,0.0
q80,Papalexi_IFNg_IFNG,Papalexi,29,7.105427357601002e-17
q80,Papalexi_IFNg_IL2STAT5,Papalexi,0,0.0
q80,Papalexi_IFNg_IL2STAT5,Papalexi,1,0.0
q80,Papalexi_IFNg_IL2STAT5,Papalexi,2,0.0
q80,Papalexi_IFNg_IL2STAT5,Papalexi,3,0.0
q80,Papalexi_IFNg_IL2STAT5,Papalexi,4,0.0
q80,Papalexi_IFNg_IL2STAT5,Papalexi,5,0.0
q80,Papalexi_IFNg_IL2STAT5,Papalexi,6,0.0
q80,Papalexi_IFNg_IL2STAT5,Papalexi,7,0.0
q80,Papalexi_IFNg_IL2STAT5,Papalexi,8,0.0
q80,Papalexi_IFNg_IL2STAT5,Papalexi,9,0.0
q80,Papalexi_IFNg_IL2STAT5,Papalexi,10,0.0
q80,Papalexi_IFNg_IL2STAT5,Papalexi,11,0.0
q80,Papalexi_IFNg_IL2STAT5,Papalexi,12,0.0
q80,Papalexi_IFNg_IL2STAT5,Papalexi,13,0.0
q80,Papalexi_IFNg_IL2STAT5,Papalexi,14,0.0
q80,Papalexi_IFNg_IL2STAT5,Papalexi,15,0.0
q80,Papalexi_IFNg_IL2STAT5,Papalexi,16,0.0
q80,Papalexi_IFNg_IL2STAT5,Papalexi,17,0.0
q80,Papalexi_IFNg_IL2STAT5,Papalexi,18,0.0
q80,Papalexi_IFNg_IL2STAT5,Papalexi,19,0.0
q80,Papalexi_IFNg_IL2STAT5,Papalexi,20,0.0
q80,Papalexi_IFNg_IL2STAT5,Papalexi,21,0.0
q80,Papalexi_IFNg_IL2STAT5,Papalexi,22,0.0
q80,Papalexi_IFNg_IL2STAT5,Papalexi,23,0.0
q80,Papalexi_IFNg_IL2STAT5,Papalexi,24,0.0
q80,Papalexi_IFNg_IL2STAT5,Papalexi,25,0.0
q80,Papalexi_IFNg_IL2STAT5,Papalexi,26,0.0
q80,Papalexi_IFNg_IL2STAT5,Papalexi,27,0.0
q80,Papalexi_IFNg_IL2STAT5,Papalexi,28,0.0
q80,Papalexi_IFNg_IL2STAT5,Papalexi,29,0.0
q80,Papalexi_IFNg_TNFA,Papalexi,0,0.0
q80,Papalexi_IFNg_TNFA,Papalexi,1,0.0
q80,Papalexi_IFNg_TNFA,Papalexi,2,0.0
q80,Papalexi_IFNg_TNFA,Papalexi,3,0.0
q80,Papalexi_IFNg_TNFA,Papalexi,4,0.0
q80,Papalexi_IFNg_TNFA,Papalexi,5,0.0
q80,Papalexi_IFNg_TNFA,Papalexi,6,0.0
q80,Papalexi_IFNg_TNFA,Papalexi,7,0.0
q80,Papalexi_IFNg_TNFA,Papalexi,8,0.0
q80,Papalexi_IFNg_TNFA,Papalexi,9,0.0
q80,Papalexi_IFNg_TNFA,Papalexi,10,0.0
q80,Papalexi_IFNg_TNFA,Papalexi,11,0.0
q80,Papalexi_IFNg_TNFA,Papalexi,12,0.0
q80,Papalexi_IFNg_TNFA,Papalexi,13,0.0
q80,Papalexi_IFNg_TNFA,Papalexi,14,0.0
q80,Papalexi_IFNg_TNFA,Papalexi,15,0.0
q80,Papalexi_IFNg_TNFA,Papalexi,16,0.0
q80,Papalexi_IFNg_TNFA,Papalexi,17,0.0
q80,Papalexi_IFNg_TNFA,Papalexi,18,0.0
q80,Papalexi_IFNg_TNFA,Papalexi,19,0.0
q80,Papalexi_IFNg_TNFA,Papalexi,20,0.0
q80,Papalexi_IFNg_TNFA,Papalexi,21,0.0
q80,Papalexi_IFNg_TNFA,Papalexi,22,0.0
q80,Papalexi_IFNg_TNFA,Papalexi,23,0.0
q80,Papalexi_IFNg_TNFA,Papalexi,24,0.0
q80,Papalexi_IFNg_TNFA,Papalexi,25,0.0
q80,Papalexi_IFNg_TNFA,Papalexi,26,0.0
q80,Papalexi_IFNg_TNFA,Papalexi,27,0.0
q80,Papalexi_IFNg_TNFA,Papalexi,28,0.0
q80,Papalexi_IFNg_TNFA,Papalexi,29,0.0
q80,Tian_all_IFNG,Tian,0,0.04809523809523809
q80,Tian_all_IFNG,Tian,1,-0.00904761904761904
q80,Tian_all_IFNG,Tian,2,0.025714285714285672
q80,Tian_all_IFNG,Tian,3,0.018571428571428565
q80,Tian_all_IFNG,Tian,4,0.05333333333333335
q80,Tian_all_IFNG,Tian,5,0.026190476190476188
q80,Tian_all_IFNG,Tian,6,0.02285714285714285
q80,Tian_all_IFNG,Tian,7,0.04857142857142857
q80,Tian_all_IFNG,Tian,8,0.020952380952380913
q80,Tian_all_IFNG,Tian,9,0.051428571428571386
q80,Tian_all_IFNG,Tian,10,-0.036190476190476245
q80,Tian_all_IFNG,Tian,11,0.011428571428571531
q80,Tian_all_IFNG,Tian,12,-0.02285714285714294
q80,Tian_all_IFNG,Tian,13,0.06238095238095234
q80,Tian_all_IFNG,Tian,14,0.07476190476190472
q80,Tian_all_IFNG,Tian,15,0.01619047619047618
q80,Tian_all_IFNG,Tian,16,0.08333333333333329
q80,Tian_all_IFNG,Tian,17,0.046190476190476275
q80,Tian_all_IFNG,Tian,18,0.056190476190476166
q80,Tian_all_IFNG,Tian,19,0.062380952380952336
q80,Tian_all_IFNG,Tian,20,0.03857142857142856
q80,Tian_all_IFNG,Tian,21,0.012380952380952426
q80,Tian_all_IFNG,Tian,22,0.05333333333333343
q80,Tian_all_IFNG,Tian,23,0.06619047619047615
q80,Tian_all_IFNG,Tian,24,0.01761904761904761
q80,Tian_all_IFNG,Tian,25,0.07380952380952377
q80,Tian_all_IFNG,Tian,26,0.06476190476190474
q80,Tian_all_IFNG,Tian,27,0.07095238095238102
q80,Tian_all_IFNG,Tian,28,0.04428571428571427
q80,Tian_all_IFNG,Tian,29,0.028571428571428564
q80,Tian_all_IL2STAT5,Tian,0,0.052380952380952424
q80,Tian_all_IL2STAT5,Tian,1,-0.017619047619047624
q80,Tian_all_IL2STAT5,Tian,2,0.041428571428571426
q80,Tian_all_IL2STAT5,Tian,3,0.007142857142857125
q80,Tian_all_IL2STAT5,Tian,4,0.049523809523809546
q80,Tian_all_IL2STAT5,Tian,5,-0.0061904761904761395
q80,Tian_all_IL2STAT5,Tian,6,0.054761904761904755
q80,Tian_all_IL2STAT5,Tian,7,0.021428571428571415
q80,Tian_all_IL2STAT5,Tian,8,0.005714285714285692
q80,Tian_all_IL2STAT5,Tian,9,0.08095238095238093
q80,Tian_all_IL2STAT5,Tian,10,0.056190476190476214
q80,Tian_all_IL2STAT5,Tian,11,-0.02285714285714272
q80,Tian_all_IL2STAT5,Tian,12,0.11285714285714285
q80,Tian_all_IL2STAT5,Tian,13,0.039523809523809475
q80,Tian_all_IL2STAT5,Tian,14,0.02571428571428568
q80,Tian_all_IL2STAT5,Tian,15,0.02809523809523809
q80,Tian_all_IL2STAT5,Tian,16,0.013333333333333326
q80,Tian_all_IL2STAT5,Tian,17,0.05238095238095239
q80,Tian_all_IL2STAT5,Tian,18,0.10619047619047622
q80,Tian_all_IL2STAT5,Tian,19,-0.038571428571428486
q80,Tian_all_IL2STAT5,Tian,20,-0.014761904761904707
q80,Tian_all_IL2STAT5,Tian,21,0.07095238095238089
q80,Tian_all_IL2STAT5,Tian,22,0.02571428571428572
q80,Tian_all_IL2STAT5,Tian,23,-0.011428571428571429
q80,Tian_all_IL2STAT5,Tian,24,0.10857142857142854
q80,Tian_all_IL2STAT5,Tian,25,0.06190476190476194
q80,Tian_all_IL2STAT5,Tian,26,0.007142857142857186
q80,Tian_all_IL2STAT5,Tian,27,0.10380952380952375
q80,Tian_all_IL2STAT5,Tian,28,-0.006190476190476166
q80,Tian_all_IL2STAT5,Tian,29,0.04428571428571432
q80,Tian_all_TNFA,Tian,0,0.0928571428571428
q80,Tian_all_TNFA,Tian,1,0.05999999999999996
q80,Tian_all_TNFA,Tian,2,0.05428571428571427
q80,Tian_all_TNFA,Tian,3,0.07428571428571429
q80,Tian_all_TNFA,Tian,4,0.014285714285714301
q80,Tian_all_TNFA,Tian,5,0.14428571428571424
q80,Tian_all_TNFA,Tian,6,-0.00476190476190478
q80,Tian_all_TNFA,Tian,7,0.09666666666666661
q80,Tian_all_TNFA,Tian,8,-0.0038095238095238017
q80,Tian_all_TNFA,Tian,9,-0.036666666666666646
q80,Tian_all_TNFA,Tian,10,0.06666666666666661
q80,Tian_all_TNFA,Tian,11,-0.007619047619047641
q80,Tian_all_TNFA,Tian,12,0.011904761904761897
q80,Tian_all_TNFA,Tian,13,0.0652380952380952
q80,Tian_all_TNFA,Tian,14,0.036190476190476134
q80,Tian_all_TNFA,Tian,15,-0.027619047619047685
q80,Tian_all_TNFA,Tian,16,0.19714285714285704
q80,Tian_all_TNFA,Tian,17,0.10571428571428566
q80,Tian_all_TNFA,Tian,18,0.09666666666666661
q80,Tian_all_TNFA,Tian,19,0.02571428571428572
q80,Tian_all_TNFA,Tian,20,0.050476190476190494
q80,Tian_all_TNFA,Tian,21,0.15285714285714289
q80,Tian_all_TNFA,Tian,22,0.04523809523809524
q80,Tian_all_TNFA,Tian,23,0.04095238095238103
q80,Tian_all_TNFA,Tian,24,0.029523809523809504
q80,Tian_all_TNFA,Tian,25,0.09666666666666662
q80,Tian_all_TNFA,Tian,26,0.04952380952380952
q80,Tian_all_TNFA,Tian,27,0.08285714285714285
q80,Tian_all_TNFA,Tian,28,0.046190476190476185
q80,Tian_all_TNFA,Tian,29,0.07761904761904759
continuous_scaled,Frangieh_Coculture_IFNG,Frangieh,0,0.04022794476988917
continuous_scaled,Frangieh_Coculture_IFNG,Frangieh,1,0.028135848665633078
continuous_scaled,Frangieh_Coculture_IFNG,Frangieh,2,0.01879545035671423
continuous_scaled,Frangieh_Coculture_IFNG,Frangieh,3,-0.001728508396196441
continuous_scaled,Frangieh_Coculture_IFNG,Frangieh,4,-0.045890884075987966
continuous_scaled,Frangieh_Coculture_IFNG,Frangieh,5,0.03568943024432238
continuous_scaled,Frangieh_Coculture_IFNG,Frangieh,6,-0.09413502320222801
continuous_scaled,Frangieh_Coculture_IFNG,Frangieh,7,0.002234374577377277
continuous_scaled,Frangieh_Coculture_IFNG,Frangieh,8,0.09250713397127727
continuous_scaled,Frangieh_Coculture_IFNG,Frangieh,9,-0.03685129285046426
continuous_scaled,Frangieh_Coculture_IFNG,Frangieh,10,-0.021342688146278214
continuous_scaled,Frangieh_Coculture_IFNG,Frangieh,11,0.04126770135866617
continuous_scaled,Frangieh_Coculture_IFNG,Frangieh,12,-0.029381406869624368
continuous_scaled,Frangieh_Coculture_IFNG,Frangieh,13,-0.00305754944922839
continuous_scaled,Frangieh_Coculture_IFNG,Frangieh,14,-0.01734700159023739
continuous_scaled,Frangieh_Coculture_IFNG,Frangieh,15,0.06931061255012294
continuous_scaled,Frangieh_Coculture_IFNG,Frangieh,16,0.014501556742811237
continuous_scaled,Frangieh_Coculture_IFNG,Frangieh,17,-0.0264278971209361
continuous_scaled,Frangieh_Coculture_IFNG,Frangieh,18,-0.06957371459653414
continuous_scaled,Frangieh_Coculture_IFNG,Frangieh,19,-0.06389656295225783
continuous_scaled,Frangieh_Coculture_IFNG,Frangieh,20,0.06133863203028095
continuous_scaled,Frangieh_Coculture_IFNG,Frangieh,21,0.06730944391635259
continuous_scaled,Frangieh_Coculture_IFNG,Frangieh,22,0.0661196296076271
continuous_scaled,Frangieh_Coculture_IFNG,Frangieh,23,0.01632062272316432
continuous_scaled,Frangieh_Coculture_IFNG,Frangieh,24,-0.049322026679292044
continuous_scaled,Frangieh_Coculture_IFNG,Frangieh,25,-0.05525380661337181
continuous_scaled,Frangieh_Coculture_IFNG,Frangieh,26,0.04148524694124179
continuous_scaled,Frangieh_Coculture_IFNG,Frangieh,27,0.035286519473649275
continuous_scaled,Frangieh_Coculture_IFNG,Frangieh,28,-0.0013903968827404757
continuous_scaled,Frangieh_Coculture_IFNG,Frangieh,29,-0.0263307735336205
continuous_scaled,Frangieh_Coculture_IL2STAT5,Frangieh,0,0.1978080020335796
continuous_scaled,Frangieh_Coculture_IL2STAT5,Frangieh,1,0.21747193587272914
continuous_scaled,Frangieh_Coculture_IL2STAT5,Frangieh,2,0.17889662187335342
continuous_scaled,Frangieh_Coculture_IL2STAT5,Frangieh,3,0.2595002295029695
continuous_scaled,Frangieh_Coculture_IL2STAT5,Frangieh,4,0.07030815988831111
continuous_scaled,Frangieh_Coculture_IL2STAT5,Frangieh,5,0.04889464257126437
continuous_scaled,Frangieh_Coculture_IL2STAT5,Frangieh,6,-0.11178283267653316
continuous_scaled,Frangieh_Coculture_IL2STAT5,Frangieh,7,0.14453865597121607
continuous_scaled,Frangieh_Coculture_IL2STAT5,Frangieh,8,-0.08704223750423644
continuous_scaled,Frangieh_Coculture_IL2STAT5,Frangieh,9,-0.0514016575702545
continuous_scaled,Frangieh_Coculture_IL2STAT5,Frangieh,10,0.29005928295293865
continuous_scaled,Frangieh_Coculture_IL2STAT5,Frangieh,11,0.06914674062185786
continuous_scaled,Frangieh_Coculture_IL2STAT5,Frangieh,12,0.059708778474684684
continuous_scaled,Frangieh_Coculture_IL2STAT5,Frangieh,13,0.10388800471015978
continuous_scaled,Frangieh_Coculture_IL2STAT5,Frangieh,14,-0.12310760318361388
continuous_scaled,Frangieh_Coculture_IL2STAT5,Frangieh,15,0.3825953131565018
continuous_scaled,Frangieh_Coculture_IL2STAT5,Frangieh,16,0.1116812594756775
continuous_scaled,Frangieh_Coculture_IL2STAT5,Frangieh,17,0.015455950437758643
continuous_scaled,Frangieh_Coculture_IL2STAT5,Frangieh,18,0.035491665249241806
continuous_scaled,Frangieh_Coculture_IL2STAT5,Frangieh,19,0.00976664153655758
continuous_scaled,Frangieh_Coculture_IL2STAT5,Frangieh,20,-0.1879610635645724
continuous_scaled,Frangieh_Coculture_IL2STAT5,Frangieh,21,0.14292978132361292
continuous_scaled,Frangieh_Coculture_IL2STAT5,Frangieh,22,0.11348843816155121
continuous_scaled,Frangieh_Coculture_IL2STAT5,Frangieh,23,0.2623299656336147
continuous_scaled,Frangieh_Coculture_IL2STAT5,Frangieh,24,0.05558074658807005
continuous_scaled,Frangieh_Coculture_IL2STAT5,Frangieh,25,-0.11096279776743813
continuous_scaled,Frangieh_Coculture_IL2STAT5,Frangieh,26,0.01668582597583185
continuous_scaled,Frangieh_Coculture_IL2STAT5,Frangieh,27,-0.0656198782279309
continuous_scaled,Frangieh_Coculture_IL2STAT5,Frangieh,28,0.10694174983227496
continuous_scaled,Frangieh_Coculture_IL2STAT5,Frangieh,29,0.30446083722833556
continuous_scaled,Frangieh_Coculture_TNFA,Frangieh,0,0.03302962702004479
continuous_scaled,Frangieh_Coculture_TNFA,Frangieh,1,0.02753624841497708
continuous_scaled,Frangieh_Coculture_TNFA,Frangieh,2,0.031534879312353915
continuous_scaled,Frangieh_Coculture_TNFA,Frangieh,3,0.1596866578567985
continuous_scaled,Frangieh_Coculture_TNFA,Frangieh,4,0.13415703373927296
continuous_scaled,Frangieh_Coculture_TNFA,Frangieh,5,0.17693269173036794
continuous_scaled,Frangieh_Coculture_TNFA,Frangieh,6,0.021495481543900016
continuous_scaled,Frangieh_Coculture_TNFA,Frangieh,7,0.152226854340202
continuous_scaled,Frangieh_Coculture_TNFA,Frangieh,8,0.11999021003153168
continuous_scaled,Frangieh_Coculture_TNFA,Frangieh,9,0.1460331413080163
continuous_scaled,Frangieh_Coculture_TNFA,Frangieh,10,0.17469285673070373
continuous_scaled,Frangieh_Coculture_TNFA,Frangieh,11,-0.08362553930122346
continuous_scaled,Frangieh_Coculture_TNFA,Frangieh,12,0.04232806662541536
continuous_scaled,Frangieh_Coculture_TNFA,Frangieh,13,0.12746119889409657
continuous_scaled,Frangieh_Coculture_TNFA,Frangieh,14,0.04349765664240861
continuous_scaled,Frangieh_Coculture_TNFA,Frangieh,15,-0.03499940717361452
continuous_scaled,Frangieh_Coculture_TNFA,Frangieh,16,0.15373390736958187
continuous_scaled,Frangieh_Coculture_TNFA,Frangieh,17,0.09278998401805623
continuous_scaled,Frangieh_Coculture_TNFA,Frangieh,18,-0.0077182803910473075
continuous_scaled,Frangieh_Coculture_TNFA,Frangieh,19,0.06885827532711072
continuous_scaled,Frangieh_Coculture_TNFA,Frangieh,20,0.23369066218591247
continuous_scaled,Frangieh_Coculture_TNFA,Frangieh,21,0.04006714344158094
continuous_scaled,Frangieh_Coculture_TNFA,Frangieh,22,0.1376202325090697
continuous_scaled,Frangieh_Coculture_TNFA,Frangieh,23,-0.01620008070246403
continuous_scaled,Frangieh_Coculture_TNFA,Frangieh,24,-0.0713602313575267
continuous_scaled,Frangieh_Coculture_TNFA,Frangieh,25,-0.13762758706576636
continuous_scaled,Frangieh_Coculture_TNFA,Frangieh,26,0.12444549112293847
continuous_scaled,Frangieh_Coculture_TNFA,Frangieh,27,0.012855288359259164
continuous_scaled,Frangieh_Coculture_TNFA,Frangieh,28,0.03391367207429458
continuous_scaled,Frangieh_Coculture_TNFA,Frangieh,29,0.09905451843967956
continuous_scaled,Frangieh_Control_IFNG,Frangieh,0,0.20487319667335893
continuous_scaled,Frangieh_Control_IFNG,Frangieh,1,0.17623327238181094
continuous_scaled,Frangieh_Control_IFNG,Frangieh,2,0.23971565151623586
continuous_scaled,Frangieh_Control_IFNG,Frangieh,3,0.05371551571937005
continuous_scaled,Frangieh_Control_IFNG,Frangieh,4,0.24083834171073973
continuous_scaled,Frangieh_Control_IFNG,Frangieh,5,0.2904855074716929
continuous_scaled,Frangieh_Control_IFNG,Frangieh,6,0.16168392358507855
continuous_scaled,Frangieh_Control_IFNG,Frangieh,7,0.055523591889128046
continuous_scaled,Frangieh_Control_IFNG,Frangieh,8,0.03368671693301208
continuous_scaled,Frangieh_Control_IFNG,Frangieh,9,0.15084669499105033
continuous_scaled,Frangieh_Control_IFNG,Frangieh,10,0.13249843169547068
continuous_scaled,Frangieh_Control_IFNG,Frangieh,11,0.19893152510819181
continuous_scaled,Frangieh_Control_IFNG,Frangieh,12,0.12697476164853608
continuous_scaled,Frangieh_Control_IFNG,Frangieh,13,0.07094284485618353
continuous_scaled,Frangieh_Control_IFNG,Frangieh,14,0.12602213081390262
continuous_scaled,Frangieh_Control_IFNG,Frangieh,15,-0.02990852648450064
continuous_scaled,Frangieh_Control_IFNG,Frangieh,16,0.08925034104204166
continuous_scaled,Frangieh_Control_IFNG,Frangieh,17,0.2520778248508579
continuous_scaled,Frangieh_Control_IFNG,Frangieh,18,0.09402804388681789
continuous_scaled,Frangieh_Control_IFNG,Frangieh,19,0.13932826622241226
continuous_scaled,Frangieh_Control_IFNG,Frangieh,20,0.04071711585679459
continuous_scaled,Frangieh_Control_IFNG,Frangieh,21,0.049156874990189475
continuous_scaled,Frangieh_Control_IFNG,Frangieh,22,-0.14984782373428124
continuous_scaled,Frangieh_Control_IFNG,Frangieh,23,0.024872926964570437
continuous_scaled,Frangieh_Control_IFNG,Frangieh,24,0.15915751934702838
continuous_scaled,Frangieh_Control_IFNG,Frangieh,25,0.07894185204563721
continuous_scaled,Frangieh_Control_IFNG,Frangieh,26,0.11243404322118683
continuous_scaled,Frangieh_Control_IFNG,Frangieh,27,-0.03598350772193098
continuous_scaled,Frangieh_Control_IFNG,Frangieh,28,-0.09555053941877827
continuous_scaled,Frangieh_Control_IFNG,Frangieh,29,0.27099932437676433
continuous_scaled,Frangieh_Control_IL2STAT5,Frangieh,0,0.17397185898356685
continuous_scaled,Frangieh_Control_IL2STAT5,Frangieh,1,-0.091644149974701
continuous_scaled,Frangieh_Control_IL2STAT5,Frangieh,2,-0.018344734885846557
continuous_scaled,Frangieh_Control_IL2STAT5,Frangieh,3,0.07842343052014422
continuous_scaled,Frangieh_Control_IL2STAT5,Frangieh,4,-0.09930338053787229
continuous_scaled,Frangieh_Control_IL2STAT5,Frangieh,5,-0.052179758174184146
continuous_scaled,Frangieh_Control_IL2STAT5,Frangieh,6,0.27996677000672826
continuous_scaled,Frangieh_Control_IL2STAT5,Frangieh,7,0.1988089764789324
continuous_scaled,Frangieh_Control_IL2STAT5,Frangieh,8,0.0956181277036961
continuous_scaled,Frangieh_Control_IL2STAT5,Frangieh,9,0.14569942443299372
continuous_scaled,Frangieh_Control_IL2STAT5,Frangieh,10,-0.06641196090725786
continuous_scaled,Frangieh_Control_IL2STAT5,Frangieh,11,0.35362155777827814
continuous_scaled,Frangieh_Control_IL2STAT5,Frangieh,12,0.21988296807797775
continuous_scaled,Frangieh_Control_IL2STAT5,Frangieh,13,0.4499351835011942
continuous_scaled,Frangieh_Control_IL2STAT5,Frangieh,14,-0.007304762798810105
continuous_scaled,Frangieh_Control_IL2STAT5,Frangieh,15,-0.08142928397309614
continuous_scaled,Frangieh_Control_IL2STAT5,Frangieh,16,0.3568884070740066
continuous_scaled,Frangieh_Control_IL2STAT5,Frangieh,17,-0.1696544751291902
continuous_scaled,Frangieh_Control_IL2STAT5,Frangieh,18,0.17258203793725235
continuous_scaled,Frangieh_Control_IL2STAT5,Frangieh,19,0.34837304525172813
continuous_scaled,Frangieh_Control_IL2STAT5,Frangieh,20,-0.07335195445054493
continuous_scaled,Frangieh_Control_IL2STAT5,Frangieh,21,0.17469266025685376
continuous_scaled,Frangieh_Control_IL2STAT5,Frangieh,22,0.10312449600142104
continuous_scaled,Frangieh_Control_IL2STAT5,Frangieh,23,0.05298432119906308
continuous_scaled,Frangieh_Control_IL2STAT5,Frangieh,24,0.23018884087419966
continuous_scaled,Frangieh_Control_IL2STAT5,Frangieh,25,0.1087007185851734
continuous_scaled,Frangieh_Control_IL2STAT5,Frangieh,26,-0.057920753866229704
continuous_scaled,Frangieh_Control_IL2STAT5,Frangieh,27,0.007242316216771064
continuous_scaled,Frangieh_Control_IL2STAT5,Frangieh,28,0.011329421224307214
continuous_scaled,Frangieh_Control_IL2STAT5,Frangieh,29,0.035727158289809526
continuous_scaled,Frangieh_Control_TNFA,Frangieh,0,0.0994367222623343
continuous_scaled,Frangieh_Control_TNFA,Frangieh,1,-0.026762961732043945
continuous_scaled,Frangieh_Control_TNFA,Frangieh,2,0.3819683569159863
continuous_scaled,Frangieh_Control_TNFA,Frangieh,3,0.20556559763373014
continuous_scaled,Frangieh_Control_TNFA,Frangieh,4,0.2766559395644092
continuous_scaled,Frangieh_Control_TNFA,Frangieh,5,0.22956286843508966
continuous_scaled,Frangieh_Control_TNFA,Frangieh,6,0.1461978005526721
continuous_scaled,Frangieh_Control_TNFA,Frangieh,7,0.09280951043981968
continuous_scaled,Frangieh_Control_TNFA,Frangieh,8,0.11337174955094464
continuous_scaled,Frangieh_Control_TNFA,Frangieh,9,-0.09202392271583135
continuous_scaled,Frangieh_Control_TNFA,Frangieh,10,0.3518359915170267
continuous_scaled,Frangieh_Control_TNFA,Frangieh,11,0.17584412921386164
continuous_scaled,Frangieh_Control_TNFA,Frangieh,12,-0.11434616198270764
continuous_scaled,Frangieh_Control_TNFA,Frangieh,13,0.4909752693997934
continuous_scaled,Frangieh_Control_TNFA,Frangieh,14,0.11171131611423943
continuous_scaled,Frangieh_Control_TNFA,Frangieh,15,0.3914025347994704
continuous_scaled,Frangieh_Control_TNFA,Frangieh,16,0.27070410026736097
continuous_scaled,Frangieh_Control_TNFA,Frangieh,17,0.06014287249639615
continuous_scaled,Frangieh_Control_TNFA,Frangieh,18,0.2857403121852116
continuous_scaled,Frangieh_Control_TNFA,Frangieh,19,0.10825322453335837
continuous_scaled,Frangieh_Control_TNFA,Frangieh,20,0.08437870845084994
continuous_scaled,Frangieh_Control_TNFA,Frangieh,21,0.28022059036546937
continuous_scaled,Frangieh_Control_TNFA,Frangieh,22,0.28228685067655845
continuous_scaled,Frangieh_Control_TNFA,Frangieh,23,0.12195352991889984
continuous_scaled,Frangieh_Control_TNFA,Frangieh,24,0.15021595471980392
continuous_scaled,Frangieh_Control_TNFA,Frangieh,25,0.25737844234345275
continuous_scaled,Frangieh_Control_TNFA,Frangieh,26,0.2772354184262325
continuous_scaled,Frangieh_Control_TNFA,Frangieh,27,0.13795114522292803
continuous_scaled,Frangieh_Control_TNFA,Frangieh,28,0.1113027039254456
continuous_scaled,Frangieh_Control_TNFA,Frangieh,29,0.20067814328890562
continuous_scaled,Frangieh_IFNg_IFNG,Frangieh,0,-0.05365272280879437
continuous_scaled,Frangieh_IFNg_IFNG,Frangieh,1,0.031133784985831893
continuous_scaled,Frangieh_IFNg_IFNG,Frangieh,2,0.06252388266425045
continuous_scaled,Frangieh_IFNg_IFNG,Frangieh,3,0.06656000696877136
continuous_scaled,Frangieh_IFNg_IFNG,Frangieh,4,-0.06767172060790083
continuous_scaled,Frangieh_IFNg_IFNG,Frangieh,5,0.03625277030563491
continuous_scaled,Frangieh_IFNg_IFNG,Frangieh,6,0.01323092569069354
continuous_scaled,Frangieh_IFNg_IFNG,Frangieh,7,-0.014253411182014042
continuous_scaled,Frangieh_IFNg_IFNG,Frangieh,8,-0.007780001330604659
continuous_scaled,Frangieh_IFNg_IFNG,Frangieh,9,0.11616684470542715
continuous_scaled,Frangieh_IFNg_IFNG,Frangieh,10,0.01131869920290124
continuous_scaled,Frangieh_IFNg_IFNG,Frangieh,11,-0.0292541537007649
continuous_scaled,Frangieh_IFNg_IFNG,Frangieh,12,0.07732257504013654
continuous_scaled,Frangieh_IFNg_IFNG,Frangieh,13,0.0220517069510294
continuous_scaled,Frangieh_IFNg_IFNG,Frangieh,14,0.017831162930475607
continuous_scaled,Frangieh_IFNg_IFNG,Frangieh,15,0.09859078669043521
continuous_scaled,Frangieh_IFNg_IFNG,Frangieh,16,-0.05426332976901635
continuous_scaled,Frangieh_IFNg_IFNG,Frangieh,17,-0.07649410270506396
continuous_scaled,Frangieh_IFNg_IFNG,Frangieh,18,0.047338227277812346
continuous_scaled,Frangieh_IFNg_IFNG,Frangieh,19,0.07550104060518183
continuous_scaled,Frangieh_IFNg_IFNG,Frangieh,20,0.06492493865439439
continuous_scaled,Frangieh_IFNg_IFNG,Frangieh,21,0.09824501423417407
continuous_scaled,Frangieh_IFNg_IFNG,Frangieh,22,-0.05186282148838799
continuous_scaled,Frangieh_IFNg_IFNG,Frangieh,23,0.032325163874052945
continuous_scaled,Frangieh_IFNg_IFNG,Frangieh,24,-0.03141482120058409
continuous_scaled,Frangieh_IFNg_IFNG,Frangieh,25,-0.03588698773216957
continuous_scaled,Frangieh_IFNg_IFNG,Frangieh,26,0.03103377053715761
continuous_scaled,Frangieh_IFNg_IFNG,Frangieh,27,0.073473671477088
continuous_scaled,Frangieh_IFNg_IFNG,Frangieh,28,0.10787007878535583
continuous_scaled,Frangieh_IFNg_IFNG,Frangieh,29,-0.08609743168828407
continuous_scaled,Frangieh_IFNg_IL2STAT5,Frangieh,0,0.09417104979931545
continuous_scaled,Frangieh_IFNg_IL2STAT5,Frangieh,1,0.150575798692532
continuous_scaled,Frangieh_IFNg_IL2STAT5,Frangieh,2,0.03957453023802613
continuous_scaled,Frangieh_IFNg_IL2STAT5,Frangieh,3,0.24643129068028963
continuous_scaled,Frangieh_IFNg_IL2STAT5,Frangieh,4,0.16082282209328874
continuous_scaled,Frangieh_IFNg_IL2STAT5,Frangieh,5,0.23803472534398953
continuous_scaled,Frangieh_IFNg_IL2STAT5,Frangieh,6,0.11047535743556111
continuous_scaled,Frangieh_IFNg_IL2STAT5,Frangieh,7,0.27997826292442185
continuous_scaled,Frangieh_IFNg_IL2STAT5,Frangieh,8,0.1545055957513336
continuous_scaled,Frangieh_IFNg_IL2STAT5,Frangieh,9,0.14754474611638982
continuous_scaled,Frangieh_IFNg_IL2STAT5,Frangieh,10,0.22253600693892872
continuous_scaled,Frangieh_IFNg_IL2STAT5,Frangieh,11,0.06669819368812557
continuous_scaled,Frangieh_IFNg_IL2STAT5,Frangieh,12,0.27325568084993185
continuous_scaled,Frangieh_IFNg_IL2STAT5,Frangieh,13,0.1533211467421808
continuous_scaled,Frangieh_IFNg_IL2STAT5,Frangieh,14,0.020001142253033365
continuous_scaled,Frangieh_IFNg_IL2STAT5,Frangieh,15,0.11307447335915802
continuous_scaled,Frangieh_IFNg_IL2STAT5,Frangieh,16,0.03576343992513077
continuous_scaled,Frangieh_IFNg_IL2STAT5,Frangieh,17,0.1132735730039952
continuous_scaled,Frangieh_IFNg_IL2STAT5,Frangieh,18,0.2246989557088598
continuous_scaled,Frangieh_IFNg_IL2STAT5,Frangieh,19,0.04809999060579892
continuous_scaled,Frangieh_IFNg_IL2STAT5,Frangieh,20,0.18841402601245988
continuous_scaled,Frangieh_IFNg_IL2STAT5,Frangieh,21,0.13034505039757877
continuous_scaled,Frangieh_IFNg_IL2STAT5,Frangieh,22,0.2069788779309039
continuous_scaled,Frangieh_IFNg_IL2STAT5,Frangieh,23,0.024809283963550807
continuous_scaled,Frangieh_IFNg_IL2STAT5,Frangieh,24,0.30230252594629514
continuous_scaled,Frangieh_IFNg_IL2STAT5,Frangieh,25,0.11602705441483635
continuous_scaled,Frangieh_IFNg_IL2STAT5,Frangieh,26,0.08236265909700662
continuous_scaled,Frangieh_IFNg_IL2STAT5,Frangieh,27,0.24599247462014578
continuous_scaled,Frangieh_IFNg_IL2STAT5,Frangieh,28,0.1137257164394879
continuous_scaled,Frangieh_IFNg_IL2STAT5,Frangieh,29,0.11185031303720722
continuous_scaled,Frangieh_IFNg_TNFA,Frangieh,0,0.08904407805721616
continuous_scaled,Frangieh_IFNg_TNFA,Frangieh,1,0.2650785444926423
continuous_scaled,Frangieh_IFNg_TNFA,Frangieh,2,0.0023698356812548015
continuous_scaled,Frangieh_IFNg_TNFA,Frangieh,3,0.2141550910936715
continuous_scaled,Frangieh_IFNg_TNFA,Frangieh,4,0.1201575811918366
continuous_scaled,Frangieh_IFNg_TNFA,Frangieh,5,0.2697030824663451
continuous_scaled,Frangieh_IFNg_TNFA,Frangieh,6,0.15552229359602973
continuous_scaled,Frangieh_IFNg_TNFA,Frangieh,7,0.1467423929081028
continuous_scaled,Frangieh_IFNg_TNFA,Frangieh,8,0.1470550059261158
continuous_scaled,Frangieh_IFNg_TNFA,Frangieh,9,0.23510323987026058
continuous_scaled,Frangieh_IFNg_TNFA,Frangieh,10,0.1795975778347486
continuous_scaled,Frangieh_IFNg_TNFA,Frangieh,11,0.2490955544716681
continuous_scaled,Frangieh_IFNg_TNFA,Frangieh,12,0.05803980689606345
continuous_scaled,Frangieh_IFNg_TNFA,Frangieh,13,0.1757939057056095
continuous_scaled,Frangieh_IFNg_TNFA,Frangieh,14,0.10647963943476207
continuous_scaled,Frangieh_IFNg_TNFA,Frangieh,15,-0.015979811664148826
continuous_scaled,Frangieh_IFNg_TNFA,Frangieh,16,0.20172504788737744
continuous_scaled,Frangieh_IFNg_TNFA,Frangieh,17,0.07644761262905064
continuous_scaled,Frangieh_IFNg_TNFA,Frangieh,18,0.07494292555645805
continuous_scaled,Frangieh_IFNg_TNFA,Frangieh,19,0.1865709082253776
continuous_scaled,Frangieh_IFNg_TNFA,Frangieh,20,0.18735073416782572
continuous_scaled,Frangieh_IFNg_TNFA,Frangieh,21,0.012554853196841029
continuous_scaled,Frangieh_IFNg_TNFA,Frangieh,22,0.18456728438258943
continuous_scaled,Frangieh_IFNg_TNFA,Frangieh,23,0.13771455689262718
continuous_scaled,Frangieh_IFNg_TNFA,Frangieh,24,0.04382541193385542
continuous_scaled,Frangieh_IFNg_TNFA,Frangieh,25,0.18008913709439742
continuous_scaled,Frangieh_IFNg_TNFA,Frangieh,26,0.18969359618417336
continuous_scaled,Frangieh_IFNg_TNFA,Frangieh,27,0.31378322864447183
continuous_scaled,Frangieh_IFNg_TNFA,Frangieh,28,0.12121375794693456
continuous_scaled,Frangieh_IFNg_TNFA,Frangieh,29,0.13855098121933052
continuous_scaled,Papalexi_IFNg_IFNG,Papalexi,0,0.052205304364728436
continuous_scaled,Papalexi_IFNg_IFNG,Papalexi,1,-0.11842970270831653
continuous_scaled,Papalexi_IFNg_IFNG,Papalexi,2,0.07595964462556505
continuous_scaled,Papalexi_IFNg_IFNG,Papalexi,3,-0.03462716990853188
continuous_scaled,Papalexi_IFNg_IFNG,Papalexi,4,-0.09033375385496736
continuous_scaled,Papalexi_IFNg_IFNG,Papalexi,5,-0.1190315009619141
continuous_scaled,Papalexi_IFNg_IFNG,Papalexi,6,0.06174087203217807
continuous_scaled,Papalexi_IFNg_IFNG,Papalexi,7,-0.16597533173491705
continuous_scaled,Papalexi_IFNg_IFNG,Papalexi,8,0.0698857481917804
continuous_scaled,Papalexi_IFNg_IFNG,Papalexi,9,-0.07361705337718058
continuous_scaled,Papalexi_IFNg_IFNG,Papalexi,10,-0.13972095935018186
continuous_scaled,Papalexi_IFNg_IFNG,Papalexi,11,-0.12670849689625463
continuous_scaled,Papalexi_IFNg_IFNG,Papalexi,12,-0.0019605617546809557
continuous_scaled,Papalexi_IFNg_IFNG,Papalexi,13,-0.059173296097832846
continuous_scaled,Papalexi_IFNg_IFNG,Papalexi,14,-0.06478329421205975
continuous_scaled,Papalexi_IFNg_IFNG,Papalexi,15,-0.03573763574617605
continuous_scaled,Papalexi_IFNg_IFNG,Papalexi,16,-0.059610122176932394
continuous_scaled,Papalexi_IFNg_IFNG,Papalexi,17,-0.06404203037662955
continuous_scaled,Papalexi_IFNg_IFNG,Papalexi,18,-0.10992468280952446
continuous_scaled,Papalexi_IFNg_IFNG,Papalexi,19,0.07255410496556852
continuous_scaled,Papalexi_IFNg_IFNG,Papalexi,20,-0.028935805807579464
continuous_scaled,Papalexi_IFNg_IFNG,Papalexi,21,-0.19485088582702267
continuous_scaled,Papalexi_IFNg_IFNG,Papalexi,22,-0.12527720520858238
continuous_scaled,Papalexi_IFNg_IFNG,Papalexi,23,-0.026391934862953582
continuous_scaled,Papalexi_IFNg_IFNG,Papalexi,24,-0.037867152608454045
continuous_scaled,Papalexi_IFNg_IFNG,Papalexi,25,-0.15379837640145336
continuous_scaled,Papalexi_IFNg_IFNG,Papalexi,26,-0.18453798916676878
continuous_scaled,Papalexi_IFNg_IFNG,Papalexi,27,-0.12438219171593781
continuous_scaled,Papalexi_IFNg_IFNG,Papalexi,28,-0.10903668742945297
continuous_scaled,Papalexi_IFNg_IFNG,Papalexi,29,-0.056808416617870776
continuous_scaled,Papalexi_IFNg_IL2STAT5,Papalexi,0,-0.020271789905411678
continuous_scaled,Papalexi_IFNg_IL2STAT5,Papalexi,1,-0.06131958476993865
continuous_scaled,Papalexi_IFNg_IL2STAT5,Papalexi,2,-0.053697769400992745
continuous_scaled,Papalexi_IFNg_IL2STAT5,Papalexi,3,-0.11729458158065537
continuous_scaled,Papalexi_IFNg_IL2STAT5,Papalexi,4,-0.07885570630401603
continuous_scaled,Papalexi_IFNg_IL2STAT5,Papalexi,5,-0.1379919766019203
continuous_scaled,Papalexi_IFNg_IL2STAT5,Papalexi,6,-0.1571271546430546
continuous_scaled,Papalexi_IFNg_IL2STAT5,Papalexi,7,-0.03015496204310605
continuous_scaled,Papalexi_IFNg_IL2STAT5,Papalexi,8,-0.16645617135788332
continuous_scaled,Papalexi_IFNg_IL2STAT5,Papalexi,9,-0.04801449883489965
continuous_scaled,Papalexi_IFNg_IL2STAT5,Papalexi,10,-0.1570239153648342
continuous_scaled,Papalexi_IFNg_IL2STAT5,Papalexi,11,-0.1793746377833604
continuous_scaled,Papalexi_IFNg_IL2STAT5,Papalexi,12,-0.11705452987336676
continuous_scaled,Papalexi_IFNg_IL2STAT5,Papalexi,13,-0.1812946155966193
continuous_scaled,Papalexi_IFNg_IL2STAT5,Papalexi,14,-0.12601080575278029
continuous_scaled,Papalexi_IFNg_IL2STAT5,Papalexi,15,-0.0822901281101887
continuous_scaled,Papalexi_IFNg_IL2STAT5,Papalexi,16,0.04497774365708469
continuous_scaled,Papalexi_IFNg_IL2STAT5,Papalexi,17,0.0014522436111224747
continuous_scaled,Papalexi_IFNg_IL2STAT5,Papalexi,18,-0.03703134990269051
continuous_scaled,Papalexi_IFNg_IL2STAT5,Papalexi,19,-0.14619266474606146
continuous_scaled,Papalexi_IFNg_IL2STAT5,Papalexi,20,-0.08572926392940504
continuous_scaled,Papalexi_IFNg_IL2STAT5,Papalexi,21,-0.20300135713689663
continuous_scaled,Papalexi_IFNg_IL2STAT5,Papalexi,22,-0.11809769633175915
continuous_scaled,Papalexi_IFNg_IL2STAT5,Papalexi,23,-0.03817307289404321
continuous_scaled,Papalexi_IFNg_IL2STAT5,Papalexi,24,-0.060975994238353586
continuous_scaled,Papalexi_IFNg_IL2STAT5,Papalexi,25,-0.17691559105288449
continuous_scaled,Papalexi_IFNg_IL2STAT5,Papalexi,26,-0.13843716955486057
continuous_scaled,Papalexi_IFNg_IL2STAT5,Papalexi,27,-0.0549157661571846
continuous_scaled,Papalexi_IFNg_IL2STAT5,Papalexi,28,-0.07493738249409118
continuous_scaled,Papalexi_IFNg_IL2STAT5,Papalexi,29,-0.08049520300181655
continuous_scaled,Papalexi_IFNg_TNFA,Papalexi,0,-0.009484933562411783
continuous_scaled,Papalexi_IFNg_TNFA,Papalexi,1,-0.011316191239655028
continuous_scaled,Papalexi_IFNg_TNFA,Papalexi,2,-0.0186438242772833
continuous_scaled,Papalexi_IFNg_TNFA,Papalexi,3,-0.08111756588079203
continuous_scaled,Papalexi_IFNg_TNFA,Papalexi,4,-0.044054783927920414
continuous_scaled,Papalexi_IFNg_TNFA,Papalexi,5,0.006121257708519389
continuous_scaled,Papalexi_IFNg_TNFA,Papalexi,6,-0.15402824622952907
continuous_scaled,Papalexi_IFNg_TNFA,Papalexi,7,0.009633526882060902
continuous_scaled,Papalexi_IFNg_TNFA,Papalexi,8,-0.029397407746867388
continuous_scaled,Papalexi_IFNg_TNFA,Papalexi,9,-0.029393649082131695
continuous_scaled,Papalexi_IFNg_TNFA,Papalexi,10,-0.12692528651228083
continuous_scaled,Papalexi_IFNg_TNFA,Papalexi,11,-0.07002310346357016
continuous_scaled,Papalexi_IFNg_TNFA,Papalexi,12,0.08133586874783914
continuous_scaled,Papalexi_IFNg_TNFA,Papalexi,13,-0.10206061999439148
continuous_scaled,Papalexi_IFNg_TNFA,Papalexi,14,-0.1705850928289851
continuous_scaled,Papalexi_IFNg_TNFA,Papalexi,15,0.03539891072356596
continuous_scaled,Papalexi_IFNg_TNFA,Papalexi,16,-0.014183956479502803
continuous_scaled,Papalexi_IFNg_TNFA,Papalexi,17,-0.04100231327396434
continuous_scaled,Papalexi_IFNg_TNFA,Papalexi,18,0.05387535472772397
continuous_scaled,Papalexi_IFNg_TNFA,Papalexi,19,-0.1417351534572365
continuous_scaled,Papalexi_IFNg_TNFA,Papalexi,20,-0.028408625617295517
continuous_scaled,Papalexi_IFNg_TNFA,Papalexi,21,-0.19553343503010293
continuous_scaled,Papalexi_IFNg_TNFA,Papalexi,22,-0.01769327829014321
continuous_scaled,Papalexi_IFNg_TNFA,Papalexi,23,-0.011397785039359424
continuous_scaled,Papalexi_IFNg_TNFA,Papalexi,24,-0.021140028376526683
continuous_scaled,Papalexi_IFNg_TNFA,Papalexi,25,-0.07503329170002798
continuous_scaled,Papalexi_IFNg_TNFA,Papalexi,26,-0.13057736295031014
continuous_scaled,Papalexi_IFNg_TNFA,Papalexi,27,-0.10050658317573298
continuous_scaled,Papalexi_IFNg_TNFA,Papalexi,28,-0.01649262604129632
continuous_scaled,Papalexi_IFNg_TNFA,Papalexi,29,-0.015238366802449308
continuous_scaled,Tian_all_IFNG,Tian,0,0.0026029473465631796
continuous_scaled,Tian_all_IFNG,Tian,1,-0.06617877674590857
continuous_scaled,Tian_all_IFNG,Tian,2,0.04271858740991331
continuous_scaled,Tian_all_IFNG,Tian,3,0.02854327408678443
continuous_scaled,Tian_all_IFNG,Tian,4,0.08587264803106995
continuous_scaled,Tian_all_IFNG,Tian,5,0.10798790229539598
continuous_scaled,Tian_all_IFNG,Tian,6,0.1696926517395597
continuous_scaled,Tian_all_IFNG,Tian,7,-0.07620542733559475
continuous_scaled,Tian_all_IFNG,Tian,8,0.24996398305033896
continuous_scaled,Tian_all_IFNG,Tian,9,0.1314777278626188
continuous_scaled,Tian_all_IFNG,Tian,10,0.05027313227649349
continuous_scaled,Tian_all_IFNG,Tian,11,0.0061466872869684755
continuous_scaled,Tian_all_IFNG,Tian,12,-0.07019597016102078
continuous_scaled,Tian_all_IFNG,Tian,13,0.28200476498070015
continuous_scaled,Tian_all_IFNG,Tian,14,0.004574296347929072
continuous_scaled,Tian_all_IFNG,Tian,15,-0.04018023842347329
continuous_scaled,Tian_all_IFNG,Tian,16,0.1582049015248323
continuous_scaled,Tian_all_IFNG,Tian,17,0.13045333034564496
continuous_scaled,Tian_all_IFNG,Tian,18,0.14914381839885738
continuous_scaled,Tian_all_IFNG,Tian,19,0.0960337008587776
continuous_scaled,Tian_all_IFNG,Tian,20,0.1329753784908322
continuous_scaled,Tian_all_IFNG,Tian,21,-0.10315536986007116
continuous_scaled,Tian_all_IFNG,Tian,22,0.16758204310746735
continuous_scaled,Tian_all_IFNG,Tian,23,0.21455287217801616
continuous_scaled,Tian_all_IFNG,Tian,24,0.10133358233325802
continuous_scaled,Tian_all_IFNG,Tian,25,0.3256422049190181
continuous_scaled,Tian_all_IFNG,Tian,26,0.03994311161221027
continuous_scaled,Tian_all_IFNG,Tian,27,0.06408841691644528
continuous_scaled,Tian_all_IFNG,Tian,28,-0.23562845495523252
continuous_scaled,Tian_all_IFNG,Tian,29,0.13355186930918422
continuous_scaled,Tian_all_IL2STAT5,Tian,0,0.020035406500715006
continuous_scaled,Tian_all_IL2STAT5,Tian,1,0.19103851844725994
continuous_scaled,Tian_all_IL2STAT5,Tian,2,0.29807031291517294
continuous_scaled,Tian_all_IL2STAT5,Tian,3,0.2236431446278278
continuous_scaled,Tian_all_IL2STAT5,Tian,4,0.2778076281524981
continuous_scaled,Tian_all_IL2STAT5,Tian,5,0.26703280270664004
continuous_scaled,Tian_all_IL2STAT5,Tian,6,0.24021355585718981
continuous_scaled,Tian_all_IL2STAT5,Tian,7,-0.018314785629656983
continuous_scaled,Tian_all_IL2STAT5,Tian,8,0.09465435223261337
continuous_scaled,Tian_all_IL2STAT5,Tian,9,-0.014670173454717526
continuous_scaled,Tian_all_IL2STAT5,Tian,10,0.26972983339275297
continuous_scaled,Tian_all_IL2STAT5,Tian,11,-0.047777989565043734
continuous_scaled,Tian_all_IL2STAT5,Tian,12,0.02808578396118434
continuous_scaled,Tian_all_IL2STAT5,Tian,13,0.02875388517366013
continuous_scaled,Tian_all_IL2STAT5,Tian,14,0.009629328181361817
continuous_scaled,Tian_all_IL2STAT5,Tian,15,0.263864511784812
continuous_scaled,Tian_all_IL2STAT5,Tian,16,0.18126153501615355
continuous_scaled,Tian_all_IL2STAT5,Tian,17,0.02309238673140964
continuous_scaled,Tian_all_IL2STAT5,Tian,18,0.29227767171134966
continuous_scaled,Tian_all_IL2STAT5,Tian,19,0.1589662987103347
continuous_scaled,Tian_all_IL2STAT5,Tian,20,-0.12117041976603887
continuous_scaled,Tian_all_IL2STAT5,Tian,21,0.03239096906887756
continuous_scaled,Tian_all_IL2STAT5,Tian,22,0.08735946593032455
continuous_scaled,Tian_all_IL2STAT5,Tian,23,0.1840269865727108
continuous_scaled,Tian_all_IL2STAT5,Tian,24,-0.06313301598384484
continuous_scaled,Tian_all_IL2STAT5,Tian,25,-0.009948570923902977
continuous_scaled,Tian_all_IL2STAT5,Tian,26,0.24202533945985938
continuous_scaled,Tian_all_IL2STAT5,Tian,27,0.5609186127988735
continuous_scaled,Tian_all_IL2STAT5,Tian,28,0.09190228153659838
continuous_scaled,Tian_all_IL2STAT5,Tian,29,-0.026550996634715496
continuous_scaled,Tian_all_TNFA,Tian,0,0.2778417841102055
continuous_scaled,Tian_all_TNFA,Tian,1,0.22523182638955522
continuous_scaled,Tian_all_TNFA,Tian,2,0.22426381323886077
continuous_scaled,Tian_all_TNFA,Tian,3,0.20689746623082503
continuous_scaled,Tian_all_TNFA,Tian,4,0.18414037973137684
continuous_scaled,Tian_all_TNFA,Tian,5,0.12132857029446845
continuous_scaled,Tian_all_TNFA,Tian,6,0.053997121118919106
continuous_scaled,Tian_all_TNFA,Tian,7,0.09783630909937681
continuous_scaled,Tian_all_TNFA,Tian,8,0.11729984644882199
continuous_scaled,Tian_all_TNFA,Tian,9,0.2034474940952704
continuous_scaled,Tian_all_TNFA,Tian,10,0.11422791286081402
continuous_scaled,Tian_all_TNFA,Tian,11,0.19159656216284168
continuous_scaled,Tian_all_TNFA,Tian,12,0.009832107134471815
continuous_scaled,Tian_all_TNFA,Tian,13,0.2878251096864265
continuous_scaled,Tian_all_TNFA,Tian,14,0.1550673988526166
continuous_scaled,Tian_all_TNFA,Tian,15,-0.0990604327780113
continuous_scaled,Tian_all_TNFA,Tian,16,0.12051145839646236
continuous_scaled,Tian_all_TNFA,Tian,17,0.21634864042041468
continuous_scaled,Tian_all_TNFA,Tian,18,-0.11182987002348646
continuous_scaled,Tian_all_TNFA,Tian,19,-0.028905245439652293
continuous_scaled,Tian_all_TNFA,Tian,20,0.0918516474192622
continuous_scaled,Tian_all_TNFA,Tian,21,0.4576943473894285
continuous_scaled,Tian_all_TNFA,Tian,22,-0.018495668966788656
continuous_scaled,Tian_all_TNFA,Tian,23,0.16382947052827462
continuous_scaled,Tian_all_TNFA,Tian,24,-0.08284556014017186
continuous_scaled,Tian_all_TNFA,Tian,25,0.1943769741000632
continuous_scaled,Tian_all_TNFA,Tian,26,0.216751607980097
continuous_scaled,Tian_all_TNFA,Tian,27,0.06290632592313518
continuous_scaled,Tian_all_TNFA,Tian,28,0.3051413664666043
continuous_scaled,Tian_all_TNFA,Tian,29,0.2004018330920789
third_panel_C,Papalexi_IFNg_IFNG,Papalexi,0,0.04666666666666667
third_panel_C,Papalexi_IFNg_IFNG,Papalexi,1,-0.06666666666666667
third_panel_C,Papalexi_IFNg_IFNG,Papalexi,2,0.17000000000000004
third_panel_C,Papalexi_IFNg_IFNG,Papalexi,3,0.07
third_panel_C,Papalexi_IFNg_IFNG,Papalexi,4,0.09666666666666668
third_panel_C,Papalexi_IFNg_IFNG,Papalexi,5,0.04333333333333335
third_panel_C,Papalexi_IFNg_IFNG,Papalexi,6,0.0
third_panel_C,Papalexi_IFNg_IFNG,Papalexi,7,0.09
third_panel_C,Papalexi_IFNg_IFNG,Papalexi,8,-3.1086244689504386e-17
third_panel_C,Papalexi_IFNg_IFNG,Papalexi,9,0.08999999999999998
third_panel_C,Papalexi_IFNg_IFNG,Papalexi,10,0.07333333333333333
third_panel_C,Papalexi_IFNg_IFNG,Papalexi,11,0.0
third_panel_C,Papalexi_IFNg_IFNG,Papalexi,12,0.04333333333333334
third_panel_C,Papalexi_IFNg_IFNG,Papalexi,13,0.0
third_panel_C,Papalexi_IFNg_IFNG,Papalexi,14,-0.0633333333333333
third_panel_C,Papalexi_IFNg_IFNG,Papalexi,15,0.19333333333333336
third_panel_C,Papalexi_IFNg_IFNG,Papalexi,16,0.06
third_panel_C,Papalexi_IFNg_IFNG,Papalexi,17,0.030000000000000027
third_panel_C,Papalexi_IFNg_IFNG,Papalexi,18,0.0
third_panel_C,Papalexi_IFNg_IFNG,Papalexi,19,0.0
third_panel_C,Papalexi_IFNg_IFNG,Papalexi,20,0.13000000000000006
third_panel_C,Papalexi_IFNg_IFNG,Papalexi,21,-0.0633333333333333
third_panel_C,Papalexi_IFNg_IFNG,Papalexi,22,0.013333333333333343
third_panel_C,Papalexi_IFNg_IFNG,Papalexi,23,0.010000000000000002
third_panel_C,Papalexi_IFNg_IFNG,Papalexi,24,0.023333333333333334
third_panel_C,Papalexi_IFNg_IFNG,Papalexi,25,0.10333333333333333
third_panel_C,Papalexi_IFNg_IFNG,Papalexi,26,-4.662936703425657e-17
third_panel_C,Papalexi_IFNg_IFNG,Papalexi,27,-0.07666666666666666
third_panel_C,Papalexi_IFNg_IFNG,Papalexi,28,0.06
third_panel_C,Papalexi_IFNg_IFNG,Papalexi,29,0.06
third_panel_C,Papalexi_IFNg_IL2STAT5,Papalexi,0,0.020000000000000018
third_panel_C,Papalexi_IFNg_IL2STAT5,Papalexi,1,0.0
third_panel_C,Papalexi_IFNg_IL2STAT5,Papalexi,2,0.04666666666666667
third_panel_C,Papalexi_IFNg_IL2STAT5,Papalexi,3,0.0
third_panel_C,Papalexi_IFNg_IL2STAT5,Papalexi,4,0.043333333333333356
third_panel_C,Papalexi_IFNg_IL2STAT5,Papalexi,5,-0.0033333333333333275
third_panel_C,Papalexi_IFNg_IL2STAT5,Papalexi,6,-0.006666666666666666
third_panel_C,Papalexi_IFNg_IL2STAT5,Papalexi,7,0.0
third_panel_C,Papalexi_IFNg_IL2STAT5,Papalexi,8,-0.07666666666666665
third_panel_C,Papalexi_IFNg_IL2STAT5,Papalexi,9,0.03333333333333334
third_panel_C,Papalexi_IFNg_IL2STAT5,Papalexi,10,2.0539125955565396e-17
third_panel_C,Papalexi_IFNg_IL2STAT5,Papalexi,11,3.663735981263017e-17
third_panel_C,Papalexi_IFNg_IL2STAT5,Papalexi,12,0.010000000000000004
third_panel_C,Papalexi_IFNg_IL2STAT5,Papalexi,13,0.030000000000000023
third_panel_C,Papalexi_IFNg_IL2STAT5,Papalexi,14,-0.029999999999999992
third_panel_C,Papalexi_IFNg_IL2STAT5,Papalexi,15,0.10000000000000003
third_panel_C,Papalexi_IFNg_IL2STAT5,Papalexi,16,0.0
third_panel_C,Papalexi_IFNg_IL2STAT5,Papalexi,17,0.05333333333333333
third_panel_C,Papalexi_IFNg_IL2STAT5,Papalexi,18,0.04333333333333333
third_panel_C,Papalexi_IFNg_IL2STAT5,Papalexi,19,-0.0033333333333333327
third_panel_C,Papalexi_IFNg_IL2STAT5,Papalexi,20,0.07666666666666667
third_panel_C,Papalexi_IFNg_IL2STAT5,Papalexi,21,-0.13333333333333333
third_panel_C,Papalexi_IFNg_IL2STAT5,Papalexi,22,0.040000000000000015
third_panel_C,Papalexi_IFNg_IL2STAT5,Papalexi,23,0.05666666666666668
third_panel_C,Papalexi_IFNg_IL2STAT5,Papalexi,24,0.06666666666666667
third_panel_C,Papalexi_IFNg_IL2STAT5,Papalexi,25,0.023333333333333334
third_panel_C,Papalexi_IFNg_IL2STAT5,Papalexi,26,0.0
third_panel_C,Papalexi_IFNg_IL2STAT5,Papalexi,27,0.08666666666666668
third_panel_C,Papalexi_IFNg_IL2STAT5,Papalexi,28,0.06000000000000001
third_panel_C,Papalexi_IFNg_IL2STAT5,Papalexi,29,4.773959005888173e-17
third_panel_C,Papalexi_IFNg_TNFA,Papalexi,0,0.0
third_panel_C,Papalexi_IFNg_TNFA,Papalexi,1,0.0
third_panel_C,Papalexi_IFNg_TNFA,Papalexi,2,0.0
third_panel_C,Papalexi_IFNg_TNFA,Papalexi,3,0.0
third_panel_C,Papalexi_IFNg_TNFA,Papalexi,4,0.0
third_panel_C,Papalexi_IFNg_TNFA,Papalexi,5,0.0
third_panel_C,Papalexi_IFNg_TNFA,Papalexi,6,0.0
third_panel_C,Papalexi_IFNg_TNFA,Papalexi,7,0.0
third_panel_C,Papalexi_IFNg_TNFA,Papalexi,8,0.0
third_panel_C,Papalexi_IFNg_TNFA,Papalexi,9,0.0
third_panel_C,Papalexi_IFNg_TNFA,Papalexi,10,0.0
third_panel_C,Papalexi_IFNg_TNFA,Papalexi,11,0.0
third_panel_C,Papalexi_IFNg_TNFA,Papalexi,12,0.0
third_panel_C,Papalexi_IFNg_TNFA,Papalexi,13,0.0
third_panel_C,Papalexi_IFNg_TNFA,Papalexi,14,0.0
third_panel_C,Papalexi_IFNg_TNFA,Papalexi,15,0.0
third_panel_C,Papalexi_IFNg_TNFA,Papalexi,16,0.0
third_panel_C,Papalexi_IFNg_TNFA,Papalexi,17,0.0
third_panel_C,Papalexi_IFNg_TNFA,Papalexi,18,0.0
third_panel_C,Papalexi_IFNg_TNFA,Papalexi,19,0.0
third_panel_C,Papalexi_IFNg_TNFA,Papalexi,20,0.0
third_panel_C,Papalexi_IFNg_TNFA,Papalexi,21,0.0
third_panel_C,Papalexi_IFNg_TNFA,Papalexi,22,0.0
third_panel_C,Papalexi_IFNg_TNFA,Papalexi,23,0.0
third_panel_C,Papalexi_IFNg_TNFA,Papalexi,24,0.0
third_panel_C,Papalexi_IFNg_TNFA,Papalexi,25,0.0
third_panel_C,Papalexi_IFNg_TNFA,Papalexi,26,0.0
third_panel_C,Papalexi_IFNg_TNFA,Papalexi,27,0.0
third_panel_C,Papalexi_IFNg_TNFA,Papalexi,28,0.0
third_panel_C,Papalexi_IFNg_TNFA,Papalexi,29,0.0
without_diversity,Frangieh_Coculture_IFNG,Frangieh,0,0.07219512195121952
without_diversity,Frangieh_Coculture_IFNG,Frangieh,1,0.03999999999999995
without_diversity,Frangieh_Coculture_IFNG,Frangieh,2,0.06439024390243903
without_diversity,Frangieh_Coculture_IFNG,Frangieh,3,0.06097560975609756
without_diversity,Frangieh_Coculture_IFNG,Frangieh,4,-0.05951219512195127
without_diversity,Frangieh_Coculture_IFNG,Frangieh,5,0.05999999999999999
without_diversity,Frangieh_Coculture_IFNG,Frangieh,6,-0.020000000000000007
without_diversity,Frangieh_Coculture_IFNG,Frangieh,7,0.04097560975609758
without_diversity,Frangieh_Coculture_IFNG,Frangieh,8,0.02487804878048786
without_diversity,Frangieh_Coculture_IFNG,Frangieh,9,0.06634146341463416
without_diversity,Frangieh_Coculture_IFNG,Frangieh,10,0.020975609756097552
without_diversity,Frangieh_Coculture_IFNG,Frangieh,11,0.003902439024390203
without_diversity,Frangieh_Coculture_IFNG,Frangieh,12,0.006341463414634168
without_diversity,Frangieh_Coculture_IFNG,Frangieh,13,0.002926829268292663
without_diversity,Frangieh_Coculture_IFNG,Frangieh,14,0.06926829268292682
without_diversity,Frangieh_Coculture_IFNG,Frangieh,15,0.03463414634146346
without_diversity,Frangieh_Coculture_IFNG,Frangieh,16,0.12097560975609754
without_diversity,Frangieh_Coculture_IFNG,Frangieh,17,0.04682926829268301
without_diversity,Frangieh_Coculture_IFNG,Frangieh,18,0.025365853658536587
without_diversity,Frangieh_Coculture_IFNG,Frangieh,19,0.01560975609756098
without_diversity,Frangieh_Coculture_IFNG,Frangieh,20,-0.03609756097560972
without_diversity,Frangieh_Coculture_IFNG,Frangieh,21,0.059999999999999984
without_diversity,Frangieh_Coculture_IFNG,Frangieh,22,0.047317073170731694
without_diversity,Frangieh_Coculture_IFNG,Frangieh,23,-0.06878048780487805
without_diversity,Frangieh_Coculture_IFNG,Frangieh,24,0.045853658536585386
without_diversity,Frangieh_Coculture_IFNG,Frangieh,25,0.11170731707317072
without_diversity,Frangieh_Coculture_IFNG,Frangieh,26,0.07804878048780485
without_diversity,Frangieh_Coculture_IFNG,Frangieh,27,0.04731707317073166
without_diversity,Frangieh_Coculture_IFNG,Frangieh,28,0.006829268292682902
without_diversity,Frangieh_Coculture_IFNG,Frangieh,29,0.11902439024390248
without_diversity,Frangieh_Coculture_IL2STAT5,Frangieh,0,0.15268292682926832
without_diversity,Frangieh_Coculture_IL2STAT5,Frangieh,1,0.15560975609756106
without_diversity,Frangieh_Coculture_IL2STAT5,Frangieh,2,0.0043902439024389945
without_diversity,Frangieh_Coculture_IL2STAT5,Frangieh,3,0.06487804878048781
without_diversity,Frangieh_Coculture_IL2STAT5,Frangieh,4,-0.008780487804878055
without_diversity,Frangieh_Coculture_IL2STAT5,Frangieh,5,0.01756097560975607
without_diversity,Frangieh_Coculture_IL2STAT5,Frangieh,6,-0.050243902439024435
without_diversity,Frangieh_Coculture_IL2STAT5,Frangieh,7,0.12439024390243905
without_diversity,Frangieh_Coculture_IL2STAT5,Frangieh,8,0.09658536585365855
without_diversity,Frangieh_Coculture_IL2STAT5,Frangieh,9,0.11121951219512197
without_diversity,Frangieh_Coculture_IL2STAT5,Frangieh,10,0.023414634146341474
without_diversity,Frangieh_Coculture_IL2STAT5,Frangieh,11,0.07707317073170733
without_diversity,Frangieh_Coculture_IL2STAT5,Frangieh,12,0.04975609756097563
without_diversity,Frangieh_Coculture_IL2STAT5,Frangieh,13,0.06243902439024387
without_diversity,Frangieh_Coculture_IL2STAT5,Frangieh,14,0.07414634146341463
without_diversity,Frangieh_Coculture_IL2STAT5,Frangieh,15,0.1673170731707317
without_diversity,Frangieh_Coculture_IL2STAT5,Frangieh,16,0.08048780487804877
without_diversity,Frangieh_Coculture_IL2STAT5,Frangieh,17,0.11902439024390243
without_diversity,Frangieh_Coculture_IL2STAT5,Frangieh,18,0.004390243902439019
without_diversity,Frangieh_Coculture_IL2STAT5,Frangieh,19,0.11219512195121947
without_diversity,Frangieh_Coculture_IL2STAT5,Frangieh,20,0.051707317073170694
without_diversity,Frangieh_Coculture_IL2STAT5,Frangieh,21,0.10731707317073166
without_diversity,Frangieh_Coculture_IL2STAT5,Frangieh,22,0.0731707317073171
without_diversity,Frangieh_Coculture_IL2STAT5,Frangieh,23,0.033170731707317096
without_diversity,Frangieh_Coculture_IL2STAT5,Frangieh,24,0.05073170731707313
without_diversity,Frangieh_Coculture_IL2STAT5,Frangieh,25,0.08878048780487811
without_diversity,Frangieh_Coculture_IL2STAT5,Frangieh,26,0.008780487804878001
without_diversity,Frangieh_Coculture_IL2STAT5,Frangieh,27,0.04195121951219514
without_diversity,Frangieh_Coculture_IL2STAT5,Frangieh,28,0.041951219512195125
without_diversity,Frangieh_Coculture_IL2STAT5,Frangieh,29,0.05609756097560977
without_diversity,Frangieh_Coculture_TNFA,Frangieh,0,0.052682926829268284
without_diversity,Frangieh_Coculture_TNFA,Frangieh,1,0.11756097560975609
without_diversity,Frangieh_Coculture_TNFA,Frangieh,2,0.01853658536585368
without_diversity,Frangieh_Coculture_TNFA,Frangieh,3,0.05365853658536581
without_diversity,Frangieh_Coculture_TNFA,Frangieh,4,0.015121951219512186
without_diversity,Frangieh_Coculture_TNFA,Frangieh,5,0.08878048780487804
without_diversity,Frangieh_Coculture_TNFA,Frangieh,6,-0.019024390243902487
without_diversity,Frangieh_Coculture_TNFA,Frangieh,7,0.039512195121951164
without_diversity,Frangieh_Coculture_TNFA,Frangieh,8,0.02780487804878042
without_diversity,Frangieh_Coculture_TNFA,Frangieh,9,0.04341463414634147
without_diversity,Frangieh_Coculture_TNFA,Frangieh,10,0.05902439024390242
without_diversity,Frangieh_Coculture_TNFA,Frangieh,11,0.03560975609756104
without_diversity,Frangieh_Coculture_TNFA,Frangieh,12,-0.058048780487804846
without_diversity,Frangieh_Coculture_TNFA,Frangieh,13,0.000975609756097583
without_diversity,Frangieh_Coculture_TNFA,Frangieh,14,0.01951219512195118
without_diversity,Frangieh_Coculture_TNFA,Frangieh,15,0.04341463414634152
without_diversity,Frangieh_Coculture_TNFA,Frangieh,16,0.038536585365853616
without_diversity,Frangieh_Coculture_TNFA,Frangieh,17,0.027317073170731718
without_diversity,Frangieh_Coculture_TNFA,Frangieh,18,-0.00048780487804882976
without_diversity,Frangieh_Coculture_TNFA,Frangieh,19,0.049756097560975564
without_diversity,Frangieh_Coculture_TNFA,Frangieh,20,0.00780487804878048
without_diversity,Frangieh_Coculture_TNFA,Frangieh,21,0.016585365853658527
without_diversity,Frangieh_Coculture_TNFA,Frangieh,22,0.053658536585365846
without_diversity,Frangieh_Coculture_TNFA,Frangieh,23,0.060975609756097594
without_diversity,Frangieh_Coculture_TNFA,Frangieh,24,0.04585365853658534
without_diversity,Frangieh_Coculture_TNFA,Frangieh,25,0.033170731707317144
without_diversity,Frangieh_Coculture_TNFA,Frangieh,26,0.03707317073170737
without_diversity,Frangieh_Coculture_TNFA,Frangieh,27,0.052195121951219524
without_diversity,Frangieh_Coculture_TNFA,Frangieh,28,-0.001463414634146343
without_diversity,Frangieh_Coculture_TNFA,Frangieh,29,0.018536585365853696
without_diversity,Frangieh_Control_IFNG,Frangieh,0,-0.01435897435897438
without_diversity,Frangieh_Control_IFNG,Frangieh,1,0.09179487179487181
without_diversity,Frangieh_Control_IFNG,Frangieh,2,0.15076923076923074
without_diversity,Frangieh_Control_IFNG,Frangieh,3,0.07333333333333329
without_diversity,Frangieh_Control_IFNG,Frangieh,4,0.07384615384615391
without_diversity,Frangieh_Control_IFNG,Frangieh,5,0.03692307692307689
without_diversity,Frangieh_Control_IFNG,Frangieh,6,0.06461538461538467
without_diversity,Frangieh_Control_IFNG,Frangieh,7,0.09794871794871797
without_diversity,Frangieh_Control_IFNG,Frangieh,8,0.014358974358974343
without_diversity,Frangieh_Control_IFNG,Frangieh,9,0.054871794871794846
without_diversity,Frangieh_Control_IFNG,Frangieh,10,-0.018974358974358993
without_diversity,Frangieh_Control_IFNG,Frangieh,11,0.16205128205128205
without_diversity,Frangieh_Control_IFNG,Frangieh,12,0.012820512820512784
without_diversity,Frangieh_Control_IFNG,Frangieh,13,-0.00564102564102567
without_diversity,Frangieh_Control_IFNG,Frangieh,14,0.049230769230769196
without_diversity,Frangieh_Control_IFNG,Frangieh,15,0.024102564102564027
without_diversity,Frangieh_Control_IFNG,Frangieh,16,0.011282051282051224
without_diversity,Frangieh_Control_IFNG,Frangieh,17,0.05641025641025644
without_diversity,Frangieh_Control_IFNG,Frangieh,18,0.058974358974358966
without_diversity,Frangieh_Control_IFNG,Frangieh,19,0.041025641025640984
without_diversity,Frangieh_Control_IFNG,Frangieh,20,0.11025641025641018
without_diversity,Frangieh_Control_IFNG,Frangieh,21,0.05948717948717948
without_diversity,Frangieh_Control_IFNG,Frangieh,22,-0.037948717948717986
without_diversity,Frangieh_Control_IFNG,Frangieh,23,0.18358974358974367
without_diversity,Frangieh_Control_IFNG,Frangieh,24,0.11487179487179494
without_diversity,Frangieh_Control_IFNG,Frangieh,25,0.09692307692307692
without_diversity,Frangieh_Control_IFNG,Frangieh,26,0.029743589743589746
without_diversity,Frangieh_Control_IFNG,Frangieh,27,0.06153846153846158
without_diversity,Frangieh_Control_IFNG,Frangieh,28,0.02051282051282046
without_diversity,Frangieh_Control_IFNG,Frangieh,29,0.06871794871794873
without_diversity,Frangieh_Control_IL2STAT5,Frangieh,0,0.09128205128205126
without_diversity,Frangieh_Control_IL2STAT5,Frangieh,1,0.06974358974358971
without_diversity,Frangieh_Control_IL2STAT5,Frangieh,2,0.07128205128205135
without_diversity,Frangieh_Control_IL2STAT5,Frangieh,3,0.00820512820512818
without_diversity,Frangieh_Control_IL2STAT5,Frangieh,4,-0.011282051282051304
without_diversity,Frangieh_Control_IL2STAT5,Frangieh,5,0.011794871794871854
without_diversity,Frangieh_Control_IL2STAT5,Frangieh,6,-0.0010256410256410393
without_diversity,Frangieh_Control_IL2STAT5,Frangieh,7,-0.044615384615384585
without_diversity,Frangieh_Control_IL2STAT5,Frangieh,8,0.014358974358974277
without_diversity,Frangieh_Control_IL2STAT5,Frangieh,9,0.0005128205128204949
without_diversity,Frangieh_Control_IL2STAT5,Frangieh,10,-0.015897435897435835
without_diversity,Frangieh_Control_IL2STAT5,Frangieh,11,0.09692307692307693
without_diversity,Frangieh_Control_IL2STAT5,Frangieh,12,0.04102564102564097
without_diversity,Frangieh_Control_IL2STAT5,Frangieh,13,0.22923076923076927
without_diversity,Frangieh_Control_IL2STAT5,Frangieh,14,-0.0020512820512820938
without_diversity,Frangieh_Control_IL2STAT5,Frangieh,15,0.01487179487179485
without_diversity,Frangieh_Control_IL2STAT5,Frangieh,16,0.02974358974358977
without_diversity,Frangieh_Control_IL2STAT5,Frangieh,17,-0.023589743589743594
without_diversity,Frangieh_Control_IL2STAT5,Frangieh,18,0.06102564102564102
without_diversity,Frangieh_Control_IL2STAT5,Frangieh,19,0.11692307692307696
without_diversity,Frangieh_Control_IL2STAT5,Frangieh,20,0.14615384615384616
without_diversity,Frangieh_Control_IL2STAT5,Frangieh,21,0.0020512820512821146
without_diversity,Frangieh_Control_IL2STAT5,Frangieh,22,0.11076923076923086
without_diversity,Frangieh_Control_IL2STAT5,Frangieh,23,0.07179487179487178
without_diversity,Frangieh_Control_IL2STAT5,Frangieh,24,0.12820512820512822
without_diversity,Frangieh_Control_IL2STAT5,Frangieh,25,0.07025641025641026
without_diversity,Frangieh_Control_IL2STAT5,Frangieh,26,0.047692307692307735
without_diversity,Frangieh_Control_IL2STAT5,Frangieh,27,0.022051282051281998
without_diversity,Frangieh_Control_IL2STAT5,Frangieh,28,0.08205128205128204
without_diversity,Frangieh_Control_IL2STAT5,Frangieh,29,0.021025641025641032
without_diversity,Frangieh_Control_TNFA,Frangieh,0,0.06205128205128199
without_diversity,Frangieh_Control_TNFA,Frangieh,1,0.01641025641025638
without_diversity,Frangieh_Control_TNFA,Frangieh,2,0.18564102564102555
without_diversity,Frangieh_Control_TNFA,Frangieh,3,0.1153846153846154
without_diversity,Frangieh_Control_TNFA,Frangieh,4,0.02102564102564105
without_diversity,Frangieh_Control_TNFA,Frangieh,5,0.06666666666666674
without_diversity,Frangieh_Control_TNFA,Frangieh,6,0.018461538461538436
without_diversity,Frangieh_Control_TNFA,Frangieh,7,0.12461538461538467
without_diversity,Frangieh_Control_TNFA,Frangieh,8,0.040512820512820485
without_diversity,Frangieh_Control_TNFA,Frangieh,9,0.04615384615384612
without_diversity,Frangieh_Control_TNFA,Frangieh,10,0.03384615384615383
without_diversity,Frangieh_Control_TNFA,Frangieh,11,0.04564102564102561
without_diversity,Frangieh_Control_TNFA,Frangieh,12,0.12000000000000004
without_diversity,Frangieh_Control_TNFA,Frangieh,13,0.14974358974358973
without_diversity,Frangieh_Control_TNFA,Frangieh,14,0.10461538461538461
without_diversity,Frangieh_Control_TNFA,Frangieh,15,0.19282051282051274
without_diversity,Frangieh_Control_TNFA,Frangieh,16,0.0733333333333333
without_diversity,Frangieh_Control_TNFA,Frangieh,17,0.003076923076923077
without_diversity,Frangieh_Control_TNFA,Frangieh,18,0.14051282051282052
without_diversity,Frangieh_Control_TNFA,Frangieh,19,0.1548717948717949
without_diversity,Frangieh_Control_TNFA,Frangieh,20,0.07538461538461534
without_diversity,Frangieh_Control_TNFA,Frangieh,21,0.038461538461538464
without_diversity,Frangieh_Control_TNFA,Frangieh,22,0.0938461538461538
without_diversity,Frangieh_Control_TNFA,Frangieh,23,0.11589743589743591
without_diversity,Frangieh_Control_TNFA,Frangieh,24,0.22051282051282048
without_diversity,Frangieh_Control_TNFA,Frangieh,25,0.033333333333333305
without_diversity,Frangieh_Control_TNFA,Frangieh,26,0.06820512820512818
without_diversity,Frangieh_Control_TNFA,Frangieh,27,0.052820512820512845
without_diversity,Frangieh_Control_TNFA,Frangieh,28,0.04358974358974365
without_diversity,Frangieh_Control_TNFA,Frangieh,29,0.08923076923076925
without_diversity,Frangieh_IFNg_IFNG,Frangieh,0,0.06837209302325582
without_diversity,Frangieh_IFNg_IFNG,Frangieh,1,0.05302325581395343
without_diversity,Frangieh_IFNg_IFNG,Frangieh,2,0.028837209302325598
without_diversity,Frangieh_IFNg_IFNG,Frangieh,3,0.06372093023255815
without_diversity,Frangieh_IFNg_IFNG,Frangieh,4,0.07534883720930237
without_diversity,Frangieh_IFNg_IFNG,Frangieh,5,0.047906976744186036
without_diversity,Frangieh_IFNg_IFNG,Frangieh,6,-0.01348837209302332
without_diversity,Frangieh_IFNg_IFNG,Frangieh,7,0.021860465116279083
without_diversity,Frangieh_IFNg_IFNG,Frangieh,8,0.06465116279069764
without_diversity,Frangieh_IFNg_IFNG,Frangieh,9,-0.0018604651162789938
without_diversity,Frangieh_IFNg_IFNG,Frangieh,10,0.039534883720930176
without_diversity,Frangieh_IFNg_IFNG,Frangieh,11,0.05116279069767446
without_diversity,Frangieh_IFNg_IFNG,Frangieh,12,0.07162790697674418
without_diversity,Frangieh_IFNg_IFNG,Frangieh,13,0.0158139534883721
without_diversity,Frangieh_IFNg_IFNG,Frangieh,14,0.045581395348837234
without_diversity,Frangieh_IFNg_IFNG,Frangieh,15,-0.03627906976744191
without_diversity,Frangieh_IFNg_IFNG,Frangieh,16,0.020930232558139576
without_diversity,Frangieh_IFNg_IFNG,Frangieh,17,0.06511627906976743
without_diversity,Frangieh_IFNg_IFNG,Frangieh,18,0.033023255813953496
without_diversity,Frangieh_IFNg_IFNG,Frangieh,19,0.0027906976744186294
without_diversity,Frangieh_IFNg_IFNG,Frangieh,20,0.04790697674418599
without_diversity,Frangieh_IFNg_IFNG,Frangieh,21,0.04744186046511624
without_diversity,Frangieh_IFNg_IFNG,Frangieh,22,-0.025581395348837202
without_diversity,Frangieh_IFNg_IFNG,Frangieh,23,0.029302325581395398
without_diversity,Frangieh_IFNg_IFNG,Frangieh,24,0.026511627906976688
without_diversity,Frangieh_IFNg_IFNG,Frangieh,25,0.09348837209302328
without_diversity,Frangieh_IFNg_IFNG,Frangieh,26,-0.0027906976744185787
without_diversity,Frangieh_IFNg_IFNG,Frangieh,27,0.12325581395348842
without_diversity,Frangieh_IFNg_IFNG,Frangieh,28,0.05255813953488375
without_diversity,Frangieh_IFNg_IFNG,Frangieh,29,0.054418604651162765
without_diversity,Frangieh_IFNg_IL2STAT5,Frangieh,0,0.08790697674418606
without_diversity,Frangieh_IFNg_IL2STAT5,Frangieh,1,0.08232558139534885
without_diversity,Frangieh_IFNg_IL2STAT5,Frangieh,2,0.17441860465116285
without_diversity,Frangieh_IFNg_IL2STAT5,Frangieh,3,0.12511627906976747
without_diversity,Frangieh_IFNg_IL2STAT5,Frangieh,4,0.04744186046511628
without_diversity,Frangieh_IFNg_IL2STAT5,Frangieh,5,0.08186046511627905
without_diversity,Frangieh_IFNg_IL2STAT5,Frangieh,6,0.06511627906976737
without_diversity,Frangieh_IFNg_IL2STAT5,Frangieh,7,0.07581395348837211
without_diversity,Frangieh_IFNg_IL2STAT5,Frangieh,8,0.046511627906976785
without_diversity,Frangieh_IFNg_IL2STAT5,Frangieh,9,0.008372093023255773
without_diversity,Frangieh_IFNg_IL2STAT5,Frangieh,10,0.1130232558139535
without_diversity,Frangieh_IFNg_IL2STAT5,Frangieh,11,0.09116279069767444
without_diversity,Frangieh_IFNg_IL2STAT5,Frangieh,12,0.13627906976744192
without_diversity,Frangieh_IFNg_IL2STAT5,Frangieh,13,0.021860465116279065
without_diversity,Frangieh_IFNg_IL2STAT5,Frangieh,14,0.11255813953488365
without_diversity,Frangieh_IFNg_IL2STAT5,Frangieh,15,0.13674418604651165
without_diversity,Frangieh_IFNg_IL2STAT5,Frangieh,16,0.1739534883720931
without_diversity,Frangieh_IFNg_IL2STAT5,Frangieh,17,0.050232558139534866
without_diversity,Frangieh_IFNg_IL2STAT5,Frangieh,18,0.04558139534883715
without_diversity,Frangieh_IFNg_IL2STAT5,Frangieh,19,0.06511627906976744
without_diversity,Frangieh_IFNg_IL2STAT5,Frangieh,20,0.09674418604651165
without_diversity,Frangieh_IFNg_IL2STAT5,Frangieh,21,0.10046511627906975
without_diversity,Frangieh_IFNg_IL2STAT5,Frangieh,22,0.13488372093023251
without_diversity,Frangieh_IFNg_IL2STAT5,Frangieh,23,0.03627906976744183
without_diversity,Frangieh_IFNg_IL2STAT5,Frangieh,24,0.16511627906976747
without_diversity,Frangieh_IFNg_IL2STAT5,Frangieh,25,0.04465116279069774
without_diversity,Frangieh_IFNg_IL2STAT5,Frangieh,26,-0.015348837209302316
without_diversity,Frangieh_IFNg_IL2STAT5,Frangieh,27,0.06418604651162794
without_diversity,Frangieh_IFNg_IL2STAT5,Frangieh,28,0.11488372093023257
without_diversity,Frangieh_IFNg_IL2STAT5,Frangieh,29,0.09860465116279077
without_diversity,Frangieh_IFNg_TNFA,Frangieh,0,0.07581395348837211
without_diversity,Frangieh_IFNg_TNFA,Frangieh,1,0.2093023255813954
without_diversity,Frangieh_IFNg_TNFA,Frangieh,2,0.12
without_diversity,Frangieh_IFNg_TNFA,Frangieh,3,0.013488372093023329
without_diversity,Frangieh_IFNg_TNFA,Frangieh,4,0.07767441860465119
without_diversity,Frangieh_IFNg_TNFA,Frangieh,5,0.05534883720930228
without_diversity,Frangieh_IFNg_TNFA,Frangieh,6,0.051162790697674446
without_diversity,Frangieh_IFNg_TNFA,Frangieh,7,0.10558139534883722
without_diversity,Frangieh_IFNg_TNFA,Frangieh,8,0.07023255813953487
without_diversity,Frangieh_IFNg_TNFA,Frangieh,9,0.1265116279069767
without_diversity,Frangieh_IFNg_TNFA,Frangieh,10,0.09534883720930236
without_diversity,Frangieh_IFNg_TNFA,Frangieh,11,0.06186046511627904
without_diversity,Frangieh_IFNg_TNFA,Frangieh,12,0.07255813953488373
without_diversity,Frangieh_IFNg_TNFA,Frangieh,13,0.055348837209302386
without_diversity,Frangieh_IFNg_TNFA,Frangieh,14,0.13302325581395355
without_diversity,Frangieh_IFNg_TNFA,Frangieh,15,0.04139534883720929
without_diversity,Frangieh_IFNg_TNFA,Frangieh,16,0.07302325581395352
without_diversity,Frangieh_IFNg_TNFA,Frangieh,17,0.09953488372093017
without_diversity,Frangieh_IFNg_TNFA,Frangieh,18,0.03395348837209302
without_diversity,Frangieh_IFNg_TNFA,Frangieh,19,0.08651162790697672
without_diversity,Frangieh_IFNg_TNFA,Frangieh,20,0.05813953488372098
without_diversity,Frangieh_IFNg_TNFA,Frangieh,21,0.08465116279069768
without_diversity,Frangieh_IFNg_TNFA,Frangieh,22,0.09255813953488375
without_diversity,Frangieh_IFNg_TNFA,Frangieh,23,0.047906976744186015
without_diversity,Frangieh_IFNg_TNFA,Frangieh,24,0.10697674418604645
without_diversity,Frangieh_IFNg_TNFA,Frangieh,25,0.05906976744186041
without_diversity,Frangieh_IFNg_TNFA,Frangieh,26,0.08976744186046517
without_diversity,Frangieh_IFNg_TNFA,Frangieh,27,0.08511627906976742
without_diversity,Frangieh_IFNg_TNFA,Frangieh,28,0.015813953488372064
without_diversity,Frangieh_IFNg_TNFA,Frangieh,29,0.1251162790697674
without_diversity,Papalexi_IFNg_IFNG,Papalexi,0,0.09333333333333334
without_diversity,Papalexi_IFNg_IFNG,Papalexi,1,-1.609823385706477e-17
without_diversity,Papalexi_IFNg_IFNG,Papalexi,2,0.15000000000000002
without_diversity,Papalexi_IFNg_IFNG,Papalexi,3,0.05333333333333334
without_diversity,Papalexi_IFNg_IFNG,Papalexi,4,0.06999999999999998
without_diversity,Papalexi_IFNg_IFNG,Papalexi,5,0.030000000000000023
without_diversity,Papalexi_IFNg_IFNG,Papalexi,6,0.0
without_diversity,Papalexi_IFNg_IFNG,Papalexi,7,0.07666666666666669
without_diversity,Papalexi_IFNg_IFNG,Papalexi,8,0.0
without_diversity,Papalexi_IFNg_IFNG,Papalexi,9,0.12666666666666665
without_diversity,Papalexi_IFNg_IFNG,Papalexi,10,0.08666666666666668
without_diversity,Papalexi_IFNg_IFNG,Papalexi,11,0.0
without_diversity,Papalexi_IFNg_IFNG,Papalexi,12,0.05333333333333335
without_diversity,Papalexi_IFNg_IFNG,Papalexi,13,0.0
without_diversity,Papalexi_IFNg_IFNG,Papalexi,14,-0.013333333333333298
without_diversity,Papalexi_IFNg_IFNG,Papalexi,15,0.21333333333333335
without_diversity,Papalexi_IFNg_IFNG,Papalexi,16,0.03666666666666667
without_diversity,Papalexi_IFNg_IFNG,Papalexi,17,0.026666666666666696
without_diversity,Papalexi_IFNg_IFNG,Papalexi,18,0.0
without_diversity,Papalexi_IFNg_IFNG,Papalexi,19,0.0
without_diversity,Papalexi_IFNg_IFNG,Papalexi,20,0.09000000000000005
without_diversity,Papalexi_IFNg_IFNG,Papalexi,21,-0.05333333333333334
without_diversity,Papalexi_IFNg_IFNG,Papalexi,22,-0.006666666666666658
without_diversity,Papalexi_IFNg_IFNG,Papalexi,23,0.05666666666666668
without_diversity,Papalexi_IFNg_IFNG,Papalexi,24,0.023333333333333317
without_diversity,Papalexi_IFNg_IFNG,Papalexi,25,0.09999999999999998
without_diversity,Papalexi_IFNg_IFNG,Papalexi,26,-4.4408920985006264e-17
without_diversity,Papalexi_IFNg_IFNG,Papalexi,27,0.0
without_diversity,Papalexi_IFNg_IFNG,Papalexi,28,0.06
without_diversity,Papalexi_IFNg_IFNG,Papalexi,29,0.08666666666666668
without_diversity,Papalexi_IFNg_IL2STAT5,Papalexi,0,0.0
without_diversity,Papalexi_IFNg_IL2STAT5,Papalexi,1,0.0
without_diversity,Papalexi_IFNg_IL2STAT5,Papalexi,2,0.04000000000000001
without_diversity,Papalexi_IFNg_IL2STAT5,Papalexi,3,0.04666666666666667
without_diversity,Papalexi_IFNg_IL2STAT5,Papalexi,4,2.1094237467877975e-17
without_diversity,Papalexi_IFNg_IL2STAT5,Papalexi,5,0.0
without_diversity,Papalexi_IFNg_IL2STAT5,Papalexi,6,0.0033333333333333388
without_diversity,Papalexi_IFNg_IL2STAT5,Papalexi,7,0.0
without_diversity,Papalexi_IFNg_IL2STAT5,Papalexi,8,-0.12
without_diversity,Papalexi_IFNg_IL2STAT5,Papalexi,9,-1.3322676295501878e-17
without_diversity,Papalexi_IFNg_IL2STAT5,Papalexi,10,2.1094237467877975e-17
without_diversity,Papalexi_IFNg_IL2STAT5,Papalexi,11,3.552713678800501e-17
without_diversity,Papalexi_IFNg_IL2STAT5,Papalexi,12,-0.01
without_diversity,Papalexi_IFNg_IL2STAT5,Papalexi,13,0.0
without_diversity,Papalexi_IFNg_IL2STAT5,Papalexi,14,-0.06666666666666665
without_diversity,Papalexi_IFNg_IL2STAT5,Papalexi,15,0.07666666666666672
without_diversity,Papalexi_IFNg_IL2STAT5,Papalexi,16,-2.997602166487923e-17
without_diversity,Papalexi_IFNg_IL2STAT5,Papalexi,17,0.02666666666666667
without_diversity,Papalexi_IFNg_IL2STAT5,Papalexi,18,0.04
without_diversity,Papalexi_IFNg_IL2STAT5,Papalexi,19,0.013333333333333338
without_diversity,Papalexi_IFNg_IL2STAT5,Papalexi,20,0.03666666666666668
without_diversity,Papalexi_IFNg_IL2STAT5,Papalexi,21,-0.14
without_diversity,Papalexi_IFNg_IL2STAT5,Papalexi,22,0.016666666666666677
without_diversity,Papalexi_IFNg_IL2STAT5,Papalexi,23,0.06000000000000001
without_diversity,Papalexi_IFNg_IL2STAT5,Papalexi,24,0.023333333333333334
without_diversity,Papalexi_IFNg_IL2STAT5,Papalexi,25,-3.663735981263017e-17
without_diversity,Papalexi_IFNg_IL2STAT5,Papalexi,26,0.0
without_diversity,Papalexi_IFNg_IL2STAT5,Papalexi,27,0.07
without_diversity,Papalexi_IFNg_IL2STAT5,Papalexi,28,0.06000000000000001
without_diversity,Papalexi_IFNg_IL2STAT5,Papalexi,29,-2.3314683517128286e-17
without_diversity,Papalexi_IFNg_TNFA,Papalexi,0,0.023333333333333338
without_diversity,Papalexi_IFNg_TNFA,Papalexi,1,0.0
without_diversity,Papalexi_IFNg_TNFA,Papalexi,2,0.03999999999999999
without_diversity,Papalexi_IFNg_TNFA,Papalexi,3,0.0
without_diversity,Papalexi_IFNg_TNFA,Papalexi,4,7.216449660063518e-18
without_diversity,Papalexi_IFNg_TNFA,Papalexi,5,0.03000000000000001
without_diversity,Papalexi_IFNg_TNFA,Papalexi,6,-0.13666666666666666
without_diversity,Papalexi_IFNg_TNFA,Papalexi,7,0.026666666666666675
without_diversity,Papalexi_IFNg_TNFA,Papalexi,8,-0.03333333333333334
without_diversity,Papalexi_IFNg_TNFA,Papalexi,9,0.0
without_diversity,Papalexi_IFNg_TNFA,Papalexi,10,-2.2204460492503132e-17
without_diversity,Papalexi_IFNg_TNFA,Papalexi,11,2.3314683517128286e-17
without_diversity,Papalexi_IFNg_TNFA,Papalexi,12,-0.05333333333333333
without_diversity,Papalexi_IFNg_TNFA,Papalexi,13,1.8873791418627663e-17
without_diversity,Papalexi_IFNg_TNFA,Papalexi,14,-0.06666666666666667
without_diversity,Papalexi_IFNg_TNFA,Papalexi,15,0.0633333333333333
without_diversity,Papalexi_IFNg_TNFA,Papalexi,16,0.0
without_diversity,Papalexi_IFNg_TNFA,Papalexi,17,0.026666666666666675
without_diversity,Papalexi_IFNg_TNFA,Papalexi,18,0.0
without_diversity,Papalexi_IFNg_TNFA,Papalexi,19,-0.13333333333333333
without_diversity,Papalexi_IFNg_TNFA,Papalexi,20,0.05666666666666668
without_diversity,Papalexi_IFNg_TNFA,Papalexi,21,-0.12000000000000004
without_diversity,Papalexi_IFNg_TNFA,Papalexi,22,-0.009999999999999986
without_diversity,Papalexi_IFNg_TNFA,Papalexi,23,-0.010000000000000002
without_diversity,Papalexi_IFNg_TNFA,Papalexi,24,0.0
without_diversity,Papalexi_IFNg_TNFA,Papalexi,25,0.0
without_diversity,Papalexi_IFNg_TNFA,Papalexi,26,0.0
without_diversity,Papalexi_IFNg_TNFA,Papalexi,27,0.010000000000000009
without_diversity,Papalexi_IFNg_TNFA,Papalexi,28,0.06000000000000001
without_diversity,Papalexi_IFNg_TNFA,Papalexi,29,0.0
without_diversity,Tian_all_IFNG,Tian,0,0.04619047619047615
without_diversity,Tian_all_IFNG,Tian,1,0.012380952380952324
without_diversity,Tian_all_IFNG,Tian,2,0.0061904761904761465
without_diversity,Tian_all_IFNG,Tian,3,0.0695238095238096
without_diversity,Tian_all_IFNG,Tian,4,0.04619047619047618
without_diversity,Tian_all_IFNG,Tian,5,0.03952380952380952
without_diversity,Tian_all_IFNG,Tian,6,0.03380952380952389
without_diversity,Tian_all_IFNG,Tian,7,0.07809523809523816
without_diversity,Tian_all_IFNG,Tian,8,0.027619047619047623
without_diversity,Tian_all_IFNG,Tian,9,0.0833333333333334
without_diversity,Tian_all_IFNG,Tian,10,-0.04142857142857152
without_diversity,Tian_all_IFNG,Tian,11,0.024761904761904745
without_diversity,Tian_all_IFNG,Tian,12,0.043809523809523784
without_diversity,Tian_all_IFNG,Tian,13,0.014761904761904759
without_diversity,Tian_all_IFNG,Tian,14,0.08000000000000008
without_diversity,Tian_all_IFNG,Tian,15,0.020952380952380934
without_diversity,Tian_all_IFNG,Tian,16,0.01904761904761907
without_diversity,Tian_all_IFNG,Tian,17,0.04190476190476195
without_diversity,Tian_all_IFNG,Tian,18,0.06714285714285712
without_diversity,Tian_all_IFNG,Tian,19,0.10666666666666667
without_diversity,Tian_all_IFNG,Tian,20,0.034285714285714274
without_diversity,Tian_all_IFNG,Tian,21,0.06285714285714286
without_diversity,Tian_all_IFNG,Tian,22,0.04190476190476196
without_diversity,Tian_all_IFNG,Tian,23,0.10857142857142868
without_diversity,Tian_all_IFNG,Tian,24,0.038571428571428534
without_diversity,Tian_all_IFNG,Tian,25,0.12952380952380949
without_diversity,Tian_all_IFNG,Tian,26,0.09190476190476186
without_diversity,Tian_all_IFNG,Tian,27,0.0242857142857144
without_diversity,Tian_all_IFNG,Tian,28,0.0876190476190476
without_diversity,Tian_all_IFNG,Tian,29,0.04333333333333334
without_diversity,Tian_all_IL2STAT5,Tian,0,0.020000000000000035
without_diversity,Tian_all_IL2STAT5,Tian,1,0.10238095238095239
without_diversity,Tian_all_IL2STAT5,Tian,2,0.059523809523809534
without_diversity,Tian_all_IL2STAT5,Tian,3,0.045714285714285686
without_diversity,Tian_all_IL2STAT5,Tian,4,0.08999999999999997
without_diversity,Tian_all_IL2STAT5,Tian,5,0.02952380952380952
without_diversity,Tian_all_IL2STAT5,Tian,6,0.07619047619047616
without_diversity,Tian_all_IL2STAT5,Tian,7,0.006190476190476186
without_diversity,Tian_all_IL2STAT5,Tian,8,0.04142857142857139
without_diversity,Tian_all_IL2STAT5,Tian,9,0.024761904761904742
without_diversity,Tian_all_IL2STAT5,Tian,10,0.09190476190476195
without_diversity,Tian_all_IL2STAT5,Tian,11,-0.0376190476190476
without_diversity,Tian_all_IL2STAT5,Tian,12,0.05571428571428569
without_diversity,Tian_all_IL2STAT5,Tian,13,0.05380952380952387
without_diversity,Tian_all_IL2STAT5,Tian,14,0.019047619047619046
without_diversity,Tian_all_IL2STAT5,Tian,15,0.04761904761904757
without_diversity,Tian_all_IL2STAT5,Tian,16,-0.009999999999999929
without_diversity,Tian_all_IL2STAT5,Tian,17,0.02666666666666671
without_diversity,Tian_all_IL2STAT5,Tian,18,0.14047619047619045
without_diversity,Tian_all_IL2STAT5,Tian,19,0.02095238095238098
without_diversity,Tian_all_IL2STAT5,Tian,20,-0.030476190476190393
without_diversity,Tian_all_IL2STAT5,Tian,21,0.06047619047619047
without_diversity,Tian_all_IL2STAT5,Tian,22,0.052380952380952334
without_diversity,Tian_all_IL2STAT5,Tian,23,0.02809523809523808
without_diversity,Tian_all_IL2STAT5,Tian,24,0.10380952380952374
without_diversity,Tian_all_IL2STAT5,Tian,25,0.08095238095238097
without_diversity,Tian_all_IL2STAT5,Tian,26,0.058095238095238116
without_diversity,Tian_all_IL2STAT5,Tian,27,0.0633333333333333
without_diversity,Tian_all_IL2STAT5,Tian,28,0.01809523809523811
without_diversity,Tian_all_IL2STAT5,Tian,29,0.04523809523809529
without_diversity,Tian_all_TNFA,Tian,0,0.007142857142857133
without_diversity,Tian_all_TNFA,Tian,1,0.10952380952380954
without_diversity,Tian_all_TNFA,Tian,2,0.1004761904761904
without_diversity,Tian_all_TNFA,Tian,3,0.19952380952380952
without_diversity,Tian_all_TNFA,Tian,4,0.014761904761904733
without_diversity,Tian_all_TNFA,Tian,5,0.08190476190476188
without_diversity,Tian_all_TNFA,Tian,6,0.01666666666666676
without_diversity,Tian_all_TNFA,Tian,7,0.09666666666666662
without_diversity,Tian_all_TNFA,Tian,8,0.054761904761904755
without_diversity,Tian_all_TNFA,Tian,9,0.026666666666666575
without_diversity,Tian_all_TNFA,Tian,10,0.051428571428571386
without_diversity,Tian_all_TNFA,Tian,11,-0.01809523809523812
without_diversity,Tian_all_TNFA,Tian,12,0.05619047619047619
without_diversity,Tian_all_TNFA,Tian,13,0.05047619047619054
without_diversity,Tian_all_TNFA,Tian,14,-0.02190476190476196
without_diversity,Tian_all_TNFA,Tian,15,-0.006666666666666761
without_diversity,Tian_all_TNFA,Tian,16,0.19190476190476183
without_diversity,Tian_all_TNFA,Tian,17,0.026666666666666665
without_diversity,Tian_all_TNFA,Tian,18,0.13142857142857142
without_diversity,Tian_all_TNFA,Tian,19,0.08095238095238093
without_diversity,Tian_all_TNFA,Tian,20,0.03904761904761908
without_diversity,Tian_all_TNFA,Tian,21,0.1423809523809524
without_diversity,Tian_all_TNFA,Tian,22,0.06238095238095243
without_diversity,Tian_all_TNFA,Tian,23,0.024285714285714355
without_diversity,Tian_all_TNFA,Tian,24,0.036190476190476176
without_diversity,Tian_all_TNFA,Tian,25,0.06999999999999998
without_diversity,Tian_all_TNFA,Tian,26,0.11571428571428566
without_diversity,Tian_all_TNFA,Tian,27,-0.02000000000000006
without_diversity,Tian_all_TNFA,Tian,28,0.05857142857142856
without_diversity,Tian_all_TNFA,Tian,29,0.09095238095238091
without_extra_trees,Frangieh_Coculture_IFNG,Frangieh,0,0.05170731707317072
without_extra_trees,Frangieh_Coculture_IFNG,Frangieh,1,0.045365853658536556
without_extra_trees,Frangieh_Coculture_IFNG,Frangieh,2,0.0448780487804878
without_extra_trees,Frangieh_Coculture_IFNG,Frangieh,3,0.05658536585365853
without_extra_trees,Frangieh_Coculture_IFNG,Frangieh,4,-0.05951219512195127
without_extra_trees,Frangieh_Coculture_IFNG,Frangieh,5,0.09463414634146343
without_extra_trees,Frangieh_Coculture_IFNG,Frangieh,6,-0.01804878048780488
without_extra_trees,Frangieh_Coculture_IFNG,Frangieh,7,0.03317073170731709
without_extra_trees,Frangieh_Coculture_IFNG,Frangieh,8,0.005365853658536639
without_extra_trees,Frangieh_Coculture_IFNG,Frangieh,9,0.056097560975609764
without_extra_trees,Frangieh_Coculture_IFNG,Frangieh,10,0.026341463414634135
without_extra_trees,Frangieh_Coculture_IFNG,Frangieh,11,-0.000487804878048822
without_extra_trees,Frangieh_Coculture_IFNG,Frangieh,12,0.01317073170731709
without_extra_trees,Frangieh_Coculture_IFNG,Frangieh,13,0.002926829268292654
without_extra_trees,Frangieh_Coculture_IFNG,Frangieh,14,0.02829268292682925
without_extra_trees,Frangieh_Coculture_IFNG,Frangieh,15,0.04341463414634152
without_extra_trees,Frangieh_Coculture_IFNG,Frangieh,16,0.11219512195121949
without_extra_trees,Frangieh_Coculture_IFNG,Frangieh,17,0.05658536585365863
without_extra_trees,Frangieh_Coculture_IFNG,Frangieh,18,0.023414634146341463
without_extra_trees,Frangieh_Coculture_IFNG,Frangieh,19,0.01951219512195122
without_extra_trees,Frangieh_Coculture_IFNG,Frangieh,20,0.004878048780487751
without_extra_trees,Frangieh_Coculture_IFNG,Frangieh,21,0.02097560975609753
without_extra_trees,Frangieh_Coculture_IFNG,Frangieh,22,0.022926829268292658
without_extra_trees,Frangieh_Coculture_IFNG,Frangieh,23,-0.10634146341463417
without_extra_trees,Frangieh_Coculture_IFNG,Frangieh,24,0.05170731707317074
without_extra_trees,Frangieh_Coculture_IFNG,Frangieh,25,0.09219512195121951
without_extra_trees,Frangieh_Coculture_IFNG,Frangieh,26,0.07804878048780485
without_extra_trees,Frangieh_Coculture_IFNG,Frangieh,27,0.050731707317073126
without_extra_trees,Frangieh_Coculture_IFNG,Frangieh,28,-0.007804878048780523
without_extra_trees,Frangieh_Coculture_IFNG,Frangieh,29,0.10439024390243906
without_extra_trees,Frangieh_Coculture_IL2STAT5,Frangieh,0,0.05707317073170731
without_extra_trees,Frangieh_Coculture_IL2STAT5,Frangieh,1,0.12341463414634153
without_extra_trees,Frangieh_Coculture_IL2STAT5,Frangieh,2,0.03658536585365855
without_extra_trees,Frangieh_Coculture_IL2STAT5,Frangieh,3,0.05463414634146341
without_extra_trees,Frangieh_Coculture_IL2STAT5,Frangieh,4,0.00731707317073169
without_extra_trees,Frangieh_Coculture_IL2STAT5,Frangieh,5,0.01073170731707315
without_extra_trees,Frangieh_Coculture_IL2STAT5,Frangieh,6,-0.06195121951219517
without_extra_trees,Frangieh_Coculture_IL2STAT5,Frangieh,7,0.10097560975609758
without_extra_trees,Frangieh_Coculture_IL2STAT5,Frangieh,8,0.07317073170731708
without_extra_trees,Frangieh_Coculture_IL2STAT5,Frangieh,9,0.10780487804878051
without_extra_trees,Frangieh_Coculture_IL2STAT5,Frangieh,10,0.018048780487804908
without_extra_trees,Frangieh_Coculture_IL2STAT5,Frangieh,11,0.05951219512195124
without_extra_trees,Frangieh_Coculture_IL2STAT5,Frangieh,12,0.10926829268292675
without_extra_trees,Frangieh_Coculture_IL2STAT5,Frangieh,13,0.05804878048780484
without_extra_trees,Frangieh_Coculture_IL2STAT5,Frangieh,14,0.04487804878048782
without_extra_trees,Frangieh_Coculture_IL2STAT5,Frangieh,15,0.14097560975609755
without_extra_trees,Frangieh_Coculture_IL2STAT5,Frangieh,16,0.06292682926829267
without_extra_trees,Frangieh_Coculture_IL2STAT5,Frangieh,17,0.09951219512195122
without_extra_trees,Frangieh_Coculture_IL2STAT5,Frangieh,18,0.02292682926829267
without_extra_trees,Frangieh_Coculture_IL2STAT5,Frangieh,19,0.08878048780487802
without_extra_trees,Frangieh_Coculture_IL2STAT5,Frangieh,20,0.010731707317073163
without_extra_trees,Frangieh_Coculture_IL2STAT5,Frangieh,21,0.09560975609756092
without_extra_trees,Frangieh_Coculture_IL2STAT5,Frangieh,22,0.06341463414634148
without_extra_trees,Frangieh_Coculture_IL2STAT5,Frangieh,23,0.09024390243902443
without_extra_trees,Frangieh_Coculture_IL2STAT5,Frangieh,24,0.044878048780487775
without_extra_trees,Frangieh_Coculture_IL2STAT5,Frangieh,25,0.06926829268292689
without_extra_trees,Frangieh_Coculture_IL2STAT5,Frangieh,26,0.07756097560975606
without_extra_trees,Frangieh_Coculture_IL2STAT5,Frangieh,27,0.01414634146341463
without_extra_trees,Frangieh_Coculture_IL2STAT5,Frangieh,28,0.03317073170731708
without_extra_trees,Frangieh_Coculture_IL2STAT5,Frangieh,29,0.0775609756097561
without_extra_trees,Frangieh_Coculture_TNFA,Frangieh,0,0.052682926829268284
without_extra_trees,Frangieh_Coculture_TNFA,Frangieh,1,0.08536585365853659
without_extra_trees,Frangieh_Coculture_TNFA,Frangieh,2,0.013658536585365857
without_extra_trees,Frangieh_Coculture_TNFA,Frangieh,3,0.060975609756097525
without_extra_trees,Frangieh_Coculture_TNFA,Frangieh,4,0.022926829268292658
without_extra_trees,Frangieh_Coculture_TNFA,Frangieh,5,0.036097560975609795
without_extra_trees,Frangieh_Coculture_TNFA,Frangieh,6,-0.01512195121951224
without_extra_trees,Frangieh_Coculture_TNFA,Frangieh,7,0.05512195121951214
without_extra_trees,Frangieh_Coculture_TNFA,Frangieh,8,0.057073170731707264
without_extra_trees,Frangieh_Coculture_TNFA,Frangieh,9,0.03902439024390243
without_extra_trees,Frangieh_Coculture_TNFA,Frangieh,10,0.08048780487804877
without_extra_trees,Frangieh_Coculture_TNFA,Frangieh,11,0.02975609756097567
without_extra_trees,Frangieh_Coculture_TNFA,Frangieh,12,-0.0648780487804878
without_extra_trees,Frangieh_Coculture_TNFA,Frangieh,13,0.01853658536585368
without_extra_trees,Frangieh_Coculture_TNFA,Frangieh,14,0.02146341463414627
without_extra_trees,Frangieh_Coculture_TNFA,Frangieh,15,0.04341463414634154
without_extra_trees,Frangieh_Coculture_TNFA,Frangieh,16,0.0419512195121951
without_extra_trees,Frangieh_Coculture_TNFA,Frangieh,17,0.017560975609756103
without_extra_trees,Frangieh_Coculture_TNFA,Frangieh,18,0.003414634146341411
without_extra_trees,Frangieh_Coculture_TNFA,Frangieh,19,0.022439024390243843
without_extra_trees,Frangieh_Coculture_TNFA,Frangieh,20,0.007804878048780454
without_extra_trees,Frangieh_Coculture_TNFA,Frangieh,21,0.027317073170731697
without_extra_trees,Frangieh_Coculture_TNFA,Frangieh,22,0.07804878048780486
without_extra_trees,Frangieh_Coculture_TNFA,Frangieh,23,0.050243902439024435
without_extra_trees,Frangieh_Coculture_TNFA,Frangieh,24,0.05756097560975608
without_extra_trees,Frangieh_Coculture_TNFA,Frangieh,25,0.033170731707317144
without_extra_trees,Frangieh_Coculture_TNFA,Frangieh,26,0.02829268292682931
without_extra_trees,Frangieh_Coculture_TNFA,Frangieh,27,0.05560975609756099
without_extra_trees,Frangieh_Coculture_TNFA,Frangieh,28,0.0009756097560975574
without_extra_trees,Frangieh_Coculture_TNFA,Frangieh,29,0.012682926829268325
without_extra_trees,Frangieh_Control_IFNG,Frangieh,0,-0.007179487179487207
without_extra_trees,Frangieh_Control_IFNG,Frangieh,1,0.07487179487179488
without_extra_trees,Frangieh_Control_IFNG,Frangieh,2,0.14051282051282046
without_extra_trees,Frangieh_Control_IFNG,Frangieh,3,0.09743589743589741
without_extra_trees,Frangieh_Control_IFNG,Frangieh,4,0.07948717948717945
without_extra_trees,Frangieh_Control_IFNG,Frangieh,5,0.03692307692307689
without_extra_trees,Frangieh_Control_IFNG,Frangieh,6,0.05641025641025646
without_extra_trees,Frangieh_Control_IFNG,Frangieh,7,0.05487179487179489
without_extra_trees,Frangieh_Control_IFNG,Frangieh,8,0.014871794871794845
without_extra_trees,Frangieh_Control_IFNG,Frangieh,9,0.033333333333333305
without_extra_trees,Frangieh_Control_IFNG,Frangieh,10,-0.02461538461538467
without_extra_trees,Frangieh_Control_IFNG,Frangieh,11,-0.015384615384615403
without_extra_trees,Frangieh_Control_IFNG,Frangieh,12,-0.012820512820512832
without_extra_trees,Frangieh_Control_IFNG,Frangieh,13,-0.006153846153846154
without_extra_trees,Frangieh_Control_IFNG,Frangieh,14,0.042051282051282037
without_extra_trees,Frangieh_Control_IFNG,Frangieh,15,0.02717948717948717
without_extra_trees,Frangieh_Control_IFNG,Frangieh,16,0.011282051282051224
without_extra_trees,Frangieh_Control_IFNG,Frangieh,17,0.07179487179487185
without_extra_trees,Frangieh_Control_IFNG,Frangieh,18,0.09794871794871794
without_extra_trees,Frangieh_Control_IFNG,Frangieh,19,0.04923076923076926
without_extra_trees,Frangieh_Control_IFNG,Frangieh,20,0.07435897435897433
without_extra_trees,Frangieh_Control_IFNG,Frangieh,21,0.05282051282051282
without_extra_trees,Frangieh_Control_IFNG,Frangieh,22,-0.004615384615384604
without_extra_trees,Frangieh_Control_IFNG,Frangieh,23,0.11589743589743595
without_extra_trees,Frangieh_Control_IFNG,Frangieh,24,0.08717948717948724
without_extra_trees,Frangieh_Control_IFNG,Frangieh,25,0.10512820512820512
without_extra_trees,Frangieh_Control_IFNG,Frangieh,26,0.02051282051282053
without_extra_trees,Frangieh_Control_IFNG,Frangieh,27,0.050769230769230796
without_extra_trees,Frangieh_Control_IFNG,Frangieh,28,0.058461538461538495
without_extra_trees,Frangieh_Control_IFNG,Frangieh,29,0.18153846153846157
without_extra_trees,Frangieh_Control_IL2STAT5,Frangieh,0,0.09128205128205126
without_extra_trees,Frangieh_Control_IL2STAT5,Frangieh,1,0.05846153846153845
without_extra_trees,Frangieh_Control_IL2STAT5,Frangieh,2,0.04051282051282058
without_extra_trees,Frangieh_Control_IL2STAT5,Frangieh,3,0.0010256410256409964
without_extra_trees,Frangieh_Control_IL2STAT5,Frangieh,4,0.03794871794871788
without_extra_trees,Frangieh_Control_IL2STAT5,Frangieh,5,-0.021025641025641036
without_extra_trees,Frangieh_Control_IL2STAT5,Frangieh,6,0.015384615384615368
without_extra_trees,Frangieh_Control_IL2STAT5,Frangieh,7,-0.044615384615384564
without_extra_trees,Frangieh_Control_IL2STAT5,Frangieh,8,-0.006153846153846243
without_extra_trees,Frangieh_Control_IL2STAT5,Frangieh,9,-0.02666666666666671
without_extra_trees,Frangieh_Control_IL2STAT5,Frangieh,10,-0.03282051282051278
without_extra_trees,Frangieh_Control_IL2STAT5,Frangieh,11,0.1
without_extra_trees,Frangieh_Control_IL2STAT5,Frangieh,12,0.04102564102564096
without_extra_trees,Frangieh_Control_IL2STAT5,Frangieh,13,0.22000000000000003
without_extra_trees,Frangieh_Control_IL2STAT5,Frangieh,14,-0.020512820512820565
without_extra_trees,Frangieh_Control_IL2STAT5,Frangieh,15,0.04564102564102564
without_extra_trees,Frangieh_Control_IL2STAT5,Frangieh,16,-0.002564102564102533
without_extra_trees,Frangieh_Control_IL2STAT5,Frangieh,17,-0.03384615384615383
without_extra_trees,Frangieh_Control_IL2STAT5,Frangieh,18,0.01179487179487177
without_extra_trees,Frangieh_Control_IL2STAT5,Frangieh,19,0.10051282051282055
without_extra_trees,Frangieh_Control_IL2STAT5,Frangieh,20,0.09589743589743588
without_extra_trees,Frangieh_Control_IL2STAT5,Frangieh,21,-0.026666666666666602
without_extra_trees,Frangieh_Control_IL2STAT5,Frangieh,22,0.0851282051282052
without_extra_trees,Frangieh_Control_IL2STAT5,Frangieh,23,0.03794871794871793
without_extra_trees,Frangieh_Control_IL2STAT5,Frangieh,24,0.09743589743589746
without_extra_trees,Frangieh_Control_IL2STAT5,Frangieh,25,0.057948717948717955
without_extra_trees,Frangieh_Control_IL2STAT5,Frangieh,26,0.020000000000000046
without_extra_trees,Frangieh_Control_IL2STAT5,Frangieh,27,0.0005128205128204577
without_extra_trees,Frangieh_Control_IL2STAT5,Frangieh,28,0.07948717948717948
without_extra_trees,Frangieh_Control_IL2STAT5,Frangieh,29,0.011794871794871818
without_extra_trees,Frangieh_Control_TNFA,Frangieh,0,0.04051282051282046
without_extra_trees,Frangieh_Control_TNFA,Frangieh,1,0.016410256410256382
without_extra_trees,Frangieh_Control_TNFA,Frangieh,2,0.19076923076923072
without_extra_trees,Frangieh_Control_TNFA,Frangieh,3,0.11846153846153847
without_extra_trees,Frangieh_Control_TNFA,Frangieh,4,0.012820512820512862
without_extra_trees,Frangieh_Control_TNFA,Frangieh,5,0.07743589743589752
without_extra_trees,Frangieh_Control_TNFA,Frangieh,6,0.050256410256410214
without_extra_trees,Frangieh_Control_TNFA,Frangieh,7,0.05076923076923077
without_extra_trees,Frangieh_Control_TNFA,Frangieh,8,0.04358974358974356
without_extra_trees,Frangieh_Control_TNFA,Frangieh,9,0.04615384615384612
without_extra_trees,Frangieh_Control_TNFA,Frangieh,10,0.09025641025641029
without_extra_trees,Frangieh_Control_TNFA,Frangieh,11,0.041025641025641005
without_extra_trees,Frangieh_Control_TNFA,Frangieh,12,0.10205128205128208
without_extra_trees,Frangieh_Control_TNFA,Frangieh,13,0.1682051282051282
without_extra_trees,Frangieh_Control_TNFA,Frangieh,14,0.10461538461538464
without_extra_trees,Frangieh_Control_TNFA,Frangieh,15,0.018461538461538488
without_extra_trees,Frangieh_Control_TNFA,Frangieh,16,0.09179487179487177
without_extra_trees,Frangieh_Control_TNFA,Frangieh,17,0.027692307692307683
without_extra_trees,Frangieh_Control_TNFA,Frangieh,18,0.13435897435897434
without_extra_trees,Frangieh_Control_TNFA,Frangieh,19,0.1671794871794872
without_extra_trees,Frangieh_Control_TNFA,Frangieh,20,0.11846153846153845
without_extra_trees,Frangieh_Control_TNFA,Frangieh,21,0.04666666666666667
without_extra_trees,Frangieh_Control_TNFA,Frangieh,22,0.10923076923076919
without_extra_trees,Frangieh_Control_TNFA,Frangieh,23,0.09897435897435898
without_extra_trees,Frangieh_Control_TNFA,Frangieh,24,0.2143589743589743
without_extra_trees,Frangieh_Control_TNFA,Frangieh,25,0.03743589743589741
without_extra_trees,Frangieh_Control_TNFA,Frangieh,26,0.07435897435897434
without_extra_trees,Frangieh_Control_TNFA,Frangieh,27,0.07435897435897437
without_extra_trees,Frangieh_Control_TNFA,Frangieh,28,0.04358974358974365
without_extra_trees,Frangieh_Control_TNFA,Frangieh,29,0.08615384615384615
without_extra_trees,Frangieh_IFNg_IFNG,Frangieh,0,0.0748837209302326
without_extra_trees,Frangieh_IFNg_IFNG,Frangieh,1,0.04511627906976746
without_extra_trees,Frangieh_IFNg_IFNG,Frangieh,2,0.04279069767441859
without_extra_trees,Frangieh_IFNg_IFNG,Frangieh,3,0.06372093023255815
without_extra_trees,Frangieh_IFNg_IFNG,Frangieh,4,0.07023255813953494
without_extra_trees,Frangieh_IFNg_IFNG,Frangieh,5,0.06093023255813951
without_extra_trees,Frangieh_IFNg_IFNG,Frangieh,6,-0.004186046511627965
without_extra_trees,Frangieh_IFNg_IFNG,Frangieh,7,0.03953488372093024
without_extra_trees,Frangieh_IFNg_IFNG,Frangieh,8,0.07581395348837207
without_extra_trees,Frangieh_IFNg_IFNG,Frangieh,9,0.020930232558139618
without_extra_trees,Frangieh_IFNg_IFNG,Frangieh,10,0.03441860465116271
without_extra_trees,Frangieh_IFNg_IFNG,Frangieh,11,0.05813953488372097
without_extra_trees,Frangieh_IFNg_IFNG,Frangieh,12,0.06325581395348835
without_extra_trees,Frangieh_IFNg_IFNG,Frangieh,13,0.03674418604651165
without_extra_trees,Frangieh_IFNg_IFNG,Frangieh,14,-0.007441860465116218
without_extra_trees,Frangieh_IFNg_IFNG,Frangieh,15,-0.0279069767441861
without_extra_trees,Frangieh_IFNg_IFNG,Frangieh,16,0.037674418604651184
without_extra_trees,Frangieh_IFNg_IFNG,Frangieh,17,0.09302325581395347
without_extra_trees,Frangieh_IFNg_IFNG,Frangieh,18,0.029767441860465108
without_extra_trees,Frangieh_IFNg_IFNG,Frangieh,19,0.0027906976744186294
without_extra_trees,Frangieh_IFNg_IFNG,Frangieh,20,-0.0032558139534883644
without_extra_trees,Frangieh_IFNg_IFNG,Frangieh,21,0.06976744186046506
without_extra_trees,Frangieh_IFNg_IFNG,Frangieh,22,-0.006976744186046482
without_extra_trees,Frangieh_IFNg_IFNG,Frangieh,23,0.04976744186046518
without_extra_trees,Frangieh_IFNg_IFNG,Frangieh,24,0.026511627906976688
without_extra_trees,Frangieh_IFNg_IFNG,Frangieh,25,0.08976744186046513
without_extra_trees,Frangieh_IFNg_IFNG,Frangieh,26,0.02465116279069763
without_extra_trees,Frangieh_IFNg_IFNG,Frangieh,27,0.12325581395348842
without_extra_trees,Frangieh_IFNg_IFNG,Frangieh,28,0.05023255813953492
without_extra_trees,Frangieh_IFNg_IFNG,Frangieh,29,0.0711627906976744
without_extra_trees,Frangieh_IFNg_IL2STAT5,Frangieh,0,0.07581395348837214
without_extra_trees,Frangieh_IFNg_IL2STAT5,Frangieh,1,0.09860465116279066
without_extra_trees,Frangieh_IFNg_IL2STAT5,Frangieh,2,0.17906976744186054
without_extra_trees,Frangieh_IFNg_IL2STAT5,Frangieh,3,0.13209302325581398
without_extra_trees,Frangieh_IFNg_IL2STAT5,Frangieh,4,0.0730232558139535
without_extra_trees,Frangieh_IFNg_IL2STAT5,Frangieh,5,0.019534883720930218
without_extra_trees,Frangieh_IFNg_IL2STAT5,Frangieh,6,0.07069767441860457
without_extra_trees,Frangieh_IFNg_IL2STAT5,Frangieh,7,0.10930232558139537
without_extra_trees,Frangieh_IFNg_IL2STAT5,Frangieh,8,0.06046511627906979
without_extra_trees,Frangieh_IFNg_IL2STAT5,Frangieh,9,0.01813953488372089
without_extra_trees,Frangieh_IFNg_IL2STAT5,Frangieh,10,0.08744186046511629
without_extra_trees,Frangieh_IFNg_IL2STAT5,Frangieh,11,0.09674418604651164
without_extra_trees,Frangieh_IFNg_IL2STAT5,Frangieh,12,0.08604651162790697
without_extra_trees,Frangieh_IFNg_IL2STAT5,Frangieh,13,0.023720930232558154
without_extra_trees,Frangieh_IFNg_IL2STAT5,Frangieh,14,0.013023255813953504
without_extra_trees,Frangieh_IFNg_IL2STAT5,Frangieh,15,0.040930232558139566
without_extra_trees,Frangieh_IFNg_IL2STAT5,Frangieh,16,0.19488372093023262
without_extra_trees,Frangieh_IFNg_IL2STAT5,Frangieh,17,0.03627906976744184
without_extra_trees,Frangieh_IFNg_IL2STAT5,Frangieh,18,0.04930232558139529
without_extra_trees,Frangieh_IFNg_IL2STAT5,Frangieh,19,0.08465116279069768
without_extra_trees,Frangieh_IFNg_IL2STAT5,Frangieh,20,0.1488372093023256
without_extra_trees,Frangieh_IFNg_IL2STAT5,Frangieh,21,0.019534883720930197
without_extra_trees,Frangieh_IFNg_IL2STAT5,Frangieh,22,0.18139534883720926
without_extra_trees,Frangieh_IFNg_IL2STAT5,Frangieh,23,0.05906976744186042
without_extra_trees,Frangieh_IFNg_IL2STAT5,Frangieh,24,0.10837209302325584
without_extra_trees,Frangieh_IFNg_IL2STAT5,Frangieh,25,0.07767441860465124
without_extra_trees,Frangieh_IFNg_IL2STAT5,Frangieh,26,-0.018139534883720925
without_extra_trees,Frangieh_IFNg_IL2STAT5,Frangieh,27,0.07069767441860467
without_extra_trees,Frangieh_IFNg_IL2STAT5,Frangieh,28,0.1288372093023256
without_extra_trees,Frangieh_IFNg_IL2STAT5,Frangieh,29,0.10139534883720938
without_extra_trees,Frangieh_IFNg_TNFA,Frangieh,0,0.06279069767441861
without_extra_trees,Frangieh_IFNg_TNFA,Frangieh,1,0.16325581395348837
without_extra_trees,Frangieh_IFNg_TNFA,Frangieh,2,0.06418604651162794
without_extra_trees,Frangieh_IFNg_TNFA,Frangieh,3,0.003720930232558214
without_extra_trees,Frangieh_IFNg_TNFA,Frangieh,4,0.06744186046511629
without_extra_trees,Frangieh_IFNg_TNFA,Frangieh,5,0.029302325581395287
without_extra_trees,Frangieh_IFNg_TNFA,Frangieh,6,0.042790697674418635
without_extra_trees,Frangieh_IFNg_TNFA,Frangieh,7,0.08697674418604649
without_extra_trees,Frangieh_IFNg_TNFA,Frangieh,8,0.0441860465116279
without_extra_trees,Frangieh_IFNg_TNFA,Frangieh,9,0.11581395348837203
without_extra_trees,Frangieh_IFNg_TNFA,Frangieh,10,0.09534883720930236
without_extra_trees,Frangieh_IFNg_TNFA,Frangieh,11,0.10093023255813946
without_extra_trees,Frangieh_IFNg_TNFA,Frangieh,12,0.056279069767441875
without_extra_trees,Frangieh_IFNg_TNFA,Frangieh,13,0.06372093023255819
without_extra_trees,Frangieh_IFNg_TNFA,Frangieh,14,0.13302325581395355
without_extra_trees,Frangieh_IFNg_TNFA,Frangieh,15,0.029767441860465104
without_extra_trees,Frangieh_IFNg_TNFA,Frangieh,16,0.06046511627906979
without_extra_trees,Frangieh_IFNg_TNFA,Frangieh,17,0.0948837209302325
without_extra_trees,Frangieh_IFNg_TNFA,Frangieh,18,0.023720930232558148
without_extra_trees,Frangieh_IFNg_TNFA,Frangieh,19,0.07162790697674418
without_extra_trees,Frangieh_IFNg_TNFA,Frangieh,20,0.06465116279069777
without_extra_trees,Frangieh_IFNg_TNFA,Frangieh,21,0.066046511627907
without_extra_trees,Frangieh_IFNg_TNFA,Frangieh,22,0.07395348837209303
without_extra_trees,Frangieh_IFNg_TNFA,Frangieh,23,0.0479069767441861
without_extra_trees,Frangieh_IFNg_TNFA,Frangieh,24,0.09302325581395345
without_extra_trees,Frangieh_IFNg_TNFA,Frangieh,25,0.027906976744186008
without_extra_trees,Frangieh_IFNg_TNFA,Frangieh,26,0.06883720930232565
without_extra_trees,Frangieh_IFNg_TNFA,Frangieh,27,0.07860465116279067
without_extra_trees,Frangieh_IFNg_TNFA,Frangieh,28,0.015813953488372078
without_extra_trees,Frangieh_IFNg_TNFA,Frangieh,29,0.10837209302325579
without_extra_trees,Papalexi_IFNg_IFNG,Papalexi,0,0.04666666666666666
without_extra_trees,Papalexi_IFNg_IFNG,Papalexi,1,-1.609823385706477e-17
without_extra_trees,Papalexi_IFNg_IFNG,Papalexi,2,0.11666666666666668
without_extra_trees,Papalexi_IFNg_IFNG,Papalexi,3,0.05333333333333334
without_extra_trees,Papalexi_IFNg_IFNG,Papalexi,4,0.03333333333333335
without_extra_trees,Papalexi_IFNg_IFNG,Papalexi,5,0.05333333333333335
without_extra_trees,Papalexi_IFNg_IFNG,Papalexi,6,0.0
without_extra_trees,Papalexi_IFNg_IFNG,Papalexi,7,0.09000000000000002
without_extra_trees,Papalexi_IFNg_IFNG,Papalexi,8,0.0
without_extra_trees,Papalexi_IFNg_IFNG,Papalexi,9,0.1033333333333333
without_extra_trees,Papalexi_IFNg_IFNG,Papalexi,10,0.05000000000000001
without_extra_trees,Papalexi_IFNg_IFNG,Papalexi,11,0.0
without_extra_trees,Papalexi_IFNg_IFNG,Papalexi,12,0.023333333333333338
without_extra_trees,Papalexi_IFNg_IFNG,Papalexi,13,0.0
without_extra_trees,Papalexi_IFNg_IFNG,Papalexi,14,-0.006666666666666655
without_extra_trees,Papalexi_IFNg_IFNG,Papalexi,15,0.19333333333333336
without_extra_trees,Papalexi_IFNg_IFNG,Papalexi,16,0.023333333333333334
without_extra_trees,Papalexi_IFNg_IFNG,Papalexi,17,0.06000000000000001
without_extra_trees,Papalexi_IFNg_IFNG,Papalexi,18,0.0
without_extra_trees,Papalexi_IFNg_IFNG,Papalexi,19,0.0
without_extra_trees,Papalexi_IFNg_IFNG,Papalexi,20,0.13666666666666671
without_extra_trees,Papalexi_IFNg_IFNG,Papalexi,21,-0.05333333333333334
without_extra_trees,Papalexi_IFNg_IFNG,Papalexi,22,0.010000000000000009
without_extra_trees,Papalexi_IFNg_IFNG,Papalexi,23,0.020000000000000004
without_extra_trees,Papalexi_IFNg_IFNG,Papalexi,24,0.04333333333333332
without_extra_trees,Papalexi_IFNg_IFNG,Papalexi,25,0.07333333333333332
without_extra_trees,Papalexi_IFNg_IFNG,Papalexi,26,-4.4408920985006264e-17
without_extra_trees,Papalexi_IFNg_IFNG,Papalexi,27,0.0
without_extra_trees,Papalexi_IFNg_IFNG,Papalexi,28,0.07666666666666665
without_extra_trees,Papalexi_IFNg_IFNG,Papalexi,29,0.06666666666666667
without_extra_trees,Papalexi_IFNg_IL2STAT5,Papalexi,0,0.0
without_extra_trees,Papalexi_IFNg_IL2STAT5,Papalexi,1,0.0
without_extra_trees,Papalexi_IFNg_IL2STAT5,Papalexi,2,0.04000000000000001
without_extra_trees,Papalexi_IFNg_IL2STAT5,Papalexi,3,0.023333333333333334
without_extra_trees,Papalexi_IFNg_IL2STAT5,Papalexi,4,2.1094237467877975e-17
without_extra_trees,Papalexi_IFNg_IL2STAT5,Papalexi,5,0.0
without_extra_trees,Papalexi_IFNg_IL2STAT5,Papalexi,6,-0.006666666666666663
without_extra_trees,Papalexi_IFNg_IL2STAT5,Papalexi,7,0.0
without_extra_trees,Papalexi_IFNg_IL2STAT5,Papalexi,8,-0.09333333333333332
without_extra_trees,Papalexi_IFNg_IL2STAT5,Papalexi,9,-1.3322676295501878e-17
without_extra_trees,Papalexi_IFNg_IL2STAT5,Papalexi,10,1.4988010832439614e-17
without_extra_trees,Papalexi_IFNg_IL2STAT5,Papalexi,11,3.219646771412954e-17
without_extra_trees,Papalexi_IFNg_IL2STAT5,Papalexi,12,-0.016666666666666666
without_extra_trees,Papalexi_IFNg_IL2STAT5,Papalexi,13,0.0
without_extra_trees,Papalexi_IFNg_IL2STAT5,Papalexi,14,-0.029999999999999992
without_extra_trees,Papalexi_IFNg_IL2STAT5,Papalexi,15,0.07666666666666672
without_extra_trees,Papalexi_IFNg_IL2STAT5,Papalexi,16,-2.997602166487923e-17
without_extra_trees,Papalexi_IFNg_IL2STAT5,Papalexi,17,0.06
without_extra_trees,Papalexi_IFNg_IL2STAT5,Papalexi,18,0.05333333333333334
without_extra_trees,Papalexi_IFNg_IL2STAT5,Papalexi,19,0.013333333333333338
without_extra_trees,Papalexi_IFNg_IL2STAT5,Papalexi,20,0.08333333333333336
without_extra_trees,Papalexi_IFNg_IL2STAT5,Papalexi,21,-0.11333333333333336
without_extra_trees,Papalexi_IFNg_IL2STAT5,Papalexi,22,0.010000000000000009
without_extra_trees,Papalexi_IFNg_IL2STAT5,Papalexi,23,0.09666666666666669
without_extra_trees,Papalexi_IFNg_IL2STAT5,Papalexi,24,0.0
without_extra_trees,Papalexi_IFNg_IL2STAT5,Papalexi,25,-2.7755575615628914e-17
without_extra_trees,Papalexi_IFNg_IL2STAT5,Papalexi,26,0.0
without_extra_trees,Papalexi_IFNg_IL2STAT5,Papalexi,27,0.09333333333333334
without_extra_trees,Papalexi_IFNg_IL2STAT5,Papalexi,28,0.07666666666666667
without_extra_trees,Papalexi_IFNg_IL2STAT5,Papalexi,29,-2.3314683517128286e-17
without_extra_trees,Papalexi_IFNg_TNFA,Papalexi,0,0.023333333333333338
without_extra_trees,Papalexi_IFNg_TNFA,Papalexi,1,0.0
without_extra_trees,Papalexi_IFNg_TNFA,Papalexi,2,0.03999999999999999
without_extra_trees,Papalexi_IFNg_TNFA,Papalexi,3,0.0
without_extra_trees,Papalexi_IFNg_TNFA,Papalexi,4,2.55351295663786e-17
without_extra_trees,Papalexi_IFNg_TNFA,Papalexi,5,0.05333333333333334
without_extra_trees,Papalexi_IFNg_TNFA,Papalexi,6,-0.12333333333333332
without_extra_trees,Papalexi_IFNg_TNFA,Papalexi,7,0.026666666666666675
without_extra_trees,Papalexi_IFNg_TNFA,Papalexi,8,-0.01666666666666667
without_extra_trees,Papalexi_IFNg_TNFA,Papalexi,9,0.0
without_extra_trees,Papalexi_IFNg_TNFA,Papalexi,10,-9.992007221626408e-18
without_extra_trees,Papalexi_IFNg_TNFA,Papalexi,11,2.1649348980190553e-17
without_extra_trees,Papalexi_IFNg_TNFA,Papalexi,12,-0.06
without_extra_trees,Papalexi_IFNg_TNFA,Papalexi,13,1.3877787807814457e-17
without_extra_trees,Papalexi_IFNg_TNFA,Papalexi,14,-0.03
without_extra_trees,Papalexi_IFNg_TNFA,Papalexi,15,0.0633333333333333
without_extra_trees,Papalexi_IFNg_TNFA,Papalexi,16,0.0
without_extra_trees,Papalexi_IFNg_TNFA,Papalexi,17,0.06000000000000001
without_extra_trees,Papalexi_IFNg_TNFA,Papalexi,18,0.0
without_extra_trees,Papalexi_IFNg_TNFA,Papalexi,19,-0.10666666666666666
without_extra_trees,Papalexi_IFNg_TNFA,Papalexi,20,0.10333333333333336
without_extra_trees,Papalexi_IFNg_TNFA,Papalexi,21,-0.09333333333333335
without_extra_trees,Papalexi_IFNg_TNFA,Papalexi,22,0.010000000000000009
without_extra_trees,Papalexi_IFNg_TNFA,Papalexi,23,-0.010000000000000002
without_extra_trees,Papalexi_IFNg_TNFA,Papalexi,24,0.0
without_extra_trees,Papalexi_IFNg_TNFA,Papalexi,25,0.0
without_extra_trees,Papalexi_IFNg_TNFA,Papalexi,26,0.0
without_extra_trees,Papalexi_IFNg_TNFA,Papalexi,27,0.03333333333333335
without_extra_trees,Papalexi_IFNg_TNFA,Papalexi,28,0.07666666666666667
without_extra_trees,Papalexi_IFNg_TNFA,Papalexi,29,0.0
without_extra_trees,Tian_all_IFNG,Tian,0,0.032857142857142835
without_extra_trees,Tian_all_IFNG,Tian,1,0.017619047619047593
without_extra_trees,Tian_all_IFNG,Tian,2,0.025238095238095174
without_extra_trees,Tian_all_IFNG,Tian,3,0.0652380952380953
without_extra_trees,Tian_all_IFNG,Tian,4,0.03142857142857143
without_extra_trees,Tian_all_IFNG,Tian,5,0.03619047619047619
without_extra_trees,Tian_all_IFNG,Tian,6,0.03380952380952389
without_extra_trees,Tian_all_IFNG,Tian,7,0.05142857142857148
without_extra_trees,Tian_all_IFNG,Tian,8,0.021428571428571422
without_extra_trees,Tian_all_IFNG,Tian,9,0.06619047619047617
without_extra_trees,Tian_all_IFNG,Tian,10,-0.04142857142857149
without_extra_trees,Tian_all_IFNG,Tian,11,0.027619047619047606
without_extra_trees,Tian_all_IFNG,Tian,12,0.027142857142857118
without_extra_trees,Tian_all_IFNG,Tian,13,0.027619047619047602
without_extra_trees,Tian_all_IFNG,Tian,14,0.08000000000000007
without_extra_trees,Tian_all_IFNG,Tian,15,0.02380952380952379
without_extra_trees,Tian_all_IFNG,Tian,16,-0.009523809523809516
without_extra_trees,Tian_all_IFNG,Tian,17,0.03714285714285717
without_extra_trees,Tian_all_IFNG,Tian,18,0.05380952380952378
without_extra_trees,Tian_all_IFNG,Tian,19,0.08000000000000003
without_extra_trees,Tian_all_IFNG,Tian,20,0.0009523809523809268
without_extra_trees,Tian_all_IFNG,Tian,21,-0.0038095238095239093
without_extra_trees,Tian_all_IFNG,Tian,22,0.06428571428571435
without_extra_trees,Tian_all_IFNG,Tian,23,0.09809523809523818
without_extra_trees,Tian_all_IFNG,Tian,24,0.03571428571428568
without_extra_trees,Tian_all_IFNG,Tian,25,0.11809523809523809
without_extra_trees,Tian_all_IFNG,Tian,26,0.036190476190476176
without_extra_trees,Tian_all_IFNG,Tian,27,0.007142857142857213
without_extra_trees,Tian_all_IFNG,Tian,28,0.04476190476190474
without_extra_trees,Tian_all_IFNG,Tian,29,0.06428571428571439
without_extra_trees,Tian_all_IL2STAT5,Tian,0,0.026666666666666696
without_extra_trees,Tian_all_IL2STAT5,Tian,1,0.12333333333333335
without_extra_trees,Tian_all_IL2STAT5,Tian,2,0.04523809523809524
without_extra_trees,Tian_all_IL2STAT5,Tian,3,0.0004761904761904545
without_extra_trees,Tian_all_IL2STAT5,Tian,4,0.08999999999999997
without_extra_trees,Tian_all_IL2STAT5,Tian,5,0.015238095238095238
without_extra_trees,Tian_all_IL2STAT5,Tian,6,0.10761904761904759
without_extra_trees,Tian_all_IL2STAT5,Tian,7,0.006190476190476195
without_extra_trees,Tian_all_IL2STAT5,Tian,8,0.04142857142857139
without_extra_trees,Tian_all_IL2STAT5,Tian,9,0.028095238095238066
without_extra_trees,Tian_all_IL2STAT5,Tian,10,0.06571428571428574
without_extra_trees,Tian_all_IL2STAT5,Tian,11,0.012380952380952423
without_extra_trees,Tian_all_IL2STAT5,Tian,12,0.06571428571428567
without_extra_trees,Tian_all_IL2STAT5,Tian,13,0.013333333333333317
without_extra_trees,Tian_all_IL2STAT5,Tian,14,0.03714285714285714
without_extra_trees,Tian_all_IL2STAT5,Tian,15,0.04761904761904757
without_extra_trees,Tian_all_IL2STAT5,Tian,16,0.015714285714285715
without_extra_trees,Tian_all_IL2STAT5,Tian,17,0.021904761904761923
without_extra_trees,Tian_all_IL2STAT5,Tian,18,0.1271428571428571
without_extra_trees,Tian_all_IL2STAT5,Tian,19,-0.051428571428571414
without_extra_trees,Tian_all_IL2STAT5,Tian,20,-0.0171428571428571
without_extra_trees,Tian_all_IL2STAT5,Tian,21,0.06428571428571427
without_extra_trees,Tian_all_IL2STAT5,Tian,22,0.04285714285714282
without_extra_trees,Tian_all_IL2STAT5,Tian,23,0.012380952380952371
without_extra_trees,Tian_all_IL2STAT5,Tian,24,0.11238095238095232
without_extra_trees,Tian_all_IL2STAT5,Tian,25,0.042857142857142844
without_extra_trees,Tian_all_IL2STAT5,Tian,26,0.06238095238095239
without_extra_trees,Tian_all_IL2STAT5,Tian,27,0.06047619047619047
without_extra_trees,Tian_all_IL2STAT5,Tian,28,-0.000952380952380929
without_extra_trees,Tian_all_IL2STAT5,Tian,29,0.03952380952380959
without_extra_trees,Tian_all_TNFA,Tian,0,0.03380952380952378
without_extra_trees,Tian_all_TNFA,Tian,1,0.11476190476190476
without_extra_trees,Tian_all_TNFA,Tian,2,0.1004761904761904
without_extra_trees,Tian_all_TNFA,Tian,3,0.20095238095238094
without_extra_trees,Tian_all_TNFA,Tian,4,0.025238095238095202
without_extra_trees,Tian_all_TNFA,Tian,5,0.10238095238095239
without_extra_trees,Tian_all_TNFA,Tian,6,0.014761904761904858
without_extra_trees,Tian_all_TNFA,Tian,7,0.08523809523809522
without_extra_trees,Tian_all_TNFA,Tian,8,0.05476190476190476
without_extra_trees,Tian_all_TNFA,Tian,9,0.00285714285714278
without_extra_trees,Tian_all_TNFA,Tian,10,0.03571428571428569
without_extra_trees,Tian_all_TNFA,Tian,11,-0.015238095238095262
without_extra_trees,Tian_all_TNFA,Tian,12,0.046190476190476205
without_extra_trees,Tian_all_TNFA,Tian,13,0.0290476190476191
without_extra_trees,Tian_all_TNFA,Tian,14,0.024761904761904728
without_extra_trees,Tian_all_TNFA,Tian,15,-0.009523809523809613
without_extra_trees,Tian_all_TNFA,Tian,16,0.09428571428571425
without_extra_trees,Tian_all_TNFA,Tian,17,0.045714285714285686
without_extra_trees,Tian_all_TNFA,Tian,18,0.1057142857142857
without_extra_trees,Tian_all_TNFA,Tian,19,0.05428571428571429
without_extra_trees,Tian_all_TNFA,Tian,20,0.07285714285714294
without_extra_trees,Tian_all_TNFA,Tian,21,0.1423809523809524
without_extra_trees,Tian_all_TNFA,Tian,22,0.07190476190476196
without_extra_trees,Tian_all_TNFA,Tian,23,0.020952380952381004
without_extra_trees,Tian_all_TNFA,Tian,24,0.03619047619047623
without_extra_trees,Tian_all_TNFA,Tian,25,0.05095238095238092
without_extra_trees,Tian_all_TNFA,Tian,26,0.09428571428571424
without_extra_trees,Tian_all_TNFA,Tian,27,-0.03333333333333339
without_extra_trees,Tian_all_TNFA,Tian,28,0.04428571428571428
without_extra_trees,Tian_all_TNFA,Tian,29,0.10238095238095234
without_fixed_ridge,Frangieh_Coculture_IFNG,Frangieh,0,-0.040000000000000036
without_fixed_ridge,Frangieh_Coculture_IFNG,Frangieh,1,0.10390243902439025
without_fixed_ridge,Frangieh_Coculture_IFNG,Frangieh,2,0.04
without_fixed_ridge,Frangieh_Coculture_IFNG,Frangieh,3,0.07365853658536586
without_fixed_ridge,Frangieh_Coculture_IFNG,Frangieh,4,-0.06195121951219518
without_fixed_ridge,Frangieh_Coculture_IFNG,Frangieh,5,0.0595121951219512
without_fixed_ridge,Frangieh_Coculture_IFNG,Frangieh,6,-0.01804878048780489
without_fixed_ridge,Frangieh_Coculture_IFNG,Frangieh,7,0.028292682926829293
without_fixed_ridge,Frangieh_Coculture_IFNG,Frangieh,8,0.01853658536585372
without_fixed_ridge,Frangieh_Coculture_IFNG,Frangieh,9,0.040487804878048796
without_fixed_ridge,Frangieh_Coculture_IFNG,Frangieh,10,0.036585365853658514
without_fixed_ridge,Frangieh_Coculture_IFNG,Frangieh,11,0.007317073170731676
without_fixed_ridge,Frangieh_Coculture_IFNG,Frangieh,12,0.008292682926829286
without_fixed_ridge,Frangieh_Coculture_IFNG,Frangieh,13,0.02780487804878046
without_fixed_ridge,Frangieh_Coculture_IFNG,Frangieh,14,0.051707317073170694
without_fixed_ridge,Frangieh_Coculture_IFNG,Frangieh,15,0.04780487804878054
without_fixed_ridge,Frangieh_Coculture_IFNG,Frangieh,16,0.09756097560975606
without_fixed_ridge,Frangieh_Coculture_IFNG,Frangieh,17,0.015609756097561092
without_fixed_ridge,Frangieh_Coculture_IFNG,Frangieh,18,0.013658536585365776
without_fixed_ridge,Frangieh_Coculture_IFNG,Frangieh,19,0.0039024390243902417
without_fixed_ridge,Frangieh_Coculture_IFNG,Frangieh,20,-0.06146341463414631
without_fixed_ridge,Frangieh_Coculture_IFNG,Frangieh,21,0.08292682926829269
without_fixed_ridge,Frangieh_Coculture_IFNG,Frangieh,22,0.03073170731707315
without_fixed_ridge,Frangieh_Coculture_IFNG,Frangieh,23,-0.10243902439024392
without_fixed_ridge,Frangieh_Coculture_IFNG,Frangieh,24,0.04731707317073175
without_fixed_ridge,Frangieh_Coculture_IFNG,Frangieh,25,0.09219512195121951
without_fixed_ridge,Frangieh_Coculture_IFNG,Frangieh,26,0.07121951219512193
without_fixed_ridge,Frangieh_Coculture_IFNG,Frangieh,27,0.010731707317073179
without_fixed_ridge,Frangieh_Coculture_IFNG,Frangieh,28,0.052682926829268305
without_fixed_ridge,Frangieh_Coculture_IFNG,Frangieh,29,0.09902439024390246
without_fixed_ridge,Frangieh_Coculture_IL2STAT5,Frangieh,0,0.06731707317073171
without_fixed_ridge,Frangieh_Coculture_IL2STAT5,Frangieh,1,0.12341463414634152
without_fixed_ridge,Frangieh_Coculture_IL2STAT5,Frangieh,2,-0.024878048780487837
without_fixed_ridge,Frangieh_Coculture_IL2STAT5,Frangieh,3,0.05804878048780486
without_fixed_ridge,Frangieh_Coculture_IL2STAT5,Frangieh,4,-4.5519144009631415e-17
without_fixed_ridge,Frangieh_Coculture_IL2STAT5,Frangieh,5,-0.002439024390243929
without_fixed_ridge,Frangieh_Coculture_IL2STAT5,Frangieh,6,0.044390243902438994
without_fixed_ridge,Frangieh_Coculture_IL2STAT5,Frangieh,7,0.09512195121951221
without_fixed_ridge,Frangieh_Coculture_IL2STAT5,Frangieh,8,0.08634146341463415
without_fixed_ridge,Frangieh_Coculture_IL2STAT5,Frangieh,9,0.08829268292682928
without_fixed_ridge,Frangieh_Coculture_IL2STAT5,Frangieh,10,0.04585365853658541
without_fixed_ridge,Frangieh_Coculture_IL2STAT5,Frangieh,11,0.08682926829268295
without_fixed_ridge,Frangieh_Coculture_IL2STAT5,Frangieh,12,0.08975609756097555
without_fixed_ridge,Frangieh_Coculture_IL2STAT5,Frangieh,13,0.05463414634146337
without_fixed_ridge,Frangieh_Coculture_IL2STAT5,Frangieh,14,-0.06634146341463408
without_fixed_ridge,Frangieh_Coculture_IL2STAT5,Frangieh,15,0.1321951219512195
without_fixed_ridge,Frangieh_Coculture_IL2STAT5,Frangieh,16,0.0570731707317073
without_fixed_ridge,Frangieh_Coculture_IL2STAT5,Frangieh,17,0.07024390243902438
without_fixed_ridge,Frangieh_Coculture_IL2STAT5,Frangieh,18,0.01317073170731705
without_fixed_ridge,Frangieh_Coculture_IL2STAT5,Frangieh,19,0.09658536585365851
without_fixed_ridge,Frangieh_Coculture_IL2STAT5,Frangieh,20,0.01317073170731706
without_fixed_ridge,Frangieh_Coculture_IL2STAT5,Frangieh,21,0.021951219512195124
without_fixed_ridge,Frangieh_Coculture_IL2STAT5,Frangieh,22,0.05170731707317074
without_fixed_ridge,Frangieh_Coculture_IL2STAT5,Frangieh,23,0.09219512195121952
without_fixed_ridge,Frangieh_Coculture_IL2STAT5,Frangieh,24,0.044878048780487775
without_fixed_ridge,Frangieh_Coculture_IL2STAT5,Frangieh,25,0.07902439024390251
without_fixed_ridge,Frangieh_Coculture_IL2STAT5,Frangieh,26,0.0009756097560975191
without_fixed_ridge,Frangieh_Coculture_IL2STAT5,Frangieh,27,0.023902439024390248
without_fixed_ridge,Frangieh_Coculture_IL2STAT5,Frangieh,28,0.03609756097560976
without_fixed_ridge,Frangieh_Coculture_IL2STAT5,Frangieh,29,0.05951219512195122
without_fixed_ridge,Frangieh_Coculture_TNFA,Frangieh,0,0.006829268292682921
without_fixed_ridge,Frangieh_Coculture_TNFA,Frangieh,1,0.08536585365853659
without_fixed_ridge,Frangieh_Coculture_TNFA,Frangieh,2,0.006341463414634159
without_fixed_ridge,Frangieh_Coculture_TNFA,Frangieh,3,0.05756097560975606
without_fixed_ridge,Frangieh_Coculture_TNFA,Frangieh,4,0.030731707317073153
without_fixed_ridge,Frangieh_Coculture_TNFA,Frangieh,5,0.08731707317073167
without_fixed_ridge,Frangieh_Coculture_TNFA,Frangieh,6,-0.024878048780487872
without_fixed_ridge,Frangieh_Coculture_TNFA,Frangieh,7,0.0434146341463414
without_fixed_ridge,Frangieh_Coculture_TNFA,Frangieh,8,0.03170731707317067
without_fixed_ridge,Frangieh_Coculture_TNFA,Frangieh,9,0.02634146341463414
without_fixed_ridge,Frangieh_Coculture_TNFA,Frangieh,10,0.04780487804878046
without_fixed_ridge,Frangieh_Coculture_TNFA,Frangieh,11,0.03365853658536591
without_fixed_ridge,Frangieh_Coculture_TNFA,Frangieh,12,-0.05024390243902437
without_fixed_ridge,Frangieh_Coculture_TNFA,Frangieh,13,-0.008292682926829225
without_fixed_ridge,Frangieh_Coculture_TNFA,Frangieh,14,0.019024390243902397
without_fixed_ridge,Frangieh_Coculture_TNFA,Frangieh,15,0.039024390243902515
without_fixed_ridge,Frangieh_Coculture_TNFA,Frangieh,16,0.0565853658536585
without_fixed_ridge,Frangieh_Coculture_TNFA,Frangieh,17,0.045853658536585386
without_fixed_ridge,Frangieh_Coculture_TNFA,Frangieh,18,0.0034146341463414088
without_fixed_ridge,Frangieh_Coculture_TNFA,Frangieh,19,0.03804878048780482
without_fixed_ridge,Frangieh_Coculture_TNFA,Frangieh,20,-0.004390243902439059
without_fixed_ridge,Frangieh_Coculture_TNFA,Frangieh,21,0.01853658536585362
without_fixed_ridge,Frangieh_Coculture_TNFA,Frangieh,22,0.07024390243902438
without_fixed_ridge,Frangieh_Coculture_TNFA,Frangieh,23,0.04243902439024394
without_fixed_ridge,Frangieh_Coculture_TNFA,Frangieh,24,0.0795121951219512
without_fixed_ridge,Frangieh_Coculture_TNFA,Frangieh,25,0.018536585365853734
without_fixed_ridge,Frangieh_Coculture_TNFA,Frangieh,26,0.03853658536585361
without_fixed_ridge,Frangieh_Coculture_TNFA,Frangieh,27,0.07317073170731708
without_fixed_ridge,Frangieh_Coculture_TNFA,Frangieh,28,0.0009756097560975574
without_fixed_ridge,Frangieh_Coculture_TNFA,Frangieh,29,0.018048780487804904
without_fixed_ridge,Frangieh_Control_IFNG,Frangieh,0,-0.013333333333333362
without_fixed_ridge,Frangieh_Control_IFNG,Frangieh,1,0.10051282051282051
without_fixed_ridge,Frangieh_Control_IFNG,Frangieh,2,0.13538461538461533
without_fixed_ridge,Frangieh_Control_IFNG,Frangieh,3,0.06102564102564098
without_fixed_ridge,Frangieh_Control_IFNG,Frangieh,4,0.07948717948717957
without_fixed_ridge,Frangieh_Control_IFNG,Frangieh,5,0.023076923076923047
without_fixed_ridge,Frangieh_Control_IFNG,Frangieh,6,0.007179487179487154
without_fixed_ridge,Frangieh_Control_IFNG,Frangieh,7,0.09384615384615388
without_fixed_ridge,Frangieh_Control_IFNG,Frangieh,8,0.022051282051282026
without_fixed_ridge,Frangieh_Control_IFNG,Frangieh,9,0.0415384615384615
without_fixed_ridge,Frangieh_Control_IFNG,Frangieh,10,-0.032820512820512855
without_fixed_ridge,Frangieh_Control_IFNG,Frangieh,11,0.14
without_fixed_ridge,Frangieh_Control_IFNG,Frangieh,12,0.002564102564102514
without_fixed_ridge,Frangieh_Control_IFNG,Frangieh,13,-0.010256410256410277
without_fixed_ridge,Frangieh_Control_IFNG,Frangieh,14,0.03692307692307688
without_fixed_ridge,Frangieh_Control_IFNG,Frangieh,15,0.008717948717948646
without_fixed_ridge,Frangieh_Control_IFNG,Frangieh,16,0.02820512820512818
without_fixed_ridge,Frangieh_Control_IFNG,Frangieh,17,0.052307692307692326
without_fixed_ridge,Frangieh_Control_IFNG,Frangieh,18,0.04666666666666667
without_fixed_ridge,Frangieh_Control_IFNG,Frangieh,19,0.024615384615384574
without_fixed_ridge,Frangieh_Control_IFNG,Frangieh,20,0.06153846153846151
without_fixed_ridge,Frangieh_Control_IFNG,Frangieh,21,0.061025641025641016
without_fixed_ridge,Frangieh_Control_IFNG,Frangieh,22,-0.05641025641025645
without_fixed_ridge,Frangieh_Control_IFNG,Frangieh,23,0.12205128205128211
without_fixed_ridge,Frangieh_Control_IFNG,Frangieh,24,0.1056410256410257
without_fixed_ridge,Frangieh_Control_IFNG,Frangieh,25,0.06923076923076922
without_fixed_ridge,Frangieh_Control_IFNG,Frangieh,26,0.016923076923076933
without_fixed_ridge,Frangieh_Control_IFNG,Frangieh,27,0.055384615384615435
without_fixed_ridge,Frangieh_Control_IFNG,Frangieh,28,0.07384615384615388
without_fixed_ridge,Frangieh_Control_IFNG,Frangieh,29,0.1476923076923077
without_fixed_ridge,Frangieh_Control_IL2STAT5,Frangieh,0,-0.005128205128205149
without_fixed_ridge,Frangieh_Control_IL2STAT5,Frangieh,1,0.0533333333333333
without_fixed_ridge,Frangieh_Control_IL2STAT5,Frangieh,2,0.04307692307692315
without_fixed_ridge,Frangieh_Control_IL2STAT5,Frangieh,3,0.011794871794871781
without_fixed_ridge,Frangieh_Control_IL2STAT5,Frangieh,4,-0.10051282051282052
without_fixed_ridge,Frangieh_Control_IL2STAT5,Frangieh,5,4.5519144009631415e-17
without_fixed_ridge,Frangieh_Control_IL2STAT5,Frangieh,6,-0.0015384615384615558
without_fixed_ridge,Frangieh_Control_IL2STAT5,Frangieh,7,-0.03846153846153844
without_fixed_ridge,Frangieh_Control_IL2STAT5,Frangieh,8,-0.0015384615384616206
without_fixed_ridge,Frangieh_Control_IL2STAT5,Frangieh,9,-0.009743589743589768
without_fixed_ridge,Frangieh_Control_IL2STAT5,Frangieh,10,-0.10615384615384622
without_fixed_ridge,Frangieh_Control_IL2STAT5,Frangieh,11,0.08358974358974361
without_fixed_ridge,Frangieh_Control_IL2STAT5,Frangieh,12,-0.0051282051282051325
without_fixed_ridge,Frangieh_Control_IL2STAT5,Frangieh,13,0.21282051282051284
without_fixed_ridge,Frangieh_Control_IL2STAT5,Frangieh,14,-0.0020512820512820938
without_fixed_ridge,Frangieh_Control_IL2STAT5,Frangieh,15,0.0030769230769230648
without_fixed_ridge,Frangieh_Control_IL2STAT5,Frangieh,16,0.02512820512820516
without_fixed_ridge,Frangieh_Control_IL2STAT5,Frangieh,17,-0.04615384615384614
without_fixed_ridge,Frangieh_Control_IL2STAT5,Frangieh,18,0.04256410256410257
without_fixed_ridge,Frangieh_Control_IL2STAT5,Frangieh,19,0.12102564102564106
without_fixed_ridge,Frangieh_Control_IL2STAT5,Frangieh,20,0.09333333333333331
without_fixed_ridge,Frangieh_Control_IL2STAT5,Frangieh,21,0.009743589743589784
without_fixed_ridge,Frangieh_Control_IL2STAT5,Frangieh,22,0.09743589743589752
without_fixed_ridge,Frangieh_Control_IL2STAT5,Frangieh,23,0.03999999999999998
without_fixed_ridge,Frangieh_Control_IL2STAT5,Frangieh,24,0.12512820512820516
without_fixed_ridge,Frangieh_Control_IL2STAT5,Frangieh,25,0.06820512820512821
without_fixed_ridge,Frangieh_Control_IL2STAT5,Frangieh,26,0.06410256410256411
without_fixed_ridge,Frangieh_Control_IL2STAT5,Frangieh,27,0.01897435897435893
without_fixed_ridge,Frangieh_Control_IL2STAT5,Frangieh,28,0.07333333333333333
without_fixed_ridge,Frangieh_Control_IL2STAT5,Frangieh,29,0.006153846153846162
without_fixed_ridge,Frangieh_Control_TNFA,Frangieh,0,0.04820512820512816
without_fixed_ridge,Frangieh_Control_TNFA,Frangieh,1,0.03179487179487175
without_fixed_ridge,Frangieh_Control_TNFA,Frangieh,2,0.19333333333333327
without_fixed_ridge,Frangieh_Control_TNFA,Frangieh,3,0.13282051282051285
without_fixed_ridge,Frangieh_Control_TNFA,Frangieh,4,0.0358974358974359
without_fixed_ridge,Frangieh_Control_TNFA,Frangieh,5,0.08205128205128215
without_fixed_ridge,Frangieh_Control_TNFA,Frangieh,6,0.042051282051282016
without_fixed_ridge,Frangieh_Control_TNFA,Frangieh,7,0.12871794871794875
without_fixed_ridge,Frangieh_Control_TNFA,Frangieh,8,0.047692307692307666
without_fixed_ridge,Frangieh_Control_TNFA,Frangieh,9,0.05435897435897434
without_fixed_ridge,Frangieh_Control_TNFA,Frangieh,10,0.0405128205128205
without_fixed_ridge,Frangieh_Control_TNFA,Frangieh,11,0.049230769230769224
without_fixed_ridge,Frangieh_Control_TNFA,Frangieh,12,0.12769230769230774
without_fixed_ridge,Frangieh_Control_TNFA,Frangieh,13,0.17897435897435898
without_fixed_ridge,Frangieh_Control_TNFA,Frangieh,14,0.11692307692307694
without_fixed_ridge,Frangieh_Control_TNFA,Frangieh,15,0.18205128205128202
without_fixed_ridge,Frangieh_Control_TNFA,Frangieh,16,0.09794871794871791
without_fixed_ridge,Frangieh_Control_TNFA,Frangieh,17,0.017435897435897435
without_fixed_ridge,Frangieh_Control_TNFA,Frangieh,18,0.1651282051282051
without_fixed_ridge,Frangieh_Control_TNFA,Frangieh,19,0.07589743589743592
without_fixed_ridge,Frangieh_Control_TNFA,Frangieh,20,0.10307692307692307
without_fixed_ridge,Frangieh_Control_TNFA,Frangieh,21,0.05025641025641026
without_fixed_ridge,Frangieh_Control_TNFA,Frangieh,22,0.1215384615384615
without_fixed_ridge,Frangieh_Control_TNFA,Frangieh,23,0.10512820512820514
without_fixed_ridge,Frangieh_Control_TNFA,Frangieh,24,0.2097435897435897
without_fixed_ridge,Frangieh_Control_TNFA,Frangieh,25,0.01897435897435893
without_fixed_ridge,Frangieh_Control_TNFA,Frangieh,26,0.07846153846153847
without_fixed_ridge,Frangieh_Control_TNFA,Frangieh,27,0.08358974358974361
without_fixed_ridge,Frangieh_Control_TNFA,Frangieh,28,0.046666666666666724
without_fixed_ridge,Frangieh_Control_TNFA,Frangieh,29,0.09743589743589745
without_fixed_ridge,Frangieh_IFNg_IFNG,Frangieh,0,0.08465116279069773
without_fixed_ridge,Frangieh_IFNg_IFNG,Frangieh,1,0.049767441860465084
without_fixed_ridge,Frangieh_IFNg_IFNG,Frangieh,2,0.05441860465116279
without_fixed_ridge,Frangieh_IFNg_IFNG,Frangieh,3,0.057209302325581406
without_fixed_ridge,Frangieh_IFNg_IFNG,Frangieh,4,0.0865116279069768
without_fixed_ridge,Frangieh_IFNg_IFNG,Frangieh,5,0.06093023255813953
without_fixed_ridge,Frangieh_IFNg_IFNG,Frangieh,6,-0.025116279069767503
without_fixed_ridge,Frangieh_IFNg_IFNG,Frangieh,7,0.02558139534883721
without_fixed_ridge,Frangieh_IFNg_IFNG,Frangieh,8,0.07581395348837207
without_fixed_ridge,Frangieh_IFNg_IFNG,Frangieh,9,0.026976744186046512
without_fixed_ridge,Frangieh_IFNg_IFNG,Frangieh,10,0.044186046511627844
without_fixed_ridge,Frangieh_IFNg_IFNG,Frangieh,11,0.05441860465116283
without_fixed_ridge,Frangieh_IFNg_IFNG,Frangieh,12,0.08186046511627904
without_fixed_ridge,Frangieh_IFNg_IFNG,Frangieh,13,0.04000000000000003
without_fixed_ridge,Frangieh_IFNg_IFNG,Frangieh,14,0.04558139534883721
without_fixed_ridge,Frangieh_IFNg_IFNG,Frangieh,15,-0.032093023255814014
without_fixed_ridge,Frangieh_IFNg_IFNG,Frangieh,16,0.029302325581395373
without_fixed_ridge,Frangieh_IFNg_IFNG,Frangieh,17,0.09302325581395347
without_fixed_ridge,Frangieh_IFNg_IFNG,Frangieh,18,0.03395348837209302
without_fixed_ridge,Frangieh_IFNg_IFNG,Frangieh,19,0.010232558139534912
without_fixed_ridge,Frangieh_IFNg_IFNG,Frangieh,20,0.07581395348837203
without_fixed_ridge,Frangieh_IFNg_IFNG,Frangieh,21,0.07627906976744182
without_fixed_ridge,Frangieh_IFNg_IFNG,Frangieh,22,0.00046511627906979105
without_fixed_ridge,Frangieh_IFNg_IFNG,Frangieh,23,0.1465116279069768
without_fixed_ridge,Frangieh_IFNg_IFNG,Frangieh,24,0.04325581395348831
without_fixed_ridge,Frangieh_IFNg_IFNG,Frangieh,25,0.0009302325581395521
without_fixed_ridge,Frangieh_IFNg_IFNG,Frangieh,26,0.011162790697674445
without_fixed_ridge,Frangieh_IFNg_IFNG,Frangieh,27,0.1065116279069768
without_fixed_ridge,Frangieh_IFNg_IFNG,Frangieh,28,0.04744186046511631
without_fixed_ridge,Frangieh_IFNg_IFNG,Frangieh,29,0.0711627906976744
without_fixed_ridge,Frangieh_IFNg_IL2STAT5,Frangieh,0,0.12930232558139537
without_fixed_ridge,Frangieh_IFNg_IL2STAT5,Frangieh,1,0.08651162790697674
without_fixed_ridge,Frangieh_IFNg_IL2STAT5,Frangieh,2,0.18139534883720937
without_fixed_ridge,Frangieh_IFNg_IL2STAT5,Frangieh,3,0.09627906976744185
without_fixed_ridge,Frangieh_IFNg_IL2STAT5,Frangieh,4,0.06000000000000001
without_fixed_ridge,Frangieh_IFNg_IL2STAT5,Frangieh,5,0.08465116279069766
without_fixed_ridge,Frangieh_IFNg_IL2STAT5,Frangieh,6,0.07069767441860457
without_fixed_ridge,Frangieh_IFNg_IL2STAT5,Frangieh,7,0.08697674418604652
without_fixed_ridge,Frangieh_IFNg_IL2STAT5,Frangieh,8,0.07162790697674422
without_fixed_ridge,Frangieh_IFNg_IL2STAT5,Frangieh,9,0.029302325581395325
without_fixed_ridge,Frangieh_IFNg_IL2STAT5,Frangieh,10,0.09720930232558139
without_fixed_ridge,Frangieh_IFNg_IL2STAT5,Frangieh,11,0.08558139534883721
without_fixed_ridge,Frangieh_IFNg_IL2STAT5,Frangieh,12,0.14186046511627912
without_fixed_ridge,Frangieh_IFNg_IL2STAT5,Frangieh,13,0.02790697674418603
without_fixed_ridge,Frangieh_IFNg_IL2STAT5,Frangieh,14,0.10139534883720926
without_fixed_ridge,Frangieh_IFNg_IL2STAT5,Frangieh,15,0.12418604651162793
without_fixed_ridge,Frangieh_IFNg_IL2STAT5,Frangieh,16,0.028372093023255794
without_fixed_ridge,Frangieh_IFNg_IL2STAT5,Frangieh,17,0.021860465116279065
without_fixed_ridge,Frangieh_IFNg_IL2STAT5,Frangieh,18,0.058604651162790636
without_fixed_ridge,Frangieh_IFNg_IL2STAT5,Frangieh,19,0.06511627906976743
without_fixed_ridge,Frangieh_IFNg_IL2STAT5,Frangieh,20,0.10697674418604657
without_fixed_ridge,Frangieh_IFNg_IL2STAT5,Frangieh,21,0.11302325581395346
without_fixed_ridge,Frangieh_IFNg_IL2STAT5,Frangieh,22,0.1618604651162791
without_fixed_ridge,Frangieh_IFNg_IL2STAT5,Frangieh,23,0.07023255813953484
without_fixed_ridge,Frangieh_IFNg_IL2STAT5,Frangieh,24,0.1846511627906977
without_fixed_ridge,Frangieh_IFNg_IL2STAT5,Frangieh,25,0.041860465116279146
without_fixed_ridge,Frangieh_IFNg_IL2STAT5,Frangieh,26,-0.01255813953488371
without_fixed_ridge,Frangieh_IFNg_IL2STAT5,Frangieh,27,0.09581395348837213
without_fixed_ridge,Frangieh_IFNg_IL2STAT5,Frangieh,28,0.11209302325581395
without_fixed_ridge,Frangieh_IFNg_IL2STAT5,Frangieh,29,0.03395348837209305
without_fixed_ridge,Frangieh_IFNg_TNFA,Frangieh,0,0.058604651162790705
without_fixed_ridge,Frangieh_IFNg_TNFA,Frangieh,1,0.13069767441860466
without_fixed_ridge,Frangieh_IFNg_TNFA,Frangieh,2,0.06883720930232563
without_fixed_ridge,Frangieh_IFNg_TNFA,Frangieh,3,0.013488372093023332
without_fixed_ridge,Frangieh_IFNg_TNFA,Frangieh,4,0.07674418604651162
without_fixed_ridge,Frangieh_IFNg_TNFA,Frangieh,5,0.13906976744186053
without_fixed_ridge,Frangieh_IFNg_TNFA,Frangieh,6,0.026046511627906995
without_fixed_ridge,Frangieh_IFNg_TNFA,Frangieh,7,0.08139534883720931
without_fixed_ridge,Frangieh_IFNg_TNFA,Frangieh,8,0.06139534883720929
without_fixed_ridge,Frangieh_IFNg_TNFA,Frangieh,9,0.11302325581395346
without_fixed_ridge,Frangieh_IFNg_TNFA,Frangieh,10,0.06604651162790698
without_fixed_ridge,Frangieh_IFNg_TNFA,Frangieh,11,0.06372093023255807
without_fixed_ridge,Frangieh_IFNg_TNFA,Frangieh,12,0.060930232558139556
without_fixed_ridge,Frangieh_IFNg_TNFA,Frangieh,13,0.05720930232558144
without_fixed_ridge,Frangieh_IFNg_TNFA,Frangieh,14,0.06604651162790702
without_fixed_ridge,Frangieh_IFNg_TNFA,Frangieh,15,0.025581395348837216
without_fixed_ridge,Frangieh_IFNg_TNFA,Frangieh,16,0.0632558139534884
without_fixed_ridge,Frangieh_IFNg_TNFA,Frangieh,17,0.05581395348837203
without_fixed_ridge,Frangieh_IFNg_TNFA,Frangieh,18,0.020465116279069773
without_fixed_ridge,Frangieh_IFNg_TNFA,Frangieh,19,0.09023255813953486
without_fixed_ridge,Frangieh_IFNg_TNFA,Frangieh,20,0.0018604651162790642
without_fixed_ridge,Frangieh_IFNg_TNFA,Frangieh,21,0.0790697674418605
without_fixed_ridge,Frangieh_IFNg_TNFA,Frangieh,22,0.08139534883720932
without_fixed_ridge,Frangieh_IFNg_TNFA,Frangieh,23,0.040465116279069714
without_fixed_ridge,Frangieh_IFNg_TNFA,Frangieh,24,0.09302325581395345
without_fixed_ridge,Frangieh_IFNg_TNFA,Frangieh,25,0.07441860465116275
without_fixed_ridge,Frangieh_IFNg_TNFA,Frangieh,26,0.07860465116279075
without_fixed_ridge,Frangieh_IFNg_TNFA,Frangieh,27,0.02976744186046517
without_fixed_ridge,Frangieh_IFNg_TNFA,Frangieh,28,0.01581395348837207
without_fixed_ridge,Frangieh_IFNg_TNFA,Frangieh,29,0.10837209302325577
without_fixed_ridge,Papalexi_IFNg_IFNG,Papalexi,0,0.056666666666666664
without_fixed_ridge,Papalexi_IFNg_IFNG,Papalexi,1,-2.1649348980190553e-17
without_fixed_ridge,Papalexi_IFNg_IFNG,Papalexi,2,0.11666666666666668
without_fixed_ridge,Papalexi_IFNg_IFNG,Papalexi,3,0.05333333333333334
without_fixed_ridge,Papalexi_IFNg_IFNG,Papalexi,4,0.03333333333333333
without_fixed_ridge,Papalexi_IFNg_IFNG,Papalexi,5,0.05333333333333335
without_fixed_ridge,Papalexi_IFNg_IFNG,Papalexi,6,0.0
without_fixed_ridge,Papalexi_IFNg_IFNG,Papalexi,7,0.05
without_fixed_ridge,Papalexi_IFNg_IFNG,Papalexi,8,0.0
without_fixed_ridge,Papalexi_IFNg_IFNG,Papalexi,9,0.1033333333333333
without_fixed_ridge,Papalexi_IFNg_IFNG,Papalexi,10,0.04999999999999999
without_fixed_ridge,Papalexi_IFNg_IFNG,Papalexi,11,0.0
without_fixed_ridge,Papalexi_IFNg_IFNG,Papalexi,12,0.023333333333333338
without_fixed_ridge,Papalexi_IFNg_IFNG,Papalexi,13,0.0
without_fixed_ridge,Papalexi_IFNg_IFNG,Papalexi,14,-0.019999999999999966
without_fixed_ridge,Papalexi_IFNg_IFNG,Papalexi,15,0.16333333333333336
without_fixed_ridge,Papalexi_IFNg_IFNG,Papalexi,16,0.023333333333333334
without_fixed_ridge,Papalexi_IFNg_IFNG,Papalexi,17,0.06000000000000003
without_fixed_ridge,Papalexi_IFNg_IFNG,Papalexi,18,0.0
without_fixed_ridge,Papalexi_IFNg_IFNG,Papalexi,19,0.0
without_fixed_ridge,Papalexi_IFNg_IFNG,Papalexi,20,0.12000000000000006
without_fixed_ridge,Papalexi_IFNg_IFNG,Papalexi,21,-0.030000000000000006
without_fixed_ridge,Papalexi_IFNg_IFNG,Papalexi,22,0.010000000000000009
without_fixed_ridge,Papalexi_IFNg_IFNG,Papalexi,23,0.020000000000000004
without_fixed_ridge,Papalexi_IFNg_IFNG,Papalexi,24,0.04333333333333332
without_fixed_ridge,Papalexi_IFNg_IFNG,Papalexi,25,0.07333333333333332
without_fixed_ridge,Papalexi_IFNg_IFNG,Papalexi,26,-4.4408920985006264e-17
without_fixed_ridge,Papalexi_IFNg_IFNG,Papalexi,27,0.0
without_fixed_ridge,Papalexi_IFNg_IFNG,Papalexi,28,0.07666666666666667
without_fixed_ridge,Papalexi_IFNg_IFNG,Papalexi,29,0.06666666666666667
without_fixed_ridge,Papalexi_IFNg_IL2STAT5,Papalexi,0,0.0
without_fixed_ridge,Papalexi_IFNg_IL2STAT5,Papalexi,1,0.0
without_fixed_ridge,Papalexi_IFNg_IL2STAT5,Papalexi,2,0.04000000000000001
without_fixed_ridge,Papalexi_IFNg_IL2STAT5,Papalexi,3,0.023333333333333334
without_fixed_ridge,Papalexi_IFNg_IL2STAT5,Papalexi,4,2.1094237467877975e-17
without_fixed_ridge,Papalexi_IFNg_IL2STAT5,Papalexi,5,0.0
without_fixed_ridge,Papalexi_IFNg_IL2STAT5,Papalexi,6,-0.01333333333333333
without_fixed_ridge,Papalexi_IFNg_IL2STAT5,Papalexi,7,0.0
without_fixed_ridge,Papalexi_IFNg_IL2STAT5,Papalexi,8,-0.09333333333333332
without_fixed_ridge,Papalexi_IFNg_IL2STAT5,Papalexi,9,-8.881784197001253e-18
without_fixed_ridge,Papalexi_IFNg_IL2STAT5,Papalexi,10,1.4988010832439614e-17
without_fixed_ridge,Papalexi_IFNg_IL2STAT5,Papalexi,11,3.219646771412954e-17
without_fixed_ridge,Papalexi_IFNg_IL2STAT5,Papalexi,12,-0.016666666666666666
without_fixed_ridge,Papalexi_IFNg_IL2STAT5,Papalexi,13,0.0
without_fixed_ridge,Papalexi_IFNg_IL2STAT5,Papalexi,14,-0.029999999999999992
without_fixed_ridge,Papalexi_IFNg_IL2STAT5,Papalexi,15,0.046666666666666703
without_fixed_ridge,Papalexi_IFNg_IL2STAT5,Papalexi,16,-3.663735981263017e-17
without_fixed_ridge,Papalexi_IFNg_IL2STAT5,Papalexi,17,0.06
without_fixed_ridge,Papalexi_IFNg_IL2STAT5,Papalexi,18,0.05333333333333334
without_fixed_ridge,Papalexi_IFNg_IL2STAT5,Papalexi,19,0.00666666666666667
without_fixed_ridge,Papalexi_IFNg_IL2STAT5,Papalexi,20,0.08333333333333336
without_fixed_ridge,Papalexi_IFNg_IL2STAT5,Papalexi,21,-0.11333333333333336
without_fixed_ridge,Papalexi_IFNg_IL2STAT5,Papalexi,22,0.020000000000000007
without_fixed_ridge,Papalexi_IFNg_IL2STAT5,Papalexi,23,0.09666666666666669
without_fixed_ridge,Papalexi_IFNg_IL2STAT5,Papalexi,24,0.04333333333333333
without_fixed_ridge,Papalexi_IFNg_IL2STAT5,Papalexi,25,-2.7755575615628914e-17
without_fixed_ridge,Papalexi_IFNg_IL2STAT5,Papalexi,26,0.0
without_fixed_ridge,Papalexi_IFNg_IL2STAT5,Papalexi,27,0.09333333333333334
without_fixed_ridge,Papalexi_IFNg_IL2STAT5,Papalexi,28,0.07666666666666667
without_fixed_ridge,Papalexi_IFNg_IL2STAT5,Papalexi,29,-2.3314683517128286e-17
without_fixed_ridge,Papalexi_IFNg_TNFA,Papalexi,0,0.023333333333333338
without_fixed_ridge,Papalexi_IFNg_TNFA,Papalexi,1,0.0
without_fixed_ridge,Papalexi_IFNg_TNFA,Papalexi,2,0.03999999999999999
without_fixed_ridge,Papalexi_IFNg_TNFA,Papalexi,3,0.0
without_fixed_ridge,Papalexi_IFNg_TNFA,Papalexi,4,1.7208456881689926e-17
without_fixed_ridge,Papalexi_IFNg_TNFA,Papalexi,5,0.05333333333333334
without_fixed_ridge,Papalexi_IFNg_TNFA,Papalexi,6,-0.12333333333333332
without_fixed_ridge,Papalexi_IFNg_TNFA,Papalexi,7,0.026666666666666675
without_fixed_ridge,Papalexi_IFNg_TNFA,Papalexi,8,-0.04333333333333334
without_fixed_ridge,Papalexi_IFNg_TNFA,Papalexi,9,0.0
without_fixed_ridge,Papalexi_IFNg_TNFA,Papalexi,10,-9.992007221626408e-18
without_fixed_ridge,Papalexi_IFNg_TNFA,Papalexi,11,2.1649348980190553e-17
without_fixed_ridge,Papalexi_IFNg_TNFA,Papalexi,12,-0.06
without_fixed_ridge,Papalexi_IFNg_TNFA,Papalexi,13,1.3877787807814457e-17
without_fixed_ridge,Papalexi_IFNg_TNFA,Papalexi,14,-0.03
without_fixed_ridge,Papalexi_IFNg_TNFA,Papalexi,15,0.03333333333333332
without_fixed_ridge,Papalexi_IFNg_TNFA,Papalexi,16,0.0
without_fixed_ridge,Papalexi_IFNg_TNFA,Papalexi,17,0.06000000000000001
without_fixed_ridge,Papalexi_IFNg_TNFA,Papalexi,18,0.0
without_fixed_ridge,Papalexi_IFNg_TNFA,Papalexi,19,-0.10666666666666666
without_fixed_ridge,Papalexi_IFNg_TNFA,Papalexi,20,0.10333333333333336
without_fixed_ridge,Papalexi_IFNg_TNFA,Papalexi,21,-0.09333333333333335
without_fixed_ridge,Papalexi_IFNg_TNFA,Papalexi,22,0.010000000000000009
without_fixed_ridge,Papalexi_IFNg_TNFA,Papalexi,23,-0.023333333333333338
without_fixed_ridge,Papalexi_IFNg_TNFA,Papalexi,24,0.0
without_fixed_ridge,Papalexi_IFNg_TNFA,Papalexi,25,0.0
without_fixed_ridge,Papalexi_IFNg_TNFA,Papalexi,26,0.0
without_fixed_ridge,Papalexi_IFNg_TNFA,Papalexi,27,-0.003333333333333322
without_fixed_ridge,Papalexi_IFNg_TNFA,Papalexi,28,0.07666666666666667
without_fixed_ridge,Papalexi_IFNg_TNFA,Papalexi,29,0.0
without_fixed_ridge,Tian_all_IFNG,Tian,0,0.029999999999999978
without_fixed_ridge,Tian_all_IFNG,Tian,1,0.0033333333333332893
without_fixed_ridge,Tian_all_IFNG,Tian,2,0.011428571428571385
without_fixed_ridge,Tian_all_IFNG,Tian,3,0.06857142857142864
without_fixed_ridge,Tian_all_IFNG,Tian,4,0.021904761904761906
without_fixed_ridge,Tian_all_IFNG,Tian,5,0.040476190476190464
without_fixed_ridge,Tian_all_IFNG,Tian,6,0.04238095238095245
without_fixed_ridge,Tian_all_IFNG,Tian,7,0.06857142857142862
without_fixed_ridge,Tian_all_IFNG,Tian,8,0.008571428571428577
without_fixed_ridge,Tian_all_IFNG,Tian,9,0.07857142857142863
without_fixed_ridge,Tian_all_IFNG,Tian,10,-0.04476190476190482
without_fixed_ridge,Tian_all_IFNG,Tian,11,0.023809523809523777
without_fixed_ridge,Tian_all_IFNG,Tian,12,0.03666666666666665
without_fixed_ridge,Tian_all_IFNG,Tian,13,0.014285714285714264
without_fixed_ridge,Tian_all_IFNG,Tian,14,0.09047619047619061
without_fixed_ridge,Tian_all_IFNG,Tian,15,0.02809523809523808
without_fixed_ridge,Tian_all_IFNG,Tian,16,0.011428571428571446
without_fixed_ridge,Tian_all_IFNG,Tian,17,0.042857142857142885
without_fixed_ridge,Tian_all_IFNG,Tian,18,0.05857142857142853
without_fixed_ridge,Tian_all_IFNG,Tian,19,0.09142857142857146
without_fixed_ridge,Tian_all_IFNG,Tian,20,0.019047619047619042
without_fixed_ridge,Tian_all_IFNG,Tian,21,0.016190476190476116
without_fixed_ridge,Tian_all_IFNG,Tian,22,0.042380952380952436
without_fixed_ridge,Tian_all_IFNG,Tian,23,0.10190476190476198
without_fixed_ridge,Tian_all_IFNG,Tian,24,-0.0014285714285714268
without_fixed_ridge,Tian_all_IFNG,Tian,25,0.14190476190476187
without_fixed_ridge,Tian_all_IFNG,Tian,26,0.09904761904761901
without_fixed_ridge,Tian_all_IFNG,Tian,27,0.007142857142857217
without_fixed_ridge,Tian_all_IFNG,Tian,28,0.030476190476190452
without_fixed_ridge,Tian_all_IFNG,Tian,29,0.03285714285714294
without_fixed_ridge,Tian_all_IL2STAT5,Tian,0,0.01761904761904765
without_fixed_ridge,Tian_all_IL2STAT5,Tian,1,0.1280952380952381
without_fixed_ridge,Tian_all_IL2STAT5,Tian,2,0.04380952380952383
without_fixed_ridge,Tian_all_IL2STAT5,Tian,3,0.023333333333333303
without_fixed_ridge,Tian_all_IL2STAT5,Tian,4,0.0876190476190476
without_fixed_ridge,Tian_all_IL2STAT5,Tian,5,0.023809523809523808
without_fixed_ridge,Tian_all_IL2STAT5,Tian,6,0.06666666666666664
without_fixed_ridge,Tian_all_IL2STAT5,Tian,7,0.0004761904761904756
without_fixed_ridge,Tian_all_IL2STAT5,Tian,8,0.04142857142857139
without_fixed_ridge,Tian_all_IL2STAT5,Tian,9,0.03428571428571426
without_fixed_ridge,Tian_all_IL2STAT5,Tian,10,0.062380952380952405
without_fixed_ridge,Tian_all_IL2STAT5,Tian,11,-0.024761904761904752
without_fixed_ridge,Tian_all_IL2STAT5,Tian,12,0.05142857142857138
without_fixed_ridge,Tian_all_IL2STAT5,Tian,13,0.029999999999999995
without_fixed_ridge,Tian_all_IL2STAT5,Tian,14,0.0009523809523809446
without_fixed_ridge,Tian_all_IL2STAT5,Tian,15,0.036190476190476134
without_fixed_ridge,Tian_all_IL2STAT5,Tian,16,0.005714285714285779
without_fixed_ridge,Tian_all_IL2STAT5,Tian,17,0.03333333333333338
without_fixed_ridge,Tian_all_IL2STAT5,Tian,18,0.13190476190476186
without_fixed_ridge,Tian_all_IL2STAT5,Tian,19,-0.06285714285714286
without_fixed_ridge,Tian_all_IL2STAT5,Tian,20,-0.021904761904761857
without_fixed_ridge,Tian_all_IL2STAT5,Tian,21,0.06095238095238095
without_fixed_ridge,Tian_all_IL2STAT5,Tian,22,0.05428571428571424
without_fixed_ridge,Tian_all_IL2STAT5,Tian,23,0.014285714285714273
without_fixed_ridge,Tian_all_IL2STAT5,Tian,24,0.09523809523809516
without_fixed_ridge,Tian_all_IL2STAT5,Tian,25,0.08095238095238094
without_fixed_ridge,Tian_all_IL2STAT5,Tian,26,0.07904761904761906
without_fixed_ridge,Tian_all_IL2STAT5,Tian,27,0.09952380952380946
without_fixed_ridge,Tian_all_IL2STAT5,Tian,28,-0.02190476190476186
without_fixed_ridge,Tian_all_IL2STAT5,Tian,29,0.029047619047619096
without_fixed_ridge,Tian_all_TNFA,Tian,0,0.020476190476190457
without_fixed_ridge,Tian_all_TNFA,Tian,1,0.11
without_fixed_ridge,Tian_all_TNFA,Tian,2,0.1028571428571428
without_fixed_ridge,Tian_all_TNFA,Tian,3,0.1942857142857143
without_fixed_ridge,Tian_all_TNFA,Tian,4,0.02285714285714282
without_fixed_ridge,Tian_all_TNFA,Tian,5,0.052857142857142846
without_fixed_ridge,Tian_all_TNFA,Tian,6,0.010476190476190568
without_fixed_ridge,Tian_all_TNFA,Tian,7,0.06809523809523807
without_fixed_ridge,Tian_all_TNFA,Tian,8,0.059047619047619036
without_fixed_ridge,Tian_all_TNFA,Tian,9,0.00666666666666659
without_fixed_ridge,Tian_all_TNFA,Tian,10,0.03571428571428569
without_fixed_ridge,Tian_all_TNFA,Tian,11,-0.026666666666666693
without_fixed_ridge,Tian_all_TNFA,Tian,12,0.04619047619047622
without_fixed_ridge,Tian_all_TNFA,Tian,13,0.03571428571428577
without_fixed_ridge,Tian_all_TNFA,Tian,14,0.0019047619047618735
without_fixed_ridge,Tian_all_TNFA,Tian,15,-0.0009523809523810453
without_fixed_ridge,Tian_all_TNFA,Tian,16,0.09428571428571425
without_fixed_ridge,Tian_all_TNFA,Tian,17,0.04571428571428569
without_fixed_ridge,Tian_all_TNFA,Tian,18,0.09142857142857143
without_fixed_ridge,Tian_all_TNFA,Tian,19,0.07714285714285714
without_fixed_ridge,Tian_all_TNFA,Tian,20,0.06142857142857149
without_fixed_ridge,Tian_all_TNFA,Tian,21,0.1390476190476191
without_fixed_ridge,Tian_all_TNFA,Tian,22,0.08333333333333341
without_fixed_ridge,Tian_all_TNFA,Tian,23,0.015238095238095294
without_fixed_ridge,Tian_all_TNFA,Tian,24,0.04047619047619051
without_fixed_ridge,Tian_all_TNFA,Tian,25,0.060476190476190454
without_fixed_ridge,Tian_all_TNFA,Tian,26,0.029047619047619058
without_fixed_ridge,Tian_all_TNFA,Tian,27,-0.020476190476190537
without_fixed_ridge,Tian_all_TNFA,Tian,28,0.0357142857142857
without_fixed_ridge,Tian_all_TNFA,Tian,29,0.11999999999999994
without_gated_random,Frangieh_Coculture_IFNG,Frangieh,0,0.04731707317073171
without_gated_random,Frangieh_Coculture_IFNG,Frangieh,1,0.03317073170731705
without_gated_random,Frangieh_Coculture_IFNG,Frangieh,2,0.07512195121951218
without_gated_random,Frangieh_Coculture_IFNG,Frangieh,3,0.03853658536585365
without_gated_random,Frangieh_Coculture_IFNG,Frangieh,4,-0.06780487804878052
without_gated_random,Frangieh_Coculture_IFNG,Frangieh,5,0.0546341463414634
without_gated_random,Frangieh_Coculture_IFNG,Frangieh,6,-0.0004878048780487715
without_gated_random,Frangieh_Coculture_IFNG,Frangieh,7,0.02731707317073173
without_gated_random,Frangieh_Coculture_IFNG,Frangieh,8,0.028292682926829252
without_gated_random,Frangieh_Coculture_IFNG,Frangieh,9,0.03365853658536586
without_gated_random,Frangieh_Coculture_IFNG,Frangieh,10,0.058048780487804874
without_gated_random,Frangieh_Coculture_IFNG,Frangieh,11,-0.017073170731707332
without_gated_random,Frangieh_Coculture_IFNG,Frangieh,12,0.012195121951219506
without_gated_random,Frangieh_Coculture_IFNG,Frangieh,13,0.007317073170731694
without_gated_random,Frangieh_Coculture_IFNG,Frangieh,14,0.043902439024390214
without_gated_random,Frangieh_Coculture_IFNG,Frangieh,15,0.036585365853658604
without_gated_random,Frangieh_Coculture_IFNG,Frangieh,16,0.10634146341463412
without_gated_random,Frangieh_Coculture_IFNG,Frangieh,17,-0.09658536585365848
without_gated_random,Frangieh_Coculture_IFNG,Frangieh,18,0.035121951219512185
without_gated_random,Frangieh_Coculture_IFNG,Frangieh,19,0.012682926829268278
without_gated_random,Frangieh_Coculture_IFNG,Frangieh,20,-0.0395121951219512
without_gated_random,Frangieh_Coculture_IFNG,Frangieh,21,0.04682926829268288
without_gated_random,Frangieh_Coculture_IFNG,Frangieh,22,0.013170731707317052
without_gated_random,Frangieh_Coculture_IFNG,Frangieh,23,0.03951219512195122
without_gated_random,Frangieh_Coculture_IFNG,Frangieh,24,0.027317073170731773
without_gated_random,Frangieh_Coculture_IFNG,Frangieh,25,0.08536585365853659
without_gated_random,Frangieh_Coculture_IFNG,Frangieh,26,0.05951219512195121
without_gated_random,Frangieh_Coculture_IFNG,Frangieh,27,0.05609756097560971
without_gated_random,Frangieh_Coculture_IFNG,Frangieh,28,-0.017560975609756134
without_gated_random,Frangieh_Coculture_IFNG,Frangieh,29,0.1029268292682927
without_gated_random,Frangieh_Coculture_IL2STAT5,Frangieh,0,0.08097560975609756
without_gated_random,Frangieh_Coculture_IL2STAT5,Frangieh,1,0.10146341463414639
without_gated_random,Frangieh_Coculture_IL2STAT5,Frangieh,2,0.016097560975609736
without_gated_random,Frangieh_Coculture_IL2STAT5,Frangieh,3,0.10439024390243908
without_gated_random,Frangieh_Coculture_IL2STAT5,Frangieh,4,-2.4424906541753444e-17
without_gated_random,Frangieh_Coculture_IL2STAT5,Frangieh,5,-0.021951219512195152
without_gated_random,Frangieh_Coculture_IL2STAT5,Frangieh,6,-0.018048780487804922
without_gated_random,Frangieh_Coculture_IL2STAT5,Frangieh,7,0.1029268292682927
without_gated_random,Frangieh_Coculture_IL2STAT5,Frangieh,8,0.07073170731707318
without_gated_random,Frangieh_Coculture_IL2STAT5,Frangieh,9,0.08487804878048781
without_gated_random,Frangieh_Coculture_IL2STAT5,Frangieh,10,0.016585365853658565
without_gated_random,Frangieh_Coculture_IL2STAT5,Frangieh,11,0.1029268292682927
without_gated_random,Frangieh_Coculture_IL2STAT5,Frangieh,12,0.10146341463414629
without_gated_random,Frangieh_Coculture_IL2STAT5,Frangieh,13,0.05853658536585361
without_gated_random,Frangieh_Coculture_IL2STAT5,Frangieh,14,0.05658536585365855
without_gated_random,Frangieh_Coculture_IL2STAT5,Frangieh,15,0.1673170731707317
without_gated_random,Frangieh_Coculture_IL2STAT5,Frangieh,16,0.06292682926829267
without_gated_random,Frangieh_Coculture_IL2STAT5,Frangieh,17,0.08780487804878048
without_gated_random,Frangieh_Coculture_IL2STAT5,Frangieh,18,0.0014634146341463232
without_gated_random,Frangieh_Coculture_IL2STAT5,Frangieh,19,0.08097560975609752
without_gated_random,Frangieh_Coculture_IL2STAT5,Frangieh,20,0.01317073170731706
without_gated_random,Frangieh_Coculture_IL2STAT5,Frangieh,21,0.08439024390243897
without_gated_random,Frangieh_Coculture_IL2STAT5,Frangieh,22,0.04731707317073173
without_gated_random,Frangieh_Coculture_IL2STAT5,Frangieh,23,0.07024390243902442
without_gated_random,Frangieh_Coculture_IL2STAT5,Frangieh,24,0.02829268292682926
without_gated_random,Frangieh_Coculture_IL2STAT5,Frangieh,25,0.08585365853658544
without_gated_random,Frangieh_Coculture_IL2STAT5,Frangieh,26,0.020487804878048722
without_gated_random,Frangieh_Coculture_IL2STAT5,Frangieh,27,0.010243902439024394
without_gated_random,Frangieh_Coculture_IL2STAT5,Frangieh,28,0.050731707317073174
without_gated_random,Frangieh_Coculture_IL2STAT5,Frangieh,29,0.04390243902439025
without_gated_random,Frangieh_Coculture_TNFA,Frangieh,0,0.041951219512195104
without_gated_random,Frangieh_Coculture_TNFA,Frangieh,1,0.08536585365853659
without_gated_random,Frangieh_Coculture_TNFA,Frangieh,2,0.029756097560975626
without_gated_random,Frangieh_Coculture_TNFA,Frangieh,3,0.041951219512195104
without_gated_random,Frangieh_Coculture_TNFA,Frangieh,4,0.033658536585365835
without_gated_random,Frangieh_Coculture_TNFA,Frangieh,5,0.09707317073170729
without_gated_random,Frangieh_Coculture_TNFA,Frangieh,6,0.005853658536585333
without_gated_random,Frangieh_Coculture_TNFA,Frangieh,7,0.03560975609756092
without_gated_random,Frangieh_Coculture_TNFA,Frangieh,8,0.016097560975609663
without_gated_random,Frangieh_Coculture_TNFA,Frangieh,9,0.037560975609756096
without_gated_random,Frangieh_Coculture_TNFA,Frangieh,10,0.06926829268292681
without_gated_random,Frangieh_Coculture_TNFA,Frangieh,11,-0.007317073170731636
without_gated_random,Frangieh_Coculture_TNFA,Frangieh,12,-0.05024390243902437
without_gated_random,Frangieh_Coculture_TNFA,Frangieh,13,0.006341463414634167
without_gated_random,Frangieh_Coculture_TNFA,Frangieh,14,0.026829268292682874
without_gated_random,Frangieh_Coculture_TNFA,Frangieh,15,0.05073170731707324
without_gated_random,Frangieh_Coculture_TNFA,Frangieh,16,0.08487804878048774
without_gated_random,Frangieh_Coculture_TNFA,Frangieh,17,0.04243902439024392
without_gated_random,Frangieh_Coculture_TNFA,Frangieh,18,0.0034146341463414344
without_gated_random,Frangieh_Coculture_TNFA,Frangieh,19,0.02536585365853655
without_gated_random,Frangieh_Coculture_TNFA,Frangieh,20,0.00926829268292679
without_gated_random,Frangieh_Coculture_TNFA,Frangieh,21,0.01463414634146339
without_gated_random,Frangieh_Coculture_TNFA,Frangieh,22,0.07463414634146341
without_gated_random,Frangieh_Coculture_TNFA,Frangieh,23,3.663735981263017e-17
without_gated_random,Frangieh_Coculture_TNFA,Frangieh,24,0.06634146341463412
without_gated_random,Frangieh_Coculture_TNFA,Frangieh,25,0.015121951219512274
without_gated_random,Frangieh_Coculture_TNFA,Frangieh,26,0.038536585365853686
without_gated_random,Frangieh_Coculture_TNFA,Frangieh,27,0.07317073170731708
without_gated_random,Frangieh_Coculture_TNFA,Frangieh,28,0.005853658536585361
without_gated_random,Frangieh_Coculture_TNFA,Frangieh,29,0.010243902439024424
without_gated_random,Frangieh_Control_IFNG,Frangieh,0,-0.006153846153846183
without_gated_random,Frangieh_Control_IFNG,Frangieh,1,0.004615384615384577
without_gated_random,Frangieh_Control_IFNG,Frangieh,2,0.011282051282051292
without_gated_random,Frangieh_Control_IFNG,Frangieh,3,0.051794871794871765
without_gated_random,Frangieh_Control_IFNG,Frangieh,4,0.011794871794871865
without_gated_random,Frangieh_Control_IFNG,Frangieh,5,0.03846153846153845
without_gated_random,Frangieh_Control_IFNG,Frangieh,6,0.06564102564102567
without_gated_random,Frangieh_Control_IFNG,Frangieh,7,0.06512820512820515
without_gated_random,Frangieh_Control_IFNG,Frangieh,8,0.005128205128205118
without_gated_random,Frangieh_Control_IFNG,Frangieh,9,0.04871794871794868
without_gated_random,Frangieh_Control_IFNG,Frangieh,10,-0.046153846153846184
without_gated_random,Frangieh_Control_IFNG,Frangieh,11,0.1512820512820513
without_gated_random,Frangieh_Control_IFNG,Frangieh,12,0.006666666666666624
without_gated_random,Frangieh_Control_IFNG,Frangieh,13,-0.018461538461538488
without_gated_random,Frangieh_Control_IFNG,Frangieh,14,0.049230769230769196
without_gated_random,Frangieh_Control_IFNG,Frangieh,15,0.02717948717948712
without_gated_random,Frangieh_Control_IFNG,Frangieh,16,0.01435897435897429
without_gated_random,Frangieh_Control_IFNG,Frangieh,17,0.05128205128205134
without_gated_random,Frangieh_Control_IFNG,Frangieh,18,0.062051282051282054
without_gated_random,Frangieh_Control_IFNG,Frangieh,19,0.049230769230769196
without_gated_random,Frangieh_Control_IFNG,Frangieh,20,0.08461538461538459
without_gated_random,Frangieh_Control_IFNG,Frangieh,21,0.028717948717948708
without_gated_random,Frangieh_Control_IFNG,Frangieh,22,-0.08871794871794876
without_gated_random,Frangieh_Control_IFNG,Frangieh,23,0.11282051282051285
without_gated_random,Frangieh_Control_IFNG,Frangieh,24,0.10564102564102568
without_gated_random,Frangieh_Control_IFNG,Frangieh,25,0.06923076923076922
without_gated_random,Frangieh_Control_IFNG,Frangieh,26,0.04512820512820515
without_gated_random,Frangieh_Control_IFNG,Frangieh,27,0.04102564102564107
without_gated_random,Frangieh_Control_IFNG,Frangieh,28,0.06358974358974362
without_gated_random,Frangieh_Control_IFNG,Frangieh,29,0.1476923076923077
without_gated_random,Frangieh_Control_IL2STAT5,Frangieh,0,0.07230769230769231
without_gated_random,Frangieh_Control_IL2STAT5,Frangieh,1,0.0487179487179487
without_gated_random,Frangieh_Control_IL2STAT5,Frangieh,2,-0.06051282051282052
without_gated_random,Frangieh_Control_IL2STAT5,Frangieh,3,0.002564102564102549
without_gated_random,Frangieh_Control_IL2STAT5,Frangieh,4,-0.02051282051282056
without_gated_random,Frangieh_Control_IL2STAT5,Frangieh,5,5.2180482157382354e-17
without_gated_random,Frangieh_Control_IL2STAT5,Frangieh,6,-0.007692307692307709
without_gated_random,Frangieh_Control_IL2STAT5,Frangieh,7,0.017948717948717892
without_gated_random,Frangieh_Control_IL2STAT5,Frangieh,8,0.014871794871794885
without_gated_random,Frangieh_Control_IL2STAT5,Frangieh,9,0.0010256410256410014
without_gated_random,Frangieh_Control_IL2STAT5,Frangieh,10,-0.013846153846153796
without_gated_random,Frangieh_Control_IL2STAT5,Frangieh,11,0.10051282051282051
without_gated_random,Frangieh_Control_IL2STAT5,Frangieh,12,0.03794871794871788
without_gated_random,Frangieh_Control_IL2STAT5,Frangieh,13,0.031282051282051276
without_gated_random,Frangieh_Control_IL2STAT5,Frangieh,14,-0.010256410256410341
without_gated_random,Frangieh_Control_IL2STAT5,Frangieh,15,-0.033846153846153894
without_gated_random,Frangieh_Control_IL2STAT5,Frangieh,16,0.07025641025641027
without_gated_random,Frangieh_Control_IL2STAT5,Frangieh,17,-0.018461538461538383
without_gated_random,Frangieh_Control_IL2STAT5,Frangieh,18,0.04256410256410256
without_gated_random,Frangieh_Control_IL2STAT5,Frangieh,19,0.011794871794871762
without_gated_random,Frangieh_Control_IL2STAT5,Frangieh,20,0.013846153846153843
without_gated_random,Frangieh_Control_IL2STAT5,Frangieh,21,-0.008717948717948685
without_gated_random,Frangieh_Control_IL2STAT5,Frangieh,22,0.07435897435897443
without_gated_random,Frangieh_Control_IL2STAT5,Frangieh,23,0.06307692307692306
without_gated_random,Frangieh_Control_IL2STAT5,Frangieh,24,0.11589743589743591
without_gated_random,Frangieh_Control_IL2STAT5,Frangieh,25,-0.005641025641025626
without_gated_random,Frangieh_Control_IL2STAT5,Frangieh,26,-0.005128205128205083
without_gated_random,Frangieh_Control_IL2STAT5,Frangieh,27,0.018974358974359024
without_gated_random,Frangieh_Control_IL2STAT5,Frangieh,28,0.07846153846153846
without_gated_random,Frangieh_Control_IL2STAT5,Frangieh,29,-0.036923076923076954
without_gated_random,Frangieh_Control_TNFA,Frangieh,0,0.05538461538461542
without_gated_random,Frangieh_Control_TNFA,Frangieh,1,0.06871794871794867
without_gated_random,Frangieh_Control_TNFA,Frangieh,2,0.025128205128205138
without_gated_random,Frangieh_Control_TNFA,Frangieh,3,0.12358974358974362
without_gated_random,Frangieh_Control_TNFA,Frangieh,4,0.014358974358974373
without_gated_random,Frangieh_Control_TNFA,Frangieh,5,0.09743589743589741
without_gated_random,Frangieh_Control_TNFA,Frangieh,6,0.0297435897435897
without_gated_random,Frangieh_Control_TNFA,Frangieh,7,0.12051282051282053
without_gated_random,Frangieh_Control_TNFA,Frangieh,8,0.06410256410256406
without_gated_random,Frangieh_Control_TNFA,Frangieh,9,0.05076923076923077
without_gated_random,Frangieh_Control_TNFA,Frangieh,10,0.02205128205128201
without_gated_random,Frangieh_Control_TNFA,Frangieh,11,0.043589743589743574
without_gated_random,Frangieh_Control_TNFA,Frangieh,12,0.13589743589743591
without_gated_random,Frangieh_Control_TNFA,Frangieh,13,0.09282051282051279
without_gated_random,Frangieh_Control_TNFA,Frangieh,14,0.1292307692307692
without_gated_random,Frangieh_Control_TNFA,Frangieh,15,0.1943589743589743
without_gated_random,Frangieh_Control_TNFA,Frangieh,16,0.0753846153846154
without_gated_random,Frangieh_Control_TNFA,Frangieh,17,0.015384615384615387
without_gated_random,Frangieh_Control_TNFA,Frangieh,18,0.09743589743589745
without_gated_random,Frangieh_Control_TNFA,Frangieh,19,0.1835897435897436
without_gated_random,Frangieh_Control_TNFA,Frangieh,20,0.10769230769230767
without_gated_random,Frangieh_Control_TNFA,Frangieh,21,0.013333333333333334
without_gated_random,Frangieh_Control_TNFA,Frangieh,22,0.1528205128205128
without_gated_random,Frangieh_Control_TNFA,Frangieh,23,0.04205128205128199
without_gated_random,Frangieh_Control_TNFA,Frangieh,24,0.025128205128205086
without_gated_random,Frangieh_Control_TNFA,Frangieh,25,0.030256410256410224
without_gated_random,Frangieh_Control_TNFA,Frangieh,26,0.12153846153846154
without_gated_random,Frangieh_Control_TNFA,Frangieh,27,0.05435897435897437
without_gated_random,Frangieh_Control_TNFA,Frangieh,28,0.006153846153846126
without_gated_random,Frangieh_Control_TNFA,Frangieh,29,0.11384615384615385
without_gated_random,Frangieh_IFNg_IFNG,Frangieh,0,0.14139534883720933
without_gated_random,Frangieh_IFNg_IFNG,Frangieh,1,0.0623255813953488
without_gated_random,Frangieh_IFNg_IFNG,Frangieh,2,0.05441860465116279
without_gated_random,Frangieh_IFNg_IFNG,Frangieh,3,0.03720930232558141
without_gated_random,Frangieh_IFNg_IFNG,Frangieh,4,0.06418604651162797
without_gated_random,Frangieh_IFNg_IFNG,Frangieh,5,0.06418604651162786
without_gated_random,Frangieh_IFNg_IFNG,Frangieh,6,0.09116279069767447
without_gated_random,Frangieh_IFNg_IFNG,Frangieh,7,0.029302325581395356
without_gated_random,Frangieh_IFNg_IFNG,Frangieh,8,0.07209302325581392
without_gated_random,Frangieh_IFNg_IFNG,Frangieh,9,0.02046511627906985
without_gated_random,Frangieh_IFNg_IFNG,Frangieh,10,0.04418604651162791
without_gated_random,Frangieh_IFNg_IFNG,Frangieh,11,0.0493023255813954
without_gated_random,Frangieh_IFNg_IFNG,Frangieh,12,0.06325581395348837
without_gated_random,Frangieh_IFNg_IFNG,Frangieh,13,0.03627906976744188
without_gated_random,Frangieh_IFNg_IFNG,Frangieh,14,0.04558139534883723
without_gated_random,Frangieh_IFNg_IFNG,Frangieh,15,0.011627906976744212
without_gated_random,Frangieh_IFNg_IFNG,Frangieh,16,0.0060465116279070285
without_gated_random,Frangieh_IFNg_IFNG,Frangieh,17,0.08930232558139534
without_gated_random,Frangieh_IFNg_IFNG,Frangieh,18,0.03953488372093024
without_gated_random,Frangieh_IFNg_IFNG,Frangieh,19,-0.0009302325581395165
without_gated_random,Frangieh_IFNg_IFNG,Frangieh,20,0.08418604651162784
without_gated_random,Frangieh_IFNg_IFNG,Frangieh,21,0.04837209302325579
without_gated_random,Frangieh_IFNg_IFNG,Frangieh,22,0.06232558139534882
without_gated_random,Frangieh_IFNg_IFNG,Frangieh,23,0.07023255813953494
without_gated_random,Frangieh_IFNg_IFNG,Frangieh,24,0.02
without_gated_random,Frangieh_IFNg_IFNG,Frangieh,25,0.1046511627906977
without_gated_random,Frangieh_IFNg_IFNG,Frangieh,26,-0.012093023255813937
without_gated_random,Frangieh_IFNg_IFNG,Frangieh,27,0.03953488372093026
without_gated_random,Frangieh_IFNg_IFNG,Frangieh,28,0.066046511627907
without_gated_random,Frangieh_IFNg_IFNG,Frangieh,29,0.04325581395348833
without_gated_random,Frangieh_IFNg_IL2STAT5,Frangieh,0,0.10976744186046514
without_gated_random,Frangieh_IFNg_IL2STAT5,Frangieh,1,0.0697674418604651
without_gated_random,Frangieh_IFNg_IL2STAT5,Frangieh,2,0.06511627906976743
without_gated_random,Frangieh_IFNg_IL2STAT5,Frangieh,3,0.18046511627906983
without_gated_random,Frangieh_IFNg_IL2STAT5,Frangieh,4,0.06604651162790696
without_gated_random,Frangieh_IFNg_IL2STAT5,Frangieh,5,0.08930232558139535
without_gated_random,Frangieh_IFNg_IL2STAT5,Frangieh,6,0.05953488372093013
without_gated_random,Frangieh_IFNg_IL2STAT5,Frangieh,7,0.06465116279069769
without_gated_random,Frangieh_IFNg_IL2STAT5,Frangieh,8,0.07162790697674422
without_gated_random,Frangieh_IFNg_IL2STAT5,Frangieh,9,0.016279069767441832
without_gated_random,Frangieh_IFNg_IL2STAT5,Frangieh,10,0.1055813953488372
without_gated_random,Frangieh_IFNg_IL2STAT5,Frangieh,11,0.10093023255813956
without_gated_random,Frangieh_IFNg_IL2STAT5,Frangieh,12,0.11581395348837216
without_gated_random,Frangieh_IFNg_IL2STAT5,Frangieh,13,0.031627906976744176
without_gated_random,Frangieh_IFNg_IL2STAT5,Frangieh,14,0.09395348837209298
without_gated_random,Frangieh_IFNg_IL2STAT5,Frangieh,15,0.12976744186046515
without_gated_random,Frangieh_IFNg_IL2STAT5,Frangieh,16,0.192093023255814
without_gated_random,Frangieh_IFNg_IL2STAT5,Frangieh,17,0.06604651162790694
without_gated_random,Frangieh_IFNg_IL2STAT5,Frangieh,18,0.07534883720930226
without_gated_random,Frangieh_IFNg_IL2STAT5,Frangieh,19,0.055348837209302316
without_gated_random,Frangieh_IFNg_IL2STAT5,Frangieh,20,0.13674418604651165
without_gated_random,Frangieh_IFNg_IL2STAT5,Frangieh,21,0.09627906976744181
without_gated_random,Frangieh_IFNg_IL2STAT5,Frangieh,22,0.15581395348837207
without_gated_random,Frangieh_IFNg_IL2STAT5,Frangieh,23,0.09069767441860462
without_gated_random,Frangieh_IFNg_IL2STAT5,Frangieh,24,0.1553488372093024
without_gated_random,Frangieh_IFNg_IL2STAT5,Frangieh,25,0.019069767441860574
without_gated_random,Frangieh_IFNg_IL2STAT5,Frangieh,26,-0.02372093023255814
without_gated_random,Frangieh_IFNg_IL2STAT5,Frangieh,27,0.11581395348837205
without_gated_random,Frangieh_IFNg_IL2STAT5,Frangieh,28,0.10279069767441865
without_gated_random,Frangieh_IFNg_IL2STAT5,Frangieh,29,0.11209302325581401
without_gated_random,Frangieh_IFNg_TNFA,Frangieh,0,0.05860465116279071
without_gated_random,Frangieh_IFNg_TNFA,Frangieh,1,0.15162790697674422
without_gated_random,Frangieh_IFNg_TNFA,Frangieh,2,0.08000000000000002
without_gated_random,Frangieh_IFNg_TNFA,Frangieh,3,0.04930232558139536
without_gated_random,Frangieh_IFNg_TNFA,Frangieh,4,-0.005581395348837183
without_gated_random,Frangieh_IFNg_TNFA,Frangieh,5,0.0134883720930232
without_gated_random,Frangieh_IFNg_TNFA,Frangieh,6,0.04837209302325585
without_gated_random,Frangieh_IFNg_TNFA,Frangieh,7,0.09255813953488373
without_gated_random,Frangieh_IFNg_TNFA,Frangieh,8,0.0586046511627907
without_gated_random,Frangieh_IFNg_TNFA,Frangieh,9,0.1065116279069767
without_gated_random,Frangieh_IFNg_TNFA,Frangieh,10,0.07441860465116279
without_gated_random,Frangieh_IFNg_TNFA,Frangieh,11,0.10465116279069761
without_gated_random,Frangieh_IFNg_TNFA,Frangieh,12,0.06837209302325582
without_gated_random,Frangieh_IFNg_TNFA,Frangieh,13,0.06837209302325586
without_gated_random,Frangieh_IFNg_TNFA,Frangieh,14,0.07720930232558144
without_gated_random,Frangieh_IFNg_TNFA,Frangieh,15,0.06372093023255813
without_gated_random,Frangieh_IFNg_TNFA,Frangieh,16,0.03813953488372095
without_gated_random,Frangieh_IFNg_TNFA,Frangieh,17,0.06511627906976739
without_gated_random,Frangieh_IFNg_TNFA,Frangieh,18,0.0065116279069767444
without_gated_random,Frangieh_IFNg_TNFA,Frangieh,19,0.07906976744186044
without_gated_random,Frangieh_IFNg_TNFA,Frangieh,20,0.05069767441860473
without_gated_random,Frangieh_IFNg_TNFA,Frangieh,21,0.06232558139534887
without_gated_random,Frangieh_IFNg_TNFA,Frangieh,22,0.04837209302325585
without_gated_random,Frangieh_IFNg_TNFA,Frangieh,23,0.04465116279069763
without_gated_random,Frangieh_IFNg_TNFA,Frangieh,24,0.06372093023255807
without_gated_random,Frangieh_IFNg_TNFA,Frangieh,25,0.06930232558139532
without_gated_random,Frangieh_IFNg_TNFA,Frangieh,26,0.06000000000000005
without_gated_random,Frangieh_IFNg_TNFA,Frangieh,27,0.07674418604651159
without_gated_random,Frangieh_IFNg_TNFA,Frangieh,28,0.006511627906976717
without_gated_random,Frangieh_IFNg_TNFA,Frangieh,29,0.11581395348837205
without_gated_random,Papalexi_IFNg_IFNG,Papalexi,0,0.009999999999999986
without_gated_random,Papalexi_IFNg_IFNG,Papalexi,1,-1.6653345369377347e-17
without_gated_random,Papalexi_IFNg_IFNG,Papalexi,2,0.0766666666666667
without_gated_random,Papalexi_IFNg_IFNG,Papalexi,3,0.09333333333333335
without_gated_random,Papalexi_IFNg_IFNG,Papalexi,4,0.07333333333333333
without_gated_random,Papalexi_IFNg_IFNG,Papalexi,5,0.05333333333333334
without_gated_random,Papalexi_IFNg_IFNG,Papalexi,6,0.0
without_gated_random,Papalexi_IFNg_IFNG,Papalexi,7,0.17
without_gated_random,Papalexi_IFNg_IFNG,Papalexi,8,0.0
without_gated_random,Papalexi_IFNg_IFNG,Papalexi,9,0.1033333333333333
without_gated_random,Papalexi_IFNg_IFNG,Papalexi,10,0.06999999999999999
without_gated_random,Papalexi_IFNg_IFNG,Papalexi,11,0.0
without_gated_random,Papalexi_IFNg_IFNG,Papalexi,12,0.023333333333333338
without_gated_random,Papalexi_IFNg_IFNG,Papalexi,13,0.0
without_gated_random,Papalexi_IFNg_IFNG,Papalexi,14,3.9968028886505634e-17
without_gated_random,Papalexi_IFNg_IFNG,Papalexi,15,0.20333333333333337
without_gated_random,Papalexi_IFNg_IFNG,Papalexi,16,0.06666666666666667
without_gated_random,Papalexi_IFNg_IFNG,Papalexi,17,0.06000000000000003
without_gated_random,Papalexi_IFNg_IFNG,Papalexi,18,0.0
without_gated_random,Papalexi_IFNg_IFNG,Papalexi,19,0.0
without_gated_random,Papalexi_IFNg_IFNG,Papalexi,20,0.0
without_gated_random,Papalexi_IFNg_IFNG,Papalexi,21,-0.07
without_gated_random,Papalexi_IFNg_IFNG,Papalexi,22,0.05
without_gated_random,Papalexi_IFNg_IFNG,Papalexi,23,0.0033333333333333344
without_gated_random,Papalexi_IFNg_IFNG,Papalexi,24,0.0
without_gated_random,Papalexi_IFNg_IFNG,Papalexi,25,0.07333333333333332
without_gated_random,Papalexi_IFNg_IFNG,Papalexi,26,-1.9984014443252817e-17
without_gated_random,Papalexi_IFNg_IFNG,Papalexi,27,0.0
without_gated_random,Papalexi_IFNg_IFNG,Papalexi,28,0.04333333333333334
without_gated_random,Papalexi_IFNg_IFNG,Papalexi,29,0.09333333333333334
without_gated_random,Papalexi_IFNg_IL2STAT5,Papalexi,0,0.0
without_gated_random,Papalexi_IFNg_IL2STAT5,Papalexi,1,0.0
without_gated_random,Papalexi_IFNg_IL2STAT5,Papalexi,2,0.0
without_gated_random,Papalexi_IFNg_IL2STAT5,Papalexi,3,0.0
without_gated_random,Papalexi_IFNg_IL2STAT5,Papalexi,4,0.0
without_gated_random,Papalexi_IFNg_IL2STAT5,Papalexi,5,0.0
without_gated_random,Papalexi_IFNg_IL2STAT5,Papalexi,6,0.0
without_gated_random,Papalexi_IFNg_IL2STAT5,Papalexi,7,0.0
without_gated_random,Papalexi_IFNg_IL2STAT5,Papalexi,8,-0.09333333333333332
without_gated_random,Papalexi_IFNg_IL2STAT5,Papalexi,9,-1.27675647831893e-17
without_gated_random,Papalexi_IFNg_IL2STAT5,Papalexi,10,1.4988010832439614e-17
without_gated_random,Papalexi_IFNg_IL2STAT5,Papalexi,11,3.219646771412954e-17
without_gated_random,Papalexi_IFNg_IL2STAT5,Papalexi,12,0.0
without_gated_random,Papalexi_IFNg_IL2STAT5,Papalexi,13,0.0
without_gated_random,Papalexi_IFNg_IL2STAT5,Papalexi,14,0.0
without_gated_random,Papalexi_IFNg_IL2STAT5,Papalexi,15,0.0866666666666667
without_gated_random,Papalexi_IFNg_IL2STAT5,Papalexi,16,-2.997602166487923e-17
without_gated_random,Papalexi_IFNg_IL2STAT5,Papalexi,17,0.0
without_gated_random,Papalexi_IFNg_IL2STAT5,Papalexi,18,0.05333333333333334
without_gated_random,Papalexi_IFNg_IL2STAT5,Papalexi,19,0.0
without_gated_random,Papalexi_IFNg_IL2STAT5,Papalexi,20,0.08333333333333336
without_gated_random,Papalexi_IFNg_IL2STAT5,Papalexi,21,-0.11333333333333334
without_gated_random,Papalexi_IFNg_IL2STAT5,Papalexi,22,-0.01
without_gated_random,Papalexi_IFNg_IL2STAT5,Papalexi,23,0.09666666666666669
without_gated_random,Papalexi_IFNg_IL2STAT5,Papalexi,24,0.04333333333333333
without_gated_random,Papalexi_IFNg_IL2STAT5,Papalexi,25,-3.552713678800501e-17
without_gated_random,Papalexi_IFNg_IL2STAT5,Papalexi,26,0.0
without_gated_random,Papalexi_IFNg_IL2STAT5,Papalexi,27,0.09333333333333334
without_gated_random,Papalexi_IFNg_IL2STAT5,Papalexi,28,0.04333333333333334
without_gated_random,Papalexi_IFNg_IL2STAT5,Papalexi,29,0.0
without_gated_random,Papalexi_IFNg_TNFA,Papalexi,0,0.0
without_gated_random,Papalexi_IFNg_TNFA,Papalexi,1,0.0
without_gated_random,Papalexi_IFNg_TNFA,Papalexi,2,0.0
without_gated_random,Papalexi_IFNg_TNFA,Papalexi,3,0.0
without_gated_random,Papalexi_IFNg_TNFA,Papalexi,4,1.7208456881689926e-17
without_gated_random,Papalexi_IFNg_TNFA,Papalexi,5,0.05333333333333334
without_gated_random,Papalexi_IFNg_TNFA,Papalexi,6,-0.12333333333333332
without_gated_random,Papalexi_IFNg_TNFA,Papalexi,7,0.0
without_gated_random,Papalexi_IFNg_TNFA,Papalexi,8,-0.020000000000000004
without_gated_random,Papalexi_IFNg_TNFA,Papalexi,9,0.0
without_gated_random,Papalexi_IFNg_TNFA,Papalexi,10,-1.9984014443252817e-17
without_gated_random,Papalexi_IFNg_TNFA,Papalexi,11,2.1649348980190553e-17
without_gated_random,Papalexi_IFNg_TNFA,Papalexi,12,-0.06
without_gated_random,Papalexi_IFNg_TNFA,Papalexi,13,1.3877787807814457e-17
without_gated_random,Papalexi_IFNg_TNFA,Papalexi,14,0.0
without_gated_random,Papalexi_IFNg_TNFA,Papalexi,15,0.0733333333333333
without_gated_random,Papalexi_IFNg_TNFA,Papalexi,16,0.0
without_gated_random,Papalexi_IFNg_TNFA,Papalexi,17,0.0
without_gated_random,Papalexi_IFNg_TNFA,Papalexi,18,0.0
without_gated_random,Papalexi_IFNg_TNFA,Papalexi,19,-0.10666666666666666
without_gated_random,Papalexi_IFNg_TNFA,Papalexi,20,0.10333333333333336
without_gated_random,Papalexi_IFNg_TNFA,Papalexi,21,-0.09333333333333335
without_gated_random,Papalexi_IFNg_TNFA,Papalexi,22,-0.02
without_gated_random,Papalexi_IFNg_TNFA,Papalexi,23,-0.010000000000000002
without_gated_random,Papalexi_IFNg_TNFA,Papalexi,24,0.0
without_gated_random,Papalexi_IFNg_TNFA,Papalexi,25,0.0
without_gated_random,Papalexi_IFNg_TNFA,Papalexi,26,0.0
without_gated_random,Papalexi_IFNg_TNFA,Papalexi,27,0.03333333333333335
without_gated_random,Papalexi_IFNg_TNFA,Papalexi,28,0.04333333333333334
without_gated_random,Papalexi_IFNg_TNFA,Papalexi,29,0.0
without_gated_random,Tian_all_IFNG,Tian,0,0.023333333333333314
without_gated_random,Tian_all_IFNG,Tian,1,0.0033333333333332893
without_gated_random,Tian_all_IFNG,Tian,2,-0.0057142857142857785
without_gated_random,Tian_all_IFNG,Tian,3,0.06428571428571436
without_gated_random,Tian_all_IFNG,Tian,4,0.05571428571428571
without_gated_random,Tian_all_IFNG,Tian,5,0.011904761904761894
without_gated_random,Tian_all_IFNG,Tian,6,0.04238095238095245
without_gated_random,Tian_all_IFNG,Tian,7,0.08380952380952385
without_gated_random,Tian_all_IFNG,Tian,8,0.025714285714285717
without_gated_random,Tian_all_IFNG,Tian,9,0.0852380952380953
without_gated_random,Tian_all_IFNG,Tian,10,-0.036190476190476245
without_gated_random,Tian_all_IFNG,Tian,11,0.03952380952380949
without_gated_random,Tian_all_IFNG,Tian,12,-0.050952380952380985
without_gated_random,Tian_all_IFNG,Tian,13,0.03190476190476189
without_gated_random,Tian_all_IFNG,Tian,14,0.09523809523809534
without_gated_random,Tian_all_IFNG,Tian,15,0.010952380952380943
without_gated_random,Tian_all_IFNG,Tian,16,0.01714285714285717
without_gated_random,Tian_all_IFNG,Tian,17,0.04095238095238097
without_gated_random,Tian_all_IFNG,Tian,18,0.07285714285714283
without_gated_random,Tian_all_IFNG,Tian,19,0.08000000000000002
without_gated_random,Tian_all_IFNG,Tian,20,0.02190476190476189
without_gated_random,Tian_all_IFNG,Tian,21,0.016190476190476116
without_gated_random,Tian_all_IFNG,Tian,22,0.04619047619047627
without_gated_random,Tian_all_IFNG,Tian,23,0.028095238095238072
without_gated_random,Tian_all_IFNG,Tian,24,0.03571428571428568
without_gated_random,Tian_all_IFNG,Tian,25,0.1385714285714285
without_gated_random,Tian_all_IFNG,Tian,26,0.10380952380952375
without_gated_random,Tian_all_IFNG,Tian,27,0.007142857142857217
without_gated_random,Tian_all_IFNG,Tian,28,0.03523809523809521
without_gated_random,Tian_all_IFNG,Tian,29,0.0480952380952382
without_gated_random,Tian_all_IL2STAT5,Tian,0,0.024285714285714306
without_gated_random,Tian_all_IL2STAT5,Tian,1,0.11523809523809525
without_gated_random,Tian_all_IL2STAT5,Tian,2,0.014761904761904754
without_gated_random,Tian_all_IL2STAT5,Tian,3,0.023333333333333303
without_gated_random,Tian_all_IL2STAT5,Tian,4,0.07047619047619044
without_gated_random,Tian_all_IL2STAT5,Tian,5,0.0047619047619047615
without_gated_random,Tian_all_IL2STAT5,Tian,6,0.09523809523809518
without_gated_random,Tian_all_IL2STAT5,Tian,7,0.011904761904761897
without_gated_random,Tian_all_IL2STAT5,Tian,8,0.03380952380952377
without_gated_random,Tian_all_IL2STAT5,Tian,9,0.03666666666666663
without_gated_random,Tian_all_IL2STAT5,Tian,10,0.07380952380952384
without_gated_random,Tian_all_IL2STAT5,Tian,11,-0.024761904761904728
without_gated_random,Tian_all_IL2STAT5,Tian,12,0.00047619047619049115
without_gated_random,Tian_all_IL2STAT5,Tian,13,0.030000000000000006
without_gated_random,Tian_all_IL2STAT5,Tian,14,-0.005714285714285722
without_gated_random,Tian_all_IL2STAT5,Tian,15,0.011428571428571394
without_gated_random,Tian_all_IL2STAT5,Tian,16,-0.005714285714285648
without_gated_random,Tian_all_IL2STAT5,Tian,17,0.023809523809523857
without_gated_random,Tian_all_IL2STAT5,Tian,18,0.12809523809523815
without_gated_random,Tian_all_IL2STAT5,Tian,19,-0.07047619047619047
without_gated_random,Tian_all_IL2STAT5,Tian,20,-0.004761904761904724
without_gated_random,Tian_all_IL2STAT5,Tian,21,0.06095238095238095
without_gated_random,Tian_all_IL2STAT5,Tian,22,0.04571428571428569
without_gated_random,Tian_all_IL2STAT5,Tian,23,0.014285714285714284
without_gated_random,Tian_all_IL2STAT5,Tian,24,0.10809523809523804
without_gated_random,Tian_all_IL2STAT5,Tian,25,0.07095238095238093
without_gated_random,Tian_all_IL2STAT5,Tian,26,0.06952380952380956
without_gated_random,Tian_all_IL2STAT5,Tian,27,0.0733333333333333
without_gated_random,Tian_all_IL2STAT5,Tian,28,0.001904761904761918
without_gated_random,Tian_all_IL2STAT5,Tian,29,0.021428571428571474
without_gated_random,Tian_all_TNFA,Tian,0,0.02714285714285712
without_gated_random,Tian_all_TNFA,Tian,1,0.1185714285714286
without_gated_random,Tian_all_TNFA,Tian,2,0.08571428571428566
without_gated_random,Tian_all_TNFA,Tian,3,0.04238095238095239
without_gated_random,Tian_all_TNFA,Tian,4,0.011428571428571404
without_gated_random,Tian_all_TNFA,Tian,5,0.07190476190476189
without_gated_random,Tian_all_TNFA,Tian,6,0.0695238095238095
without_gated_random,Tian_all_TNFA,Tian,7,0.07952380952380951
without_gated_random,Tian_all_TNFA,Tian,8,0.051428571428571414
without_gated_random,Tian_all_TNFA,Tian,9,-0.010000000000000073
without_gated_random,Tian_all_TNFA,Tian,10,0.03571428571428569
without_gated_random,Tian_all_TNFA,Tian,11,-0.03190476190476191
without_gated_random,Tian_all_TNFA,Tian,12,0.06142857142857145
without_gated_random,Tian_all_TNFA,Tian,13,0.04333333333333338
without_gated_random,Tian_all_TNFA,Tian,14,-0.028571428571428602
without_gated_random,Tian_all_TNFA,Tian,15,-0.00666666666666676
without_gated_random,Tian_all_TNFA,Tian,16,0.043809523809523764
without_gated_random,Tian_all_TNFA,Tian,17,0.03809523809523808
without_gated_random,Tian_all_TNFA,Tian,18,0.09142857142857144
without_gated_random,Tian_all_TNFA,Tian,19,0.0657142857142857
without_gated_random,Tian_all_TNFA,Tian,20,0.06142857142857151
without_gated_random,Tian_all_TNFA,Tian,21,0.0038095238095238004
without_gated_random,Tian_all_TNFA,Tian,22,0.10047619047619055
without_gated_random,Tian_all_TNFA,Tian,23,0.02095238095238102
without_gated_random,Tian_all_TNFA,Tian,24,0.036190476190476224
without_gated_random,Tian_all_TNFA,Tian,25,0.06714285714285712
without_gated_random,Tian_all_TNFA,Tian,26,0.1052380952380952
without_gated_random,Tian_all_TNFA,Tian,27,-0.023809523809523867
without_gated_random,Tian_all_TNFA,Tian,28,0.04428571428571429
without_gated_random,Tian_all_TNFA,Tian,29,0.09571428571428568
without_greedy_ridge,Frangieh_Coculture_IFNG,Frangieh,0,0.042439024390243885
without_greedy_ridge,Frangieh_Coculture_IFNG,Frangieh,1,0.04536585365853656
without_greedy_ridge,Frangieh_Coculture_IFNG,Frangieh,2,0.060487804878048765
without_greedy_ridge,Frangieh_Coculture_IFNG,Frangieh,3,0.06682926829268299
without_greedy_ridge,Frangieh_Coculture_IFNG,Frangieh,4,-0.10146341463414639
without_greedy_ridge,Frangieh_Coculture_IFNG,Frangieh,5,0.04195121951219509
without_greedy_ridge,Frangieh_Coculture_IFNG,Frangieh,6,0.035121951219512185
without_greedy_ridge,Frangieh_Coculture_IFNG,Frangieh,7,0.027317073170731714
without_greedy_ridge,Frangieh_Coculture_IFNG,Frangieh,8,0.03170731707317078
without_greedy_ridge,Frangieh_Coculture_IFNG,Frangieh,9,0.1131707317073171
without_greedy_ridge,Frangieh_Coculture_IFNG,Frangieh,10,0.03756097560975609
without_greedy_ridge,Frangieh_Coculture_IFNG,Frangieh,11,0.007317073170731676
without_greedy_ridge,Frangieh_Coculture_IFNG,Frangieh,12,0.0053658536585366075
without_greedy_ridge,Frangieh_Coculture_IFNG,Frangieh,13,0.002439024390243889
without_greedy_ridge,Frangieh_Coculture_IFNG,Frangieh,14,0.010731707317073095
without_greedy_ridge,Frangieh_Coculture_IFNG,Frangieh,15,0.0331707317073171
without_greedy_ridge,Frangieh_Coculture_IFNG,Frangieh,16,0.12195121951219509
without_greedy_ridge,Frangieh_Coculture_IFNG,Frangieh,17,0.017560975609756203
without_greedy_ridge,Frangieh_Coculture_IFNG,Frangieh,18,0.045853658536585365
without_greedy_ridge,Frangieh_Coculture_IFNG,Frangieh,19,0.010731707317073165
without_greedy_ridge,Frangieh_Coculture_IFNG,Frangieh,20,-0.04682926829268291
without_greedy_ridge,Frangieh_Coculture_IFNG,Frangieh,21,0.051219512195121907
without_greedy_ridge,Frangieh_Coculture_IFNG,Frangieh,22,0.010243902439024389
without_greedy_ridge,Frangieh_Coculture_IFNG,Frangieh,23,-0.08731707317073172
without_greedy_ridge,Frangieh_Coculture_IFNG,Frangieh,24,0.024390243902439036
without_greedy_ridge,Frangieh_Coculture_IFNG,Frangieh,25,0.08292682926829269
without_greedy_ridge,Frangieh_Coculture_IFNG,Frangieh,26,0.061463414634146306
without_greedy_ridge,Frangieh_Coculture_IFNG,Frangieh,27,0.04731707317073165
without_greedy_ridge,Frangieh_Coculture_IFNG,Frangieh,28,0.025365853658536556
without_greedy_ridge,Frangieh_Coculture_IFNG,Frangieh,29,0.09414634146341465
without_greedy_ridge,Frangieh_Coculture_IL2STAT5,Frangieh,0,0.07121951219512195
without_greedy_ridge,Frangieh_Coculture_IL2STAT5,Frangieh,1,0.1087804878048781
without_greedy_ridge,Frangieh_Coculture_IL2STAT5,Frangieh,2,0.01609756097560973
without_greedy_ridge,Frangieh_Coculture_IL2STAT5,Frangieh,3,0.04487804878048778
without_greedy_ridge,Frangieh_Coculture_IL2STAT5,Frangieh,4,-0.007317073170731729
without_greedy_ridge,Frangieh_Coculture_IL2STAT5,Frangieh,5,-0.006341463414634172
without_greedy_ridge,Frangieh_Coculture_IL2STAT5,Frangieh,6,-0.05317073170731712
without_greedy_ridge,Frangieh_Coculture_IL2STAT5,Frangieh,7,0.09902439024390246
without_greedy_ridge,Frangieh_Coculture_IL2STAT5,Frangieh,8,0.08146341463414634
without_greedy_ridge,Frangieh_Coculture_IL2STAT5,Frangieh,9,0.0926829268292683
without_greedy_ridge,Frangieh_Coculture_IL2STAT5,Frangieh,10,0.024390243902439056
without_greedy_ridge,Frangieh_Coculture_IL2STAT5,Frangieh,11,0.07170731707317071
without_greedy_ridge,Frangieh_Coculture_IL2STAT5,Frangieh,12,0.10829268292682923
without_greedy_ridge,Frangieh_Coculture_IL2STAT5,Frangieh,13,0.0439024390243902
without_greedy_ridge,Frangieh_Coculture_IL2STAT5,Frangieh,14,0.07219512195121952
without_greedy_ridge,Frangieh_Coculture_IL2STAT5,Frangieh,15,0.14780487804878048
without_greedy_ridge,Frangieh_Coculture_IL2STAT5,Frangieh,16,0.0668292682926829
without_greedy_ridge,Frangieh_Coculture_IL2STAT5,Frangieh,17,0.056585365853658524
without_greedy_ridge,Frangieh_Coculture_IL2STAT5,Frangieh,18,0.028292682926829266
without_greedy_ridge,Frangieh_Coculture_IL2STAT5,Frangieh,19,0.09560975609756094
without_greedy_ridge,Frangieh_Coculture_IL2STAT5,Frangieh,20,0.005853658536585354
without_greedy_ridge,Frangieh_Coculture_IL2STAT5,Frangieh,21,0.10195121951219509
without_greedy_ridge,Frangieh_Coculture_IL2STAT5,Frangieh,22,0.04731707317073173
without_greedy_ridge,Frangieh_Coculture_IL2STAT5,Frangieh,23,0.08585365853658539
without_greedy_ridge,Frangieh_Coculture_IL2STAT5,Frangieh,24,0.03756097560975606
without_greedy_ridge,Frangieh_Coculture_IL2STAT5,Frangieh,25,0.08585365853658543
without_greedy_ridge,Frangieh_Coculture_IL2STAT5,Frangieh,26,0.0009756097560975129
without_greedy_ridge,Frangieh_Coculture_IL2STAT5,Frangieh,27,0.04926829268292685
without_greedy_ridge,Frangieh_Coculture_IL2STAT5,Frangieh,28,0.07219512195121952
without_greedy_ridge,Frangieh_Coculture_IL2STAT5,Frangieh,29,0.06146341463414636
without_greedy_ridge,Frangieh_Coculture_TNFA,Frangieh,0,0.05170731707317072
without_greedy_ridge,Frangieh_Coculture_TNFA,Frangieh,1,0.0878048780487805
without_greedy_ridge,Frangieh_Coculture_TNFA,Frangieh,2,0.029756097560975626
without_greedy_ridge,Frangieh_Coculture_TNFA,Frangieh,3,0.05463414634146338
without_greedy_ridge,Frangieh_Coculture_TNFA,Frangieh,4,0.031219512195121934
without_greedy_ridge,Frangieh_Coculture_TNFA,Frangieh,5,0.09317073170731704
without_greedy_ridge,Frangieh_Coculture_TNFA,Frangieh,6,-0.0004878048780488248
without_greedy_ridge,Frangieh_Coculture_TNFA,Frangieh,7,0.03170731707317068
without_greedy_ridge,Frangieh_Coculture_TNFA,Frangieh,8,0.028292682926829214
without_greedy_ridge,Frangieh_Coculture_TNFA,Frangieh,9,0.018048780487804884
without_greedy_ridge,Frangieh_Coculture_TNFA,Frangieh,10,0.08487804878048777
without_greedy_ridge,Frangieh_Coculture_TNFA,Frangieh,11,0.04341463414634154
without_greedy_ridge,Frangieh_Coculture_TNFA,Frangieh,12,0.03707317073170726
without_greedy_ridge,Frangieh_Coculture_TNFA,Frangieh,13,0.011219512195121984
without_greedy_ridge,Frangieh_Coculture_TNFA,Frangieh,14,0.016585365853658492
without_greedy_ridge,Frangieh_Coculture_TNFA,Frangieh,15,0.006829268292682855
without_greedy_ridge,Frangieh_Coculture_TNFA,Frangieh,16,0.05073170731707313
without_greedy_ridge,Frangieh_Coculture_TNFA,Frangieh,17,0.03317073170731711
without_greedy_ridge,Frangieh_Coculture_TNFA,Frangieh,18,0.008780487804878011
without_greedy_ridge,Frangieh_Coculture_TNFA,Frangieh,19,0.044878048780487755
without_greedy_ridge,Frangieh_Coculture_TNFA,Frangieh,20,0.005853658536585343
without_greedy_ridge,Frangieh_Coculture_TNFA,Frangieh,21,0.02292682926829267
without_greedy_ridge,Frangieh_Coculture_TNFA,Frangieh,22,0.023902439024390237
without_greedy_ridge,Frangieh_Coculture_TNFA,Frangieh,23,0.05756097560975614
without_greedy_ridge,Frangieh_Coculture_TNFA,Frangieh,24,0.03658536585365854
without_greedy_ridge,Frangieh_Coculture_TNFA,Frangieh,25,0.02000000000000007
without_greedy_ridge,Frangieh_Coculture_TNFA,Frangieh,26,0.01902439024390247
without_greedy_ridge,Frangieh_Coculture_TNFA,Frangieh,27,0.06439024390243903
without_greedy_ridge,Frangieh_Coculture_TNFA,Frangieh,28,0.005853658536585358
without_greedy_ridge,Frangieh_Coculture_TNFA,Frangieh,29,0.047804878048780496
without_greedy_ridge,Frangieh_Control_IFNG,Frangieh,0,-0.0348717948717949
without_greedy_ridge,Frangieh_Control_IFNG,Frangieh,1,0.08923076923076924
without_greedy_ridge,Frangieh_Control_IFNG,Frangieh,2,0.16307692307692306
without_greedy_ridge,Frangieh_Control_IFNG,Frangieh,3,0.051794871794871765
without_greedy_ridge,Frangieh_Control_IFNG,Frangieh,4,0.042564102564102625
without_greedy_ridge,Frangieh_Control_IFNG,Frangieh,5,0.03230769230769227
without_greedy_ridge,Frangieh_Control_IFNG,Frangieh,6,0.0656410256410257
without_greedy_ridge,Frangieh_Control_IFNG,Frangieh,7,0.08564102564102566
without_greedy_ridge,Frangieh_Control_IFNG,Frangieh,8,0.025128205128205093
without_greedy_ridge,Frangieh_Control_IFNG,Frangieh,9,0.05538461538461537
without_greedy_ridge,Frangieh_Control_IFNG,Frangieh,10,-0.04256410256410261
without_greedy_ridge,Frangieh_Control_IFNG,Frangieh,11,0.14615384615384616
without_greedy_ridge,Frangieh_Control_IFNG,Frangieh,12,0.0174358974358974
without_greedy_ridge,Frangieh_Control_IFNG,Frangieh,13,-0.008205128205128224
without_greedy_ridge,Frangieh_Control_IFNG,Frangieh,14,0.05333333333333329
without_greedy_ridge,Frangieh_Control_IFNG,Frangieh,15,0.03743589743589736
without_greedy_ridge,Frangieh_Control_IFNG,Frangieh,16,0.018461538461538404
without_greedy_ridge,Frangieh_Control_IFNG,Frangieh,17,0.10051282051282057
without_greedy_ridge,Frangieh_Control_IFNG,Frangieh,18,0.05641025641025641
without_greedy_ridge,Frangieh_Control_IFNG,Frangieh,19,0.049230769230769196
without_greedy_ridge,Frangieh_Control_IFNG,Frangieh,20,0.08717948717948715
without_greedy_ridge,Frangieh_Control_IFNG,Frangieh,21,0.037948717948717944
without_greedy_ridge,Frangieh_Control_IFNG,Frangieh,22,-0.07641025641025645
without_greedy_ridge,Frangieh_Control_IFNG,Frangieh,23,0.12923076923076926
without_greedy_ridge,Frangieh_Control_IFNG,Frangieh,24,0.10564102564102568
without_greedy_ridge,Frangieh_Control_IFNG,Frangieh,25,0.08717948717948718
without_greedy_ridge,Frangieh_Control_IFNG,Frangieh,26,0.01743589743589742
without_greedy_ridge,Frangieh_Control_IFNG,Frangieh,27,0.05641025641025644
without_greedy_ridge,Frangieh_Control_IFNG,Frangieh,28,0.06923076923076929
without_greedy_ridge,Frangieh_Control_IFNG,Frangieh,29,0.1661538461538462
without_greedy_ridge,Frangieh_Control_IL2STAT5,Frangieh,0,0.0928205128205128
without_greedy_ridge,Frangieh_Control_IL2STAT5,Frangieh,1,0.04358974358974357
without_greedy_ridge,Frangieh_Control_IL2STAT5,Frangieh,2,0.05230769230769239
without_greedy_ridge,Frangieh_Control_IL2STAT5,Frangieh,3,0.015897435897435874
without_greedy_ridge,Frangieh_Control_IL2STAT5,Frangieh,4,-0.030769230769230813
without_greedy_ridge,Frangieh_Control_IL2STAT5,Frangieh,5,0.0020512820512820994
without_greedy_ridge,Frangieh_Control_IL2STAT5,Frangieh,6,-0.010769230769230786
without_greedy_ridge,Frangieh_Control_IL2STAT5,Frangieh,7,-0.05076923076923073
without_greedy_ridge,Frangieh_Control_IL2STAT5,Frangieh,8,-0.024102564102564186
without_greedy_ridge,Frangieh_Control_IL2STAT5,Frangieh,9,0.024102564102564096
without_greedy_ridge,Frangieh_Control_IL2STAT5,Frangieh,10,-0.04666666666666663
without_greedy_ridge,Frangieh_Control_IL2STAT5,Frangieh,11,0.10051282051282051
without_greedy_ridge,Frangieh_Control_IL2STAT5,Frangieh,12,0.030769230769230695
without_greedy_ridge,Frangieh_Control_IL2STAT5,Frangieh,13,0.2158974358974359
without_greedy_ridge,Frangieh_Control_IL2STAT5,Frangieh,14,-0.018461538461538512
without_greedy_ridge,Frangieh_Control_IL2STAT5,Frangieh,15,-1.27675647831893e-17
without_greedy_ridge,Frangieh_Control_IL2STAT5,Frangieh,16,0.010769230769230798
without_greedy_ridge,Frangieh_Control_IL2STAT5,Frangieh,17,-0.04
without_greedy_ridge,Frangieh_Control_IL2STAT5,Frangieh,18,0.053846153846153856
without_greedy_ridge,Frangieh_Control_IL2STAT5,Frangieh,19,0.08307692307692312
without_greedy_ridge,Frangieh_Control_IL2STAT5,Frangieh,20,0.11179487179487177
without_greedy_ridge,Frangieh_Control_IL2STAT5,Frangieh,21,-0.030769230769230688
without_greedy_ridge,Frangieh_Control_IL2STAT5,Frangieh,22,0.07846153846153854
without_greedy_ridge,Frangieh_Control_IL2STAT5,Frangieh,23,0.042564102564102556
without_greedy_ridge,Frangieh_Control_IL2STAT5,Frangieh,24,0.12307692307692313
without_greedy_ridge,Frangieh_Control_IL2STAT5,Frangieh,25,0.05743589743589743
without_greedy_ridge,Frangieh_Control_IL2STAT5,Frangieh,26,0.020512820512820565
without_greedy_ridge,Frangieh_Control_IL2STAT5,Frangieh,27,0.006666666666666612
without_greedy_ridge,Frangieh_Control_IL2STAT5,Frangieh,28,0.05025641025641025
without_greedy_ridge,Frangieh_Control_IL2STAT5,Frangieh,29,0.009743589743589765
without_greedy_ridge,Frangieh_Control_TNFA,Frangieh,0,0.055384615384615345
without_greedy_ridge,Frangieh_Control_TNFA,Frangieh,1,0.03692307692307689
without_greedy_ridge,Frangieh_Control_TNFA,Frangieh,2,0.2148717948717948
without_greedy_ridge,Frangieh_Control_TNFA,Frangieh,3,0.1297435897435898
without_greedy_ridge,Frangieh_Control_TNFA,Frangieh,4,0.014358974358974373
without_greedy_ridge,Frangieh_Control_TNFA,Frangieh,5,0.09128205128205139
without_greedy_ridge,Frangieh_Control_TNFA,Frangieh,6,0.03435897435897435
without_greedy_ridge,Frangieh_Control_TNFA,Frangieh,7,0.11641025641025643
without_greedy_ridge,Frangieh_Control_TNFA,Frangieh,8,0.03794871794871793
without_greedy_ridge,Frangieh_Control_TNFA,Frangieh,9,0.05076923076923075
without_greedy_ridge,Frangieh_Control_TNFA,Frangieh,10,0.041025641025641005
without_greedy_ridge,Frangieh_Control_TNFA,Frangieh,11,0.048717948717948684
without_greedy_ridge,Frangieh_Control_TNFA,Frangieh,12,0.06974358974358967
without_greedy_ridge,Frangieh_Control_TNFA,Frangieh,13,0.1543589743589744
without_greedy_ridge,Frangieh_Control_TNFA,Frangieh,14,0.1292307692307692
without_greedy_ridge,Frangieh_Control_TNFA,Frangieh,15,0.18923076923076917
without_greedy_ridge,Frangieh_Control_TNFA,Frangieh,16,0.09692307692307692
without_greedy_ridge,Frangieh_Control_TNFA,Frangieh,17,0.02461538461538461
without_greedy_ridge,Frangieh_Control_TNFA,Frangieh,18,0.1405128205128205
without_greedy_ridge,Frangieh_Control_TNFA,Frangieh,19,0.1887179487179487
without_greedy_ridge,Frangieh_Control_TNFA,Frangieh,20,0.09487179487179485
without_greedy_ridge,Frangieh_Control_TNFA,Frangieh,21,0.11846153846153847
without_greedy_ridge,Frangieh_Control_TNFA,Frangieh,22,0.12410256410256405
without_greedy_ridge,Frangieh_Control_TNFA,Frangieh,23,0.09435897435897438
without_greedy_ridge,Frangieh_Control_TNFA,Frangieh,24,0.16256410256410253
without_greedy_ridge,Frangieh_Control_TNFA,Frangieh,25,0.032820512820512786
without_greedy_ridge,Frangieh_Control_TNFA,Frangieh,26,0.07743589743589745
without_greedy_ridge,Frangieh_Control_TNFA,Frangieh,27,0.0676923076923077
without_greedy_ridge,Frangieh_Control_TNFA,Frangieh,28,0.03538461538461544
without_greedy_ridge,Frangieh_Control_TNFA,Frangieh,29,0.10461538461538464
without_greedy_ridge,Frangieh_IFNg_IFNG,Frangieh,0,0.07627906976744189
without_greedy_ridge,Frangieh_IFNg_IFNG,Frangieh,1,0.05534883720930228
without_greedy_ridge,Frangieh_IFNg_IFNG,Frangieh,2,0.06139534883720931
without_greedy_ridge,Frangieh_IFNg_IFNG,Frangieh,3,0.0902325581395349
without_greedy_ridge,Frangieh_IFNg_IFNG,Frangieh,4,0.09441860465116285
without_greedy_ridge,Frangieh_IFNg_IFNG,Frangieh,5,0.07162790697674416
without_greedy_ridge,Frangieh_IFNg_IFNG,Frangieh,6,-0.020930232558139597
without_greedy_ridge,Frangieh_IFNg_IFNG,Frangieh,7,0.029302325581395356
without_greedy_ridge,Frangieh_IFNg_IFNG,Frangieh,8,0.0674418604651163
without_greedy_ridge,Frangieh_IFNg_IFNG,Frangieh,9,0.013023255813953558
without_greedy_ridge,Frangieh_IFNg_IFNG,Frangieh,10,0.05069767441860458
without_greedy_ridge,Frangieh_IFNg_IFNG,Frangieh,11,0.05860465116279075
without_greedy_ridge,Frangieh_IFNg_IFNG,Frangieh,12,0.09441860465116277
without_greedy_ridge,Frangieh_IFNg_IFNG,Frangieh,13,0.04697674418604654
without_greedy_ridge,Frangieh_IFNg_IFNG,Frangieh,14,0.05302325581395349
without_greedy_ridge,Frangieh_IFNg_IFNG,Frangieh,15,-0.01906976744186051
without_greedy_ridge,Frangieh_IFNg_IFNG,Frangieh,16,0.018139534883720956
without_greedy_ridge,Frangieh_IFNg_IFNG,Frangieh,17,0.09674418604651162
without_greedy_ridge,Frangieh_IFNg_IFNG,Frangieh,18,0.05209302325581397
without_greedy_ridge,Frangieh_IFNg_IFNG,Frangieh,19,-0.0009302325581394944
without_greedy_ridge,Frangieh_IFNg_IFNG,Frangieh,20,0.07488372093023249
without_greedy_ridge,Frangieh_IFNg_IFNG,Frangieh,21,0.05162790697674418
without_greedy_ridge,Frangieh_IFNg_IFNG,Frangieh,22,-0.014883720930232531
without_greedy_ridge,Frangieh_IFNg_IFNG,Frangieh,23,0.0479069767441861
without_greedy_ridge,Frangieh_IFNg_IFNG,Frangieh,24,0.0432558139534883
without_greedy_ridge,Frangieh_IFNg_IFNG,Frangieh,25,0.09767441860465118
without_greedy_ridge,Frangieh_IFNg_IFNG,Frangieh,26,0.0018604651162790785
without_greedy_ridge,Frangieh_IFNg_IFNG,Frangieh,27,0.11023255813953492
without_greedy_ridge,Frangieh_IFNg_IFNG,Frangieh,28,0.0762790697674419
without_greedy_ridge,Frangieh_IFNg_IFNG,Frangieh,29,0.07023255813953484
without_greedy_ridge,Frangieh_IFNg_IL2STAT5,Frangieh,0,0.14232558139534887
without_greedy_ridge,Frangieh_IFNg_IL2STAT5,Frangieh,1,0.10046511627906977
without_greedy_ridge,Frangieh_IFNg_IL2STAT5,Frangieh,2,0.1786046511627908
without_greedy_ridge,Frangieh_IFNg_IL2STAT5,Frangieh,3,0.10604651162790699
without_greedy_ridge,Frangieh_IFNg_IL2STAT5,Frangieh,4,0.08465116279069768
without_greedy_ridge,Frangieh_IFNg_IL2STAT5,Frangieh,5,0.08930232558139535
without_greedy_ridge,Frangieh_IFNg_IL2STAT5,Frangieh,6,0.029767441860465156
without_greedy_ridge,Frangieh_IFNg_IL2STAT5,Frangieh,7,0.12139534883720932
without_greedy_ridge,Frangieh_IFNg_IL2STAT5,Frangieh,8,0.09860465116279077
without_greedy_ridge,Frangieh_IFNg_IL2STAT5,Frangieh,9,0.047441860465116184
without_greedy_ridge,Frangieh_IFNg_IL2STAT5,Frangieh,10,0.04697674418604645
without_greedy_ridge,Frangieh_IFNg_IL2STAT5,Frangieh,11,0.07767441860465117
without_greedy_ridge,Frangieh_IFNg_IL2STAT5,Frangieh,12,0.12883720930232564
without_greedy_ridge,Frangieh_IFNg_IL2STAT5,Frangieh,13,0.03162790697674418
without_greedy_ridge,Frangieh_IFNg_IL2STAT5,Frangieh,14,0.0976744186046511
without_greedy_ridge,Frangieh_IFNg_IL2STAT5,Frangieh,15,0.15302325581395354
without_greedy_ridge,Frangieh_IFNg_IL2STAT5,Frangieh,16,0.19581395348837216
without_greedy_ridge,Frangieh_IFNg_IL2STAT5,Frangieh,17,0.06976744186046509
without_greedy_ridge,Frangieh_IFNg_IL2STAT5,Frangieh,18,0.14790697674418607
without_greedy_ridge,Frangieh_IFNg_IL2STAT5,Frangieh,19,0.06000000000000001
without_greedy_ridge,Frangieh_IFNg_IL2STAT5,Frangieh,20,0.14139534883720933
without_greedy_ridge,Frangieh_IFNg_IL2STAT5,Frangieh,21,0.10883720930232556
without_greedy_ridge,Frangieh_IFNg_IL2STAT5,Frangieh,22,0.153953488372093
without_greedy_ridge,Frangieh_IFNg_IL2STAT5,Frangieh,23,0.059999999999999915
without_greedy_ridge,Frangieh_IFNg_IL2STAT5,Frangieh,24,0.1879069767441861
without_greedy_ridge,Frangieh_IFNg_IL2STAT5,Frangieh,25,0.04279069767441869
without_greedy_ridge,Frangieh_IFNg_IL2STAT5,Frangieh,26,-0.010232558139534892
without_greedy_ridge,Frangieh_IFNg_IL2STAT5,Frangieh,27,0.07302325581395352
without_greedy_ridge,Frangieh_IFNg_IL2STAT5,Frangieh,28,0.12372093023255816
without_greedy_ridge,Frangieh_IFNg_IL2STAT5,Frangieh,29,0.10790697674418612
without_greedy_ridge,Frangieh_IFNg_TNFA,Frangieh,0,0.053953488372093045
without_greedy_ridge,Frangieh_IFNg_TNFA,Frangieh,1,0.15395348837209305
without_greedy_ridge,Frangieh_IFNg_TNFA,Frangieh,2,0.0632558139534884
without_greedy_ridge,Frangieh_IFNg_TNFA,Frangieh,3,0.026046511627907037
without_greedy_ridge,Frangieh_IFNg_TNFA,Frangieh,4,0.08976744186046515
without_greedy_ridge,Frangieh_IFNg_TNFA,Frangieh,5,0.015348837209302272
without_greedy_ridge,Frangieh_IFNg_TNFA,Frangieh,6,0.05255813953488375
without_greedy_ridge,Frangieh_IFNg_TNFA,Frangieh,7,0.07767441860465114
without_greedy_ridge,Frangieh_IFNg_TNFA,Frangieh,8,0.05348837209302324
without_greedy_ridge,Frangieh_IFNg_TNFA,Frangieh,9,0.0767441860465116
without_greedy_ridge,Frangieh_IFNg_TNFA,Frangieh,10,0.06697674418604653
without_greedy_ridge,Frangieh_IFNg_TNFA,Frangieh,11,0.1093023255813953
without_greedy_ridge,Frangieh_IFNg_TNFA,Frangieh,12,0.06511627906976747
without_greedy_ridge,Frangieh_IFNg_TNFA,Frangieh,13,0.0637209302325582
without_greedy_ridge,Frangieh_IFNg_TNFA,Frangieh,14,0.092093023255814
without_greedy_ridge,Frangieh_IFNg_TNFA,Frangieh,15,0.05906976744186045
without_greedy_ridge,Frangieh_IFNg_TNFA,Frangieh,16,0.0716279069767442
without_greedy_ridge,Frangieh_IFNg_TNFA,Frangieh,17,0.053953488372092975
without_greedy_ridge,Frangieh_IFNg_TNFA,Frangieh,18,0.030232558139534894
without_greedy_ridge,Frangieh_IFNg_TNFA,Frangieh,19,0.09302325581395347
without_greedy_ridge,Frangieh_IFNg_TNFA,Frangieh,20,0.06000000000000009
without_greedy_ridge,Frangieh_IFNg_TNFA,Frangieh,21,0.0748837209302326
without_greedy_ridge,Frangieh_IFNg_TNFA,Frangieh,22,0.10279069767441865
without_greedy_ridge,Frangieh_IFNg_TNFA,Frangieh,23,0.04093023255813949
without_greedy_ridge,Frangieh_IFNg_TNFA,Frangieh,24,0.12232558139534878
without_greedy_ridge,Frangieh_IFNg_TNFA,Frangieh,25,0.050697674418604614
without_greedy_ridge,Frangieh_IFNg_TNFA,Frangieh,26,0.07860465116279076
without_greedy_ridge,Frangieh_IFNg_TNFA,Frangieh,27,0.07953488372093019
without_greedy_ridge,Frangieh_IFNg_TNFA,Frangieh,28,0.023255813953488344
without_greedy_ridge,Frangieh_IFNg_TNFA,Frangieh,29,0.09906976744186043
without_greedy_ridge,Papalexi_IFNg_IFNG,Papalexi,0,0.07666666666666666
without_greedy_ridge,Papalexi_IFNg_IFNG,Papalexi,1,-1.9428902930940238e-17
without_greedy_ridge,Papalexi_IFNg_IFNG,Papalexi,2,0.09666666666666669
without_greedy_ridge,Papalexi_IFNg_IFNG,Papalexi,3,0.04000000000000001
without_greedy_ridge,Papalexi_IFNg_IFNG,Papalexi,4,0.05666666666666667
without_greedy_ridge,Papalexi_IFNg_IFNG,Papalexi,5,0.05333333333333335
without_greedy_ridge,Papalexi_IFNg_IFNG,Papalexi,6,0.0
without_greedy_ridge,Papalexi_IFNg_IFNG,Papalexi,7,0.05666666666666668
without_greedy_ridge,Papalexi_IFNg_IFNG,Papalexi,8,0.0
without_greedy_ridge,Papalexi_IFNg_IFNG,Papalexi,9,0.1033333333333333
without_greedy_ridge,Papalexi_IFNg_IFNG,Papalexi,10,0.04333333333333333
without_greedy_ridge,Papalexi_IFNg_IFNG,Papalexi,11,0.0
without_greedy_ridge,Papalexi_IFNg_IFNG,Papalexi,12,0.023333333333333338
without_greedy_ridge,Papalexi_IFNg_IFNG,Papalexi,13,0.0
without_greedy_ridge,Papalexi_IFNg_IFNG,Papalexi,14,-0.009999999999999962
without_greedy_ridge,Papalexi_IFNg_IFNG,Papalexi,15,0.17
without_greedy_ridge,Papalexi_IFNg_IFNG,Papalexi,16,0.03
without_greedy_ridge,Papalexi_IFNg_IFNG,Papalexi,17,0.06000000000000003
without_greedy_ridge,Papalexi_IFNg_IFNG,Papalexi,18,0.0
without_greedy_ridge,Papalexi_IFNg_IFNG,Papalexi,19,0.0
without_greedy_ridge,Papalexi_IFNg_IFNG,Papalexi,20,0.1333333333333334
without_greedy_ridge,Papalexi_IFNg_IFNG,Papalexi,21,-0.04
without_greedy_ridge,Papalexi_IFNg_IFNG,Papalexi,22,0.03333333333333335
without_greedy_ridge,Papalexi_IFNg_IFNG,Papalexi,23,0.010000000000000002
without_greedy_ridge,Papalexi_IFNg_IFNG,Papalexi,24,0.04333333333333332
without_greedy_ridge,Papalexi_IFNg_IFNG,Papalexi,25,0.07333333333333332
without_greedy_ridge,Papalexi_IFNg_IFNG,Papalexi,26,-4.4408920985006264e-17
without_greedy_ridge,Papalexi_IFNg_IFNG,Papalexi,27,0.0
without_greedy_ridge,Papalexi_IFNg_IFNG,Papalexi,28,0.07999999999999999
without_greedy_ridge,Papalexi_IFNg_IFNG,Papalexi,29,0.06333333333333332
without_greedy_ridge,Papalexi_IFNg_IL2STAT5,Papalexi,0,0.0
without_greedy_ridge,Papalexi_IFNg_IL2STAT5,Papalexi,1,0.0
without_greedy_ridge,Papalexi_IFNg_IL2STAT5,Papalexi,2,0.020000000000000004
without_greedy_ridge,Papalexi_IFNg_IL2STAT5,Papalexi,3,0.02666666666666667
without_greedy_ridge,Papalexi_IFNg_IL2STAT5,Papalexi,4,2.4980018054066023e-17
without_greedy_ridge,Papalexi_IFNg_IL2STAT5,Papalexi,5,0.0
without_greedy_ridge,Papalexi_IFNg_IL2STAT5,Papalexi,6,-0.0033333333333333305
without_greedy_ridge,Papalexi_IFNg_IL2STAT5,Papalexi,7,0.0
without_greedy_ridge,Papalexi_IFNg_IL2STAT5,Papalexi,8,-0.09333333333333332
without_greedy_ridge,Papalexi_IFNg_IL2STAT5,Papalexi,9,-3.885780586188048e-18
without_greedy_ridge,Papalexi_IFNg_IL2STAT5,Papalexi,10,1.4988010832439614e-17
without_greedy_ridge,Papalexi_IFNg_IL2STAT5,Papalexi,11,3.219646771412954e-17
without_greedy_ridge,Papalexi_IFNg_IL2STAT5,Papalexi,12,-0.01
without_greedy_ridge,Papalexi_IFNg_IL2STAT5,Papalexi,13,0.0
without_greedy_ridge,Papalexi_IFNg_IL2STAT5,Papalexi,14,-0.02666666666666666
without_greedy_ridge,Papalexi_IFNg_IL2STAT5,Papalexi,15,0.053333333333333365
without_greedy_ridge,Papalexi_IFNg_IL2STAT5,Papalexi,16,-3.8857805861880476e-17
without_greedy_ridge,Papalexi_IFNg_IL2STAT5,Papalexi,17,0.06
without_greedy_ridge,Papalexi_IFNg_IL2STAT5,Papalexi,18,0.05333333333333334
without_greedy_ridge,Papalexi_IFNg_IL2STAT5,Papalexi,19,0.0033333333333333357
without_greedy_ridge,Papalexi_IFNg_IL2STAT5,Papalexi,20,0.08333333333333336
without_greedy_ridge,Papalexi_IFNg_IL2STAT5,Papalexi,21,-0.11333333333333334
without_greedy_ridge,Papalexi_IFNg_IL2STAT5,Papalexi,22,0.0033333333333333366
without_greedy_ridge,Papalexi_IFNg_IL2STAT5,Papalexi,23,0.09666666666666669
without_greedy_ridge,Papalexi_IFNg_IL2STAT5,Papalexi,24,0.04333333333333333
without_greedy_ridge,Papalexi_IFNg_IL2STAT5,Papalexi,25,-2.997602166487923e-17
without_greedy_ridge,Papalexi_IFNg_IL2STAT5,Papalexi,26,0.0
without_greedy_ridge,Papalexi_IFNg_IL2STAT5,Papalexi,27,0.09333333333333334
without_greedy_ridge,Papalexi_IFNg_IL2STAT5,Papalexi,28,0.08000000000000002
without_greedy_ridge,Papalexi_IFNg_IL2STAT5,Papalexi,29,-2.2759572004815708e-17
without_greedy_ridge,Papalexi_IFNg_TNFA,Papalexi,0,0.03333333333333334
without_greedy_ridge,Papalexi_IFNg_TNFA,Papalexi,1,0.0
without_greedy_ridge,Papalexi_IFNg_TNFA,Papalexi,2,0.01999999999999999
without_greedy_ridge,Papalexi_IFNg_TNFA,Papalexi,3,0.0
without_greedy_ridge,Papalexi_IFNg_TNFA,Papalexi,4,1.7208456881689926e-17
without_greedy_ridge,Papalexi_IFNg_TNFA,Papalexi,5,0.05333333333333334
without_greedy_ridge,Papalexi_IFNg_TNFA,Papalexi,6,-0.12333333333333332
without_greedy_ridge,Papalexi_IFNg_TNFA,Papalexi,7,0.026666666666666675
without_greedy_ridge,Papalexi_IFNg_TNFA,Papalexi,8,-0.05666666666666668
without_greedy_ridge,Papalexi_IFNg_TNFA,Papalexi,9,0.0
without_greedy_ridge,Papalexi_IFNg_TNFA,Papalexi,10,-6.661338147750939e-18
without_greedy_ridge,Papalexi_IFNg_TNFA,Papalexi,11,2.1649348980190553e-17
without_greedy_ridge,Papalexi_IFNg_TNFA,Papalexi,12,-0.06
without_greedy_ridge,Papalexi_IFNg_TNFA,Papalexi,13,1.3877787807814457e-17
without_greedy_ridge,Papalexi_IFNg_TNFA,Papalexi,14,-0.026666666666666665
without_greedy_ridge,Papalexi_IFNg_TNFA,Papalexi,15,0.03999999999999998
without_greedy_ridge,Papalexi_IFNg_TNFA,Papalexi,16,0.0
without_greedy_ridge,Papalexi_IFNg_TNFA,Papalexi,17,0.06000000000000001
without_greedy_ridge,Papalexi_IFNg_TNFA,Papalexi,18,0.0
without_greedy_ridge,Papalexi_IFNg_TNFA,Papalexi,19,-0.10666666666666666
without_greedy_ridge,Papalexi_IFNg_TNFA,Papalexi,20,0.10333333333333336
without_greedy_ridge,Papalexi_IFNg_TNFA,Papalexi,21,-0.09333333333333335
without_greedy_ridge,Papalexi_IFNg_TNFA,Papalexi,22,-0.006666666666666663
without_greedy_ridge,Papalexi_IFNg_TNFA,Papalexi,23,-0.03000000000000001
without_greedy_ridge,Papalexi_IFNg_TNFA,Papalexi,24,0.0
without_greedy_ridge,Papalexi_IFNg_TNFA,Papalexi,25,0.0
without_greedy_ridge,Papalexi_IFNg_TNFA,Papalexi,26,0.0
without_greedy_ridge,Papalexi_IFNg_TNFA,Papalexi,27,0.013333333333333346
without_greedy_ridge,Papalexi_IFNg_TNFA,Papalexi,28,0.08000000000000002
without_greedy_ridge,Papalexi_IFNg_TNFA,Papalexi,29,0.0
without_greedy_ridge,Tian_all_IFNG,Tian,0,0.04714285714285712
without_greedy_ridge,Tian_all_IFNG,Tian,1,0.0057142857142856674
without_greedy_ridge,Tian_all_IFNG,Tian,2,0.0057142857142856605
without_greedy_ridge,Tian_all_IFNG,Tian,3,0.052857142857142936
without_greedy_ridge,Tian_all_IFNG,Tian,4,0.042857142857142844
without_greedy_ridge,Tian_all_IFNG,Tian,5,0.015714285714285712
without_greedy_ridge,Tian_all_IFNG,Tian,6,0.025238095238095316
without_greedy_ridge,Tian_all_IFNG,Tian,7,0.06857142857142862
without_greedy_ridge,Tian_all_IFNG,Tian,8,0.018095238095238095
without_greedy_ridge,Tian_all_IFNG,Tian,9,0.047142857142857215
without_greedy_ridge,Tian_all_IFNG,Tian,10,-0.04380952380952387
without_greedy_ridge,Tian_all_IFNG,Tian,11,-0.012857142857142892
without_greedy_ridge,Tian_all_IFNG,Tian,12,0.04095238095238094
without_greedy_ridge,Tian_all_IFNG,Tian,13,0.01285714285714286
without_greedy_ridge,Tian_all_IFNG,Tian,14,0.1104761904761906
without_greedy_ridge,Tian_all_IFNG,Tian,15,0.010952380952380943
without_greedy_ridge,Tian_all_IFNG,Tian,16,0.01333333333333334
without_greedy_ridge,Tian_all_IFNG,Tian,17,0.04476190476190478
without_greedy_ridge,Tian_all_IFNG,Tian,18,0.06238095238095236
without_greedy_ridge,Tian_all_IFNG,Tian,19,0.08952380952380956
without_greedy_ridge,Tian_all_IFNG,Tian,20,0.01714285714285713
without_greedy_ridge,Tian_all_IFNG,Tian,21,0.016190476190476116
without_greedy_ridge,Tian_all_IFNG,Tian,22,0.050476190476190536
without_greedy_ridge,Tian_all_IFNG,Tian,23,0.10047619047619057
without_greedy_ridge,Tian_all_IFNG,Tian,24,0.022380952380952345
without_greedy_ridge,Tian_all_IFNG,Tian,25,0.14333333333333328
without_greedy_ridge,Tian_all_IFNG,Tian,26,0.08476190476190473
without_greedy_ridge,Tian_all_IFNG,Tian,27,-0.01666666666666662
without_greedy_ridge,Tian_all_IFNG,Tian,28,0.024761904761904745
without_greedy_ridge,Tian_all_IFNG,Tian,29,0.05238095238095248
without_greedy_ridge,Tian_all_IL2STAT5,Tian,0,0.033809523809523824
without_greedy_ridge,Tian_all_IL2STAT5,Tian,1,0.1223809523809524
without_greedy_ridge,Tian_all_IL2STAT5,Tian,2,0.03476190476190476
without_greedy_ridge,Tian_all_IL2STAT5,Tian,3,0.008095238095238062
without_greedy_ridge,Tian_all_IL2STAT5,Tian,4,0.06809523809523804
without_greedy_ridge,Tian_all_IL2STAT5,Tian,5,0.00857142857142857
without_greedy_ridge,Tian_all_IL2STAT5,Tian,6,0.05666666666666662
without_greedy_ridge,Tian_all_IL2STAT5,Tian,7,-0.0071428571428571565
without_greedy_ridge,Tian_all_IL2STAT5,Tian,8,0.04952380952380949
without_greedy_ridge,Tian_all_IL2STAT5,Tian,9,0.059047619047618995
without_greedy_ridge,Tian_all_IL2STAT5,Tian,10,0.058571428571428594
without_greedy_ridge,Tian_all_IL2STAT5,Tian,11,-0.034285714285714246
without_greedy_ridge,Tian_all_IL2STAT5,Tian,12,0.06380952380952377
without_greedy_ridge,Tian_all_IL2STAT5,Tian,13,0.029999999999999992
without_greedy_ridge,Tian_all_IL2STAT5,Tian,14,0.028571428571428553
without_greedy_ridge,Tian_all_IL2STAT5,Tian,15,0.0666666666666666
without_greedy_ridge,Tian_all_IL2STAT5,Tian,16,0.017142857142857196
without_greedy_ridge,Tian_all_IL2STAT5,Tian,17,0.019047619047619084
without_greedy_ridge,Tian_all_IL2STAT5,Tian,18,0.10999999999999996
without_greedy_ridge,Tian_all_IL2STAT5,Tian,19,-0.04666666666666666
without_greedy_ridge,Tian_all_IL2STAT5,Tian,20,-0.014285714285714242
without_greedy_ridge,Tian_all_IL2STAT5,Tian,21,0.002380952380952347
without_greedy_ridge,Tian_all_IL2STAT5,Tian,22,0.053333333333333316
without_greedy_ridge,Tian_all_IL2STAT5,Tian,23,0.02190476190476189
without_greedy_ridge,Tian_all_IL2STAT5,Tian,24,0.12809523809523804
without_greedy_ridge,Tian_all_IL2STAT5,Tian,25,0.06619047619047617
without_greedy_ridge,Tian_all_IL2STAT5,Tian,26,0.003809523809523813
without_greedy_ridge,Tian_all_IL2STAT5,Tian,27,0.0676190476190476
without_greedy_ridge,Tian_all_IL2STAT5,Tian,28,0.007142857142857162
without_greedy_ridge,Tian_all_IL2STAT5,Tian,29,0.056666666666666664
without_greedy_ridge,Tian_all_TNFA,Tian,0,0.027142857142857118
without_greedy_ridge,Tian_all_TNFA,Tian,1,0.1161904761904762
without_greedy_ridge,Tian_all_TNFA,Tian,2,0.09999999999999992
without_greedy_ridge,Tian_all_TNFA,Tian,3,0.1642857142857143
without_greedy_ridge,Tian_all_TNFA,Tian,4,0.011428571428571404
without_greedy_ridge,Tian_all_TNFA,Tian,5,0.05857142857142854
without_greedy_ridge,Tian_all_TNFA,Tian,6,0.030476190476190573
without_greedy_ridge,Tian_all_TNFA,Tian,7,0.07190476190476187
without_greedy_ridge,Tian_all_TNFA,Tian,8,0.030952380952380953
without_greedy_ridge,Tian_all_TNFA,Tian,9,0.028095238095238013
without_greedy_ridge,Tian_all_TNFA,Tian,10,0.03571428571428568
without_greedy_ridge,Tian_all_TNFA,Tian,11,-0.01761904761904764
without_greedy_ridge,Tian_all_TNFA,Tian,12,0.025714285714285686
without_greedy_ridge,Tian_all_TNFA,Tian,13,0.04333333333333338
without_greedy_ridge,Tian_all_TNFA,Tian,14,-0.01714285714285717
without_greedy_ridge,Tian_all_TNFA,Tian,15,-0.0019047619047620193
without_greedy_ridge,Tian_all_TNFA,Tian,16,0.08190476190476187
without_greedy_ridge,Tian_all_TNFA,Tian,17,0.0533333333333333
without_greedy_ridge,Tian_all_TNFA,Tian,18,0.08095238095238094
without_greedy_ridge,Tian_all_TNFA,Tian,19,0.06095238095238093
without_greedy_ridge,Tian_all_TNFA,Tian,20,0.06857142857142864
without_greedy_ridge,Tian_all_TNFA,Tian,21,0.1461904761904762
without_greedy_ridge,Tian_all_TNFA,Tian,22,0.10047619047619055
without_greedy_ridge,Tian_all_TNFA,Tian,23,0.02761904761904765
without_greedy_ridge,Tian_all_TNFA,Tian,24,0.00285714285714288
without_greedy_ridge,Tian_all_TNFA,Tian,25,0.05999999999999996
without_greedy_ridge,Tian_all_TNFA,Tian,26,0.10523809523809519
without_greedy_ridge,Tian_all_TNFA,Tian,27,-0.029523809523809588
without_greedy_ridge,Tian_all_TNFA,Tian,28,0.06
without_greedy_ridge,Tian_all_TNFA,Tian,29,0.11714285714285712
without_linear_ucb,Frangieh_Coculture_IFNG,Frangieh,0,0.0424390243902439
without_linear_ucb,Frangieh_Coculture_IFNG,Frangieh,1,0.05121951219512193
without_linear_ucb,Frangieh_Coculture_IFNG,Frangieh,2,0.06439024390243901
without_linear_ucb,Frangieh_Coculture_IFNG,Frangieh,3,0.08682926829268293
without_linear_ucb,Frangieh_Coculture_IFNG,Frangieh,4,-0.03414634146341467
without_linear_ucb,Frangieh_Coculture_IFNG,Frangieh,5,0.03658536585365853
without_linear_ucb,Frangieh_Coculture_IFNG,Frangieh,6,-0.00682926829268293
without_linear_ucb,Frangieh_Coculture_IFNG,Frangieh,7,0.020487804878048795
without_linear_ucb,Frangieh_Coculture_IFNG,Frangieh,8,0.02780487804878054
without_linear_ucb,Frangieh_Coculture_IFNG,Frangieh,9,0.09219512195121952
without_linear_ucb,Frangieh_Coculture_IFNG,Frangieh,10,0.03463414634146339
without_linear_ucb,Frangieh_Coculture_IFNG,Frangieh,11,0.002439024390243861
without_linear_ucb,Frangieh_Coculture_IFNG,Frangieh,12,0.02146341463414635
without_linear_ucb,Frangieh_Coculture_IFNG,Frangieh,13,-0.003902439024390264
without_linear_ucb,Frangieh_Coculture_IFNG,Frangieh,14,0.050731707317073146
without_linear_ucb,Frangieh_Coculture_IFNG,Frangieh,15,0.035121951219512226
without_linear_ucb,Frangieh_Coculture_IFNG,Frangieh,16,0.041951219512195125
without_linear_ucb,Frangieh_Coculture_IFNG,Frangieh,17,0.005853658536585475
without_linear_ucb,Frangieh_Coculture_IFNG,Frangieh,18,0.03219512195121951
without_linear_ucb,Frangieh_Coculture_IFNG,Frangieh,19,0.010731707317073165
without_linear_ucb,Frangieh_Coculture_IFNG,Frangieh,20,-0.03512195121951217
without_linear_ucb,Frangieh_Coculture_IFNG,Frangieh,21,0.05707317073170728
without_linear_ucb,Frangieh_Coculture_IFNG,Frangieh,22,0.024878048780487782
without_linear_ucb,Frangieh_Coculture_IFNG,Frangieh,23,-0.08390243902439025
without_linear_ucb,Frangieh_Coculture_IFNG,Frangieh,24,0.02682926829268295
without_linear_ucb,Frangieh_Coculture_IFNG,Frangieh,25,0.0975609756097561
without_linear_ucb,Frangieh_Coculture_IFNG,Frangieh,26,0.061463414634146306
without_linear_ucb,Frangieh_Coculture_IFNG,Frangieh,27,0.05804878048780483
without_linear_ucb,Frangieh_Coculture_IFNG,Frangieh,28,0.020487804878048754
without_linear_ucb,Frangieh_Coculture_IFNG,Frangieh,29,0.1029268292682927
without_linear_ucb,Frangieh_Coculture_IL2STAT5,Frangieh,0,0.07121951219512195
without_linear_ucb,Frangieh_Coculture_IL2STAT5,Frangieh,1,0.10585365853658542
without_linear_ucb,Frangieh_Coculture_IL2STAT5,Frangieh,2,0.00048780487804875593
without_linear_ucb,Frangieh_Coculture_IL2STAT5,Frangieh,3,0.06243902439024389
without_linear_ucb,Frangieh_Coculture_IL2STAT5,Frangieh,4,-0.0014634146341463655
without_linear_ucb,Frangieh_Coculture_IL2STAT5,Frangieh,5,0.05609756097560974
without_linear_ucb,Frangieh_Coculture_IL2STAT5,Frangieh,6,-0.0360975609756098
without_linear_ucb,Frangieh_Coculture_IL2STAT5,Frangieh,7,0.10243902439024391
without_linear_ucb,Frangieh_Coculture_IL2STAT5,Frangieh,8,0.08536585365853659
without_linear_ucb,Frangieh_Coculture_IL2STAT5,Frangieh,9,0.09951219512195124
without_linear_ucb,Frangieh_Coculture_IL2STAT5,Frangieh,10,0.024390243902439056
without_linear_ucb,Frangieh_Coculture_IL2STAT5,Frangieh,11,0.10292682926829272
without_linear_ucb,Frangieh_Coculture_IL2STAT5,Frangieh,12,0.09756097560975605
without_linear_ucb,Frangieh_Coculture_IL2STAT5,Frangieh,13,0.0814634146341463
without_linear_ucb,Frangieh_Coculture_IL2STAT5,Frangieh,14,0.07219512195121952
without_linear_ucb,Frangieh_Coculture_IL2STAT5,Frangieh,15,0.14585365853658536
without_linear_ucb,Frangieh_Coculture_IL2STAT5,Frangieh,16,0.058048780487804846
without_linear_ucb,Frangieh_Coculture_IL2STAT5,Frangieh,17,0.07219512195121952
without_linear_ucb,Frangieh_Coculture_IL2STAT5,Frangieh,18,0.0248780487804878
without_linear_ucb,Frangieh_Coculture_IL2STAT5,Frangieh,19,0.09268292682926825
without_linear_ucb,Frangieh_Coculture_IL2STAT5,Frangieh,20,0.025853658536585354
without_linear_ucb,Frangieh_Coculture_IL2STAT5,Frangieh,21,0.08731707317073167
without_linear_ucb,Frangieh_Coculture_IL2STAT5,Frangieh,22,0.05902439024390246
without_linear_ucb,Frangieh_Coculture_IL2STAT5,Frangieh,23,0.07902439024390245
without_linear_ucb,Frangieh_Coculture_IL2STAT5,Frangieh,24,0.039999999999999966
without_linear_ucb,Frangieh_Coculture_IL2STAT5,Frangieh,25,0.08097560975609763
without_linear_ucb,Frangieh_Coculture_IL2STAT5,Frangieh,26,-0.012195121951219558
without_linear_ucb,Frangieh_Coculture_IL2STAT5,Frangieh,27,0.02390243902439025
without_linear_ucb,Frangieh_Coculture_IL2STAT5,Frangieh,28,0.04
without_linear_ucb,Frangieh_Coculture_IL2STAT5,Frangieh,29,0.052682926829268284
without_linear_ucb,Frangieh_Coculture_TNFA,Frangieh,0,0.05170731707317072
without_linear_ucb,Frangieh_Coculture_TNFA,Frangieh,1,0.08487804878048781
without_linear_ucb,Frangieh_Coculture_TNFA,Frangieh,2,0.02585365853658538
without_linear_ucb,Frangieh_Coculture_TNFA,Frangieh,3,0.0590243902439024
without_linear_ucb,Frangieh_Coculture_TNFA,Frangieh,4,0.02878048780487804
without_linear_ucb,Frangieh_Coculture_TNFA,Frangieh,5,0.10390243902439023
without_linear_ucb,Frangieh_Coculture_TNFA,Frangieh,6,-0.007804878048780539
without_linear_ucb,Frangieh_Coculture_TNFA,Frangieh,7,0.04536585365853657
without_linear_ucb,Frangieh_Coculture_TNFA,Frangieh,8,0.028292682926829217
without_linear_ucb,Frangieh_Coculture_TNFA,Frangieh,9,0.03658536585365855
without_linear_ucb,Frangieh_Coculture_TNFA,Frangieh,10,0.08195121951219508
without_linear_ucb,Frangieh_Coculture_TNFA,Frangieh,11,0.10975609756097571
without_linear_ucb,Frangieh_Coculture_TNFA,Frangieh,12,-0.03902439024390243
without_linear_ucb,Frangieh_Coculture_TNFA,Frangieh,13,0.03219512195121952
without_linear_ucb,Frangieh_Coculture_TNFA,Frangieh,14,0.026829268292682888
without_linear_ucb,Frangieh_Coculture_TNFA,Frangieh,15,0.04585365853658544
without_linear_ucb,Frangieh_Coculture_TNFA,Frangieh,16,0.05073170731707313
without_linear_ucb,Frangieh_Coculture_TNFA,Frangieh,17,0.0331707317073171
without_linear_ucb,Frangieh_Coculture_TNFA,Frangieh,18,0.01219512195121947
without_linear_ucb,Frangieh_Coculture_TNFA,Frangieh,19,0.04195121951219507
without_linear_ucb,Frangieh_Coculture_TNFA,Frangieh,20,0.011707317073170704
without_linear_ucb,Frangieh_Coculture_TNFA,Frangieh,21,0.024878048780487796
without_linear_ucb,Frangieh_Coculture_TNFA,Frangieh,22,0.13121951219512196
without_linear_ucb,Frangieh_Coculture_TNFA,Frangieh,23,0.060975609756097594
without_linear_ucb,Frangieh_Coculture_TNFA,Frangieh,24,0.07756097560975607
without_linear_ucb,Frangieh_Coculture_TNFA,Frangieh,25,0.008292682926829267
without_linear_ucb,Frangieh_Coculture_TNFA,Frangieh,26,0.03219512195121954
without_linear_ucb,Frangieh_Coculture_TNFA,Frangieh,27,0.0751219512195122
without_linear_ucb,Frangieh_Coculture_TNFA,Frangieh,28,-0.0039024390243902435
without_linear_ucb,Frangieh_Coculture_TNFA,Frangieh,29,0.027804878048780523
without_linear_ucb,Frangieh_Control_IFNG,Frangieh,0,-0.008717948717948745
without_linear_ucb,Frangieh_Control_IFNG,Frangieh,1,0.10153846153846155
without_linear_ucb,Frangieh_Control_IFNG,Frangieh,2,0.15897435897435894
without_linear_ucb,Frangieh_Control_IFNG,Frangieh,3,0.06102564102564098
without_linear_ucb,Frangieh_Control_IFNG,Frangieh,4,0.03846153846153854
without_linear_ucb,Frangieh_Control_IFNG,Frangieh,5,0.03230769230769227
without_linear_ucb,Frangieh_Control_IFNG,Frangieh,6,0.06564102564102567
without_linear_ucb,Frangieh_Control_IFNG,Frangieh,7,0.08564102564102566
without_linear_ucb,Frangieh_Control_IFNG,Frangieh,8,0.025128205128205093
without_linear_ucb,Frangieh_Control_IFNG,Frangieh,9,0.07743589743589739
without_linear_ucb,Frangieh_Control_IFNG,Frangieh,10,-0.0425641025641026
without_linear_ucb,Frangieh_Control_IFNG,Frangieh,11,0.1512820512820513
without_linear_ucb,Frangieh_Control_IFNG,Frangieh,12,0.0005128205128204654
without_linear_ucb,Frangieh_Control_IFNG,Frangieh,13,0.003076923076923055
without_linear_ucb,Frangieh_Control_IFNG,Frangieh,14,0.05641025641025637
without_linear_ucb,Frangieh_Control_IFNG,Frangieh,15,0.03538461538461531
without_linear_ucb,Frangieh_Control_IFNG,Frangieh,16,0.009230769230769167
without_linear_ucb,Frangieh_Control_IFNG,Frangieh,17,0.09230769230769237
without_linear_ucb,Frangieh_Control_IFNG,Frangieh,18,0.04564102564102565
without_linear_ucb,Frangieh_Control_IFNG,Frangieh,19,0.04307692307692305
without_linear_ucb,Frangieh_Control_IFNG,Frangieh,20,0.08410256410256409
without_linear_ucb,Frangieh_Control_IFNG,Frangieh,21,0.047179487179487174
without_linear_ucb,Frangieh_Control_IFNG,Frangieh,22,-0.08256410256410261
without_linear_ucb,Frangieh_Control_IFNG,Frangieh,23,0.13641025641025645
without_linear_ucb,Frangieh_Control_IFNG,Frangieh,24,0.11333333333333337
without_linear_ucb,Frangieh_Control_IFNG,Frangieh,25,0.06153846153846152
without_linear_ucb,Frangieh_Control_IFNG,Frangieh,26,0.010769230769230767
without_linear_ucb,Frangieh_Control_IFNG,Frangieh,27,0.04512820512820517
without_linear_ucb,Frangieh_Control_IFNG,Frangieh,28,0.05897435897435902
without_linear_ucb,Frangieh_Control_IFNG,Frangieh,29,0.17076923076923084
without_linear_ucb,Frangieh_Control_IL2STAT5,Frangieh,0,0.09538461538461539
without_linear_ucb,Frangieh_Control_IL2STAT5,Frangieh,1,0.05282051282051279
without_linear_ucb,Frangieh_Control_IL2STAT5,Frangieh,2,0.04820512820512828
without_linear_ucb,Frangieh_Control_IL2STAT5,Frangieh,3,0.015897435897435874
without_linear_ucb,Frangieh_Control_IL2STAT5,Frangieh,4,-0.028717948717948763
without_linear_ucb,Frangieh_Control_IL2STAT5,Frangieh,5,-0.009230769230769167
without_linear_ucb,Frangieh_Control_IL2STAT5,Frangieh,6,-0.005128205128205141
without_linear_ucb,Frangieh_Control_IL2STAT5,Frangieh,7,-0.04358974358974354
without_linear_ucb,Frangieh_Control_IL2STAT5,Frangieh,8,-0.024102564102564186
without_linear_ucb,Frangieh_Control_IL2STAT5,Frangieh,9,-0.00923076923076926
without_linear_ucb,Frangieh_Control_IL2STAT5,Frangieh,10,-0.031282051282051235
without_linear_ucb,Frangieh_Control_IL2STAT5,Frangieh,11,0.018461538461538436
without_linear_ucb,Frangieh_Control_IL2STAT5,Frangieh,12,0.04205128205128199
without_linear_ucb,Frangieh_Control_IL2STAT5,Frangieh,13,0.19333333333333327
without_linear_ucb,Frangieh_Control_IL2STAT5,Frangieh,14,-0.012307692307692367
without_linear_ucb,Frangieh_Control_IL2STAT5,Frangieh,15,0.004102564102564084
without_linear_ucb,Frangieh_Control_IL2STAT5,Frangieh,16,0.02461538461538464
without_linear_ucb,Frangieh_Control_IL2STAT5,Frangieh,17,-0.0276923076923077
without_linear_ucb,Frangieh_Control_IL2STAT5,Frangieh,18,0.050256410256410276
without_linear_ucb,Frangieh_Control_IL2STAT5,Frangieh,19,0.09230769230769234
without_linear_ucb,Frangieh_Control_IL2STAT5,Frangieh,20,0.10256410256410256
without_linear_ucb,Frangieh_Control_IL2STAT5,Frangieh,21,-0.004102564102564045
without_linear_ucb,Frangieh_Control_IL2STAT5,Frangieh,22,0.07846153846153854
without_linear_ucb,Frangieh_Control_IL2STAT5,Frangieh,23,0.053333333333333316
without_linear_ucb,Frangieh_Control_IL2STAT5,Frangieh,24,0.12051282051282057
without_linear_ucb,Frangieh_Control_IL2STAT5,Frangieh,25,0.0676923076923077
without_linear_ucb,Frangieh_Control_IL2STAT5,Frangieh,26,0.034358974358974406
without_linear_ucb,Frangieh_Control_IL2STAT5,Frangieh,27,0.02358974358974353
without_linear_ucb,Frangieh_Control_IL2STAT5,Frangieh,28,0.06564102564102564
without_linear_ucb,Frangieh_Control_IL2STAT5,Frangieh,29,0.005128205128205139
without_linear_ucb,Frangieh_Control_TNFA,Frangieh,0,0.0579487179487179
without_linear_ucb,Frangieh_Control_TNFA,Frangieh,1,0.03999999999999996
without_linear_ucb,Frangieh_Control_TNFA,Frangieh,2,0.20666666666666664
without_linear_ucb,Frangieh_Control_TNFA,Frangieh,3,0.013333333333333322
without_linear_ucb,Frangieh_Control_TNFA,Frangieh,4,0.012307692307692323
without_linear_ucb,Frangieh_Control_TNFA,Frangieh,5,0.10820512820512829
without_linear_ucb,Frangieh_Control_TNFA,Frangieh,6,0.03076923076923074
without_linear_ucb,Frangieh_Control_TNFA,Frangieh,7,0.12000000000000004
without_linear_ucb,Frangieh_Control_TNFA,Frangieh,8,0.04205128205128203
without_linear_ucb,Frangieh_Control_TNFA,Frangieh,9,0.007692307692307697
without_linear_ucb,Frangieh_Control_TNFA,Frangieh,10,0.04102564102564101
without_linear_ucb,Frangieh_Control_TNFA,Frangieh,11,-0.016923076923076947
without_linear_ucb,Frangieh_Control_TNFA,Frangieh,12,0.11846153846153847
without_linear_ucb,Frangieh_Control_TNFA,Frangieh,13,0.16564102564102565
without_linear_ucb,Frangieh_Control_TNFA,Frangieh,14,0.08410256410256406
without_linear_ucb,Frangieh_Control_TNFA,Frangieh,15,0.18923076923076917
without_linear_ucb,Frangieh_Control_TNFA,Frangieh,16,0.09230769230769229
without_linear_ucb,Frangieh_Control_TNFA,Frangieh,17,0.018461538461538463
without_linear_ucb,Frangieh_Control_TNFA,Frangieh,18,0.12615384615384614
without_linear_ucb,Frangieh_Control_TNFA,Frangieh,19,0.1856410256410256
without_linear_ucb,Frangieh_Control_TNFA,Frangieh,20,0.11743589743589743
without_linear_ucb,Frangieh_Control_TNFA,Frangieh,21,0.061538461538461535
without_linear_ucb,Frangieh_Control_TNFA,Frangieh,22,0.10974358974358968
without_linear_ucb,Frangieh_Control_TNFA,Frangieh,23,0.08717948717948719
without_linear_ucb,Frangieh_Control_TNFA,Frangieh,24,0.16769230769230764
without_linear_ucb,Frangieh_Control_TNFA,Frangieh,25,0.06358974358974356
without_linear_ucb,Frangieh_Control_TNFA,Frangieh,26,0.0682051282051282
without_linear_ucb,Frangieh_Control_TNFA,Frangieh,27,0.08461538461538463
without_linear_ucb,Frangieh_Control_TNFA,Frangieh,28,0.02000000000000008
without_linear_ucb,Frangieh_Control_TNFA,Frangieh,29,-0.009743589743589742
without_linear_ucb,Frangieh_IFNg_IFNG,Frangieh,0,0.03209302325581401
without_linear_ucb,Frangieh_IFNg_IFNG,Frangieh,1,0.058139534883720895
without_linear_ucb,Frangieh_IFNg_IFNG,Frangieh,2,0.04186046511627906
without_linear_ucb,Frangieh_IFNg_IFNG,Frangieh,3,0.0902325581395349
without_linear_ucb,Frangieh_IFNg_IFNG,Frangieh,4,0.07116279069767449
without_linear_ucb,Frangieh_IFNg_IFNG,Frangieh,5,0.08883720930232558
without_linear_ucb,Frangieh_IFNg_IFNG,Frangieh,6,-0.024186046511627975
without_linear_ucb,Frangieh_IFNg_IFNG,Frangieh,7,0.0358139534883721
without_linear_ucb,Frangieh_IFNg_IFNG,Frangieh,8,0.09441860465116278
without_linear_ucb,Frangieh_IFNg_IFNG,Frangieh,9,0.013023255813953558
without_linear_ucb,Frangieh_IFNg_IFNG,Frangieh,10,0.04511627906976738
without_linear_ucb,Frangieh_IFNg_IFNG,Frangieh,11,0.03209302325581395
without_linear_ucb,Frangieh_IFNg_IFNG,Frangieh,12,0.10139534883720928
without_linear_ucb,Frangieh_IFNg_IFNG,Frangieh,13,0.02883720930232558
without_linear_ucb,Frangieh_IFNg_IFNG,Frangieh,14,0.047441860465116295
without_linear_ucb,Frangieh_IFNg_IFNG,Frangieh,15,-0.02279069767441866
without_linear_ucb,Frangieh_IFNg_IFNG,Frangieh,16,0.013953488372093047
without_linear_ucb,Frangieh_IFNg_IFNG,Frangieh,17,0.057674418604651174
without_linear_ucb,Frangieh_IFNg_IFNG,Frangieh,18,0.04000000000000001
without_linear_ucb,Frangieh_IFNg_IFNG,Frangieh,19,0.07441860465116279
without_linear_ucb,Frangieh_IFNg_IFNG,Frangieh,20,0.0776744186046511
without_linear_ucb,Frangieh_IFNg_IFNG,Frangieh,21,0.0497674418604651
without_linear_ucb,Frangieh_IFNg_IFNG,Frangieh,22,-0.017674418604651153
without_linear_ucb,Frangieh_IFNg_IFNG,Frangieh,23,0.04139534883720935
without_linear_ucb,Frangieh_IFNg_IFNG,Frangieh,24,0.040930232558139476
without_linear_ucb,Frangieh_IFNg_IFNG,Frangieh,25,0.11162790697674421
without_linear_ucb,Frangieh_IFNg_IFNG,Frangieh,26,-0.002325581395348826
without_linear_ucb,Frangieh_IFNg_IFNG,Frangieh,27,0.11534883720930235
without_linear_ucb,Frangieh_IFNg_IFNG,Frangieh,28,0.0762790697674419
without_linear_ucb,Frangieh_IFNg_IFNG,Frangieh,29,0.07441860465116276
without_linear_ucb,Frangieh_IFNg_IL2STAT5,Frangieh,0,0.13767441860465118
without_linear_ucb,Frangieh_IFNg_IL2STAT5,Frangieh,1,0.08883720930232557
without_linear_ucb,Frangieh_IFNg_IL2STAT5,Frangieh,2,0.1897674418604652
without_linear_ucb,Frangieh_IFNg_IL2STAT5,Frangieh,3,0.09348837209302324
without_linear_ucb,Frangieh_IFNg_IL2STAT5,Frangieh,4,0.06372093023255815
without_linear_ucb,Frangieh_IFNg_IL2STAT5,Frangieh,5,0.0841860465116279
without_linear_ucb,Frangieh_IFNg_IL2STAT5,Frangieh,6,0.06651162790697666
without_linear_ucb,Frangieh_IFNg_IL2STAT5,Frangieh,7,0.09488372093023259
without_linear_ucb,Frangieh_IFNg_IL2STAT5,Frangieh,8,0.07441860465116283
without_linear_ucb,Frangieh_IFNg_IL2STAT5,Frangieh,9,0.02744186046511624
without_linear_ucb,Frangieh_IFNg_IL2STAT5,Frangieh,10,0.1
without_linear_ucb,Frangieh_IFNg_IL2STAT5,Frangieh,11,0.05906976744186048
without_linear_ucb,Frangieh_IFNg_IL2STAT5,Frangieh,12,0.11348837209302332
without_linear_ucb,Frangieh_IFNg_IL2STAT5,Frangieh,13,0.036744186046511626
without_linear_ucb,Frangieh_IFNg_IL2STAT5,Frangieh,14,0.0948837209302325
without_linear_ucb,Frangieh_IFNg_IL2STAT5,Frangieh,15,0.14744186046511631
without_linear_ucb,Frangieh_IFNg_IL2STAT5,Frangieh,16,0.19581395348837216
without_linear_ucb,Frangieh_IFNg_IL2STAT5,Frangieh,17,0.06976744186046509
without_linear_ucb,Frangieh_IFNg_IL2STAT5,Frangieh,18,0.04837209302325574
without_linear_ucb,Frangieh_IFNg_IL2STAT5,Frangieh,19,0.05999999999999999
without_linear_ucb,Frangieh_IFNg_IL2STAT5,Frangieh,20,0.1358139534883721
without_linear_ucb,Frangieh_IFNg_IL2STAT5,Frangieh,21,0.09488372093023255
without_linear_ucb,Frangieh_IFNg_IL2STAT5,Frangieh,22,0.15674418604651158
without_linear_ucb,Frangieh_IFNg_IL2STAT5,Frangieh,23,0.06511627906976739
without_linear_ucb,Frangieh_IFNg_IL2STAT5,Frangieh,24,0.18093023255813961
without_linear_ucb,Frangieh_IFNg_IL2STAT5,Frangieh,25,0.028837209302325664
without_linear_ucb,Frangieh_IFNg_IL2STAT5,Frangieh,26,-0.0186046511627907
without_linear_ucb,Frangieh_IFNg_IL2STAT5,Frangieh,27,0.10883720930232563
without_linear_ucb,Frangieh_IFNg_IL2STAT5,Frangieh,28,0.1144186046511628
without_linear_ucb,Frangieh_IFNg_IL2STAT5,Frangieh,29,0.0995348837209303
without_linear_ucb,Frangieh_IFNg_TNFA,Frangieh,0,0.056279069767441875
without_linear_ucb,Frangieh_IFNg_TNFA,Frangieh,1,0.16232558139534883
without_linear_ucb,Frangieh_IFNg_TNFA,Frangieh,2,0.0818604651162791
without_linear_ucb,Frangieh_IFNg_TNFA,Frangieh,3,0.026046511627907037
without_linear_ucb,Frangieh_IFNg_TNFA,Frangieh,4,0.09720930232558142
without_linear_ucb,Frangieh_IFNg_TNFA,Frangieh,5,0.030697674418604593
without_linear_ucb,Frangieh_IFNg_TNFA,Frangieh,6,0.036279069767441885
without_linear_ucb,Frangieh_IFNg_TNFA,Frangieh,7,0.0841860465116279
without_linear_ucb,Frangieh_IFNg_TNFA,Frangieh,8,0.059069767441860446
without_linear_ucb,Frangieh_IFNg_TNFA,Frangieh,9,0.06697674418604649
without_linear_ucb,Frangieh_IFNg_TNFA,Frangieh,10,0.06976744186046513
without_linear_ucb,Frangieh_IFNg_TNFA,Frangieh,11,0.0906976744186046
without_linear_ucb,Frangieh_IFNg_TNFA,Frangieh,12,0.06000000000000002
without_linear_ucb,Frangieh_IFNg_TNFA,Frangieh,13,0.07395348837209308
without_linear_ucb,Frangieh_IFNg_TNFA,Frangieh,14,0.092093023255814
without_linear_ucb,Frangieh_IFNg_TNFA,Frangieh,15,0.04976744186046512
without_linear_ucb,Frangieh_IFNg_TNFA,Frangieh,16,0.0632558139534884
without_linear_ucb,Frangieh_IFNg_TNFA,Frangieh,17,0.053953488372092975
without_linear_ucb,Frangieh_IFNg_TNFA,Frangieh,18,0.03674418604651163
without_linear_ucb,Frangieh_IFNg_TNFA,Frangieh,19,0.07348837209302322
without_linear_ucb,Frangieh_IFNg_TNFA,Frangieh,20,0.06279069767441868
without_linear_ucb,Frangieh_IFNg_TNFA,Frangieh,21,0.0804651162790698
without_linear_ucb,Frangieh_IFNg_TNFA,Frangieh,22,0.0972093023255814
without_linear_ucb,Frangieh_IFNg_TNFA,Frangieh,23,0.04093023255813948
without_linear_ucb,Frangieh_IFNg_TNFA,Frangieh,24,0.12697674418604646
without_linear_ucb,Frangieh_IFNg_TNFA,Frangieh,25,0.07395348837209298
without_linear_ucb,Frangieh_IFNg_TNFA,Frangieh,26,0.06186046511627913
without_linear_ucb,Frangieh_IFNg_TNFA,Frangieh,27,0.0948837209302325
without_linear_ucb,Frangieh_IFNg_TNFA,Frangieh,28,0.02930232558139532
without_linear_ucb,Frangieh_IFNg_TNFA,Frangieh,29,0.10325581395348835
without_linear_ucb,Papalexi_IFNg_IFNG,Papalexi,0,0.07666666666666666
without_linear_ucb,Papalexi_IFNg_IFNG,Papalexi,1,-1.9428902930940238e-17
without_linear_ucb,Papalexi_IFNg_IFNG,Papalexi,2,0.12333333333333334
without_linear_ucb,Papalexi_IFNg_IFNG,Papalexi,3,0.05666666666666668
without_linear_ucb,Papalexi_IFNg_IFNG,Papalexi,4,0.07
without_linear_ucb,Papalexi_IFNg_IFNG,Papalexi,5,0.05333333333333335
without_linear_ucb,Papalexi_IFNg_IFNG,Papalexi,6,0.0
without_linear_ucb,Papalexi_IFNg_IFNG,Papalexi,7,0.08
without_linear_ucb,Papalexi_IFNg_IFNG,Papalexi,8,0.0
without_linear_ucb,Papalexi_IFNg_IFNG,Papalexi,9,0.12666666666666665
without_linear_ucb,Papalexi_IFNg_IFNG,Papalexi,10,0.06333333333333334
without_linear_ucb,Papalexi_IFNg_IFNG,Papalexi,11,0.0
without_linear_ucb,Papalexi_IFNg_IFNG,Papalexi,12,0.0
without_linear_ucb,Papalexi_IFNg_IFNG,Papalexi,13,0.0
without_linear_ucb,Papalexi_IFNg_IFNG,Papalexi,14,-0.006666666666666642
without_linear_ucb,Papalexi_IFNg_IFNG,Papalexi,15,0.17
without_linear_ucb,Papalexi_IFNg_IFNG,Papalexi,16,0.05
without_linear_ucb,Papalexi_IFNg_IFNG,Papalexi,17,0.06000000000000003
without_linear_ucb,Papalexi_IFNg_IFNG,Papalexi,18,0.0
without_linear_ucb,Papalexi_IFNg_IFNG,Papalexi,19,0.0
without_linear_ucb,Papalexi_IFNg_IFNG,Papalexi,20,0.1333333333333334
without_linear_ucb,Papalexi_IFNg_IFNG,Papalexi,21,-0.06000000000000001
without_linear_ucb,Papalexi_IFNg_IFNG,Papalexi,22,-0.03
without_linear_ucb,Papalexi_IFNg_IFNG,Papalexi,23,0.010000000000000002
without_linear_ucb,Papalexi_IFNg_IFNG,Papalexi,24,0.04333333333333332
without_linear_ucb,Papalexi_IFNg_IFNG,Papalexi,25,0.10666666666666666
without_linear_ucb,Papalexi_IFNg_IFNG,Papalexi,26,-4.4408920985006264e-17
without_linear_ucb,Papalexi_IFNg_IFNG,Papalexi,27,0.0
without_linear_ucb,Papalexi_IFNg_IFNG,Papalexi,28,0.07999999999999999
without_linear_ucb,Papalexi_IFNg_IFNG,Papalexi,29,0.09333333333333334
without_linear_ucb,Papalexi_IFNg_IL2STAT5,Papalexi,0,0.0
without_linear_ucb,Papalexi_IFNg_IL2STAT5,Papalexi,1,0.0
without_linear_ucb,Papalexi_IFNg_IL2STAT5,Papalexi,2,0.020000000000000004
without_linear_ucb,Papalexi_IFNg_IL2STAT5,Papalexi,3,0.026666666666666665
without_linear_ucb,Papalexi_IFNg_IL2STAT5,Papalexi,4,2.4980018054066023e-17
without_linear_ucb,Papalexi_IFNg_IL2STAT5,Papalexi,5,0.0
without_linear_ucb,Papalexi_IFNg_IL2STAT5,Papalexi,6,-0.0033333333333333305
without_linear_ucb,Papalexi_IFNg_IL2STAT5,Papalexi,7,0.0
without_linear_ucb,Papalexi_IFNg_IL2STAT5,Papalexi,8,-0.01666666666666667
without_linear_ucb,Papalexi_IFNg_IL2STAT5,Papalexi,9,-7.771561172376097e-18
without_linear_ucb,Papalexi_IFNg_IL2STAT5,Papalexi,10,1.4988010832439614e-17
without_linear_ucb,Papalexi_IFNg_IL2STAT5,Papalexi,11,4.3298697960381107e-17
without_linear_ucb,Papalexi_IFNg_IL2STAT5,Papalexi,12,-0.01
without_linear_ucb,Papalexi_IFNg_IL2STAT5,Papalexi,13,0.0
without_linear_ucb,Papalexi_IFNg_IL2STAT5,Papalexi,14,-0.02666666666666666
without_linear_ucb,Papalexi_IFNg_IL2STAT5,Papalexi,15,0.053333333333333365
without_linear_ucb,Papalexi_IFNg_IL2STAT5,Papalexi,16,-3.8857805861880476e-17
without_linear_ucb,Papalexi_IFNg_IL2STAT5,Papalexi,17,0.06
without_linear_ucb,Papalexi_IFNg_IL2STAT5,Papalexi,18,0.05333333333333334
without_linear_ucb,Papalexi_IFNg_IL2STAT5,Papalexi,19,0.0033333333333333357
without_linear_ucb,Papalexi_IFNg_IL2STAT5,Papalexi,20,0.08333333333333336
without_linear_ucb,Papalexi_IFNg_IL2STAT5,Papalexi,21,-0.11333333333333334
without_linear_ucb,Papalexi_IFNg_IL2STAT5,Papalexi,22,-0.02333333333333333
without_linear_ucb,Papalexi_IFNg_IL2STAT5,Papalexi,23,0.07333333333333335
without_linear_ucb,Papalexi_IFNg_IL2STAT5,Papalexi,24,0.04333333333333333
without_linear_ucb,Papalexi_IFNg_IL2STAT5,Papalexi,25,-2.997602166487923e-17
without_linear_ucb,Papalexi_IFNg_IL2STAT5,Papalexi,26,0.0
without_linear_ucb,Papalexi_IFNg_IL2STAT5,Papalexi,27,0.05666666666666667
without_linear_ucb,Papalexi_IFNg_IL2STAT5,Papalexi,28,0.08000000000000002
without_linear_ucb,Papalexi_IFNg_IL2STAT5,Papalexi,29,-2.2759572004815708e-17
without_linear_ucb,Papalexi_IFNg_TNFA,Papalexi,0,0.03333333333333334
without_linear_ucb,Papalexi_IFNg_TNFA,Papalexi,1,0.0
without_linear_ucb,Papalexi_IFNg_TNFA,Papalexi,2,0.01999999999999999
without_linear_ucb,Papalexi_IFNg_TNFA,Papalexi,3,0.0
without_linear_ucb,Papalexi_IFNg_TNFA,Papalexi,4,-1.1102230246251566e-17
without_linear_ucb,Papalexi_IFNg_TNFA,Papalexi,5,0.05333333333333334
without_linear_ucb,Papalexi_IFNg_TNFA,Papalexi,6,-0.12333333333333332
without_linear_ucb,Papalexi_IFNg_TNFA,Papalexi,7,0.026666666666666675
without_linear_ucb,Papalexi_IFNg_TNFA,Papalexi,8,-0.036666666666666674
without_linear_ucb,Papalexi_IFNg_TNFA,Papalexi,9,0.0
without_linear_ucb,Papalexi_IFNg_TNFA,Papalexi,10,-1.6653345369377347e-17
without_linear_ucb,Papalexi_IFNg_TNFA,Papalexi,11,2.1649348980190553e-17
without_linear_ucb,Papalexi_IFNg_TNFA,Papalexi,12,-0.12
without_linear_ucb,Papalexi_IFNg_TNFA,Papalexi,13,1.9984014443252817e-17
without_linear_ucb,Papalexi_IFNg_TNFA,Papalexi,14,-0.026666666666666665
without_linear_ucb,Papalexi_IFNg_TNFA,Papalexi,15,0.053333333333333316
without_linear_ucb,Papalexi_IFNg_TNFA,Papalexi,16,0.0
without_linear_ucb,Papalexi_IFNg_TNFA,Papalexi,17,0.06000000000000001
without_linear_ucb,Papalexi_IFNg_TNFA,Papalexi,18,0.0
without_linear_ucb,Papalexi_IFNg_TNFA,Papalexi,19,-0.10666666666666666
without_linear_ucb,Papalexi_IFNg_TNFA,Papalexi,20,0.08333333333333336
without_linear_ucb,Papalexi_IFNg_TNFA,Papalexi,21,-0.11333333333333336
without_linear_ucb,Papalexi_IFNg_TNFA,Papalexi,22,-0.07666666666666665
without_linear_ucb,Papalexi_IFNg_TNFA,Papalexi,23,-0.03000000000000001
without_linear_ucb,Papalexi_IFNg_TNFA,Papalexi,24,0.0
without_linear_ucb,Papalexi_IFNg_TNFA,Papalexi,25,0.0
without_linear_ucb,Papalexi_IFNg_TNFA,Papalexi,26,0.0
without_linear_ucb,Papalexi_IFNg_TNFA,Papalexi,27,0.05666666666666668
without_linear_ucb,Papalexi_IFNg_TNFA,Papalexi,28,0.08000000000000002
without_linear_ucb,Papalexi_IFNg_TNFA,Papalexi,29,0.0
without_linear_ucb,Tian_all_IFNG,Tian,0,0.04714285714285712
without_linear_ucb,Tian_all_IFNG,Tian,1,0.011428571428571382
without_linear_ucb,Tian_all_IFNG,Tian,2,0.0057142857142856605
without_linear_ucb,Tian_all_IFNG,Tian,3,0.05714285714285722
without_linear_ucb,Tian_all_IFNG,Tian,4,0.04666666666666667
without_linear_ucb,Tian_all_IFNG,Tian,5,0.036666666666666646
without_linear_ucb,Tian_all_IFNG,Tian,6,0.01666666666666666
without_linear_ucb,Tian_all_IFNG,Tian,7,0.06857142857142862
without_linear_ucb,Tian_all_IFNG,Tian,8,0.018095238095238095
without_linear_ucb,Tian_all_IFNG,Tian,9,0.053809523809523876
without_linear_ucb,Tian_all_IFNG,Tian,10,-0.04095238095238101
without_linear_ucb,Tian_all_IFNG,Tian,11,0.025238095238095205
without_linear_ucb,Tian_all_IFNG,Tian,12,0.02523809523809523
without_linear_ucb,Tian_all_IFNG,Tian,13,0.015238095238095238
without_linear_ucb,Tian_all_IFNG,Tian,14,0.101904761904762
without_linear_ucb,Tian_all_IFNG,Tian,15,-0.0014285714285714396
without_linear_ucb,Tian_all_IFNG,Tian,16,0.00904761904761906
without_linear_ucb,Tian_all_IFNG,Tian,17,0.029523809523809556
without_linear_ucb,Tian_all_IFNG,Tian,18,0.0657142857142857
without_linear_ucb,Tian_all_IFNG,Tian,19,0.08952380952380956
without_linear_ucb,Tian_all_IFNG,Tian,20,0.014761904761904728
without_linear_ucb,Tian_all_IFNG,Tian,21,0.01904761904761897
without_linear_ucb,Tian_all_IFNG,Tian,22,0.0533333333333334
without_linear_ucb,Tian_all_IFNG,Tian,23,0.1071428571428572
without_linear_ucb,Tian_all_IFNG,Tian,24,0.024761904761904728
without_linear_ucb,Tian_all_IFNG,Tian,25,0.03285714285714279
without_linear_ucb,Tian_all_IFNG,Tian,26,0.07619047619047616
without_linear_ucb,Tian_all_IFNG,Tian,27,0.007619047619047691
without_linear_ucb,Tian_all_IFNG,Tian,28,0.03428571428571426
without_linear_ucb,Tian_all_IFNG,Tian,29,0.05666666666666677
without_linear_ucb,Tian_all_IL2STAT5,Tian,0,0.03142857142857146
without_linear_ucb,Tian_all_IL2STAT5,Tian,1,0.034285714285714274
without_linear_ucb,Tian_all_IL2STAT5,Tian,2,0.03857142857142856
without_linear_ucb,Tian_all_IL2STAT5,Tian,3,0.012857142857142834
without_linear_ucb,Tian_all_IL2STAT5,Tian,4,0.07761904761904757
without_linear_ucb,Tian_all_IL2STAT5,Tian,5,0.0038095238095238095
without_linear_ucb,Tian_all_IL2STAT5,Tian,6,0.06999999999999997
without_linear_ucb,Tian_all_IL2STAT5,Tian,7,0.006190476190476179
without_linear_ucb,Tian_all_IL2STAT5,Tian,8,0.016190476190476182
without_linear_ucb,Tian_all_IL2STAT5,Tian,9,0.05047619047619044
without_linear_ucb,Tian_all_IL2STAT5,Tian,10,0.058571428571428594
without_linear_ucb,Tian_all_IL2STAT5,Tian,11,-0.02952380952380949
without_linear_ucb,Tian_all_IL2STAT5,Tian,12,0.069047619047619
without_linear_ucb,Tian_all_IL2STAT5,Tian,13,0.04571428571428573
without_linear_ucb,Tian_all_IL2STAT5,Tian,14,0.022857142857142847
without_linear_ucb,Tian_all_IL2STAT5,Tian,15,0.04095238095238091
without_linear_ucb,Tian_all_IL2STAT5,Tian,16,0.008571428571428638
without_linear_ucb,Tian_all_IL2STAT5,Tian,17,0.0390476190476191
without_linear_ucb,Tian_all_IL2STAT5,Tian,18,0.12666666666666662
without_linear_ucb,Tian_all_IL2STAT5,Tian,19,-0.05523809523809524
without_linear_ucb,Tian_all_IL2STAT5,Tian,20,-0.01428571428571423
without_linear_ucb,Tian_all_IL2STAT5,Tian,21,0.05952380952380951
without_linear_ucb,Tian_all_IL2STAT5,Tian,22,0.018571428571428576
without_linear_ucb,Tian_all_IL2STAT5,Tian,23,0.02190476190476189
without_linear_ucb,Tian_all_IL2STAT5,Tian,24,0.026666666666666665
without_linear_ucb,Tian_all_IL2STAT5,Tian,25,0.08047619047619048
without_linear_ucb,Tian_all_IL2STAT5,Tian,26,0.06619047619047622
without_linear_ucb,Tian_all_IL2STAT5,Tian,27,0.062380952380952356
without_linear_ucb,Tian_all_IL2STAT5,Tian,28,0.007142857142857162
without_linear_ucb,Tian_all_IL2STAT5,Tian,29,0.051428571428571476
without_linear_ucb,Tian_all_TNFA,Tian,0,0.019999999999999976
without_linear_ucb,Tian_all_TNFA,Tian,1,0.03523809523809531
without_linear_ucb,Tian_all_TNFA,Tian,2,0.059999999999999984
without_linear_ucb,Tian_all_TNFA,Tian,3,0.17714285714285716
without_linear_ucb,Tian_all_TNFA,Tian,4,0.0114285714285714
without_linear_ucb,Tian_all_TNFA,Tian,5,0.08476190476190475
without_linear_ucb,Tian_all_TNFA,Tian,6,0.030476190476190573
without_linear_ucb,Tian_all_TNFA,Tian,7,0.06809523809523804
without_linear_ucb,Tian_all_TNFA,Tian,8,0.05952380952380949
without_linear_ucb,Tian_all_TNFA,Tian,9,0.02142857142857135
without_linear_ucb,Tian_all_TNFA,Tian,10,0.038571428571428534
without_linear_ucb,Tian_all_TNFA,Tian,11,-0.01761904761904764
without_linear_ucb,Tian_all_TNFA,Tian,12,0.05952380952380954
without_linear_ucb,Tian_all_TNFA,Tian,13,0.03809523809523814
without_linear_ucb,Tian_all_TNFA,Tian,14,-0.02000000000000003
without_linear_ucb,Tian_all_TNFA,Tian,15,0.041904761904761806
without_linear_ucb,Tian_all_TNFA,Tian,16,0.08190476190476187
without_linear_ucb,Tian_all_TNFA,Tian,17,0.04571428571428569
without_linear_ucb,Tian_all_TNFA,Tian,18,0.08761904761904765
without_linear_ucb,Tian_all_TNFA,Tian,19,0.0638095238095238
without_linear_ucb,Tian_all_TNFA,Tian,20,0.06285714285714296
without_linear_ucb,Tian_all_TNFA,Tian,21,0.15190476190476193
without_linear_ucb,Tian_all_TNFA,Tian,22,0.1423809523809524
without_linear_ucb,Tian_all_TNFA,Tian,23,0.027619047619047665
without_linear_ucb,Tian_all_TNFA,Tian,24,0.0076190476190476485
without_linear_ucb,Tian_all_TNFA,Tian,25,0.05523809523809521
without_linear_ucb,Tian_all_TNFA,Tian,26,0.08809523809523806
without_linear_ucb,Tian_all_TNFA,Tian,27,0.023333333333333338
without_linear_ucb,Tian_all_TNFA,Tian,28,0.055238095238095225
without_linear_ucb,Tian_all_TNFA,Tian,29,0.14428571428571424
without_old_controller,Frangieh_Coculture_IFNG,Frangieh,0,0.05853658536585364
without_old_controller,Frangieh_Coculture_IFNG,Frangieh,1,0.029268292682926793
without_old_controller,Frangieh_Coculture_IFNG,Frangieh,2,0.08195121951219511
without_old_controller,Frangieh_Coculture_IFNG,Frangieh,3,0.08682926829268292
without_old_controller,Frangieh_Coculture_IFNG,Frangieh,4,-0.03756097560975613
without_old_controller,Frangieh_Coculture_IFNG,Frangieh,5,0.0497560975609756
without_old_controller,Frangieh_Coculture_IFNG,Frangieh,6,-0.020000000000000004
without_old_controller,Frangieh_Coculture_IFNG,Frangieh,7,0.04097560975609758
without_old_controller,Frangieh_Coculture_IFNG,Frangieh,8,0.03268292682926835
without_old_controller,Frangieh_Coculture_IFNG,Frangieh,9,0.09658536585365855
without_old_controller,Frangieh_Coculture_IFNG,Frangieh,10,0.017073170731707315
without_old_controller,Frangieh_Coculture_IFNG,Frangieh,11,0.010243902439024346
without_old_controller,Frangieh_Coculture_IFNG,Frangieh,12,0.018048780487804884
without_old_controller,Frangieh_Coculture_IFNG,Frangieh,13,0.006829268292682904
without_old_controller,Frangieh_Coculture_IFNG,Frangieh,14,0.05853658536585364
without_old_controller,Frangieh_Coculture_IFNG,Frangieh,15,0.030731707317073195
without_old_controller,Frangieh_Coculture_IFNG,Frangieh,16,0.11609756097560972
without_old_controller,Frangieh_Coculture_IFNG,Frangieh,17,0.025365853658536684
without_old_controller,Frangieh_Coculture_IFNG,Frangieh,18,0.038048780487804884
without_old_controller,Frangieh_Coculture_IFNG,Frangieh,19,0.01560975609756098
without_old_controller,Frangieh_Coculture_IFNG,Frangieh,20,-0.04048780487804873
without_old_controller,Frangieh_Coculture_IFNG,Frangieh,21,0.049268292682926804
without_old_controller,Frangieh_Coculture_IFNG,Frangieh,22,0.031219512195121934
without_old_controller,Frangieh_Coculture_IFNG,Frangieh,23,-0.08390243902439025
without_old_controller,Frangieh_Coculture_IFNG,Frangieh,24,0.030243902439024407
without_old_controller,Frangieh_Coculture_IFNG,Frangieh,25,0.12195121951219512
without_old_controller,Frangieh_Coculture_IFNG,Frangieh,26,0.07609756097560973
without_old_controller,Frangieh_Coculture_IFNG,Frangieh,27,0.05317073170731703
without_old_controller,Frangieh_Coculture_IFNG,Frangieh,28,0.016585365853658517
without_old_controller,Frangieh_Coculture_IFNG,Frangieh,29,0.12000000000000002
without_old_controller,Frangieh_Coculture_IL2STAT5,Frangieh,0,0.09804878048780488
without_old_controller,Frangieh_Coculture_IL2STAT5,Frangieh,1,0.14536585365853666
without_old_controller,Frangieh_Coculture_IL2STAT5,Frangieh,2,0.026829268292682888
without_old_controller,Frangieh_Coculture_IL2STAT5,Frangieh,3,0.07707317073170732
without_old_controller,Frangieh_Coculture_IL2STAT5,Frangieh,4,-0.0014634146341463438
without_old_controller,Frangieh_Coculture_IL2STAT5,Frangieh,5,-0.0039024390243902786
without_old_controller,Frangieh_Coculture_IL2STAT5,Frangieh,6,-0.03170731707317078
without_old_controller,Frangieh_Coculture_IL2STAT5,Frangieh,7,0.11951219512195121
without_old_controller,Frangieh_Coculture_IL2STAT5,Frangieh,8,0.1
without_old_controller,Frangieh_Coculture_IL2STAT5,Frangieh,9,0.10926829268292686
without_old_controller,Frangieh_Coculture_IL2STAT5,Frangieh,10,0.036097560975609795
without_old_controller,Frangieh_Coculture_IL2STAT5,Frangieh,11,0.11073170731707319
without_old_controller,Frangieh_Coculture_IL2STAT5,Frangieh,12,0.10097560975609751
without_old_controller,Frangieh_Coculture_IL2STAT5,Frangieh,13,0.09024390243902435
without_old_controller,Frangieh_Coculture_IL2STAT5,Frangieh,14,0.07414634146341463
without_old_controller,Frangieh_Coculture_IL2STAT5,Frangieh,15,0.18975609756097558
without_old_controller,Frangieh_Coculture_IL2STAT5,Frangieh,16,0.08731707317073167
without_old_controller,Frangieh_Coculture_IL2STAT5,Frangieh,17,0.0878048780487805
without_old_controller,Frangieh_Coculture_IL2STAT5,Frangieh,18,0.018048780487804866
without_old_controller,Frangieh_Coculture_IL2STAT5,Frangieh,19,0.12195121951219506
without_old_controller,Frangieh_Coculture_IL2STAT5,Frangieh,20,0.034146341463414616
without_old_controller,Frangieh_Coculture_IL2STAT5,Frangieh,21,0.0990243902439024
without_old_controller,Frangieh_Coculture_IL2STAT5,Frangieh,22,0.07170731707317075
without_old_controller,Frangieh_Coculture_IL2STAT5,Frangieh,23,0.07902439024390247
without_old_controller,Frangieh_Coculture_IL2STAT5,Frangieh,24,0.04341463414634143
without_old_controller,Frangieh_Coculture_IL2STAT5,Frangieh,25,-0.01609756097560977
without_old_controller,Frangieh_Coculture_IL2STAT5,Frangieh,26,-4.773959005888173e-17
without_old_controller,Frangieh_Coculture_IL2STAT5,Frangieh,27,0.02878048780487807
without_old_controller,Frangieh_Coculture_IL2STAT5,Frangieh,28,0.047804878048780475
without_old_controller,Frangieh_Coculture_IL2STAT5,Frangieh,29,0.04926829268292684
without_old_controller,Frangieh_Coculture_TNFA,Frangieh,0,0.05170731707317072
without_old_controller,Frangieh_Coculture_TNFA,Frangieh,1,0.11121951219512197
without_old_controller,Frangieh_Coculture_TNFA,Frangieh,2,0.0302439024390244
without_old_controller,Frangieh_Coculture_TNFA,Frangieh,3,0.034634146341463376
without_old_controller,Frangieh_Coculture_TNFA,Frangieh,4,0.013658536585365845
without_old_controller,Frangieh_Coculture_TNFA,Frangieh,5,0.09073170731707317
without_old_controller,Frangieh_Coculture_TNFA,Frangieh,6,-0.01658536585365858
without_old_controller,Frangieh_Coculture_TNFA,Frangieh,7,0.035121951219512136
without_old_controller,Frangieh_Coculture_TNFA,Frangieh,8,0.028292682926829214
without_old_controller,Frangieh_Coculture_TNFA,Frangieh,9,0.03121951219512196
without_old_controller,Frangieh_Coculture_TNFA,Frangieh,10,0.06439024390243901
without_old_controller,Frangieh_Coculture_TNFA,Frangieh,11,0.05707317073170739
without_old_controller,Frangieh_Coculture_TNFA,Frangieh,12,-0.04243902439024388
without_old_controller,Frangieh_Coculture_TNFA,Frangieh,13,0.009268292682926853
without_old_controller,Frangieh_Coculture_TNFA,Frangieh,14,0.020487804878048736
without_old_controller,Frangieh_Coculture_TNFA,Frangieh,15,0.05902439024390249
without_old_controller,Frangieh_Coculture_TNFA,Frangieh,16,0.05073170731707313
without_old_controller,Frangieh_Coculture_TNFA,Frangieh,17,0.0429268292682927
without_old_controller,Frangieh_Coculture_TNFA,Frangieh,18,-0.01121951219512199
without_old_controller,Frangieh_Coculture_TNFA,Frangieh,19,0.05170731707317069
without_old_controller,Frangieh_Coculture_TNFA,Frangieh,20,0.022439024390243888
without_old_controller,Frangieh_Coculture_TNFA,Frangieh,21,0.013170731707317062
without_old_controller,Frangieh_Coculture_TNFA,Frangieh,22,0.05121951219512194
without_old_controller,Frangieh_Coculture_TNFA,Frangieh,23,0.07170731707317075
without_old_controller,Frangieh_Coculture_TNFA,Frangieh,24,0.05365853658536581
without_old_controller,Frangieh_Coculture_TNFA,Frangieh,25,0.029756097560975688
without_old_controller,Frangieh_Coculture_TNFA,Frangieh,26,0.03463414634146344
without_old_controller,Frangieh_Coculture_TNFA,Frangieh,27,0.05560975609756097
without_old_controller,Frangieh_Coculture_TNFA,Frangieh,28,-0.0039024390243902435
without_old_controller,Frangieh_Coculture_TNFA,Frangieh,29,0.024390243902439063
without_old_controller,Frangieh_Control_IFNG,Frangieh,0,0.00256410256410254
without_old_controller,Frangieh_Control_IFNG,Frangieh,1,0.11076923076923079
without_old_controller,Frangieh_Control_IFNG,Frangieh,2,0.18205128205128202
without_old_controller,Frangieh_Control_IFNG,Frangieh,3,0.08153846153846148
without_old_controller,Frangieh_Control_IFNG,Frangieh,4,0.038461538461538526
without_old_controller,Frangieh_Control_IFNG,Frangieh,5,0.046153846153846115
without_old_controller,Frangieh_Control_IFNG,Frangieh,6,0.0702564102564103
without_old_controller,Frangieh_Control_IFNG,Frangieh,7,0.08205128205128208
without_old_controller,Frangieh_Control_IFNG,Frangieh,8,0.024102564102564065
without_old_controller,Frangieh_Control_IFNG,Frangieh,9,0.06512820512820511
without_old_controller,Frangieh_Control_IFNG,Frangieh,10,-0.011794871794871821
without_old_controller,Frangieh_Control_IFNG,Frangieh,11,0.1471794871794872
without_old_controller,Frangieh_Control_IFNG,Frangieh,12,0.004102564102564061
without_old_controller,Frangieh_Control_IFNG,Frangieh,13,0.000512820512820486
without_old_controller,Frangieh_Control_IFNG,Frangieh,14,0.05025641025641022
without_old_controller,Frangieh_Control_IFNG,Frangieh,15,0.030769230769230695
without_old_controller,Frangieh_Control_IFNG,Frangieh,16,0.009230769230769181
without_old_controller,Frangieh_Control_IFNG,Frangieh,17,0.09641025641025645
without_old_controller,Frangieh_Control_IFNG,Frangieh,18,0.06205128205128205
without_old_controller,Frangieh_Control_IFNG,Frangieh,19,0.04307692307692305
without_old_controller,Frangieh_Control_IFNG,Frangieh,20,0.11230769230769226
without_old_controller,Frangieh_Control_IFNG,Frangieh,21,0.06666666666666665
without_old_controller,Frangieh_Control_IFNG,Frangieh,22,-0.0425641025641026
without_old_controller,Frangieh_Control_IFNG,Frangieh,23,0.16461538461538466
without_old_controller,Frangieh_Control_IFNG,Frangieh,24,0.12051282051282057
without_old_controller,Frangieh_Control_IFNG,Frangieh,25,0.07692307692307691
without_old_controller,Frangieh_Control_IFNG,Frangieh,26,0.025128205128205124
without_old_controller,Frangieh_Control_IFNG,Frangieh,27,0.060512820512820566
without_old_controller,Frangieh_Control_IFNG,Frangieh,28,0.06717948717948724
without_old_controller,Frangieh_Control_IFNG,Frangieh,29,0.177948717948718
without_old_controller,Frangieh_Control_IL2STAT5,Frangieh,0,0.08974358974358974
without_old_controller,Frangieh_Control_IL2STAT5,Frangieh,1,0.06666666666666664
without_old_controller,Frangieh_Control_IL2STAT5,Frangieh,2,0.0805128205128206
without_old_controller,Frangieh_Control_IL2STAT5,Frangieh,3,0.012820512820512798
without_old_controller,Frangieh_Control_IL2STAT5,Frangieh,4,0.004615384615384589
without_old_controller,Frangieh_Control_IL2STAT5,Frangieh,5,0.009230769230769303
without_old_controller,Frangieh_Control_IL2STAT5,Frangieh,6,0.004102564102564092
without_old_controller,Frangieh_Control_IL2STAT5,Frangieh,7,-0.03999999999999998
without_old_controller,Frangieh_Control_IL2STAT5,Frangieh,8,0.016923076923076853
without_old_controller,Frangieh_Control_IL2STAT5,Frangieh,9,-0.00666666666666669
without_old_controller,Frangieh_Control_IL2STAT5,Frangieh,10,-0.03128205128205122
without_old_controller,Frangieh_Control_IL2STAT5,Frangieh,11,0.10051282051282055
without_old_controller,Frangieh_Control_IL2STAT5,Frangieh,12,0.045641025641025595
without_old_controller,Frangieh_Control_IL2STAT5,Frangieh,13,0.20615384615384616
without_old_controller,Frangieh_Control_IL2STAT5,Frangieh,14,-0.008205128205128255
without_old_controller,Frangieh_Control_IL2STAT5,Frangieh,15,0.01794871794871794
without_old_controller,Frangieh_Control_IL2STAT5,Frangieh,16,0.018461538461538494
without_old_controller,Frangieh_Control_IL2STAT5,Frangieh,17,-0.04
without_old_controller,Frangieh_Control_IL2STAT5,Frangieh,18,0.06256410256410255
without_old_controller,Frangieh_Control_IL2STAT5,Frangieh,19,0.10769230769230775
without_old_controller,Frangieh_Control_IL2STAT5,Frangieh,20,0.1646153846153846
without_old_controller,Frangieh_Control_IL2STAT5,Frangieh,21,-0.012307692307692256
without_old_controller,Frangieh_Control_IL2STAT5,Frangieh,22,0.09282051282051285
without_old_controller,Frangieh_Control_IL2STAT5,Frangieh,23,0.0646153846153846
without_old_controller,Frangieh_Control_IL2STAT5,Frangieh,24,0.1420512820512821
without_old_controller,Frangieh_Control_IL2STAT5,Frangieh,25,0.09333333333333335
without_old_controller,Frangieh_Control_IL2STAT5,Frangieh,26,0.03948717948717954
without_old_controller,Frangieh_Control_IL2STAT5,Frangieh,27,0.03897435897435891
without_old_controller,Frangieh_Control_IL2STAT5,Frangieh,28,0.08205128205128204
without_old_controller,Frangieh_Control_IL2STAT5,Frangieh,29,0.019487179487179488
without_old_controller,Frangieh_Control_TNFA,Frangieh,0,0.04102564102564098
without_old_controller,Frangieh_Control_TNFA,Frangieh,1,0.012307692307692271
without_old_controller,Frangieh_Control_TNFA,Frangieh,2,0.21128205128205124
without_old_controller,Frangieh_Control_TNFA,Frangieh,3,0.10205128205128208
without_old_controller,Frangieh_Control_TNFA,Frangieh,4,0.025641025641025657
without_old_controller,Frangieh_Control_TNFA,Frangieh,5,0.07589743589743597
without_old_controller,Frangieh_Control_TNFA,Frangieh,6,-0.001538461538461549
without_old_controller,Frangieh_Control_TNFA,Frangieh,7,0.11641025641025644
without_old_controller,Frangieh_Control_TNFA,Frangieh,8,0.026666666666666658
without_old_controller,Frangieh_Control_TNFA,Frangieh,9,0.05025641025641022
without_old_controller,Frangieh_Control_TNFA,Frangieh,10,0.04102564102564101
without_old_controller,Frangieh_Control_TNFA,Frangieh,11,0.05487179487179484
without_old_controller,Frangieh_Control_TNFA,Frangieh,12,0.11846153846153847
without_old_controller,Frangieh_Control_TNFA,Frangieh,13,0.15282051282051284
without_old_controller,Frangieh_Control_TNFA,Frangieh,14,0.12102564102564102
without_old_controller,Frangieh_Control_TNFA,Frangieh,15,0.1753846153846153
without_old_controller,Frangieh_Control_TNFA,Frangieh,16,0.06153846153846151
without_old_controller,Frangieh_Control_TNFA,Frangieh,17,0.027692307692307672
without_old_controller,Frangieh_Control_TNFA,Frangieh,18,0.15076923076923074
without_old_controller,Frangieh_Control_TNFA,Frangieh,19,0.14974358974358976
without_old_controller,Frangieh_Control_TNFA,Frangieh,20,0.08923076923076921
without_old_controller,Frangieh_Control_TNFA,Frangieh,21,0.05743589743589743
without_old_controller,Frangieh_Control_TNFA,Frangieh,22,0.07538461538461537
without_old_controller,Frangieh_Control_TNFA,Frangieh,23,0.10974358974358976
without_old_controller,Frangieh_Control_TNFA,Frangieh,24,0.18205128205128202
without_old_controller,Frangieh_Control_TNFA,Frangieh,25,0.030769230769230736
without_old_controller,Frangieh_Control_TNFA,Frangieh,26,0.07076923076923076
without_old_controller,Frangieh_Control_TNFA,Frangieh,27,0.05384615384615388
without_old_controller,Frangieh_Control_TNFA,Frangieh,28,0.03641025641025648
without_old_controller,Frangieh_Control_TNFA,Frangieh,29,0.09692307692307695
without_old_controller,Frangieh_IFNg_IFNG,Frangieh,0,0.05674418604651166
without_old_controller,Frangieh_IFNg_IFNG,Frangieh,1,0.058139534883720874
without_old_controller,Frangieh_IFNg_IFNG,Frangieh,2,0.041395348837209314
without_old_controller,Frangieh_IFNg_IFNG,Frangieh,3,0.06697674418604653
without_old_controller,Frangieh_IFNg_IFNG,Frangieh,4,0.04093023255813957
without_old_controller,Frangieh_IFNg_IFNG,Frangieh,5,0.05162790697674417
without_old_controller,Frangieh_IFNg_IFNG,Frangieh,6,-0.024186046511627975
without_old_controller,Frangieh_IFNg_IFNG,Frangieh,7,0.026046511627906978
without_old_controller,Frangieh_IFNg_IFNG,Frangieh,8,0.06186046511627905
without_old_controller,Frangieh_IFNg_IFNG,Frangieh,9,0.008372093023255889
without_old_controller,Frangieh_IFNg_IFNG,Frangieh,10,0.03395348837209297
without_old_controller,Frangieh_IFNg_IFNG,Frangieh,11,0.04093023255813957
without_old_controller,Frangieh_IFNg_IFNG,Frangieh,12,0.06604651162790696
without_old_controller,Frangieh_IFNg_IFNG,Frangieh,13,0.02558139534883722
without_old_controller,Frangieh_IFNg_IFNG,Frangieh,14,0.047441860465116295
without_old_controller,Frangieh_IFNg_IFNG,Frangieh,15,-0.026976744186046574
without_old_controller,Frangieh_IFNg_IFNG,Frangieh,16,0.0306976744186047
without_old_controller,Frangieh_IFNg_IFNG,Frangieh,17,0.07441860465116278
without_old_controller,Frangieh_IFNg_IFNG,Frangieh,18,0.009767441860465107
without_old_controller,Frangieh_IFNg_IFNG,Frangieh,19,0.018604651162790725
without_old_controller,Frangieh_IFNg_IFNG,Frangieh,20,0.06744186046511622
without_old_controller,Frangieh_IFNg_IFNG,Frangieh,21,0.03860465116279066
without_old_controller,Frangieh_IFNg_IFNG,Frangieh,22,-0.047906976744186036
without_old_controller,Frangieh_IFNg_IFNG,Frangieh,23,0.04651162790697679
without_old_controller,Frangieh_IFNg_IFNG,Frangieh,24,0.03116279069767436
without_old_controller,Frangieh_IFNg_IFNG,Frangieh,25,0.10697674418604654
without_old_controller,Frangieh_IFNg_IFNG,Frangieh,26,-0.004651162790697656
without_old_controller,Frangieh_IFNg_IFNG,Frangieh,27,0.1293023255813954
without_old_controller,Frangieh_IFNg_IFNG,Frangieh,28,0.06139534883720934
without_old_controller,Frangieh_IFNg_IFNG,Frangieh,29,0.05162790697674415
without_old_controller,Frangieh_IFNg_IL2STAT5,Frangieh,0,0.1223255813953489
without_old_controller,Frangieh_IFNg_IL2STAT5,Frangieh,1,0.06790697674418604
without_old_controller,Frangieh_IFNg_IL2STAT5,Frangieh,2,0.1772093023255815
without_old_controller,Frangieh_IFNg_IL2STAT5,Frangieh,3,0.09348837209302324
without_old_controller,Frangieh_IFNg_IL2STAT5,Frangieh,4,0.05767441860465116
without_old_controller,Frangieh_IFNg_IL2STAT5,Frangieh,5,0.07581395348837208
without_old_controller,Frangieh_IFNg_IL2STAT5,Frangieh,6,0.05813953488372084
without_old_controller,Frangieh_IFNg_IL2STAT5,Frangieh,7,0.07209302325581396
without_old_controller,Frangieh_IFNg_IL2STAT5,Frangieh,8,0.04651162790697679
without_old_controller,Frangieh_IFNg_IL2STAT5,Frangieh,9,0.03395348837209296
without_old_controller,Frangieh_IFNg_IL2STAT5,Frangieh,10,0.11116279069767444
without_old_controller,Frangieh_IFNg_IL2STAT5,Frangieh,11,0.07767441860465117
without_old_controller,Frangieh_IFNg_IL2STAT5,Frangieh,12,0.12325581395348845
without_old_controller,Frangieh_IFNg_IL2STAT5,Frangieh,13,0.02976744186046511
without_old_controller,Frangieh_IFNg_IL2STAT5,Frangieh,14,0.09116279069767437
without_old_controller,Frangieh_IFNg_IL2STAT5,Frangieh,15,0.1432558139534884
without_old_controller,Frangieh_IFNg_IL2STAT5,Frangieh,16,0.1679069767441861
without_old_controller,Frangieh_IFNg_IL2STAT5,Frangieh,17,0.06232558139534882
without_old_controller,Frangieh_IFNg_IL2STAT5,Frangieh,18,0.026046511627906895
without_old_controller,Frangieh_IFNg_IL2STAT5,Frangieh,19,0.06930232558139536
without_old_controller,Frangieh_IFNg_IL2STAT5,Frangieh,20,0.10511627906976746
without_old_controller,Frangieh_IFNg_IL2STAT5,Frangieh,21,0.10232558139534884
without_old_controller,Frangieh_IFNg_IL2STAT5,Frangieh,22,0.13255813953488368
without_old_controller,Frangieh_IFNg_IL2STAT5,Frangieh,23,0.03441860465116273
without_old_controller,Frangieh_IFNg_IL2STAT5,Frangieh,24,0.16790697674418606
without_old_controller,Frangieh_IFNg_IL2STAT5,Frangieh,25,0.038139534883721
without_old_controller,Frangieh_IFNg_IL2STAT5,Frangieh,26,-0.016744186046511626
without_old_controller,Frangieh_IFNg_IL2STAT5,Frangieh,27,0.07627906976744189
without_old_controller,Frangieh_IFNg_IL2STAT5,Frangieh,28,0.11069767441860465
without_old_controller,Frangieh_IFNg_IL2STAT5,Frangieh,29,0.10279069767441867
without_old_controller,Frangieh_IFNg_TNFA,Frangieh,0,0.08186046511627909
without_old_controller,Frangieh_IFNg_TNFA,Frangieh,1,0.19162790697674426
without_old_controller,Frangieh_IFNg_TNFA,Frangieh,2,0.10279069767441865
without_old_controller,Frangieh_IFNg_TNFA,Frangieh,3,0.030697674418604718
without_old_controller,Frangieh_IFNg_TNFA,Frangieh,4,0.07906976744186048
without_old_controller,Frangieh_IFNg_TNFA,Frangieh,5,0.05999999999999996
without_old_controller,Frangieh_IFNg_TNFA,Frangieh,6,0.05953488372093027
without_old_controller,Frangieh_IFNg_TNFA,Frangieh,7,0.10046511627906977
without_old_controller,Frangieh_IFNg_TNFA,Frangieh,8,0.0683720930232558
without_old_controller,Frangieh_IFNg_TNFA,Frangieh,9,0.09488372093023253
without_old_controller,Frangieh_IFNg_TNFA,Frangieh,10,0.1088372093023256
without_old_controller,Frangieh_IFNg_TNFA,Frangieh,11,0.10558139534883715
without_old_controller,Frangieh_IFNg_TNFA,Frangieh,12,0.0730232558139535
without_old_controller,Frangieh_IFNg_TNFA,Frangieh,13,-0.0009302325581395754
without_old_controller,Frangieh_IFNg_TNFA,Frangieh,14,0.10139534883720935
without_old_controller,Frangieh_IFNg_TNFA,Frangieh,15,0.0655813953488372
without_old_controller,Frangieh_IFNg_TNFA,Frangieh,16,0.08558139534883724
without_old_controller,Frangieh_IFNg_TNFA,Frangieh,17,0.0762790697674418
without_old_controller,Frangieh_IFNg_TNFA,Frangieh,18,0.04790697674418605
without_old_controller,Frangieh_IFNg_TNFA,Frangieh,19,0.06883720930232556
without_old_controller,Frangieh_IFNg_TNFA,Frangieh,20,0.04744186046511636
without_old_controller,Frangieh_IFNg_TNFA,Frangieh,21,0.03767441860465114
without_old_controller,Frangieh_IFNg_TNFA,Frangieh,22,0.10325581395348842
without_old_controller,Frangieh_IFNg_TNFA,Frangieh,23,0.061395348837209276
without_old_controller,Frangieh_IFNg_TNFA,Frangieh,24,0.13023255813953483
without_old_controller,Frangieh_IFNg_TNFA,Frangieh,25,0.08279069767441855
without_old_controller,Frangieh_IFNg_TNFA,Frangieh,26,0.07581395348837217
without_old_controller,Frangieh_IFNg_TNFA,Frangieh,27,0.09488372093023255
without_old_controller,Frangieh_IFNg_TNFA,Frangieh,28,0.020930232558139496
without_old_controller,Frangieh_IFNg_TNFA,Frangieh,29,0.12604651162790692
without_old_controller,Papalexi_IFNg_IFNG,Papalexi,0,0.07666666666666667
without_old_controller,Papalexi_IFNg_IFNG,Papalexi,1,-1.4432899320127036e-17
without_old_controller,Papalexi_IFNg_IFNG,Papalexi,2,0.12333333333333338
without_old_controller,Papalexi_IFNg_IFNG,Papalexi,3,0.05666666666666668
without_old_controller,Papalexi_IFNg_IFNG,Papalexi,4,0.07
without_old_controller,Papalexi_IFNg_IFNG,Papalexi,5,0.02333333333333335
without_old_controller,Papalexi_IFNg_IFNG,Papalexi,6,0.0
without_old_controller,Papalexi_IFNg_IFNG,Papalexi,7,0.05000000000000001
without_old_controller,Papalexi_IFNg_IFNG,Papalexi,8,0.0
without_old_controller,Papalexi_IFNg_IFNG,Papalexi,9,0.12666666666666665
without_old_controller,Papalexi_IFNg_IFNG,Papalexi,10,0.06333333333333334
without_old_controller,Papalexi_IFNg_IFNG,Papalexi,11,0.0
without_old_controller,Papalexi_IFNg_IFNG,Papalexi,12,0.06000000000000002
without_old_controller,Papalexi_IFNg_IFNG,Papalexi,13,0.0
without_old_controller,Papalexi_IFNg_IFNG,Papalexi,14,-0.013333333333333301
without_old_controller,Papalexi_IFNg_IFNG,Papalexi,15,0.23000000000000004
without_old_controller,Papalexi_IFNg_IFNG,Papalexi,16,0.05
without_old_controller,Papalexi_IFNg_IFNG,Papalexi,17,0.03333333333333337
without_old_controller,Papalexi_IFNg_IFNG,Papalexi,18,0.0
without_old_controller,Papalexi_IFNg_IFNG,Papalexi,19,0.0
without_old_controller,Papalexi_IFNg_IFNG,Papalexi,20,0.1333333333333334
without_old_controller,Papalexi_IFNg_IFNG,Papalexi,21,-0.06000000000000001
without_old_controller,Papalexi_IFNg_IFNG,Papalexi,22,-0.02333333333333333
without_old_controller,Papalexi_IFNg_IFNG,Papalexi,23,0.02666666666666667
without_old_controller,Papalexi_IFNg_IFNG,Papalexi,24,0.019999999999999983
without_old_controller,Papalexi_IFNg_IFNG,Papalexi,25,0.10666666666666666
without_old_controller,Papalexi_IFNg_IFNG,Papalexi,26,-4.4408920985006264e-17
without_old_controller,Papalexi_IFNg_IFNG,Papalexi,27,0.0
without_old_controller,Papalexi_IFNg_IFNG,Papalexi,28,0.05333333333333333
without_old_controller,Papalexi_IFNg_IFNG,Papalexi,29,0.09333333333333334
without_old_controller,Papalexi_IFNg_IL2STAT5,Papalexi,0,0.0
without_old_controller,Papalexi_IFNg_IL2STAT5,Papalexi,1,0.0
without_old_controller,Papalexi_IFNg_IL2STAT5,Papalexi,2,0.020000000000000004
without_old_controller,Papalexi_IFNg_IL2STAT5,Papalexi,3,0.05333333333333333
without_old_controller,Papalexi_IFNg_IL2STAT5,Papalexi,4,2.4980018054066023e-17
without_old_controller,Papalexi_IFNg_IL2STAT5,Papalexi,5,0.0
without_old_controller,Papalexi_IFNg_IL2STAT5,Papalexi,6,0.0033333333333333375
without_old_controller,Papalexi_IFNg_IL2STAT5,Papalexi,7,0.0
without_old_controller,Papalexi_IFNg_IL2STAT5,Papalexi,8,-0.10666666666666667
without_old_controller,Papalexi_IFNg_IL2STAT5,Papalexi,9,-7.771561172376097e-18
without_old_controller,Papalexi_IFNg_IL2STAT5,Papalexi,10,2.1649348980190553e-17
without_old_controller,Papalexi_IFNg_IL2STAT5,Papalexi,11,4.3298697960381107e-17
without_old_controller,Papalexi_IFNg_IL2STAT5,Papalexi,12,-0.006666666666666666
without_old_controller,Papalexi_IFNg_IL2STAT5,Papalexi,13,0.0
without_old_controller,Papalexi_IFNg_IL2STAT5,Papalexi,14,-0.04333333333333332
without_old_controller,Papalexi_IFNg_IL2STAT5,Papalexi,15,0.08333333333333337
without_old_controller,Papalexi_IFNg_IL2STAT5,Papalexi,16,-2.55351295663786e-17
without_old_controller,Papalexi_IFNg_IL2STAT5,Papalexi,17,0.03333333333333333
without_old_controller,Papalexi_IFNg_IL2STAT5,Papalexi,18,0.013333333333333334
without_old_controller,Papalexi_IFNg_IL2STAT5,Papalexi,19,0.010000000000000002
without_old_controller,Papalexi_IFNg_IL2STAT5,Papalexi,20,0.04666666666666667
without_old_controller,Papalexi_IFNg_IL2STAT5,Papalexi,21,-0.14
without_old_controller,Papalexi_IFNg_IL2STAT5,Papalexi,22,-0.006666666666666661
without_old_controller,Papalexi_IFNg_IL2STAT5,Papalexi,23,0.07333333333333335
without_old_controller,Papalexi_IFNg_IL2STAT5,Papalexi,24,0.02
without_old_controller,Papalexi_IFNg_IL2STAT5,Papalexi,25,-4.107825191113079e-17
without_old_controller,Papalexi_IFNg_IL2STAT5,Papalexi,26,0.0
without_old_controller,Papalexi_IFNg_IL2STAT5,Papalexi,27,0.05666666666666667
without_old_controller,Papalexi_IFNg_IL2STAT5,Papalexi,28,0.05333333333333334
without_old_controller,Papalexi_IFNg_IL2STAT5,Papalexi,29,-2.2759572004815708e-17
without_old_controller,Papalexi_IFNg_TNFA,Papalexi,0,0.03333333333333334
without_old_controller,Papalexi_IFNg_TNFA,Papalexi,1,0.0
without_old_controller,Papalexi_IFNg_TNFA,Papalexi,2,0.01999999999999999
without_old_controller,Papalexi_IFNg_TNFA,Papalexi,3,0.0
without_old_controller,Papalexi_IFNg_TNFA,Papalexi,4,1.2212453270876722e-17
without_old_controller,Papalexi_IFNg_TNFA,Papalexi,5,0.023333333333333338
without_old_controller,Papalexi_IFNg_TNFA,Papalexi,6,-0.15333333333333332
without_old_controller,Papalexi_IFNg_TNFA,Papalexi,7,0.026666666666666675
without_old_controller,Papalexi_IFNg_TNFA,Papalexi,8,-0.036666666666666674
without_old_controller,Papalexi_IFNg_TNFA,Papalexi,9,0.0
without_old_controller,Papalexi_IFNg_TNFA,Papalexi,10,-9.992007221626408e-18
without_old_controller,Papalexi_IFNg_TNFA,Papalexi,11,2.6090241078691177e-17
without_old_controller,Papalexi_IFNg_TNFA,Papalexi,12,-0.05999999999999999
without_old_controller,Papalexi_IFNg_TNFA,Papalexi,13,1.9984014443252817e-17
without_old_controller,Papalexi_IFNg_TNFA,Papalexi,14,-0.04333333333333333
without_old_controller,Papalexi_IFNg_TNFA,Papalexi,15,0.053333333333333316
without_old_controller,Papalexi_IFNg_TNFA,Papalexi,16,0.0
without_old_controller,Papalexi_IFNg_TNFA,Papalexi,17,0.03333333333333335
without_old_controller,Papalexi_IFNg_TNFA,Papalexi,18,0.0
without_old_controller,Papalexi_IFNg_TNFA,Papalexi,19,-0.13999999999999999
without_old_controller,Papalexi_IFNg_TNFA,Papalexi,20,0.08333333333333336
without_old_controller,Papalexi_IFNg_TNFA,Papalexi,21,-0.11333333333333336
without_old_controller,Papalexi_IFNg_TNFA,Papalexi,22,-0.04
without_old_controller,Papalexi_IFNg_TNFA,Papalexi,23,-0.013333333333333338
without_old_controller,Papalexi_IFNg_TNFA,Papalexi,24,0.0
without_old_controller,Papalexi_IFNg_TNFA,Papalexi,25,0.0
without_old_controller,Papalexi_IFNg_TNFA,Papalexi,26,0.0
without_old_controller,Papalexi_IFNg_TNFA,Papalexi,27,0.0033333333333333388
without_old_controller,Papalexi_IFNg_TNFA,Papalexi,28,0.05333333333333334
without_old_controller,Papalexi_IFNg_TNFA,Papalexi,29,0.0
without_old_controller,Tian_all_IFNG,Tian,0,0.05238095238095235
without_old_controller,Tian_all_IFNG,Tian,1,0.007142857142857091
without_old_controller,Tian_all_IFNG,Tian,2,0.0057142857142856605
without_old_controller,Tian_all_IFNG,Tian,3,0.07619047619047628
without_old_controller,Tian_all_IFNG,Tian,4,0.05857142857142858
without_old_controller,Tian_all_IFNG,Tian,5,0.036666666666666646
without_old_controller,Tian_all_IFNG,Tian,6,0.02571428571428579
without_old_controller,Tian_all_IFNG,Tian,7,0.08190476190476197
without_old_controller,Tian_all_IFNG,Tian,8,0.026666666666666675
without_old_controller,Tian_all_IFNG,Tian,9,0.05380952380952387
without_old_controller,Tian_all_IFNG,Tian,10,0.008571428571428553
without_old_controller,Tian_all_IFNG,Tian,11,0.0214285714285714
without_old_controller,Tian_all_IFNG,Tian,12,0.04190476190476189
without_old_controller,Tian_all_IFNG,Tian,13,0.015238095238095238
without_old_controller,Tian_all_IFNG,Tian,14,0.09809523809523821
without_old_controller,Tian_all_IFNG,Tian,15,0.010476190476190464
without_old_controller,Tian_all_IFNG,Tian,16,0.018571428571428593
without_old_controller,Tian_all_IFNG,Tian,17,0.024761904761904856
without_old_controller,Tian_all_IFNG,Tian,18,0.07714285714285711
without_old_controller,Tian_all_IFNG,Tian,19,0.1133333333333334
without_old_controller,Tian_all_IFNG,Tian,20,0.014761904761904728
without_old_controller,Tian_all_IFNG,Tian,21,-0.003809523809523894
without_old_controller,Tian_all_IFNG,Tian,22,0.0533333333333334
without_old_controller,Tian_all_IFNG,Tian,23,0.10190476190476197
without_old_controller,Tian_all_IFNG,Tian,24,0.024761904761904728
without_old_controller,Tian_all_IFNG,Tian,25,0.12428571428571424
without_old_controller,Tian_all_IFNG,Tian,26,0.08571428571428567
without_old_controller,Tian_all_IFNG,Tian,27,-0.00666666666666661
without_old_controller,Tian_all_IFNG,Tian,28,0.04571428571428568
without_old_controller,Tian_all_IFNG,Tian,29,0.05666666666666677
without_old_controller,Tian_all_IL2STAT5,Tian,0,0.03714285714285717
without_old_controller,Tian_all_IL2STAT5,Tian,1,0.09666666666666666
without_old_controller,Tian_all_IL2STAT5,Tian,2,0.03
without_old_controller,Tian_all_IL2STAT5,Tian,3,0.0033333333333333227
without_old_controller,Tian_all_IL2STAT5,Tian,4,0.024761904761904804
without_old_controller,Tian_all_IL2STAT5,Tian,5,0.0038095238095238095
without_old_controller,Tian_all_IL2STAT5,Tian,6,0.06999999999999997
without_old_controller,Tian_all_IL2STAT5,Tian,7,0.002857142857142851
without_old_controller,Tian_all_IL2STAT5,Tian,8,0.04666666666666663
without_old_controller,Tian_all_IL2STAT5,Tian,9,0.038571428571428534
without_old_controller,Tian_all_IL2STAT5,Tian,10,0.0928571428571429
without_old_controller,Tian_all_IL2STAT5,Tian,11,-0.040952380952380935
without_old_controller,Tian_all_IL2STAT5,Tian,12,0.05904761904761901
without_old_controller,Tian_all_IL2STAT5,Tian,13,0.029047619047619058
without_old_controller,Tian_all_IL2STAT5,Tian,14,0.022857142857142847
without_old_controller,Tian_all_IL2STAT5,Tian,15,0.045238095238095175
without_old_controller,Tian_all_IL2STAT5,Tian,16,0.0028571428571429304
without_old_controller,Tian_all_IL2STAT5,Tian,17,0.0390476190476191
without_old_controller,Tian_all_IL2STAT5,Tian,18,0.1038095238095238
without_old_controller,Tian_all_IL2STAT5,Tian,19,-0.05047619047619046
without_old_controller,Tian_all_IL2STAT5,Tian,20,-0.01428571428571423
without_old_controller,Tian_all_IL2STAT5,Tian,21,0.06714285714285712
without_old_controller,Tian_all_IL2STAT5,Tian,22,0.03190476190476187
without_old_controller,Tian_all_IL2STAT5,Tian,23,0.02190476190476189
without_old_controller,Tian_all_IL2STAT5,Tian,24,0.1095238095238095
without_old_controller,Tian_all_IL2STAT5,Tian,25,0.11857142857142859
without_old_controller,Tian_all_IL2STAT5,Tian,26,0.05904761904761906
without_old_controller,Tian_all_IL2STAT5,Tian,27,0.06714285714285712
without_old_controller,Tian_all_IL2STAT5,Tian,28,0.023333333333333345
without_old_controller,Tian_all_IL2STAT5,Tian,29,0.04809523809523815
without_old_controller,Tian_all_TNFA,Tian,0,0.027142857142857118
without_old_controller,Tian_all_TNFA,Tian,1,0.10476190476190478
without_old_controller,Tian_all_TNFA,Tian,2,0.08619047619047614
without_old_controller,Tian_all_TNFA,Tian,3,0.16761904761904764
without_old_controller,Tian_all_TNFA,Tian,4,0.006190476190476202
without_old_controller,Tian_all_TNFA,Tian,5,0.09333333333333332
without_old_controller,Tian_all_TNFA,Tian,6,0.0004761904761905711
without_old_controller,Tian_all_TNFA,Tian,7,0.08857142857142854
without_old_controller,Tian_all_TNFA,Tian,8,0.05476190476190473
without_old_controller,Tian_all_TNFA,Tian,9,0.0261904761904761
without_old_controller,Tian_all_TNFA,Tian,10,0.04999999999999995
without_old_controller,Tian_all_TNFA,Tian,11,0.022380952380952376
without_old_controller,Tian_all_TNFA,Tian,12,0.05619047619047621
without_old_controller,Tian_all_TNFA,Tian,13,0.04285714285714292
without_old_controller,Tian_all_TNFA,Tian,14,-0.002857142857142883
without_old_controller,Tian_all_TNFA,Tian,15,-0.02285714285714296
without_old_controller,Tian_all_TNFA,Tian,16,0.09904761904761904
without_old_controller,Tian_all_TNFA,Tian,17,0.04190476190476188
without_old_controller,Tian_all_TNFA,Tian,18,0.1019047619047619
without_old_controller,Tian_all_TNFA,Tian,19,0.08285714285714285
without_old_controller,Tian_all_TNFA,Tian,20,0.08190476190476201
without_old_controller,Tian_all_TNFA,Tian,21,0.1480952380952381
without_old_controller,Tian_all_TNFA,Tian,22,0.051428571428571476
without_old_controller,Tian_all_TNFA,Tian,23,0.05095238095238101
without_old_controller,Tian_all_TNFA,Tian,24,0.017619047619047642
without_old_controller,Tian_all_TNFA,Tian,25,0.07904761904761902
without_old_controller,Tian_all_TNFA,Tian,26,0.10238095238095235
without_old_controller,Tian_all_TNFA,Tian,27,-0.010000000000000057
without_old_controller,Tian_all_TNFA,Tian,28,0.08380952380952378
without_old_controller,Tian_all_TNFA,Tian,29,0.11714285714285712
