task,seed,policy,study,quantile,precision_a,precision_b
Frangieh_Coculture_IFNG,0,random,Frangieh,0.6,0.2926829268292683,0.4634146341463415
Frangieh_Coculture_IFNG,0,random,Frangieh,0.8,0.12195121951219512,0.14634146341463414
Frangieh_Coculture_IFNG,0,fixed_ridge,Frangieh,0.6,0.3902439024390244,0.3902439024390244
Frangieh_Coculture_IFNG,0,fixed_ridge,Frangieh,0.8,0.24390243902439024,0.21951219512195122
Frangieh_Coculture_IFNG,0,greedy_ridge,Frangieh,0.6,0.3902439024390244,0.43902439024390244
Frangieh_Coculture_IFNG,0,greedy_ridge,Frangieh,0.8,0.1951219512195122,0.21951219512195122
Frangieh_Coculture_IFNG,0,linear_ucb,Frangieh,0.6,0.36585365853658536,0.4146341463414634
Frangieh_Coculture_IFNG,0,linear_ucb,Frangieh,0.8,0.17073170731707318,0.1951219512195122
Frangieh_Coculture_IFNG,0,diversity,Frangieh,0.6,0.2682926829268293,0.36585365853658536
Frangieh_Coculture_IFNG,0,diversity,Frangieh,0.8,0.17073170731707318,0.14634146341463414
Frangieh_Coculture_IFNG,0,extra_trees,Frangieh,0.6,0.2926829268292683,0.4146341463414634
Frangieh_Coculture_IFNG,0,extra_trees,Frangieh,0.8,0.1951219512195122,0.21951219512195122
Frangieh_Coculture_IFNG,0,gated_random,Frangieh,0.6,0.2926829268292683,0.4634146341463415
Frangieh_Coculture_IFNG,0,gated_random,Frangieh,0.8,0.12195121951219512,0.14634146341463414
Frangieh_Coculture_IFNG,0,old_controller,Frangieh,0.6,0.2682926829268293,0.36585365853658536
Frangieh_Coculture_IFNG,0,old_controller,Frangieh,0.8,0.17073170731707318,0.14634146341463414
Frangieh_Coculture_IFNG,1,random,Frangieh,0.6,0.4146341463414634,0.6097560975609756
Frangieh_Coculture_IFNG,1,random,Frangieh,0.8,0.3170731707317073,0.3170731707317073
Frangieh_Coculture_IFNG,1,fixed_ridge,Frangieh,0.6,0.43902439024390244,0.5121951219512195
Frangieh_Coculture_IFNG,1,fixed_ridge,Frangieh,0.8,0.3170731707317073,0.2682926829268293
Frangieh_Coculture_IFNG,1,greedy_ridge,Frangieh,0.6,0.4146341463414634,0.4634146341463415
Frangieh_Coculture_IFNG,1,greedy_ridge,Frangieh,0.8,0.24390243902439024,0.21951219512195122
Frangieh_Coculture_IFNG,1,linear_ucb,Frangieh,0.6,0.43902439024390244,0.4878048780487805
Frangieh_Coculture_IFNG,1,linear_ucb,Frangieh,0.8,0.24390243902439024,0.1951219512195122
Frangieh_Coculture_IFNG,1,diversity,Frangieh,0.6,0.36585365853658536,0.5121951219512195
Frangieh_Coculture_IFNG,1,diversity,Frangieh,0.8,0.2682926829268293,0.2682926829268293
Frangieh_Coculture_IFNG,1,extra_trees,Frangieh,0.6,0.4634146341463415,0.5121951219512195
Frangieh_Coculture_IFNG,1,extra_trees,Frangieh,0.8,0.24390243902439024,0.2682926829268293
Frangieh_Coculture_IFNG,1,gated_random,Frangieh,0.6,0.4146341463414634,0.6097560975609756
Frangieh_Coculture_IFNG,1,gated_random,Frangieh,0.8,0.3170731707317073,0.3170731707317073
Frangieh_Coculture_IFNG,1,old_controller,Frangieh,0.6,0.36585365853658536,0.5121951219512195
Frangieh_Coculture_IFNG,1,old_controller,Frangieh,0.8,0.2682926829268293,0.2682926829268293
Frangieh_Coculture_IFNG,2,random,Frangieh,0.6,0.4878048780487805,0.4878048780487805
Frangieh_Coculture_IFNG,2,random,Frangieh,0.8,0.2926829268292683,0.2926829268292683
Frangieh_Coculture_IFNG,2,fixed_ridge,Frangieh,0.6,0.2682926829268293,0.5365853658536586
Frangieh_Coculture_IFNG,2,fixed_ridge,Frangieh,0.8,0.1951219512195122,0.24390243902439024
Frangieh_Coculture_IFNG,2,greedy_ridge,Frangieh,0.6,0.36585365853658536,0.5609756097560976
Frangieh_Coculture_IFNG,2,greedy_ridge,Frangieh,0.8,0.24390243902439024,0.21951219512195122
Frangieh_Coculture_IFNG,2,linear_ucb,Frangieh,0.6,0.34146341463414637,0.5609756097560976
Frangieh_Coculture_IFNG,2,linear_ucb,Frangieh,0.8,0.24390243902439024,0.24390243902439024
Frangieh_Coculture_IFNG,2,diversity,Frangieh,0.6,0.36585365853658536,0.4634146341463415
Frangieh_Coculture_IFNG,2,diversity,Frangieh,0.8,0.2926829268292683,0.1951219512195122
Frangieh_Coculture_IFNG,2,extra_trees,Frangieh,0.6,0.2682926829268293,0.5121951219512195
Frangieh_Coculture_IFNG,2,extra_trees,Frangieh,0.8,0.17073170731707318,0.1951219512195122
Frangieh_Coculture_IFNG,2,gated_random,Frangieh,0.6,0.4878048780487805,0.4878048780487805
Frangieh_Coculture_IFNG,2,gated_random,Frangieh,0.8,0.2926829268292683,0.2926829268292683
Frangieh_Coculture_IFNG,2,old_controller,Frangieh,0.6,0.36585365853658536,0.4634146341463415
Frangieh_Coculture_IFNG,2,old_controller,Frangieh,0.8,0.2926829268292683,0.1951219512195122
Frangieh_Coculture_IFNG,3,random,Frangieh,0.6,0.3170731707317073,0.43902439024390244
Frangieh_Coculture_IFNG,3,random,Frangieh,0.8,0.21951219512195122,0.14634146341463414
Frangieh_Coculture_IFNG,3,fixed_ridge,Frangieh,0.6,0.4146341463414634,0.4146341463414634
Frangieh_Coculture_IFNG,3,fixed_ridge,Frangieh,0.8,0.21951219512195122,0.14634146341463414
Frangieh_Coculture_IFNG,3,greedy_ridge,Frangieh,0.6,0.5365853658536586,0.4634146341463415
Frangieh_Coculture_IFNG,3,greedy_ridge,Frangieh,0.8,0.3170731707317073,0.1951219512195122
Frangieh_Coculture_IFNG,3,linear_ucb,Frangieh,0.6,0.3902439024390244,0.4634146341463415
Frangieh_Coculture_IFNG,3,linear_ucb,Frangieh,0.8,0.2682926829268293,0.17073170731707318
Frangieh_Coculture_IFNG,3,diversity,Frangieh,0.6,0.34146341463414637,0.4146341463414634
Frangieh_Coculture_IFNG,3,diversity,Frangieh,0.8,0.21951219512195122,0.17073170731707318
Frangieh_Coculture_IFNG,3,extra_trees,Frangieh,0.6,0.36585365853658536,0.4146341463414634
Frangieh_Coculture_IFNG,3,extra_trees,Frangieh,0.8,0.1951219512195122,0.21951219512195122
Frangieh_Coculture_IFNG,3,gated_random,Frangieh,0.6,0.24390243902439024,0.4634146341463415
Frangieh_Coculture_IFNG,3,gated_random,Frangieh,0.8,0.14634146341463414,0.17073170731707318
Frangieh_Coculture_IFNG,3,old_controller,Frangieh,0.6,0.36585365853658536,0.43902439024390244
Frangieh_Coculture_IFNG,3,old_controller,Frangieh,0.8,0.2682926829268293,0.14634146341463414
Frangieh_Coculture_IFNG,4,random,Frangieh,0.6,0.2926829268292683,0.5365853658536586
Frangieh_Coculture_IFNG,4,random,Frangieh,0.8,0.17073170731707318,0.21951219512195122
Frangieh_Coculture_IFNG,4,fixed_ridge,Frangieh,0.6,0.36585365853658536,0.5609756097560976
Frangieh_Coculture_IFNG,4,fixed_ridge,Frangieh,0.8,0.21951219512195122,0.2926829268292683
Frangieh_Coculture_IFNG,4,greedy_ridge,Frangieh,0.6,0.4146341463414634,0.6097560975609756
Frangieh_Coculture_IFNG,4,greedy_ridge,Frangieh,0.8,0.24390243902439024,0.2926829268292683
Frangieh_Coculture_IFNG,4,linear_ucb,Frangieh,0.6,0.4146341463414634,0.6341463414634146
Frangieh_Coculture_IFNG,4,linear_ucb,Frangieh,0.8,0.2682926829268293,0.3902439024390244
Frangieh_Coculture_IFNG,4,diversity,Frangieh,0.6,0.2682926829268293,0.43902439024390244
Frangieh_Coculture_IFNG,4,diversity,Frangieh,0.8,0.21951219512195122,0.1951219512195122
Frangieh_Coculture_IFNG,4,extra_trees,Frangieh,0.6,0.34146341463414637,0.5365853658536586
Frangieh_Coculture_IFNG,4,extra_trees,Frangieh,0.8,0.17073170731707318,0.24390243902439024
Frangieh_Coculture_IFNG,4,gated_random,Frangieh,0.6,0.2926829268292683,0.5365853658536586
Frangieh_Coculture_IFNG,4,gated_random,Frangieh,0.8,0.17073170731707318,0.21951219512195122
Frangieh_Coculture_IFNG,4,old_controller,Frangieh,0.6,0.2682926829268293,0.43902439024390244
Frangieh_Coculture_IFNG,4,old_controller,Frangieh,0.8,0.21951219512195122,0.1951219512195122
Frangieh_Coculture_IFNG,5,random,Frangieh,0.6,0.3902439024390244,0.4878048780487805
Frangieh_Coculture_IFNG,5,random,Frangieh,0.8,0.3170731707317073,0.2926829268292683
Frangieh_Coculture_IFNG,5,fixed_ridge,Frangieh,0.6,0.36585365853658536,0.4634146341463415
Frangieh_Coculture_IFNG,5,fixed_ridge,Frangieh,0.8,0.21951219512195122,0.21951219512195122
Frangieh_Coculture_IFNG,5,greedy_ridge,Frangieh,0.6,0.3902439024390244,0.3902439024390244
Frangieh_Coculture_IFNG,5,greedy_ridge,Frangieh,0.8,0.2682926829268293,0.17073170731707318
Frangieh_Coculture_IFNG,5,linear_ucb,Frangieh,0.6,0.3170731707317073,0.43902439024390244
Frangieh_Coculture_IFNG,5,linear_ucb,Frangieh,0.8,0.24390243902439024,0.21951219512195122
Frangieh_Coculture_IFNG,5,diversity,Frangieh,0.6,0.2682926829268293,0.4878048780487805
Frangieh_Coculture_IFNG,5,diversity,Frangieh,0.8,0.17073170731707318,0.21951219512195122
Frangieh_Coculture_IFNG,5,extra_trees,Frangieh,0.6,0.36585365853658536,0.43902439024390244
Frangieh_Coculture_IFNG,5,extra_trees,Frangieh,0.8,0.24390243902439024,0.21951219512195122
Frangieh_Coculture_IFNG,5,gated_random,Frangieh,0.6,0.36585365853658536,0.6097560975609756
Frangieh_Coculture_IFNG,5,gated_random,Frangieh,0.8,0.2682926829268293,0.2682926829268293
Frangieh_Coculture_IFNG,5,old_controller,Frangieh,0.6,0.34146341463414637,0.4634146341463415
Frangieh_Coculture_IFNG,5,old_controller,Frangieh,0.8,0.24390243902439024,0.17073170731707318
Frangieh_Coculture_IFNG,6,random,Frangieh,0.6,0.2926829268292683,0.43902439024390244
Frangieh_Coculture_IFNG,6,random,Frangieh,0.8,0.17073170731707318,0.17073170731707318
Frangieh_Coculture_IFNG,6,fixed_ridge,Frangieh,0.6,0.2926829268292683,0.6585365853658537
Frangieh_Coculture_IFNG,6,fixed_ridge,Frangieh,0.8,0.17073170731707318,0.1951219512195122
Frangieh_Coculture_IFNG,6,greedy_ridge,Frangieh,0.6,0.3170731707317073,0.6341463414634146
Frangieh_Coculture_IFNG,6,greedy_ridge,Frangieh,0.8,0.24390243902439024,0.24390243902439024
Frangieh_Coculture_IFNG,6,linear_ucb,Frangieh,0.6,0.2926829268292683,0.5609756097560976
Frangieh_Coculture_IFNG,6,linear_ucb,Frangieh,0.8,0.21951219512195122,0.1951219512195122
Frangieh_Coculture_IFNG,6,diversity,Frangieh,0.6,0.2682926829268293,0.5365853658536586
Frangieh_Coculture_IFNG,6,diversity,Frangieh,0.8,0.14634146341463414,0.24390243902439024
Frangieh_Coculture_IFNG,6,extra_trees,Frangieh,0.6,0.2926829268292683,0.5853658536585366
Frangieh_Coculture_IFNG,6,extra_trees,Frangieh,0.8,0.17073170731707318,0.21951219512195122
Frangieh_Coculture_IFNG,6,gated_random,Frangieh,0.6,0.2926829268292683,0.43902439024390244
Frangieh_Coculture_IFNG,6,gated_random,Frangieh,0.8,0.17073170731707318,0.17073170731707318
Frangieh_Coculture_IFNG,6,old_controller,Frangieh,0.6,0.2682926829268293,0.5365853658536586
Frangieh_Coculture_IFNG,6,old_controller,Frangieh,0.8,0.14634146341463414,0.24390243902439024
Frangieh_Coculture_IFNG,7,random,Frangieh,0.6,0.2682926829268293,0.5121951219512195
Frangieh_Coculture_IFNG,7,random,Frangieh,0.8,0.21951219512195122,0.2682926829268293
Frangieh_Coculture_IFNG,7,fixed_ridge,Frangieh,0.6,0.2926829268292683,0.6341463414634146
Frangieh_Coculture_IFNG,7,fixed_ridge,Frangieh,0.8,0.24390243902439024,0.24390243902439024
Frangieh_Coculture_IFNG,7,greedy_ridge,Frangieh,0.6,0.24390243902439024,0.6097560975609756
Frangieh_Coculture_IFNG,7,greedy_ridge,Frangieh,0.8,0.1951219512195122,0.2682926829268293
Frangieh_Coculture_IFNG,7,linear_ucb,Frangieh,0.6,0.21951219512195122,0.6097560975609756
Frangieh_Coculture_IFNG,7,linear_ucb,Frangieh,0.8,0.1951219512195122,0.2926829268292683
Frangieh_Coculture_IFNG,7,diversity,Frangieh,0.6,0.2682926829268293,0.4634146341463415
Frangieh_Coculture_IFNG,7,diversity,Frangieh,0.8,0.17073170731707318,0.1951219512195122
Frangieh_Coculture_IFNG,7,extra_trees,Frangieh,0.6,0.24390243902439024,0.5609756097560976
Frangieh_Coculture_IFNG,7,extra_trees,Frangieh,0.8,0.21951219512195122,0.1951219512195122
Frangieh_Coculture_IFNG,7,gated_random,Frangieh,0.6,0.2682926829268293,0.5121951219512195
Frangieh_Coculture_IFNG,7,gated_random,Frangieh,0.8,0.21951219512195122,0.2682926829268293
Frangieh_Coculture_IFNG,7,old_controller,Frangieh,0.6,0.2682926829268293,0.4634146341463415
Frangieh_Coculture_IFNG,7,old_controller,Frangieh,0.8,0.17073170731707318,0.1951219512195122
Frangieh_Coculture_IFNG,8,random,Frangieh,0.6,0.36585365853658536,0.5609756097560976
Frangieh_Coculture_IFNG,8,random,Frangieh,0.8,0.2682926829268293,0.3170731707317073
Frangieh_Coculture_IFNG,8,fixed_ridge,Frangieh,0.6,0.36585365853658536,0.5853658536585366
Frangieh_Coculture_IFNG,8,fixed_ridge,Frangieh,0.8,0.1951219512195122,0.3170731707317073
Frangieh_Coculture_IFNG,8,greedy_ridge,Frangieh,0.6,0.36585365853658536,0.4878048780487805
Frangieh_Coculture_IFNG,8,greedy_ridge,Frangieh,0.8,0.24390243902439024,0.2682926829268293
Frangieh_Coculture_IFNG,8,linear_ucb,Frangieh,0.6,0.36585365853658536,0.5853658536585366
Frangieh_Coculture_IFNG,8,linear_ucb,Frangieh,0.8,0.2682926829268293,0.3170731707317073
Frangieh_Coculture_IFNG,8,diversity,Frangieh,0.6,0.3170731707317073,0.5121951219512195
Frangieh_Coculture_IFNG,8,diversity,Frangieh,0.8,0.21951219512195122,0.24390243902439024
Frangieh_Coculture_IFNG,8,extra_trees,Frangieh,0.6,0.2926829268292683,0.5121951219512195
Frangieh_Coculture_IFNG,8,extra_trees,Frangieh,0.8,0.21951219512195122,0.2926829268292683
Frangieh_Coculture_IFNG,8,gated_random,Frangieh,0.6,0.4878048780487805,0.6585365853658537
Frangieh_Coculture_IFNG,8,gated_random,Frangieh,0.8,0.4146341463414634,0.3902439024390244
Frangieh_Coculture_IFNG,8,old_controller,Frangieh,0.6,0.3170731707317073,0.5121951219512195
Frangieh_Coculture_IFNG,8,old_controller,Frangieh,0.8,0.21951219512195122,0.24390243902439024
Frangieh_Coculture_IFNG,9,random,Frangieh,0.6,0.3902439024390244,0.5365853658536586
Frangieh_Coculture_IFNG,9,random,Frangieh,0.8,0.21951219512195122,0.3170731707317073
Frangieh_Coculture_IFNG,9,fixed_ridge,Frangieh,0.6,0.21951219512195122,0.4634146341463415
Frangieh_Coculture_IFNG,9,fixed_ridge,Frangieh,0.8,0.17073170731707318,0.2682926829268293
Frangieh_Coculture_IFNG,9,greedy_ridge,Frangieh,0.6,0.3902439024390244,0.5121951219512195
Frangieh_Coculture_IFNG,9,greedy_ridge,Frangieh,0.8,0.2682926829268293,0.2926829268292683
Frangieh_Coculture_IFNG,9,linear_ucb,Frangieh,0.6,0.3902439024390244,0.5365853658536586
Frangieh_Coculture_IFNG,9,linear_ucb,Frangieh,0.8,0.24390243902439024,0.2682926829268293
Frangieh_Coculture_IFNG,9,diversity,Frangieh,0.6,0.3170731707317073,0.43902439024390244
Frangieh_Coculture_IFNG,9,diversity,Frangieh,0.8,0.21951219512195122,0.1951219512195122
Frangieh_Coculture_IFNG,9,extra_trees,Frangieh,0.6,0.34146341463414637,0.5121951219512195
Frangieh_Coculture_IFNG,9,extra_trees,Frangieh,0.8,0.24390243902439024,0.2926829268292683
Frangieh_Coculture_IFNG,9,gated_random,Frangieh,0.6,0.3170731707317073,0.5609756097560976
Frangieh_Coculture_IFNG,9,gated_random,Frangieh,0.8,0.21951219512195122,0.36585365853658536
Frangieh_Coculture_IFNG,9,old_controller,Frangieh,0.6,0.2926829268292683,0.43902439024390244
Frangieh_Coculture_IFNG,9,old_controller,Frangieh,0.8,0.21951219512195122,0.21951219512195122
Frangieh_Coculture_IFNG,10,random,Frangieh,0.6,0.34146341463414637,0.5853658536585366
Frangieh_Coculture_IFNG,10,random,Frangieh,0.8,0.21951219512195122,0.2926829268292683
Frangieh_Coculture_IFNG,10,fixed_ridge,Frangieh,0.6,0.36585365853658536,0.5121951219512195
Frangieh_Coculture_IFNG,10,fixed_ridge,Frangieh,0.8,0.2682926829268293,0.24390243902439024
Frangieh_Coculture_IFNG,10,greedy_ridge,Frangieh,0.6,0.4146341463414634,0.5121951219512195
Frangieh_Coculture_IFNG,10,greedy_ridge,Frangieh,0.8,0.24390243902439024,0.24390243902439024
Frangieh_Coculture_IFNG,10,linear_ucb,Frangieh,0.6,0.3902439024390244,0.5365853658536586
Frangieh_Coculture_IFNG,10,linear_ucb,Frangieh,0.8,0.24390243902439024,0.24390243902439024
Frangieh_Coculture_IFNG,10,diversity,Frangieh,0.6,0.3170731707317073,0.4878048780487805
Frangieh_Coculture_IFNG,10,diversity,Frangieh,0.8,0.21951219512195122,0.2682926829268293
Frangieh_Coculture_IFNG,10,extra_trees,Frangieh,0.6,0.34146341463414637,0.4878048780487805
Frangieh_Coculture_IFNG,10,extra_trees,Frangieh,0.8,0.24390243902439024,0.2926829268292683
Frangieh_Coculture_IFNG,10,gated_random,Frangieh,0.6,0.4146341463414634,0.4878048780487805
Frangieh_Coculture_IFNG,10,gated_random,Frangieh,0.8,0.1951219512195122,0.2682926829268293
Frangieh_Coculture_IFNG,10,old_controller,Frangieh,0.6,0.3170731707317073,0.4878048780487805
Frangieh_Coculture_IFNG,10,old_controller,Frangieh,0.8,0.21951219512195122,0.2682926829268293
Frangieh_Coculture_IFNG,11,random,Frangieh,0.6,0.36585365853658536,0.4634146341463415
Frangieh_Coculture_IFNG,11,random,Frangieh,0.8,0.2926829268292683,0.2682926829268293
Frangieh_Coculture_IFNG,11,fixed_ridge,Frangieh,0.6,0.36585365853658536,0.3902439024390244
Frangieh_Coculture_IFNG,11,fixed_ridge,Frangieh,0.8,0.21951219512195122,0.21951219512195122
Frangieh_Coculture_IFNG,11,greedy_ridge,Frangieh,0.6,0.34146341463414637,0.4634146341463415
Frangieh_Coculture_IFNG,11,greedy_ridge,Frangieh,0.8,0.24390243902439024,0.21951219512195122
Frangieh_Coculture_IFNG,11,linear_ucb,Frangieh,0.6,0.3902439024390244,0.5121951219512195
Frangieh_Coculture_IFNG,11,linear_ucb,Frangieh,0.8,0.2926829268292683,0.2682926829268293
Frangieh_Coculture_IFNG,11,diversity,Frangieh,0.6,0.2926829268292683,0.4634146341463415
Frangieh_Coculture_IFNG,11,diversity,Frangieh,0.8,0.21951219512195122,0.1951219512195122
Frangieh_Coculture_IFNG,11,extra_trees,Frangieh,0.6,0.3170731707317073,0.4878048780487805
Frangieh_Coculture_IFNG,11,extra_trees,Frangieh,0.8,0.1951219512195122,0.24390243902439024
Frangieh_Coculture_IFNG,11,gated_random,Frangieh,0.6,0.36585365853658536,0.4634146341463415
Frangieh_Coculture_IFNG,11,gated_random,Frangieh,0.8,0.2926829268292683,0.2682926829268293
Frangieh_Coculture_IFNG,11,old_controller,Frangieh,0.6,0.2926829268292683,0.4634146341463415
Frangieh_Coculture_IFNG,11,old_controller,Frangieh,0.8,0.21951219512195122,0.1951219512195122
Frangieh_Coculture_IFNG,12,random,Frangieh,0.6,0.4146341463414634,0.5853658536585366
Frangieh_Coculture_IFNG,12,random,Frangieh,0.8,0.3170731707317073,0.2926829268292683
Frangieh_Coculture_IFNG,12,fixed_ridge,Frangieh,0.6,0.2926829268292683,0.5609756097560976
Frangieh_Coculture_IFNG,12,fixed_ridge,Frangieh,0.8,0.1951219512195122,0.21951219512195122
Frangieh_Coculture_IFNG,12,greedy_ridge,Frangieh,0.6,0.2682926829268293,0.5121951219512195
Frangieh_Coculture_IFNG,12,greedy_ridge,Frangieh,0.8,0.17073170731707318,0.21951219512195122
Frangieh_Coculture_IFNG,12,linear_ucb,Frangieh,0.6,0.3170731707317073,0.5121951219512195
Frangieh_Coculture_IFNG,12,linear_ucb,Frangieh,0.8,0.21951219512195122,0.1951219512195122
Frangieh_Coculture_IFNG,12,diversity,Frangieh,0.6,0.21951219512195122,0.4634146341463415
Frangieh_Coculture_IFNG,12,diversity,Frangieh,0.8,0.12195121951219512,0.17073170731707318
Frangieh_Coculture_IFNG,12,extra_trees,Frangieh,0.6,0.34146341463414637,0.6341463414634146
Frangieh_Coculture_IFNG,12,extra_trees,Frangieh,0.8,0.2682926829268293,0.21951219512195122
Frangieh_Coculture_IFNG,12,gated_random,Frangieh,0.6,0.4146341463414634,0.5853658536585366
Frangieh_Coculture_IFNG,12,gated_random,Frangieh,0.8,0.3170731707317073,0.2926829268292683
Frangieh_Coculture_IFNG,12,old_controller,Frangieh,0.6,0.2926829268292683,0.4878048780487805
Frangieh_Coculture_IFNG,12,old_controller,Frangieh,0.8,0.1951219512195122,0.1951219512195122
Frangieh_Coculture_IFNG,13,random,Frangieh,0.6,0.34146341463414637,0.4878048780487805
Frangieh_Coculture_IFNG,13,random,Frangieh,0.8,0.24390243902439024,0.1951219512195122
Frangieh_Coculture_IFNG,13,fixed_ridge,Frangieh,0.6,0.36585365853658536,0.5365853658536586
Frangieh_Coculture_IFNG,13,fixed_ridge,Frangieh,0.8,0.2926829268292683,0.2682926829268293
Frangieh_Coculture_IFNG,13,greedy_ridge,Frangieh,0.6,0.34146341463414637,0.4878048780487805
Frangieh_Coculture_IFNG,13,greedy_ridge,Frangieh,0.8,0.21951219512195122,0.24390243902439024
Frangieh_Coculture_IFNG,13,linear_ucb,Frangieh,0.6,0.36585365853658536,0.43902439024390244
Frangieh_Coculture_IFNG,13,linear_ucb,Frangieh,0.8,0.2682926829268293,0.1951219512195122
Frangieh_Coculture_IFNG,13,diversity,Frangieh,0.6,0.24390243902439024,0.4634146341463415
Frangieh_Coculture_IFNG,13,diversity,Frangieh,0.8,0.17073170731707318,0.14634146341463414
Frangieh_Coculture_IFNG,13,extra_trees,Frangieh,0.6,0.36585365853658536,0.4146341463414634
Frangieh_Coculture_IFNG,13,extra_trees,Frangieh,0.8,0.21951219512195122,0.21951219512195122
Frangieh_Coculture_IFNG,13,gated_random,Frangieh,0.6,0.34146341463414637,0.4878048780487805
Frangieh_Coculture_IFNG,13,gated_random,Frangieh,0.8,0.24390243902439024,0.1951219512195122
Frangieh_Coculture_IFNG,13,old_controller,Frangieh,0.6,0.24390243902439024,0.4634146341463415
Frangieh_Coculture_IFNG,13,old_controller,Frangieh,0.8,0.17073170731707318,0.14634146341463414
Frangieh_Coculture_IFNG,14,random,Frangieh,0.6,0.3170731707317073,0.5609756097560976
Frangieh_Coculture_IFNG,14,random,Frangieh,0.8,0.2682926829268293,0.2926829268292683
Frangieh_Coculture_IFNG,14,fixed_ridge,Frangieh,0.6,0.34146341463414637,0.5853658536585366
Frangieh_Coculture_IFNG,14,fixed_ridge,Frangieh,0.8,0.2682926829268293,0.2682926829268293
Frangieh_Coculture_IFNG,14,greedy_ridge,Frangieh,0.6,0.3902439024390244,0.6097560975609756
Frangieh_Coculture_IFNG,14,greedy_ridge,Frangieh,0.8,0.2926829268292683,0.2682926829268293
Frangieh_Coculture_IFNG,14,linear_ucb,Frangieh,0.6,0.2926829268292683,0.6097560975609756
Frangieh_Coculture_IFNG,14,linear_ucb,Frangieh,0.8,0.21951219512195122,0.24390243902439024
Frangieh_Coculture_IFNG,14,diversity,Frangieh,0.6,0.3170731707317073,0.43902439024390244
Frangieh_Coculture_IFNG,14,diversity,Frangieh,0.8,0.1951219512195122,0.17073170731707318
Frangieh_Coculture_IFNG,14,extra_trees,Frangieh,0.6,0.2926829268292683,0.5853658536585366
Frangieh_Coculture_IFNG,14,extra_trees,Frangieh,0.8,0.1951219512195122,0.2682926829268293
Frangieh_Coculture_IFNG,14,gated_random,Frangieh,0.6,0.3170731707317073,0.5609756097560976
Frangieh_Coculture_IFNG,14,gated_random,Frangieh,0.8,0.2682926829268293,0.2926829268292683
Frangieh_Coculture_IFNG,14,old_controller,Frangieh,0.6,0.3170731707317073,0.43902439024390244
Frangieh_Coculture_IFNG,14,old_controller,Frangieh,0.8,0.1951219512195122,0.17073170731707318
Frangieh_Coculture_IFNG,15,random,Frangieh,0.6,0.4146341463414634,0.4878048780487805
Frangieh_Coculture_IFNG,15,random,Frangieh,0.8,0.21951219512195122,0.21951219512195122
Frangieh_Coculture_IFNG,15,fixed_ridge,Frangieh,0.6,0.3902439024390244,0.5609756097560976
Frangieh_Coculture_IFNG,15,fixed_ridge,Frangieh,0.8,0.2682926829268293,0.12195121951219512
Frangieh_Coculture_IFNG,15,greedy_ridge,Frangieh,0.6,0.3902439024390244,0.5121951219512195
Frangieh_Coculture_IFNG,15,greedy_ridge,Frangieh,0.8,0.24390243902439024,0.17073170731707318
Frangieh_Coculture_IFNG,15,linear_ucb,Frangieh,0.6,0.3902439024390244,0.4146341463414634
Frangieh_Coculture_IFNG,15,linear_ucb,Frangieh,0.8,0.24390243902439024,0.14634146341463414
Frangieh_Coculture_IFNG,15,diversity,Frangieh,0.6,0.34146341463414637,0.3902439024390244
Frangieh_Coculture_IFNG,15,diversity,Frangieh,0.8,0.1951219512195122,0.1951219512195122
Frangieh_Coculture_IFNG,15,extra_trees,Frangieh,0.6,0.3902439024390244,0.43902439024390244
Frangieh_Coculture_IFNG,15,extra_trees,Frangieh,0.8,0.24390243902439024,0.14634146341463414
Frangieh_Coculture_IFNG,15,gated_random,Frangieh,0.6,0.5365853658536586,0.4878048780487805
Frangieh_Coculture_IFNG,15,gated_random,Frangieh,0.8,0.34146341463414637,0.1951219512195122
Frangieh_Coculture_IFNG,15,old_controller,Frangieh,0.6,0.3902439024390244,0.4634146341463415
Frangieh_Coculture_IFNG,15,old_controller,Frangieh,0.8,0.2682926829268293,0.17073170731707318
Frangieh_Coculture_IFNG,16,random,Frangieh,0.6,0.34146341463414637,0.5365853658536586
Frangieh_Coculture_IFNG,16,random,Frangieh,0.8,0.12195121951219512,0.34146341463414637
Frangieh_Coculture_IFNG,16,fixed_ridge,Frangieh,0.6,0.3170731707317073,0.5609756097560976
Frangieh_Coculture_IFNG,16,fixed_ridge,Frangieh,0.8,0.17073170731707318,0.34146341463414637
Frangieh_Coculture_IFNG,16,greedy_ridge,Frangieh,0.6,0.34146341463414637,0.4634146341463415
Frangieh_Coculture_IFNG,16,greedy_ridge,Frangieh,0.8,0.1951219512195122,0.2682926829268293
Frangieh_Coculture_IFNG,16,linear_ucb,Frangieh,0.6,0.3902439024390244,0.4146341463414634
Frangieh_Coculture_IFNG,16,linear_ucb,Frangieh,0.8,0.24390243902439024,0.21951219512195122
Frangieh_Coculture_IFNG,16,diversity,Frangieh,0.6,0.34146341463414637,0.5121951219512195
Frangieh_Coculture_IFNG,16,diversity,Frangieh,0.8,0.14634146341463414,0.24390243902439024
Frangieh_Coculture_IFNG,16,extra_trees,Frangieh,0.6,0.34146341463414637,0.5609756097560976
Frangieh_Coculture_IFNG,16,extra_trees,Frangieh,0.8,0.17073170731707318,0.2682926829268293
Frangieh_Coculture_IFNG,16,gated_random,Frangieh,0.6,0.34146341463414637,0.5365853658536586
Frangieh_Coculture_IFNG,16,gated_random,Frangieh,0.8,0.12195121951219512,0.34146341463414637
Frangieh_Coculture_IFNG,16,old_controller,Frangieh,0.6,0.34146341463414637,0.5121951219512195
Frangieh_Coculture_IFNG,16,old_controller,Frangieh,0.8,0.14634146341463414,0.24390243902439024
Frangieh_Coculture_IFNG,17,random,Frangieh,0.6,0.5365853658536586,0.5609756097560976
Frangieh_Coculture_IFNG,17,random,Frangieh,0.8,0.34146341463414637,0.34146341463414637
Frangieh_Coculture_IFNG,17,fixed_ridge,Frangieh,0.6,0.4634146341463415,0.6097560975609756
Frangieh_Coculture_IFNG,17,fixed_ridge,Frangieh,0.8,0.2926829268292683,0.34146341463414637
Frangieh_Coculture_IFNG,17,greedy_ridge,Frangieh,0.6,0.3902439024390244,0.5365853658536586
Frangieh_Coculture_IFNG,17,greedy_ridge,Frangieh,0.8,0.21951219512195122,0.2682926829268293
Frangieh_Coculture_IFNG,17,linear_ucb,Frangieh,0.6,0.36585365853658536,0.5365853658536586
Frangieh_Coculture_IFNG,17,linear_ucb,Frangieh,0.8,0.1951219512195122,0.3170731707317073
Frangieh_Coculture_IFNG,17,diversity,Frangieh,0.6,0.3902439024390244,0.5121951219512195
Frangieh_Coculture_IFNG,17,diversity,Frangieh,0.8,0.2682926829268293,0.24390243902439024
Frangieh_Coculture_IFNG,17,extra_trees,Frangieh,0.6,0.3902439024390244,0.5121951219512195
Frangieh_Coculture_IFNG,17,extra_trees,Frangieh,0.8,0.21951219512195122,0.1951219512195122
Frangieh_Coculture_IFNG,17,gated_random,Frangieh,0.6,0.5365853658536586,0.5609756097560976
Frangieh_Coculture_IFNG,17,gated_random,Frangieh,0.8,0.34146341463414637,0.34146341463414637
Frangieh_Coculture_IFNG,17,old_controller,Frangieh,0.6,0.3902439024390244,0.5121951219512195
Frangieh_Coculture_IFNG,17,old_controller,Frangieh,0.8,0.2682926829268293,0.24390243902439024
Frangieh_Coculture_IFNG,18,random,Frangieh,0.6,0.4146341463414634,0.5365853658536586
Frangieh_Coculture_IFNG,18,random,Frangieh,0.8,0.2682926829268293,0.24390243902439024
Frangieh_Coculture_IFNG,18,fixed_ridge,Frangieh,0.6,0.4146341463414634,0.6097560975609756
Frangieh_Coculture_IFNG,18,fixed_ridge,Frangieh,0.8,0.2682926829268293,0.24390243902439024
Frangieh_Coculture_IFNG,18,greedy_ridge,Frangieh,0.6,0.34146341463414637,0.4634146341463415
Frangieh_Coculture_IFNG,18,greedy_ridge,Frangieh,0.8,0.24390243902439024,0.1951219512195122
Frangieh_Coculture_IFNG,18,linear_ucb,Frangieh,0.6,0.34146341463414637,0.4634146341463415
Frangieh_Coculture_IFNG,18,linear_ucb,Frangieh,0.8,0.21951219512195122,0.21951219512195122
Frangieh_Coculture_IFNG,18,diversity,Frangieh,0.6,0.24390243902439024,0.43902439024390244
Frangieh_Coculture_IFNG,18,diversity,Frangieh,0.8,0.17073170731707318,0.17073170731707318
Frangieh_Coculture_IFNG,18,extra_trees,Frangieh,0.6,0.2926829268292683,0.5609756097560976
Frangieh_Coculture_IFNG,18,extra_trees,Frangieh,0.8,0.21951219512195122,0.21951219512195122
Frangieh_Coculture_IFNG,18,gated_random,Frangieh,0.6,0.4146341463414634,0.5365853658536586
Frangieh_Coculture_IFNG,18,gated_random,Frangieh,0.8,0.2682926829268293,0.24390243902439024
Frangieh_Coculture_IFNG,18,old_controller,Frangieh,0.6,0.24390243902439024,0.43902439024390244
Frangieh_Coculture_IFNG,18,old_controller,Frangieh,0.8,0.17073170731707318,0.17073170731707318
Frangieh_Coculture_IFNG,19,random,Frangieh,0.6,0.36585365853658536,0.6341463414634146
Frangieh_Coculture_IFNG,19,random,Frangieh,0.8,0.14634146341463414,0.2926829268292683
Frangieh_Coculture_IFNG,19,fixed_ridge,Frangieh,0.6,0.3170731707317073,0.6585365853658537
Frangieh_Coculture_IFNG,19,fixed_ridge,Frangieh,0.8,0.1951219512195122,0.3170731707317073
Frangieh_Coculture_IFNG,19,greedy_ridge,Frangieh,0.6,0.34146341463414637,0.5609756097560976
Frangieh_Coculture_IFNG,19,greedy_ridge,Frangieh,0.8,0.1951219512195122,0.2682926829268293
Frangieh_Coculture_IFNG,19,linear_ucb,Frangieh,0.6,0.3170731707317073,0.5853658536585366
Frangieh_Coculture_IFNG,19,linear_ucb,Frangieh,0.8,0.17073170731707318,0.2682926829268293
Frangieh_Coculture_IFNG,19,diversity,Frangieh,0.6,0.2926829268292683,0.5121951219512195
Frangieh_Coculture_IFNG,19,diversity,Frangieh,0.8,0.17073170731707318,0.24390243902439024
Frangieh_Coculture_IFNG,19,extra_trees,Frangieh,0.6,0.34146341463414637,0.5365853658536586
Frangieh_Coculture_IFNG,19,extra_trees,Frangieh,0.8,0.21951219512195122,0.21951219512195122
Frangieh_Coculture_IFNG,19,gated_random,Frangieh,0.6,0.36585365853658536,0.6341463414634146
Frangieh_Coculture_IFNG,19,gated_random,Frangieh,0.8,0.14634146341463414,0.2926829268292683
Frangieh_Coculture_IFNG,19,old_controller,Frangieh,0.6,0.2926829268292683,0.5121951219512195
Frangieh_Coculture_IFNG,19,old_controller,Frangieh,0.8,0.17073170731707318,0.24390243902439024
Frangieh_Coculture_IFNG,20,random,Frangieh,0.6,0.3902439024390244,0.6097560975609756
Frangieh_Coculture_IFNG,20,random,Frangieh,0.8,0.2926829268292683,0.21951219512195122
Frangieh_Coculture_IFNG,20,fixed_ridge,Frangieh,0.6,0.3170731707317073,0.6097560975609756
Frangieh_Coculture_IFNG,20,fixed_ridge,Frangieh,0.8,0.1951219512195122,0.2926829268292683
Frangieh_Coculture_IFNG,20,greedy_ridge,Frangieh,0.6,0.3902439024390244,0.5853658536585366
Frangieh_Coculture_IFNG,20,greedy_ridge,Frangieh,0.8,0.21951219512195122,0.3170731707317073
Frangieh_Coculture_IFNG,20,linear_ucb,Frangieh,0.6,0.3902439024390244,0.43902439024390244
Frangieh_Coculture_IFNG,20,linear_ucb,Frangieh,0.8,0.2682926829268293,0.21951219512195122
Frangieh_Coculture_IFNG,20,diversity,Frangieh,0.6,0.3170731707317073,0.4146341463414634
Frangieh_Coculture_IFNG,20,diversity,Frangieh,0.8,0.21951219512195122,0.17073170731707318
Frangieh_Coculture_IFNG,20,extra_trees,Frangieh,0.6,0.4146341463414634,0.5853658536585366
Frangieh_Coculture_IFNG,20,extra_trees,Frangieh,0.8,0.21951219512195122,0.3170731707317073
Frangieh_Coculture_IFNG,20,gated_random,Frangieh,0.6,0.3902439024390244,0.6097560975609756
Frangieh_Coculture_IFNG,20,gated_random,Frangieh,0.8,0.2926829268292683,0.21951219512195122
Frangieh_Coculture_IFNG,20,old_controller,Frangieh,0.6,0.3170731707317073,0.4146341463414634
Frangieh_Coculture_IFNG,20,old_controller,Frangieh,0.8,0.21951219512195122,0.17073170731707318
Frangieh_Coculture_IFNG,21,random,Frangieh,0.6,0.34146341463414637,0.5609756097560976
Frangieh_Coculture_IFNG,21,random,Frangieh,0.8,0.21951219512195122,0.2926829268292683
Frangieh_Coculture_IFNG,21,fixed_ridge,Frangieh,0.6,0.4878048780487805,0.5609756097560976
Frangieh_Coculture_IFNG,21,fixed_ridge,Frangieh,0.8,0.3170731707317073,0.24390243902439024
Frangieh_Coculture_IFNG,21,greedy_ridge,Frangieh,0.6,0.36585365853658536,0.4634146341463415
Frangieh_Coculture_IFNG,21,greedy_ridge,Frangieh,0.8,0.1951219512195122,0.1951219512195122
Frangieh_Coculture_IFNG,21,linear_ucb,Frangieh,0.6,0.4634146341463415,0.4878048780487805
Frangieh_Coculture_IFNG,21,linear_ucb,Frangieh,0.8,0.2682926829268293,0.24390243902439024
Frangieh_Coculture_IFNG,21,diversity,Frangieh,0.6,0.3170731707317073,0.43902439024390244
Frangieh_Coculture_IFNG,21,diversity,Frangieh,0.8,0.14634146341463414,0.17073170731707318
Frangieh_Coculture_IFNG,21,extra_trees,Frangieh,0.6,0.3170731707317073,0.5365853658536586
Frangieh_Coculture_IFNG,21,extra_trees,Frangieh,0.8,0.12195121951219512,0.3170731707317073
Frangieh_Coculture_IFNG,21,gated_random,Frangieh,0.6,0.4146341463414634,0.5853658536585366
Frangieh_Coculture_IFNG,21,gated_random,Frangieh,0.8,0.21951219512195122,0.21951219512195122
Frangieh_Coculture_IFNG,21,old_controller,Frangieh,0.6,0.3170731707317073,0.43902439024390244
Frangieh_Coculture_IFNG,21,old_controller,Frangieh,0.8,0.14634146341463414,0.17073170731707318
Frangieh_Coculture_IFNG,22,random,Frangieh,0.6,0.2926829268292683,0.5609756097560976
Frangieh_Coculture_IFNG,22,random,Frangieh,0.8,0.17073170731707318,0.3170731707317073
Frangieh_Coculture_IFNG,22,fixed_ridge,Frangieh,0.6,0.2926829268292683,0.5121951219512195
Frangieh_Coculture_IFNG,22,fixed_ridge,Frangieh,0.8,0.24390243902439024,0.24390243902439024
Frangieh_Coculture_IFNG,22,greedy_ridge,Frangieh,0.6,0.4634146341463415,0.5365853658536586
Frangieh_Coculture_IFNG,22,greedy_ridge,Frangieh,0.8,0.2926829268292683,0.2682926829268293
Frangieh_Coculture_IFNG,22,linear_ucb,Frangieh,0.6,0.2926829268292683,0.5121951219512195
Frangieh_Coculture_IFNG,22,linear_ucb,Frangieh,0.8,0.24390243902439024,0.1951219512195122
Frangieh_Coculture_IFNG,22,diversity,Frangieh,0.6,0.34146341463414637,0.4878048780487805
Frangieh_Coculture_IFNG,22,diversity,Frangieh,0.8,0.24390243902439024,0.21951219512195122
Frangieh_Coculture_IFNG,22,extra_trees,Frangieh,0.6,0.36585365853658536,0.5609756097560976
Frangieh_Coculture_IFNG,22,extra_trees,Frangieh,0.8,0.2682926829268293,0.3170731707317073
Frangieh_Coculture_IFNG,22,gated_random,Frangieh,0.6,0.2926829268292683,0.5609756097560976
Frangieh_Coculture_IFNG,22,gated_random,Frangieh,0.8,0.17073170731707318,0.3170731707317073
Frangieh_Coculture_IFNG,22,old_controller,Frangieh,0.6,0.34146341463414637,0.4878048780487805
Frangieh_Coculture_IFNG,22,old_controller,Frangieh,0.8,0.24390243902439024,0.21951219512195122
Frangieh_Coculture_IFNG,23,random,Frangieh,0.6,0.34146341463414637,0.5853658536585366
Frangieh_Coculture_IFNG,23,random,Frangieh,0.8,0.34146341463414637,0.4146341463414634
Frangieh_Coculture_IFNG,23,fixed_ridge,Frangieh,0.6,0.21951219512195122,0.5853658536585366
Frangieh_Coculture_IFNG,23,fixed_ridge,Frangieh,0.8,0.1951219512195122,0.24390243902439024
Frangieh_Coculture_IFNG,23,greedy_ridge,Frangieh,0.6,0.3170731707317073,0.5609756097560976
Frangieh_Coculture_IFNG,23,greedy_ridge,Frangieh,0.8,0.24390243902439024,0.24390243902439024
Frangieh_Coculture_IFNG,23,linear_ucb,Frangieh,0.6,0.3170731707317073,0.5609756097560976
Frangieh_Coculture_IFNG,23,linear_ucb,Frangieh,0.8,0.24390243902439024,0.21951219512195122
Frangieh_Coculture_IFNG,23,diversity,Frangieh,0.6,0.2926829268292683,0.4878048780487805
Frangieh_Coculture_IFNG,23,diversity,Frangieh,0.8,0.21951219512195122,0.24390243902439024
Frangieh_Coculture_IFNG,23,extra_trees,Frangieh,0.6,0.2926829268292683,0.5609756097560976
Frangieh_Coculture_IFNG,23,extra_trees,Frangieh,0.8,0.21951219512195122,0.3170731707317073
Frangieh_Coculture_IFNG,23,gated_random,Frangieh,0.6,0.34146341463414637,0.5853658536585366
Frangieh_Coculture_IFNG,23,gated_random,Frangieh,0.8,0.34146341463414637,0.4146341463414634
Frangieh_Coculture_IFNG,23,old_controller,Frangieh,0.6,0.2926829268292683,0.4878048780487805
Frangieh_Coculture_IFNG,23,old_controller,Frangieh,0.8,0.21951219512195122,0.24390243902439024
Frangieh_Coculture_IFNG,24,random,Frangieh,0.6,0.43902439024390244,0.4634146341463415
Frangieh_Coculture_IFNG,24,random,Frangieh,0.8,0.3170731707317073,0.21951219512195122
Frangieh_Coculture_IFNG,24,fixed_ridge,Frangieh,0.6,0.4146341463414634,0.4146341463414634
Frangieh_Coculture_IFNG,24,fixed_ridge,Frangieh,0.8,0.24390243902439024,0.21951219512195122
Frangieh_Coculture_IFNG,24,greedy_ridge,Frangieh,0.6,0.3902439024390244,0.4146341463414634
Frangieh_Coculture_IFNG,24,greedy_ridge,Frangieh,0.8,0.24390243902439024,0.21951219512195122
Frangieh_Coculture_IFNG,24,linear_ucb,Frangieh,0.6,0.3902439024390244,0.4146341463414634
Frangieh_Coculture_IFNG,24,linear_ucb,Frangieh,0.8,0.24390243902439024,0.17073170731707318
Frangieh_Coculture_IFNG,24,diversity,Frangieh,0.6,0.34146341463414637,0.4878048780487805
Frangieh_Coculture_IFNG,24,diversity,Frangieh,0.8,0.1951219512195122,0.1951219512195122
Frangieh_Coculture_IFNG,24,extra_trees,Frangieh,0.6,0.3902439024390244,0.4146341463414634
Frangieh_Coculture_IFNG,24,extra_trees,Frangieh,0.8,0.21951219512195122,0.14634146341463414
Frangieh_Coculture_IFNG,24,gated_random,Frangieh,0.6,0.43902439024390244,0.4634146341463415
Frangieh_Coculture_IFNG,24,gated_random,Frangieh,0.8,0.3170731707317073,0.21951219512195122
Frangieh_Coculture_IFNG,24,old_controller,Frangieh,0.6,0.34146341463414637,0.4878048780487805
Frangieh_Coculture_IFNG,24,old_controller,Frangieh,0.8,0.1951219512195122,0.1951219512195122
Frangieh_Coculture_IFNG,25,random,Frangieh,0.6,0.34146341463414637,0.7317073170731707
Frangieh_Coculture_IFNG,25,random,Frangieh,0.8,0.2926829268292683,0.3170731707317073
Frangieh_Coculture_IFNG,25,fixed_ridge,Frangieh,0.6,0.21951219512195122,0.6097560975609756
Frangieh_Coculture_IFNG,25,fixed_ridge,Frangieh,0.8,0.1951219512195122,0.1951219512195122
Frangieh_Coculture_IFNG,25,greedy_ridge,Frangieh,0.6,0.21951219512195122,0.6585365853658537
Frangieh_Coculture_IFNG,25,greedy_ridge,Frangieh,0.8,0.1951219512195122,0.2682926829268293
Frangieh_Coculture_IFNG,25,linear_ucb,Frangieh,0.6,0.2682926829268293,0.6585365853658537
Frangieh_Coculture_IFNG,25,linear_ucb,Frangieh,0.8,0.24390243902439024,0.24390243902439024
Frangieh_Coculture_IFNG,25,diversity,Frangieh,0.6,0.3902439024390244,0.5121951219512195
Frangieh_Coculture_IFNG,25,diversity,Frangieh,0.8,0.2926829268292683,0.24390243902439024
Frangieh_Coculture_IFNG,25,extra_trees,Frangieh,0.6,0.21951219512195122,0.5853658536585366
Frangieh_Coculture_IFNG,25,extra_trees,Frangieh,0.8,0.17073170731707318,0.14634146341463414
Frangieh_Coculture_IFNG,25,gated_random,Frangieh,0.6,0.34146341463414637,0.7317073170731707
Frangieh_Coculture_IFNG,25,gated_random,Frangieh,0.8,0.2926829268292683,0.3170731707317073
Frangieh_Coculture_IFNG,25,old_controller,Frangieh,0.6,0.3902439024390244,0.5121951219512195
Frangieh_Coculture_IFNG,25,old_controller,Frangieh,0.8,0.2926829268292683,0.24390243902439024
Frangieh_Coculture_IFNG,26,random,Frangieh,0.6,0.3902439024390244,0.5365853658536586
Frangieh_Coculture_IFNG,26,random,Frangieh,0.8,0.2926829268292683,0.2682926829268293
Frangieh_Coculture_IFNG,26,fixed_ridge,Frangieh,0.6,0.1951219512195122,0.6097560975609756
Frangieh_Coculture_IFNG,26,fixed_ridge,Frangieh,0.8,0.14634146341463414,0.1951219512195122
Frangieh_Coculture_IFNG,26,greedy_ridge,Frangieh,0.6,0.1951219512195122,0.5853658536585366
Frangieh_Coculture_IFNG,26,greedy_ridge,Frangieh,0.8,0.14634146341463414,0.24390243902439024
Frangieh_Coculture_IFNG,26,linear_ucb,Frangieh,0.6,0.24390243902439024,0.5609756097560976
Frangieh_Coculture_IFNG,26,linear_ucb,Frangieh,0.8,0.1951219512195122,0.2682926829268293
Frangieh_Coculture_IFNG,26,diversity,Frangieh,0.6,0.2926829268292683,0.5121951219512195
Frangieh_Coculture_IFNG,26,diversity,Frangieh,0.8,0.21951219512195122,0.2682926829268293
Frangieh_Coculture_IFNG,26,extra_trees,Frangieh,0.6,0.2926829268292683,0.6341463414634146
Frangieh_Coculture_IFNG,26,extra_trees,Frangieh,0.8,0.24390243902439024,0.21951219512195122
Frangieh_Coculture_IFNG,26,gated_random,Frangieh,0.6,0.3902439024390244,0.5365853658536586
Frangieh_Coculture_IFNG,26,gated_random,Frangieh,0.8,0.2926829268292683,0.2682926829268293
Frangieh_Coculture_IFNG,26,old_controller,Frangieh,0.6,0.2926829268292683,0.5365853658536586
Frangieh_Coculture_IFNG,26,old_controller,Frangieh,0.8,0.21951219512195122,0.1951219512195122
Frangieh_Coculture_IFNG,27,random,Frangieh,0.6,0.34146341463414637,0.43902439024390244
Frangieh_Coculture_IFNG,27,random,Frangieh,0.8,0.2926829268292683,0.17073170731707318
Frangieh_Coculture_IFNG,27,fixed_ridge,Frangieh,0.6,0.5121951219512195,0.4878048780487805
Frangieh_Coculture_IFNG,27,fixed_ridge,Frangieh,0.8,0.2926829268292683,0.21951219512195122
Frangieh_Coculture_IFNG,27,greedy_ridge,Frangieh,0.6,0.4146341463414634,0.4878048780487805
Frangieh_Coculture_IFNG,27,greedy_ridge,Frangieh,0.8,0.2682926829268293,0.24390243902439024
Frangieh_Coculture_IFNG,27,linear_ucb,Frangieh,0.6,0.43902439024390244,0.4634146341463415
Frangieh_Coculture_IFNG,27,linear_ucb,Frangieh,0.8,0.2682926829268293,0.21951219512195122
Frangieh_Coculture_IFNG,27,diversity,Frangieh,0.6,0.34146341463414637,0.5121951219512195
Frangieh_Coculture_IFNG,27,diversity,Frangieh,0.8,0.2682926829268293,0.21951219512195122
Frangieh_Coculture_IFNG,27,extra_trees,Frangieh,0.6,0.4146341463414634,0.5365853658536586
Frangieh_Coculture_IFNG,27,extra_trees,Frangieh,0.8,0.2926829268292683,0.2682926829268293
Frangieh_Coculture_IFNG,27,gated_random,Frangieh,0.6,0.34146341463414637,0.43902439024390244
Frangieh_Coculture_IFNG,27,gated_random,Frangieh,0.8,0.2926829268292683,0.17073170731707318
Frangieh_Coculture_IFNG,27,old_controller,Frangieh,0.6,0.34146341463414637,0.5121951219512195
Frangieh_Coculture_IFNG,27,old_controller,Frangieh,0.8,0.2682926829268293,0.21951219512195122
Frangieh_Coculture_IFNG,28,random,Frangieh,0.6,0.3170731707317073,0.5365853658536586
Frangieh_Coculture_IFNG,28,random,Frangieh,0.8,0.14634146341463414,0.21951219512195122
Frangieh_Coculture_IFNG,28,fixed_ridge,Frangieh,0.6,0.36585365853658536,0.34146341463414637
Frangieh_Coculture_IFNG,28,fixed_ridge,Frangieh,0.8,0.2926829268292683,0.21951219512195122
Frangieh_Coculture_IFNG,28,greedy_ridge,Frangieh,0.6,0.34146341463414637,0.34146341463414637
Frangieh_Coculture_IFNG,28,greedy_ridge,Frangieh,0.8,0.24390243902439024,0.0975609756097561
Frangieh_Coculture_IFNG,28,linear_ucb,Frangieh,0.6,0.24390243902439024,0.34146341463414637
Frangieh_Coculture_IFNG,28,linear_ucb,Frangieh,0.8,0.17073170731707318,0.07317073170731707
Frangieh_Coculture_IFNG,28,diversity,Frangieh,0.6,0.3170731707317073,0.3902439024390244
Frangieh_Coculture_IFNG,28,diversity,Frangieh,0.8,0.1951219512195122,0.17073170731707318
Frangieh_Coculture_IFNG,28,extra_trees,Frangieh,0.6,0.34146341463414637,0.4146341463414634
Frangieh_Coculture_IFNG,28,extra_trees,Frangieh,0.8,0.21951219512195122,0.2682926829268293
Frangieh_Coculture_IFNG,28,gated_random,Frangieh,0.6,0.3170731707317073,0.5365853658536586
Frangieh_Coculture_IFNG,28,gated_random,Frangieh,0.8,0.14634146341463414,0.21951219512195122
Frangieh_Coculture_IFNG,28,old_controller,Frangieh,0.6,0.3170731707317073,0.3902439024390244
Frangieh_Coculture_IFNG,28,old_controller,Frangieh,0.8,0.1951219512195122,0.17073170731707318
Frangieh_Coculture_IFNG,29,random,Frangieh,0.6,0.34146341463414637,0.43902439024390244
Frangieh_Coculture_IFNG,29,random,Frangieh,0.8,0.21951219512195122,0.21951219512195122
Frangieh_Coculture_IFNG,29,fixed_ridge,Frangieh,0.6,0.2682926829268293,0.5853658536585366
Frangieh_Coculture_IFNG,29,fixed_ridge,Frangieh,0.8,0.17073170731707318,0.17073170731707318
Frangieh_Coculture_IFNG,29,greedy_ridge,Frangieh,0.6,0.2926829268292683,0.5121951219512195
Frangieh_Coculture_IFNG,29,greedy_ridge,Frangieh,0.8,0.1951219512195122,0.1951219512195122
Frangieh_Coculture_IFNG,29,linear_ucb,Frangieh,0.6,0.2926829268292683,0.5365853658536586
Frangieh_Coculture_IFNG,29,linear_ucb,Frangieh,0.8,0.21951219512195122,0.1951219512195122
Frangieh_Coculture_IFNG,29,diversity,Frangieh,0.6,0.34146341463414637,0.4634146341463415
Frangieh_Coculture_IFNG,29,diversity,Frangieh,0.8,0.24390243902439024,0.17073170731707318
Frangieh_Coculture_IFNG,29,extra_trees,Frangieh,0.6,0.2926829268292683,0.5121951219512195
Frangieh_Coculture_IFNG,29,extra_trees,Frangieh,0.8,0.1951219512195122,0.1951219512195122
Frangieh_Coculture_IFNG,29,gated_random,Frangieh,0.6,0.34146341463414637,0.43902439024390244
Frangieh_Coculture_IFNG,29,gated_random,Frangieh,0.8,0.21951219512195122,0.21951219512195122
Frangieh_Coculture_IFNG,29,old_controller,Frangieh,0.6,0.34146341463414637,0.4634146341463415
Frangieh_Coculture_IFNG,29,old_controller,Frangieh,0.8,0.24390243902439024,0.17073170731707318
Frangieh_Coculture_TNFA,0,random,Frangieh,0.6,0.14634146341463414,0.24390243902439024
Frangieh_Coculture_TNFA,0,random,Frangieh,0.8,0.07317073170731707,0.07317073170731707
Frangieh_Coculture_TNFA,0,fixed_ridge,Frangieh,0.6,0.2926829268292683,0.43902439024390244
Frangieh_Coculture_TNFA,0,fixed_ridge,Frangieh,0.8,0.24390243902439024,0.17073170731707318
Frangieh_Coculture_TNFA,0,greedy_ridge,Frangieh,0.6,0.2682926829268293,0.43902439024390244
Frangieh_Coculture_TNFA,0,greedy_ridge,Frangieh,0.8,0.1951219512195122,0.17073170731707318
Frangieh_Coculture_TNFA,0,linear_ucb,Frangieh,0.6,0.2926829268292683,0.43902439024390244
Frangieh_Coculture_TNFA,0,linear_ucb,Frangieh,0.8,0.1951219512195122,0.17073170731707318
Frangieh_Coculture_TNFA,0,diversity,Frangieh,0.6,0.1951219512195122,0.2682926829268293
Frangieh_Coculture_TNFA,0,diversity,Frangieh,0.8,0.12195121951219512,0.0975609756097561
Frangieh_Coculture_TNFA,0,extra_trees,Frangieh,0.6,0.2926829268292683,0.3902439024390244
Frangieh_Coculture_TNFA,0,extra_trees,Frangieh,0.8,0.17073170731707318,0.17073170731707318
Frangieh_Coculture_TNFA,0,gated_random,Frangieh,0.6,0.14634146341463414,0.24390243902439024
Frangieh_Coculture_TNFA,0,gated_random,Frangieh,0.8,0.07317073170731707,0.07317073170731707
Frangieh_Coculture_TNFA,0,old_controller,Frangieh,0.6,0.1951219512195122,0.2682926829268293
Frangieh_Coculture_TNFA,0,old_controller,Frangieh,0.8,0.12195121951219512,0.0975609756097561
Frangieh_Coculture_TNFA,1,random,Frangieh,0.6,0.17073170731707318,0.43902439024390244
Frangieh_Coculture_TNFA,1,random,Frangieh,0.8,0.04878048780487805,0.2682926829268293
Frangieh_Coculture_TNFA,1,fixed_ridge,Frangieh,0.6,0.14634146341463414,0.3902439024390244
Frangieh_Coculture_TNFA,1,fixed_ridge,Frangieh,0.8,0.0975609756097561,0.1951219512195122
Frangieh_Coculture_TNFA,1,greedy_ridge,Frangieh,0.6,0.21951219512195122,0.34146341463414637
Frangieh_Coculture_TNFA,1,greedy_ridge,Frangieh,0.8,0.12195121951219512,0.1951219512195122
Frangieh_Coculture_TNFA,1,linear_ucb,Frangieh,0.6,0.17073170731707318,0.36585365853658536
Frangieh_Coculture_TNFA,1,linear_ucb,Frangieh,0.8,0.0975609756097561,0.17073170731707318
Frangieh_Coculture_TNFA,1,diversity,Frangieh,0.6,0.24390243902439024,0.2926829268292683
Frangieh_Coculture_TNFA,1,diversity,Frangieh,0.8,0.17073170731707318,0.12195121951219512
Frangieh_Coculture_TNFA,1,extra_trees,Frangieh,0.6,0.21951219512195122,0.34146341463414637
Frangieh_Coculture_TNFA,1,extra_trees,Frangieh,0.8,0.12195121951219512,0.1951219512195122
Frangieh_Coculture_TNFA,1,gated_random,Frangieh,0.6,0.1951219512195122,0.4634146341463415
Frangieh_Coculture_TNFA,1,gated_random,Frangieh,0.8,0.0975609756097561,0.24390243902439024
Frangieh_Coculture_TNFA,1,old_controller,Frangieh,0.6,0.24390243902439024,0.2926829268292683
Frangieh_Coculture_TNFA,1,old_controller,Frangieh,0.8,0.17073170731707318,0.12195121951219512
Frangieh_Coculture_TNFA,2,random,Frangieh,0.6,0.2926829268292683,0.36585365853658536
Frangieh_Coculture_TNFA,2,random,Frangieh,0.8,0.1951219512195122,0.12195121951219512
Frangieh_Coculture_TNFA,2,fixed_ridge,Frangieh,0.6,0.21951219512195122,0.3170731707317073
Frangieh_Coculture_TNFA,2,fixed_ridge,Frangieh,0.8,0.14634146341463414,0.14634146341463414
Frangieh_Coculture_TNFA,2,greedy_ridge,Frangieh,0.6,0.2926829268292683,0.2926829268292683
Frangieh_Coculture_TNFA,2,greedy_ridge,Frangieh,0.8,0.21951219512195122,0.14634146341463414
Frangieh_Coculture_TNFA,2,linear_ucb,Frangieh,0.6,0.2682926829268293,0.2926829268292683
Frangieh_Coculture_TNFA,2,linear_ucb,Frangieh,0.8,0.1951219512195122,0.12195121951219512
Frangieh_Coculture_TNFA,2,diversity,Frangieh,0.6,0.21951219512195122,0.1951219512195122
Frangieh_Coculture_TNFA,2,diversity,Frangieh,0.8,0.17073170731707318,0.0975609756097561
Frangieh_Coculture_TNFA,2,extra_trees,Frangieh,0.6,0.17073170731707318,0.1951219512195122
Frangieh_Coculture_TNFA,2,extra_trees,Frangieh,0.8,0.12195121951219512,0.07317073170731707
Frangieh_Coculture_TNFA,2,gated_random,Frangieh,0.6,0.2926829268292683,0.36585365853658536
Frangieh_Coculture_TNFA,2,gated_random,Frangieh,0.8,0.1951219512195122,0.12195121951219512
Frangieh_Coculture_TNFA,2,old_controller,Frangieh,0.6,0.21951219512195122,0.1951219512195122
Frangieh_Coculture_TNFA,2,old_controller,Frangieh,0.8,0.17073170731707318,0.0975609756097561
Frangieh_Coculture_TNFA,3,random,Frangieh,0.6,0.2926829268292683,0.3170731707317073
Frangieh_Coculture_TNFA,3,random,Frangieh,0.8,0.21951219512195122,0.14634146341463414
Frangieh_Coculture_TNFA,3,fixed_ridge,Frangieh,0.6,0.21951219512195122,0.24390243902439024
Frangieh_Coculture_TNFA,3,fixed_ridge,Frangieh,0.8,0.0975609756097561,0.14634146341463414
Frangieh_Coculture_TNFA,3,greedy_ridge,Frangieh,0.6,0.1951219512195122,0.2926829268292683
Frangieh_Coculture_TNFA,3,greedy_ridge,Frangieh,0.8,0.14634146341463414,0.14634146341463414
Frangieh_Coculture_TNFA,3,linear_ucb,Frangieh,0.6,0.2682926829268293,0.36585365853658536
Frangieh_Coculture_TNFA,3,linear_ucb,Frangieh,0.8,0.17073170731707318,0.14634146341463414
Frangieh_Coculture_TNFA,3,diversity,Frangieh,0.6,0.21951219512195122,0.3902439024390244
Frangieh_Coculture_TNFA,3,diversity,Frangieh,0.8,0.12195121951219512,0.21951219512195122
Frangieh_Coculture_TNFA,3,extra_trees,Frangieh,0.6,0.24390243902439024,0.24390243902439024
Frangieh_Coculture_TNFA,3,extra_trees,Frangieh,0.8,0.17073170731707318,0.12195121951219512
Frangieh_Coculture_TNFA,3,gated_random,Frangieh,0.6,0.2926829268292683,0.3170731707317073
Frangieh_Coculture_TNFA,3,gated_random,Frangieh,0.8,0.21951219512195122,0.14634146341463414
Frangieh_Coculture_TNFA,3,old_controller,Frangieh,0.6,0.21951219512195122,0.3902439024390244
Frangieh_Coculture_TNFA,3,old_controller,Frangieh,0.8,0.12195121951219512,0.21951219512195122
Frangieh_Coculture_TNFA,4,random,Frangieh,0.6,0.24390243902439024,0.4146341463414634
Frangieh_Coculture_TNFA,4,random,Frangieh,0.8,0.14634146341463414,0.1951219512195122
Frangieh_Coculture_TNFA,4,fixed_ridge,Frangieh,0.6,0.2682926829268293,0.4878048780487805
Frangieh_Coculture_TNFA,4,fixed_ridge,Frangieh,0.8,0.12195121951219512,0.1951219512195122
Frangieh_Coculture_TNFA,4,greedy_ridge,Frangieh,0.6,0.2682926829268293,0.5121951219512195
Frangieh_Coculture_TNFA,4,greedy_ridge,Frangieh,0.8,0.12195121951219512,0.17073170731707318
Frangieh_Coculture_TNFA,4,linear_ucb,Frangieh,0.6,0.2682926829268293,0.4878048780487805
Frangieh_Coculture_TNFA,4,linear_ucb,Frangieh,0.8,0.12195121951219512,0.14634146341463414
Frangieh_Coculture_TNFA,4,diversity,Frangieh,0.6,0.1951219512195122,0.34146341463414637
Frangieh_Coculture_TNFA,4,diversity,Frangieh,0.8,0.0975609756097561,0.17073170731707318
Frangieh_Coculture_TNFA,4,extra_trees,Frangieh,0.6,0.2926829268292683,0.4146341463414634
Frangieh_Coculture_TNFA,4,extra_trees,Frangieh,0.8,0.12195121951219512,0.12195121951219512
Frangieh_Coculture_TNFA,4,gated_random,Frangieh,0.6,0.24390243902439024,0.4146341463414634
Frangieh_Coculture_TNFA,4,gated_random,Frangieh,0.8,0.14634146341463414,0.1951219512195122
Frangieh_Coculture_TNFA,4,old_controller,Frangieh,0.6,0.1951219512195122,0.34146341463414637
Frangieh_Coculture_TNFA,4,old_controller,Frangieh,0.8,0.0975609756097561,0.17073170731707318
Frangieh_Coculture_TNFA,5,random,Frangieh,0.6,0.2682926829268293,0.34146341463414637
Frangieh_Coculture_TNFA,5,random,Frangieh,0.8,0.17073170731707318,0.17073170731707318
Frangieh_Coculture_TNFA,5,fixed_ridge,Frangieh,0.6,0.21951219512195122,0.4146341463414634
Frangieh_Coculture_TNFA,5,fixed_ridge,Frangieh,0.8,0.17073170731707318,0.21951219512195122
Frangieh_Coculture_TNFA,5,greedy_ridge,Frangieh,0.6,0.1951219512195122,0.3902439024390244
Frangieh_Coculture_TNFA,5,greedy_ridge,Frangieh,0.8,0.12195121951219512,0.1951219512195122
Frangieh_Coculture_TNFA,5,linear_ucb,Frangieh,0.6,0.2682926829268293,0.4146341463414634
Frangieh_Coculture_TNFA,5,linear_ucb,Frangieh,0.8,0.17073170731707318,0.1951219512195122
Frangieh_Coculture_TNFA,5,diversity,Frangieh,0.6,0.14634146341463414,0.2682926829268293
Frangieh_Coculture_TNFA,5,diversity,Frangieh,0.8,0.0975609756097561,0.1951219512195122
Frangieh_Coculture_TNFA,5,extra_trees,Frangieh,0.6,0.2682926829268293,0.36585365853658536
Frangieh_Coculture_TNFA,5,extra_trees,Frangieh,0.8,0.1951219512195122,0.12195121951219512
Frangieh_Coculture_TNFA,5,gated_random,Frangieh,0.6,0.1951219512195122,0.3170731707317073
Frangieh_Coculture_TNFA,5,gated_random,Frangieh,0.8,0.14634146341463414,0.17073170731707318
Frangieh_Coculture_TNFA,5,old_controller,Frangieh,0.6,0.14634146341463414,0.2682926829268293
Frangieh_Coculture_TNFA,5,old_controller,Frangieh,0.8,0.0975609756097561,0.1951219512195122
Frangieh_Coculture_TNFA,6,random,Frangieh,0.6,0.1951219512195122,0.2682926829268293
Frangieh_Coculture_TNFA,6,random,Frangieh,0.8,0.12195121951219512,0.14634146341463414
Frangieh_Coculture_TNFA,6,fixed_ridge,Frangieh,0.6,0.21951219512195122,0.3902439024390244
Frangieh_Coculture_TNFA,6,fixed_ridge,Frangieh,0.8,0.12195121951219512,0.2682926829268293
Frangieh_Coculture_TNFA,6,greedy_ridge,Frangieh,0.6,0.21951219512195122,0.4146341463414634
Frangieh_Coculture_TNFA,6,greedy_ridge,Frangieh,0.8,0.12195121951219512,0.24390243902439024
Frangieh_Coculture_TNFA,6,linear_ucb,Frangieh,0.6,0.17073170731707318,0.3902439024390244
Frangieh_Coculture_TNFA,6,linear_ucb,Frangieh,0.8,0.12195121951219512,0.21951219512195122
Frangieh_Coculture_TNFA,6,diversity,Frangieh,0.6,0.04878048780487805,0.3170731707317073
Frangieh_Coculture_TNFA,6,diversity,Frangieh,0.8,0.04878048780487805,0.1951219512195122
Frangieh_Coculture_TNFA,6,extra_trees,Frangieh,0.6,0.0975609756097561,0.34146341463414637
Frangieh_Coculture_TNFA,6,extra_trees,Frangieh,0.8,0.04878048780487805,0.17073170731707318
Frangieh_Coculture_TNFA,6,gated_random,Frangieh,0.6,0.1951219512195122,0.2682926829268293
Frangieh_Coculture_TNFA,6,gated_random,Frangieh,0.8,0.12195121951219512,0.14634146341463414
Frangieh_Coculture_TNFA,6,old_controller,Frangieh,0.6,0.04878048780487805,0.3170731707317073
Frangieh_Coculture_TNFA,6,old_controller,Frangieh,0.8,0.04878048780487805,0.1951219512195122
Frangieh_Coculture_TNFA,7,random,Frangieh,0.6,0.14634146341463414,0.3170731707317073
Frangieh_Coculture_TNFA,7,random,Frangieh,0.8,0.07317073170731707,0.1951219512195122
Frangieh_Coculture_TNFA,7,fixed_ridge,Frangieh,0.6,0.21951219512195122,0.2682926829268293
Frangieh_Coculture_TNFA,7,fixed_ridge,Frangieh,0.8,0.14634146341463414,0.17073170731707318
Frangieh_Coculture_TNFA,7,greedy_ridge,Frangieh,0.6,0.12195121951219512,0.21951219512195122
Frangieh_Coculture_TNFA,7,greedy_ridge,Frangieh,0.8,0.024390243902439025,0.12195121951219512
Frangieh_Coculture_TNFA,7,linear_ucb,Frangieh,0.6,0.2682926829268293,0.2682926829268293
Frangieh_Coculture_TNFA,7,linear_ucb,Frangieh,0.8,0.17073170731707318,0.17073170731707318
Frangieh_Coculture_TNFA,7,diversity,Frangieh,0.6,0.12195121951219512,0.24390243902439024
Frangieh_Coculture_TNFA,7,diversity,Frangieh,0.8,0.0975609756097561,0.17073170731707318
Frangieh_Coculture_TNFA,7,extra_trees,Frangieh,0.6,0.1951219512195122,0.24390243902439024
Frangieh_Coculture_TNFA,7,extra_trees,Frangieh,0.8,0.12195121951219512,0.12195121951219512
Frangieh_Coculture_TNFA,7,gated_random,Frangieh,0.6,0.14634146341463414,0.3170731707317073
Frangieh_Coculture_TNFA,7,gated_random,Frangieh,0.8,0.07317073170731707,0.1951219512195122
Frangieh_Coculture_TNFA,7,old_controller,Frangieh,0.6,0.12195121951219512,0.24390243902439024
Frangieh_Coculture_TNFA,7,old_controller,Frangieh,0.8,0.0975609756097561,0.17073170731707318
Frangieh_Coculture_TNFA,8,random,Frangieh,0.6,0.2926829268292683,0.34146341463414637
Frangieh_Coculture_TNFA,8,random,Frangieh,0.8,0.14634146341463414,0.1951219512195122
Frangieh_Coculture_TNFA,8,fixed_ridge,Frangieh,0.6,0.17073170731707318,0.2926829268292683
Frangieh_Coculture_TNFA,8,fixed_ridge,Frangieh,0.8,0.12195121951219512,0.12195121951219512
Frangieh_Coculture_TNFA,8,greedy_ridge,Frangieh,0.6,0.12195121951219512,0.36585365853658536
Frangieh_Coculture_TNFA,8,greedy_ridge,Frangieh,0.8,0.04878048780487805,0.14634146341463414
Frangieh_Coculture_TNFA,8,linear_ucb,Frangieh,0.6,0.14634146341463414,0.34146341463414637
Frangieh_Coculture_TNFA,8,linear_ucb,Frangieh,0.8,0.07317073170731707,0.17073170731707318
Frangieh_Coculture_TNFA,8,diversity,Frangieh,0.6,0.12195121951219512,0.24390243902439024
Frangieh_Coculture_TNFA,8,diversity,Frangieh,0.8,0.0975609756097561,0.12195121951219512
Frangieh_Coculture_TNFA,8,extra_trees,Frangieh,0.6,0.1951219512195122,0.34146341463414637
Frangieh_Coculture_TNFA,8,extra_trees,Frangieh,0.8,0.14634146341463414,0.14634146341463414
Frangieh_Coculture_TNFA,8,gated_random,Frangieh,0.6,0.21951219512195122,0.2682926829268293
Frangieh_Coculture_TNFA,8,gated_random,Frangieh,0.8,0.17073170731707318,0.12195121951219512
Frangieh_Coculture_TNFA,8,old_controller,Frangieh,0.6,0.12195121951219512,0.24390243902439024
Frangieh_Coculture_TNFA,8,old_controller,Frangieh,0.8,0.0975609756097561,0.12195121951219512
Frangieh_Coculture_TNFA,9,random,Frangieh,0.6,0.17073170731707318,0.3902439024390244
Frangieh_Coculture_TNFA,9,random,Frangieh,0.8,0.14634146341463414,0.17073170731707318
Frangieh_Coculture_TNFA,9,fixed_ridge,Frangieh,0.6,0.0975609756097561,0.36585365853658536
Frangieh_Coculture_TNFA,9,fixed_ridge,Frangieh,0.8,0.07317073170731707,0.17073170731707318
Frangieh_Coculture_TNFA,9,greedy_ridge,Frangieh,0.6,0.12195121951219512,0.3902439024390244
Frangieh_Coculture_TNFA,9,greedy_ridge,Frangieh,0.8,0.07317073170731707,0.1951219512195122
Frangieh_Coculture_TNFA,9,linear_ucb,Frangieh,0.6,0.17073170731707318,0.4146341463414634
Frangieh_Coculture_TNFA,9,linear_ucb,Frangieh,0.8,0.12195121951219512,0.1951219512195122
Frangieh_Coculture_TNFA,9,diversity,Frangieh,0.6,0.12195121951219512,0.24390243902439024
Frangieh_Coculture_TNFA,9,diversity,Frangieh,0.8,0.0975609756097561,0.14634146341463414
Frangieh_Coculture_TNFA,9,extra_trees,Frangieh,0.6,0.1951219512195122,0.34146341463414637
Frangieh_Coculture_TNFA,9,extra_trees,Frangieh,0.8,0.14634146341463414,0.17073170731707318
Frangieh_Coculture_TNFA,9,gated_random,Frangieh,0.6,0.17073170731707318,0.3902439024390244
Frangieh_Coculture_TNFA,9,gated_random,Frangieh,0.8,0.14634146341463414,0.17073170731707318
Frangieh_Coculture_TNFA,9,old_controller,Frangieh,0.6,0.12195121951219512,0.24390243902439024
Frangieh_Coculture_TNFA,9,old_controller,Frangieh,0.8,0.0975609756097561,0.14634146341463414
Frangieh_Coculture_TNFA,10,random,Frangieh,0.6,0.14634146341463414,0.3902439024390244
Frangieh_Coculture_TNFA,10,random,Frangieh,0.8,0.12195121951219512,0.17073170731707318
Frangieh_Coculture_TNFA,10,fixed_ridge,Frangieh,0.6,0.2682926829268293,0.3170731707317073
Frangieh_Coculture_TNFA,10,fixed_ridge,Frangieh,0.8,0.1951219512195122,0.17073170731707318
Frangieh_Coculture_TNFA,10,greedy_ridge,Frangieh,0.6,0.14634146341463414,0.24390243902439024
Frangieh_Coculture_TNFA,10,greedy_ridge,Frangieh,0.8,0.0975609756097561,0.12195121951219512
Frangieh_Coculture_TNFA,10,linear_ucb,Frangieh,0.6,0.24390243902439024,0.36585365853658536
Frangieh_Coculture_TNFA,10,linear_ucb,Frangieh,0.8,0.12195121951219512,0.17073170731707318
Frangieh_Coculture_TNFA,10,diversity,Frangieh,0.6,0.12195121951219512,0.2682926829268293
Frangieh_Coculture_TNFA,10,diversity,Frangieh,0.8,0.12195121951219512,0.1951219512195122
Frangieh_Coculture_TNFA,10,extra_trees,Frangieh,0.6,0.1951219512195122,0.2682926829268293
Frangieh_Coculture_TNFA,10,extra_trees,Frangieh,0.8,0.17073170731707318,0.0975609756097561
Frangieh_Coculture_TNFA,10,gated_random,Frangieh,0.6,0.14634146341463414,0.3902439024390244
Frangieh_Coculture_TNFA,10,gated_random,Frangieh,0.8,0.12195121951219512,0.17073170731707318
Frangieh_Coculture_TNFA,10,old_controller,Frangieh,0.6,0.12195121951219512,0.2682926829268293
Frangieh_Coculture_TNFA,10,old_controller,Frangieh,0.8,0.12195121951219512,0.1951219512195122
Frangieh_Coculture_TNFA,11,random,Frangieh,0.6,0.2926829268292683,0.2682926829268293
Frangieh_Coculture_TNFA,11,random,Frangieh,0.8,0.17073170731707318,0.04878048780487805
Frangieh_Coculture_TNFA,11,fixed_ridge,Frangieh,0.6,0.1951219512195122,0.34146341463414637
Frangieh_Coculture_TNFA,11,fixed_ridge,Frangieh,0.8,0.14634146341463414,0.14634146341463414
Frangieh_Coculture_TNFA,11,greedy_ridge,Frangieh,0.6,0.1951219512195122,0.4146341463414634
Frangieh_Coculture_TNFA,11,greedy_ridge,Frangieh,0.8,0.12195121951219512,0.17073170731707318
Frangieh_Coculture_TNFA,11,linear_ucb,Frangieh,0.6,0.21951219512195122,0.3902439024390244
Frangieh_Coculture_TNFA,11,linear_ucb,Frangieh,0.8,0.1951219512195122,0.17073170731707318
Frangieh_Coculture_TNFA,11,diversity,Frangieh,0.6,0.21951219512195122,0.2682926829268293
Frangieh_Coculture_TNFA,11,diversity,Frangieh,0.8,0.17073170731707318,0.0975609756097561
Frangieh_Coculture_TNFA,11,extra_trees,Frangieh,0.6,0.21951219512195122,0.4146341463414634
Frangieh_Coculture_TNFA,11,extra_trees,Frangieh,0.8,0.17073170731707318,0.17073170731707318
Frangieh_Coculture_TNFA,11,gated_random,Frangieh,0.6,0.2926829268292683,0.2682926829268293
Frangieh_Coculture_TNFA,11,gated_random,Frangieh,0.8,0.17073170731707318,0.04878048780487805
Frangieh_Coculture_TNFA,11,old_controller,Frangieh,0.6,0.21951219512195122,0.2682926829268293
Frangieh_Coculture_TNFA,11,old_controller,Frangieh,0.8,0.17073170731707318,0.0975609756097561
Frangieh_Coculture_TNFA,12,random,Frangieh,0.6,0.21951219512195122,0.2682926829268293
Frangieh_Coculture_TNFA,12,random,Frangieh,0.8,0.12195121951219512,0.14634146341463414
Frangieh_Coculture_TNFA,12,fixed_ridge,Frangieh,0.6,0.17073170731707318,0.4146341463414634
Frangieh_Coculture_TNFA,12,fixed_ridge,Frangieh,0.8,0.0975609756097561,0.14634146341463414
Frangieh_Coculture_TNFA,12,greedy_ridge,Frangieh,0.6,0.21951219512195122,0.4634146341463415
Frangieh_Coculture_TNFA,12,greedy_ridge,Frangieh,0.8,0.14634146341463414,0.24390243902439024
Frangieh_Coculture_TNFA,12,linear_ucb,Frangieh,0.6,0.24390243902439024,0.36585365853658536
Frangieh_Coculture_TNFA,12,linear_ucb,Frangieh,0.8,0.12195121951219512,0.14634146341463414
Frangieh_Coculture_TNFA,12,diversity,Frangieh,0.6,0.12195121951219512,0.21951219512195122
Frangieh_Coculture_TNFA,12,diversity,Frangieh,0.8,0.07317073170731707,0.14634146341463414
Frangieh_Coculture_TNFA,12,extra_trees,Frangieh,0.6,0.1951219512195122,0.36585365853658536
Frangieh_Coculture_TNFA,12,extra_trees,Frangieh,0.8,0.12195121951219512,0.24390243902439024
Frangieh_Coculture_TNFA,12,gated_random,Frangieh,0.6,0.21951219512195122,0.2682926829268293
Frangieh_Coculture_TNFA,12,gated_random,Frangieh,0.8,0.12195121951219512,0.14634146341463414
Frangieh_Coculture_TNFA,12,old_controller,Frangieh,0.6,0.17073170731707318,0.2926829268292683
Frangieh_Coculture_TNFA,12,old_controller,Frangieh,0.8,0.07317073170731707,0.14634146341463414
Frangieh_Coculture_TNFA,13,random,Frangieh,0.6,0.12195121951219512,0.3170731707317073
Frangieh_Coculture_TNFA,13,random,Frangieh,0.8,0.0975609756097561,0.0975609756097561
Frangieh_Coculture_TNFA,13,fixed_ridge,Frangieh,0.6,0.1951219512195122,0.36585365853658536
Frangieh_Coculture_TNFA,13,fixed_ridge,Frangieh,0.8,0.1951219512195122,0.14634146341463414
Frangieh_Coculture_TNFA,13,greedy_ridge,Frangieh,0.6,0.17073170731707318,0.34146341463414637
Frangieh_Coculture_TNFA,13,greedy_ridge,Frangieh,0.8,0.12195121951219512,0.12195121951219512
Frangieh_Coculture_TNFA,13,linear_ucb,Frangieh,0.6,0.1951219512195122,0.36585365853658536
Frangieh_Coculture_TNFA,13,linear_ucb,Frangieh,0.8,0.17073170731707318,0.1951219512195122
Frangieh_Coculture_TNFA,13,diversity,Frangieh,0.6,0.17073170731707318,0.2682926829268293
Frangieh_Coculture_TNFA,13,diversity,Frangieh,0.8,0.12195121951219512,0.14634146341463414
Frangieh_Coculture_TNFA,13,extra_trees,Frangieh,0.6,0.1951219512195122,0.2926829268292683
Frangieh_Coculture_TNFA,13,extra_trees,Frangieh,0.8,0.17073170731707318,0.12195121951219512
Frangieh_Coculture_TNFA,13,gated_random,Frangieh,0.6,0.24390243902439024,0.3902439024390244
Frangieh_Coculture_TNFA,13,gated_random,Frangieh,0.8,0.12195121951219512,0.17073170731707318
Frangieh_Coculture_TNFA,13,old_controller,Frangieh,0.6,0.12195121951219512,0.2682926829268293
Frangieh_Coculture_TNFA,13,old_controller,Frangieh,0.8,0.07317073170731707,0.0975609756097561
Frangieh_Coculture_TNFA,14,random,Frangieh,0.6,0.2682926829268293,0.36585365853658536
Frangieh_Coculture_TNFA,14,random,Frangieh,0.8,0.0975609756097561,0.21951219512195122
Frangieh_Coculture_TNFA,14,fixed_ridge,Frangieh,0.6,0.1951219512195122,0.4146341463414634
Frangieh_Coculture_TNFA,14,fixed_ridge,Frangieh,0.8,0.0975609756097561,0.21951219512195122
Frangieh_Coculture_TNFA,14,greedy_ridge,Frangieh,0.6,0.21951219512195122,0.43902439024390244
Frangieh_Coculture_TNFA,14,greedy_ridge,Frangieh,0.8,0.12195121951219512,0.21951219512195122
Frangieh_Coculture_TNFA,14,linear_ucb,Frangieh,0.6,0.24390243902439024,0.4634146341463415
Frangieh_Coculture_TNFA,14,linear_ucb,Frangieh,0.8,0.14634146341463414,0.21951219512195122
Frangieh_Coculture_TNFA,14,diversity,Frangieh,0.6,0.17073170731707318,0.3170731707317073
Frangieh_Coculture_TNFA,14,diversity,Frangieh,0.8,0.07317073170731707,0.17073170731707318
Frangieh_Coculture_TNFA,14,extra_trees,Frangieh,0.6,0.24390243902439024,0.3902439024390244
Frangieh_Coculture_TNFA,14,extra_trees,Frangieh,0.8,0.14634146341463414,0.21951219512195122
Frangieh_Coculture_TNFA,14,gated_random,Frangieh,0.6,0.2682926829268293,0.36585365853658536
Frangieh_Coculture_TNFA,14,gated_random,Frangieh,0.8,0.0975609756097561,0.21951219512195122
Frangieh_Coculture_TNFA,14,old_controller,Frangieh,0.6,0.17073170731707318,0.3170731707317073
Frangieh_Coculture_TNFA,14,old_controller,Frangieh,0.8,0.07317073170731707,0.17073170731707318
Frangieh_Coculture_TNFA,15,random,Frangieh,0.6,0.21951219512195122,0.2682926829268293
Frangieh_Coculture_TNFA,15,random,Frangieh,0.8,0.12195121951219512,0.14634146341463414
Frangieh_Coculture_TNFA,15,fixed_ridge,Frangieh,0.6,0.24390243902439024,0.2926829268292683
Frangieh_Coculture_TNFA,15,fixed_ridge,Frangieh,0.8,0.0975609756097561,0.12195121951219512
Frangieh_Coculture_TNFA,15,greedy_ridge,Frangieh,0.6,0.2926829268292683,0.3902439024390244
Frangieh_Coculture_TNFA,15,greedy_ridge,Frangieh,0.8,0.17073170731707318,0.14634146341463414
Frangieh_Coculture_TNFA,15,linear_ucb,Frangieh,0.6,0.1951219512195122,0.4634146341463415
Frangieh_Coculture_TNFA,15,linear_ucb,Frangieh,0.8,0.07317073170731707,0.17073170731707318
Frangieh_Coculture_TNFA,15,diversity,Frangieh,0.6,0.21951219512195122,0.3170731707317073
Frangieh_Coculture_TNFA,15,diversity,Frangieh,0.8,0.14634146341463414,0.17073170731707318
Frangieh_Coculture_TNFA,15,extra_trees,Frangieh,0.6,0.21951219512195122,0.3170731707317073
Frangieh_Coculture_TNFA,15,extra_trees,Frangieh,0.8,0.0975609756097561,0.0975609756097561
Frangieh_Coculture_TNFA,15,gated_random,Frangieh,0.6,0.21951219512195122,0.2682926829268293
Frangieh_Coculture_TNFA,15,gated_random,Frangieh,0.8,0.12195121951219512,0.14634146341463414
Frangieh_Coculture_TNFA,15,old_controller,Frangieh,0.6,0.21951219512195122,0.3170731707317073
Frangieh_Coculture_TNFA,15,old_controller,Frangieh,0.8,0.14634146341463414,0.17073170731707318
Frangieh_Coculture_TNFA,16,random,Frangieh,0.6,0.14634146341463414,0.2682926829268293
Frangieh_Coculture_TNFA,16,random,Frangieh,0.8,0.0975609756097561,0.0975609756097561
Frangieh_Coculture_TNFA,16,fixed_ridge,Frangieh,0.6,0.12195121951219512,0.17073170731707318
Frangieh_Coculture_TNFA,16,fixed_ridge,Frangieh,0.8,0.07317073170731707,0.0975609756097561
Frangieh_Coculture_TNFA,16,greedy_ridge,Frangieh,0.6,0.14634146341463414,0.24390243902439024
Frangieh_Coculture_TNFA,16,greedy_ridge,Frangieh,0.8,0.0975609756097561,0.0975609756097561
Frangieh_Coculture_TNFA,16,linear_ucb,Frangieh,0.6,0.14634146341463414,0.24390243902439024
Frangieh_Coculture_TNFA,16,linear_ucb,Frangieh,0.8,0.0975609756097561,0.0975609756097561
Frangieh_Coculture_TNFA,16,diversity,Frangieh,0.6,0.0975609756097561,0.24390243902439024
Frangieh_Coculture_TNFA,16,diversity,Frangieh,0.8,0.04878048780487805,0.12195121951219512
Frangieh_Coculture_TNFA,16,extra_trees,Frangieh,0.6,0.1951219512195122,0.21951219512195122
Frangieh_Coculture_TNFA,16,extra_trees,Frangieh,0.8,0.14634146341463414,0.0975609756097561
Frangieh_Coculture_TNFA,16,gated_random,Frangieh,0.6,0.1951219512195122,0.3170731707317073
Frangieh_Coculture_TNFA,16,gated_random,Frangieh,0.8,0.14634146341463414,0.14634146341463414
Frangieh_Coculture_TNFA,16,old_controller,Frangieh,0.6,0.17073170731707318,0.17073170731707318
Frangieh_Coculture_TNFA,16,old_controller,Frangieh,0.8,0.0975609756097561,0.0975609756097561
Frangieh_Coculture_TNFA,17,random,Frangieh,0.6,0.24390243902439024,0.2682926829268293
Frangieh_Coculture_TNFA,17,random,Frangieh,0.8,0.1951219512195122,0.1951219512195122
Frangieh_Coculture_TNFA,17,fixed_ridge,Frangieh,0.6,0.24390243902439024,0.2926829268292683
Frangieh_Coculture_TNFA,17,fixed_ridge,Frangieh,0.8,0.14634146341463414,0.21951219512195122
Frangieh_Coculture_TNFA,17,greedy_ridge,Frangieh,0.6,0.24390243902439024,0.3170731707317073
Frangieh_Coculture_TNFA,17,greedy_ridge,Frangieh,0.8,0.14634146341463414,0.1951219512195122
Frangieh_Coculture_TNFA,17,linear_ucb,Frangieh,0.6,0.17073170731707318,0.3170731707317073
Frangieh_Coculture_TNFA,17,linear_ucb,Frangieh,0.8,0.07317073170731707,0.14634146341463414
Frangieh_Coculture_TNFA,17,diversity,Frangieh,0.6,0.17073170731707318,0.2682926829268293
Frangieh_Coculture_TNFA,17,diversity,Frangieh,0.8,0.12195121951219512,0.17073170731707318
Frangieh_Coculture_TNFA,17,extra_trees,Frangieh,0.6,0.17073170731707318,0.2926829268292683
Frangieh_Coculture_TNFA,17,extra_trees,Frangieh,0.8,0.12195121951219512,0.24390243902439024
Frangieh_Coculture_TNFA,17,gated_random,Frangieh,0.6,0.1951219512195122,0.17073170731707318
Frangieh_Coculture_TNFA,17,gated_random,Frangieh,0.8,0.12195121951219512,0.14634146341463414
Frangieh_Coculture_TNFA,17,old_controller,Frangieh,0.6,0.24390243902439024,0.3170731707317073
Frangieh_Coculture_TNFA,17,old_controller,Frangieh,0.8,0.1951219512195122,0.1951219512195122
Frangieh_Coculture_TNFA,18,random,Frangieh,0.6,0.2682926829268293,0.3902439024390244
Frangieh_Coculture_TNFA,18,random,Frangieh,0.8,0.12195121951219512,0.21951219512195122
Frangieh_Coculture_TNFA,18,fixed_ridge,Frangieh,0.6,0.24390243902439024,0.3170731707317073
Frangieh_Coculture_TNFA,18,fixed_ridge,Frangieh,0.8,0.0975609756097561,0.14634146341463414
Frangieh_Coculture_TNFA,18,greedy_ridge,Frangieh,0.6,0.24390243902439024,0.24390243902439024
Frangieh_Coculture_TNFA,18,greedy_ridge,Frangieh,0.8,0.0975609756097561,0.14634146341463414
Frangieh_Coculture_TNFA,18,linear_ucb,Frangieh,0.6,0.21951219512195122,0.24390243902439024
Frangieh_Coculture_TNFA,18,linear_ucb,Frangieh,0.8,0.0975609756097561,0.12195121951219512
Frangieh_Coculture_TNFA,18,diversity,Frangieh,0.6,0.14634146341463414,0.34146341463414637
Frangieh_Coculture_TNFA,18,diversity,Frangieh,0.8,0.04878048780487805,0.17073170731707318
Frangieh_Coculture_TNFA,18,extra_trees,Frangieh,0.6,0.2682926829268293,0.4634146341463415
Frangieh_Coculture_TNFA,18,extra_trees,Frangieh,0.8,0.12195121951219512,0.14634146341463414
Frangieh_Coculture_TNFA,18,gated_random,Frangieh,0.6,0.2682926829268293,0.3902439024390244
Frangieh_Coculture_TNFA,18,gated_random,Frangieh,0.8,0.12195121951219512,0.21951219512195122
Frangieh_Coculture_TNFA,18,old_controller,Frangieh,0.6,0.14634146341463414,0.34146341463414637
Frangieh_Coculture_TNFA,18,old_controller,Frangieh,0.8,0.04878048780487805,0.17073170731707318
Frangieh_Coculture_TNFA,19,random,Frangieh,0.6,0.1951219512195122,0.36585365853658536
Frangieh_Coculture_TNFA,19,random,Frangieh,0.8,0.17073170731707318,0.1951219512195122
Frangieh_Coculture_TNFA,19,fixed_ridge,Frangieh,0.6,0.17073170731707318,0.2926829268292683
Frangieh_Coculture_TNFA,19,fixed_ridge,Frangieh,0.8,0.07317073170731707,0.14634146341463414
Frangieh_Coculture_TNFA,19,greedy_ridge,Frangieh,0.6,0.21951219512195122,0.3170731707317073
Frangieh_Coculture_TNFA,19,greedy_ridge,Frangieh,0.8,0.12195121951219512,0.14634146341463414
Frangieh_Coculture_TNFA,19,linear_ucb,Frangieh,0.6,0.1951219512195122,0.24390243902439024
Frangieh_Coculture_TNFA,19,linear_ucb,Frangieh,0.8,0.0975609756097561,0.14634146341463414
Frangieh_Coculture_TNFA,19,diversity,Frangieh,0.6,0.17073170731707318,0.24390243902439024
Frangieh_Coculture_TNFA,19,diversity,Frangieh,0.8,0.0975609756097561,0.12195121951219512
Frangieh_Coculture_TNFA,19,extra_trees,Frangieh,0.6,0.0975609756097561,0.2926829268292683
Frangieh_Coculture_TNFA,19,extra_trees,Frangieh,0.8,0.024390243902439025,0.24390243902439024
Frangieh_Coculture_TNFA,19,gated_random,Frangieh,0.6,0.1951219512195122,0.36585365853658536
Frangieh_Coculture_TNFA,19,gated_random,Frangieh,0.8,0.17073170731707318,0.1951219512195122
Frangieh_Coculture_TNFA,19,old_controller,Frangieh,0.6,0.17073170731707318,0.24390243902439024
Frangieh_Coculture_TNFA,19,old_controller,Frangieh,0.8,0.0975609756097561,0.12195121951219512
Frangieh_Coculture_TNFA,20,random,Frangieh,0.6,0.24390243902439024,0.36585365853658536
Frangieh_Coculture_TNFA,20,random,Frangieh,0.8,0.14634146341463414,0.21951219512195122
Frangieh_Coculture_TNFA,20,fixed_ridge,Frangieh,0.6,0.12195121951219512,0.34146341463414637
Frangieh_Coculture_TNFA,20,fixed_ridge,Frangieh,0.8,0.024390243902439025,0.1951219512195122
Frangieh_Coculture_TNFA,20,greedy_ridge,Frangieh,0.6,0.17073170731707318,0.2926829268292683
Frangieh_Coculture_TNFA,20,greedy_ridge,Frangieh,0.8,0.04878048780487805,0.1951219512195122
Frangieh_Coculture_TNFA,20,linear_ucb,Frangieh,0.6,0.21951219512195122,0.36585365853658536
Frangieh_Coculture_TNFA,20,linear_ucb,Frangieh,0.8,0.0975609756097561,0.1951219512195122
Frangieh_Coculture_TNFA,20,diversity,Frangieh,0.6,0.17073170731707318,0.2926829268292683
Frangieh_Coculture_TNFA,20,diversity,Frangieh,0.8,0.07317073170731707,0.12195121951219512
Frangieh_Coculture_TNFA,20,extra_trees,Frangieh,0.6,0.1951219512195122,0.36585365853658536
Frangieh_Coculture_TNFA,20,extra_trees,Frangieh,0.8,0.12195121951219512,0.14634146341463414
Frangieh_Coculture_TNFA,20,gated_random,Frangieh,0.6,0.24390243902439024,0.36585365853658536
Frangieh_Coculture_TNFA,20,gated_random,Frangieh,0.8,0.14634146341463414,0.21951219512195122
Frangieh_Coculture_TNFA,20,old_controller,Frangieh,0.6,0.17073170731707318,0.2926829268292683
Frangieh_Coculture_TNFA,20,old_controller,Frangieh,0.8,0.07317073170731707,0.12195121951219512
Frangieh_Coculture_TNFA,21,random,Frangieh,0.6,0.24390243902439024,0.2682926829268293
Frangieh_Coculture_TNFA,21,random,Frangieh,0.8,0.17073170731707318,0.14634146341463414
Frangieh_Coculture_TNFA,21,fixed_ridge,Frangieh,0.6,0.2926829268292683,0.2926829268292683
Frangieh_Coculture_TNFA,21,fixed_ridge,Frangieh,0.8,0.21951219512195122,0.14634146341463414
Frangieh_Coculture_TNFA,21,greedy_ridge,Frangieh,0.6,0.3170731707317073,0.36585365853658536
Frangieh_Coculture_TNFA,21,greedy_ridge,Frangieh,0.8,0.17073170731707318,0.1951219512195122
Frangieh_Coculture_TNFA,21,linear_ucb,Frangieh,0.6,0.2926829268292683,0.2926829268292683
Frangieh_Coculture_TNFA,21,linear_ucb,Frangieh,0.8,0.17073170731707318,0.14634146341463414
Frangieh_Coculture_TNFA,21,diversity,Frangieh,0.6,0.21951219512195122,0.2682926829268293
Frangieh_Coculture_TNFA,21,diversity,Frangieh,0.8,0.14634146341463414,0.14634146341463414
Frangieh_Coculture_TNFA,21,extra_trees,Frangieh,0.6,0.24390243902439024,0.2926829268292683
Frangieh_Coculture_TNFA,21,extra_trees,Frangieh,0.8,0.1951219512195122,0.17073170731707318
Frangieh_Coculture_TNFA,21,gated_random,Frangieh,0.6,0.24390243902439024,0.2682926829268293
Frangieh_Coculture_TNFA,21,gated_random,Frangieh,0.8,0.17073170731707318,0.14634146341463414
Frangieh_Coculture_TNFA,21,old_controller,Frangieh,0.6,0.21951219512195122,0.2682926829268293
Frangieh_Coculture_TNFA,21,old_controller,Frangieh,0.8,0.14634146341463414,0.14634146341463414
Frangieh_Coculture_TNFA,22,random,Frangieh,0.6,0.2926829268292683,0.36585365853658536
Frangieh_Coculture_TNFA,22,random,Frangieh,0.8,0.14634146341463414,0.21951219512195122
Frangieh_Coculture_TNFA,22,fixed_ridge,Frangieh,0.6,0.21951219512195122,0.3170731707317073
Frangieh_Coculture_TNFA,22,fixed_ridge,Frangieh,0.8,0.17073170731707318,0.24390243902439024
Frangieh_Coculture_TNFA,22,greedy_ridge,Frangieh,0.6,0.2926829268292683,0.3170731707317073
Frangieh_Coculture_TNFA,22,greedy_ridge,Frangieh,0.8,0.1951219512195122,0.14634146341463414
Frangieh_Coculture_TNFA,22,linear_ucb,Frangieh,0.6,0.2926829268292683,0.36585365853658536
Frangieh_Coculture_TNFA,22,linear_ucb,Frangieh,0.8,0.1951219512195122,0.21951219512195122
Frangieh_Coculture_TNFA,22,diversity,Frangieh,0.6,0.1951219512195122,0.34146341463414637
Frangieh_Coculture_TNFA,22,diversity,Frangieh,0.8,0.0975609756097561,0.21951219512195122
Frangieh_Coculture_TNFA,22,extra_trees,Frangieh,0.6,0.21951219512195122,0.21951219512195122
Frangieh_Coculture_TNFA,22,extra_trees,Frangieh,0.8,0.14634146341463414,0.14634146341463414
Frangieh_Coculture_TNFA,22,gated_random,Frangieh,0.6,0.2926829268292683,0.36585365853658536
Frangieh_Coculture_TNFA,22,gated_random,Frangieh,0.8,0.14634146341463414,0.21951219512195122
Frangieh_Coculture_TNFA,22,old_controller,Frangieh,0.6,0.1951219512195122,0.34146341463414637
Frangieh_Coculture_TNFA,22,old_controller,Frangieh,0.8,0.0975609756097561,0.21951219512195122
Frangieh_Coculture_TNFA,23,random,Frangieh,0.6,0.2926829268292683,0.43902439024390244
Frangieh_Coculture_TNFA,23,random,Frangieh,0.8,0.21951219512195122,0.24390243902439024
Frangieh_Coculture_TNFA,23,fixed_ridge,Frangieh,0.6,0.14634146341463414,0.36585365853658536
Frangieh_Coculture_TNFA,23,fixed_ridge,Frangieh,0.8,0.12195121951219512,0.24390243902439024
Frangieh_Coculture_TNFA,23,greedy_ridge,Frangieh,0.6,0.17073170731707318,0.2926829268292683
Frangieh_Coculture_TNFA,23,greedy_ridge,Frangieh,0.8,0.14634146341463414,0.21951219512195122
Frangieh_Coculture_TNFA,23,linear_ucb,Frangieh,0.6,0.24390243902439024,0.36585365853658536
Frangieh_Coculture_TNFA,23,linear_ucb,Frangieh,0.8,0.1951219512195122,0.21951219512195122
Frangieh_Coculture_TNFA,23,diversity,Frangieh,0.6,0.21951219512195122,0.24390243902439024
Frangieh_Coculture_TNFA,23,diversity,Frangieh,0.8,0.14634146341463414,0.17073170731707318
Frangieh_Coculture_TNFA,23,extra_trees,Frangieh,0.6,0.1951219512195122,0.3170731707317073
Frangieh_Coculture_TNFA,23,extra_trees,Frangieh,0.8,0.14634146341463414,0.21951219512195122
Frangieh_Coculture_TNFA,23,gated_random,Frangieh,0.6,0.2926829268292683,0.43902439024390244
Frangieh_Coculture_TNFA,23,gated_random,Frangieh,0.8,0.21951219512195122,0.24390243902439024
Frangieh_Coculture_TNFA,23,old_controller,Frangieh,0.6,0.21951219512195122,0.24390243902439024
Frangieh_Coculture_TNFA,23,old_controller,Frangieh,0.8,0.14634146341463414,0.17073170731707318
Frangieh_Coculture_TNFA,24,random,Frangieh,0.6,0.1951219512195122,0.2682926829268293
Frangieh_Coculture_TNFA,24,random,Frangieh,0.8,0.14634146341463414,0.12195121951219512
Frangieh_Coculture_TNFA,24,fixed_ridge,Frangieh,0.6,0.1951219512195122,0.21951219512195122
Frangieh_Coculture_TNFA,24,fixed_ridge,Frangieh,0.8,0.12195121951219512,0.07317073170731707
Frangieh_Coculture_TNFA,24,greedy_ridge,Frangieh,0.6,0.24390243902439024,0.2682926829268293
Frangieh_Coculture_TNFA,24,greedy_ridge,Frangieh,0.8,0.14634146341463414,0.12195121951219512
Frangieh_Coculture_TNFA,24,linear_ucb,Frangieh,0.6,0.21951219512195122,0.2682926829268293
Frangieh_Coculture_TNFA,24,linear_ucb,Frangieh,0.8,0.12195121951219512,0.12195121951219512
Frangieh_Coculture_TNFA,24,diversity,Frangieh,0.6,0.0975609756097561,0.2926829268292683
Frangieh_Coculture_TNFA,24,diversity,Frangieh,0.8,0.04878048780487805,0.17073170731707318
Frangieh_Coculture_TNFA,24,extra_trees,Frangieh,0.6,0.17073170731707318,0.36585365853658536
Frangieh_Coculture_TNFA,24,extra_trees,Frangieh,0.8,0.14634146341463414,0.14634146341463414
Frangieh_Coculture_TNFA,24,gated_random,Frangieh,0.6,0.1951219512195122,0.2682926829268293
Frangieh_Coculture_TNFA,24,gated_random,Frangieh,0.8,0.14634146341463414,0.12195121951219512
Frangieh_Coculture_TNFA,24,old_controller,Frangieh,0.6,0.0975609756097561,0.2926829268292683
Frangieh_Coculture_TNFA,24,old_controller,Frangieh,0.8,0.04878048780487805,0.17073170731707318
Frangieh_Coculture_TNFA,25,random,Frangieh,0.6,0.17073170731707318,0.3170731707317073
Frangieh_Coculture_TNFA,25,random,Frangieh,0.8,0.07317073170731707,0.1951219512195122
Frangieh_Coculture_TNFA,25,fixed_ridge,Frangieh,0.6,0.24390243902439024,0.4634146341463415
Frangieh_Coculture_TNFA,25,fixed_ridge,Frangieh,0.8,0.12195121951219512,0.21951219512195122
Frangieh_Coculture_TNFA,25,greedy_ridge,Frangieh,0.6,0.2682926829268293,0.4634146341463415
Frangieh_Coculture_TNFA,25,greedy_ridge,Frangieh,0.8,0.17073170731707318,0.21951219512195122
Frangieh_Coculture_TNFA,25,linear_ucb,Frangieh,0.6,0.2926829268292683,0.4146341463414634
Frangieh_Coculture_TNFA,25,linear_ucb,Frangieh,0.8,0.17073170731707318,0.17073170731707318
Frangieh_Coculture_TNFA,25,diversity,Frangieh,0.6,0.14634146341463414,0.24390243902439024
Frangieh_Coculture_TNFA,25,diversity,Frangieh,0.8,0.07317073170731707,0.0975609756097561
Frangieh_Coculture_TNFA,25,extra_trees,Frangieh,0.6,0.21951219512195122,0.36585365853658536
Frangieh_Coculture_TNFA,25,extra_trees,Frangieh,0.8,0.12195121951219512,0.17073170731707318
Frangieh_Coculture_TNFA,25,gated_random,Frangieh,0.6,0.17073170731707318,0.3170731707317073
Frangieh_Coculture_TNFA,25,gated_random,Frangieh,0.8,0.07317073170731707,0.1951219512195122
Frangieh_Coculture_TNFA,25,old_controller,Frangieh,0.6,0.14634146341463414,0.24390243902439024
Frangieh_Coculture_TNFA,25,old_controller,Frangieh,0.8,0.07317073170731707,0.0975609756097561
Frangieh_Coculture_TNFA,26,random,Frangieh,0.6,0.17073170731707318,0.3170731707317073
Frangieh_Coculture_TNFA,26,random,Frangieh,0.8,0.12195121951219512,0.1951219512195122
Frangieh_Coculture_TNFA,26,fixed_ridge,Frangieh,0.6,0.21951219512195122,0.4146341463414634
Frangieh_Coculture_TNFA,26,fixed_ridge,Frangieh,0.8,0.17073170731707318,0.1951219512195122
Frangieh_Coculture_TNFA,26,greedy_ridge,Frangieh,0.6,0.17073170731707318,0.3902439024390244
Frangieh_Coculture_TNFA,26,greedy_ridge,Frangieh,0.8,0.12195121951219512,0.2682926829268293
Frangieh_Coculture_TNFA,26,linear_ucb,Frangieh,0.6,0.14634146341463414,0.3170731707317073
Frangieh_Coculture_TNFA,26,linear_ucb,Frangieh,0.8,0.12195121951219512,0.1951219512195122
Frangieh_Coculture_TNFA,26,diversity,Frangieh,0.6,0.12195121951219512,0.2682926829268293
Frangieh_Coculture_TNFA,26,diversity,Frangieh,0.8,0.0975609756097561,0.14634146341463414
Frangieh_Coculture_TNFA,26,extra_trees,Frangieh,0.6,0.12195121951219512,0.34146341463414637
Frangieh_Coculture_TNFA,26,extra_trees,Frangieh,0.8,0.0975609756097561,0.1951219512195122
Frangieh_Coculture_TNFA,26,gated_random,Frangieh,0.6,0.1951219512195122,0.2926829268292683
Frangieh_Coculture_TNFA,26,gated_random,Frangieh,0.8,0.14634146341463414,0.1951219512195122
Frangieh_Coculture_TNFA,26,old_controller,Frangieh,0.6,0.0975609756097561,0.24390243902439024
Frangieh_Coculture_TNFA,26,old_controller,Frangieh,0.8,0.07317073170731707,0.0975609756097561
Frangieh_Coculture_TNFA,27,random,Frangieh,0.6,0.34146341463414637,0.3902439024390244
Frangieh_Coculture_TNFA,27,random,Frangieh,0.8,0.21951219512195122,0.0975609756097561
Frangieh_Coculture_TNFA,27,fixed_ridge,Frangieh,0.6,0.2682926829268293,0.3170731707317073
Frangieh_Coculture_TNFA,27,fixed_ridge,Frangieh,0.8,0.21951219512195122,0.12195121951219512
Frangieh_Coculture_TNFA,27,greedy_ridge,Frangieh,0.6,0.2682926829268293,0.36585365853658536
Frangieh_Coculture_TNFA,27,greedy_ridge,Frangieh,0.8,0.17073170731707318,0.14634146341463414
Frangieh_Coculture_TNFA,27,linear_ucb,Frangieh,0.6,0.2926829268292683,0.36585365853658536
Frangieh_Coculture_TNFA,27,linear_ucb,Frangieh,0.8,0.1951219512195122,0.12195121951219512
Frangieh_Coculture_TNFA,27,diversity,Frangieh,0.6,0.21951219512195122,0.3170731707317073
Frangieh_Coculture_TNFA,27,diversity,Frangieh,0.8,0.14634146341463414,0.17073170731707318
Frangieh_Coculture_TNFA,27,extra_trees,Frangieh,0.6,0.2682926829268293,0.36585365853658536
Frangieh_Coculture_TNFA,27,extra_trees,Frangieh,0.8,0.1951219512195122,0.14634146341463414
Frangieh_Coculture_TNFA,27,gated_random,Frangieh,0.6,0.34146341463414637,0.3902439024390244
Frangieh_Coculture_TNFA,27,gated_random,Frangieh,0.8,0.21951219512195122,0.0975609756097561
Frangieh_Coculture_TNFA,27,old_controller,Frangieh,0.6,0.21951219512195122,0.3170731707317073
Frangieh_Coculture_TNFA,27,old_controller,Frangieh,0.8,0.14634146341463414,0.17073170731707318
Frangieh_Coculture_TNFA,28,random,Frangieh,0.6,0.0975609756097561,0.14634146341463414
Frangieh_Coculture_TNFA,28,random,Frangieh,0.8,0.04878048780487805,0.0
Frangieh_Coculture_TNFA,28,fixed_ridge,Frangieh,0.6,0.24390243902439024,0.2926829268292683
Frangieh_Coculture_TNFA,28,fixed_ridge,Frangieh,0.8,0.17073170731707318,0.12195121951219512
Frangieh_Coculture_TNFA,28,greedy_ridge,Frangieh,0.6,0.1951219512195122,0.24390243902439024
Frangieh_Coculture_TNFA,28,greedy_ridge,Frangieh,0.8,0.12195121951219512,0.07317073170731707
Frangieh_Coculture_TNFA,28,linear_ucb,Frangieh,0.6,0.17073170731707318,0.24390243902439024
Frangieh_Coculture_TNFA,28,linear_ucb,Frangieh,0.8,0.0975609756097561,0.07317073170731707
Frangieh_Coculture_TNFA,28,diversity,Frangieh,0.6,0.17073170731707318,0.2682926829268293
Frangieh_Coculture_TNFA,28,diversity,Frangieh,0.8,0.12195121951219512,0.0975609756097561
Frangieh_Coculture_TNFA,28,extra_trees,Frangieh,0.6,0.1951219512195122,0.2682926829268293
Frangieh_Coculture_TNFA,28,extra_trees,Frangieh,0.8,0.17073170731707318,0.12195121951219512
Frangieh_Coculture_TNFA,28,gated_random,Frangieh,0.6,0.0975609756097561,0.14634146341463414
Frangieh_Coculture_TNFA,28,gated_random,Frangieh,0.8,0.04878048780487805,0.0
Frangieh_Coculture_TNFA,28,old_controller,Frangieh,0.6,0.17073170731707318,0.2682926829268293
Frangieh_Coculture_TNFA,28,old_controller,Frangieh,0.8,0.12195121951219512,0.0975609756097561
Frangieh_Coculture_TNFA,29,random,Frangieh,0.6,0.24390243902439024,0.2926829268292683
Frangieh_Coculture_TNFA,29,random,Frangieh,0.8,0.12195121951219512,0.14634146341463414
Frangieh_Coculture_TNFA,29,fixed_ridge,Frangieh,0.6,0.21951219512195122,0.2682926829268293
Frangieh_Coculture_TNFA,29,fixed_ridge,Frangieh,0.8,0.14634146341463414,0.14634146341463414
Frangieh_Coculture_TNFA,29,greedy_ridge,Frangieh,0.6,0.24390243902439024,0.36585365853658536
Frangieh_Coculture_TNFA,29,greedy_ridge,Frangieh,0.8,0.17073170731707318,0.14634146341463414
Frangieh_Coculture_TNFA,29,linear_ucb,Frangieh,0.6,0.1951219512195122,0.4146341463414634
Frangieh_Coculture_TNFA,29,linear_ucb,Frangieh,0.8,0.14634146341463414,0.12195121951219512
Frangieh_Coculture_TNFA,29,diversity,Frangieh,0.6,0.1951219512195122,0.2926829268292683
Frangieh_Coculture_TNFA,29,diversity,Frangieh,0.8,0.14634146341463414,0.12195121951219512
Frangieh_Coculture_TNFA,29,extra_trees,Frangieh,0.6,0.1951219512195122,0.3170731707317073
Frangieh_Coculture_TNFA,29,extra_trees,Frangieh,0.8,0.12195121951219512,0.14634146341463414
Frangieh_Coculture_TNFA,29,gated_random,Frangieh,0.6,0.14634146341463414,0.2682926829268293
Frangieh_Coculture_TNFA,29,gated_random,Frangieh,0.8,0.07317073170731707,0.12195121951219512
Frangieh_Coculture_TNFA,29,old_controller,Frangieh,0.6,0.12195121951219512,0.2682926829268293
Frangieh_Coculture_TNFA,29,old_controller,Frangieh,0.8,0.0975609756097561,0.07317073170731707
Frangieh_Coculture_IL2STAT5,0,random,Frangieh,0.6,0.34146341463414637,0.2682926829268293
Frangieh_Coculture_IL2STAT5,0,random,Frangieh,0.8,0.1951219512195122,0.14634146341463414
Frangieh_Coculture_IL2STAT5,0,fixed_ridge,Frangieh,0.6,0.34146341463414637,0.36585365853658536
Frangieh_Coculture_IL2STAT5,0,fixed_ridge,Frangieh,0.8,0.14634146341463414,0.21951219512195122
Frangieh_Coculture_IL2STAT5,0,greedy_ridge,Frangieh,0.6,0.34146341463414637,0.34146341463414637
Frangieh_Coculture_IL2STAT5,0,greedy_ridge,Frangieh,0.8,0.17073170731707318,0.17073170731707318
Frangieh_Coculture_IL2STAT5,0,linear_ucb,Frangieh,0.6,0.36585365853658536,0.34146341463414637
Frangieh_Coculture_IL2STAT5,0,linear_ucb,Frangieh,0.8,0.12195121951219512,0.17073170731707318
Frangieh_Coculture_IL2STAT5,0,diversity,Frangieh,0.6,0.4634146341463415,0.2926829268292683
Frangieh_Coculture_IL2STAT5,0,diversity,Frangieh,0.8,0.17073170731707318,0.14634146341463414
Frangieh_Coculture_IL2STAT5,0,extra_trees,Frangieh,0.6,0.21951219512195122,0.4634146341463415
Frangieh_Coculture_IL2STAT5,0,extra_trees,Frangieh,0.8,0.07317073170731707,0.24390243902439024
Frangieh_Coculture_IL2STAT5,0,gated_random,Frangieh,0.6,0.34146341463414637,0.2682926829268293
Frangieh_Coculture_IL2STAT5,0,gated_random,Frangieh,0.8,0.1951219512195122,0.14634146341463414
Frangieh_Coculture_IL2STAT5,0,old_controller,Frangieh,0.6,0.4634146341463415,0.2926829268292683
Frangieh_Coculture_IL2STAT5,0,old_controller,Frangieh,0.8,0.17073170731707318,0.14634146341463414
Frangieh_Coculture_IL2STAT5,1,random,Frangieh,0.6,0.2926829268292683,0.4634146341463415
Frangieh_Coculture_IL2STAT5,1,random,Frangieh,0.8,0.1951219512195122,0.1951219512195122
Frangieh_Coculture_IL2STAT5,1,fixed_ridge,Frangieh,0.6,0.36585365853658536,0.3902439024390244
Frangieh_Coculture_IL2STAT5,1,fixed_ridge,Frangieh,0.8,0.1951219512195122,0.1951219512195122
Frangieh_Coculture_IL2STAT5,1,greedy_ridge,Frangieh,0.6,0.3170731707317073,0.3902439024390244
Frangieh_Coculture_IL2STAT5,1,greedy_ridge,Frangieh,0.8,0.17073170731707318,0.17073170731707318
Frangieh_Coculture_IL2STAT5,1,linear_ucb,Frangieh,0.6,0.2682926829268293,0.36585365853658536
Frangieh_Coculture_IL2STAT5,1,linear_ucb,Frangieh,0.8,0.14634146341463414,0.17073170731707318
Frangieh_Coculture_IL2STAT5,1,diversity,Frangieh,0.6,0.4878048780487805,0.34146341463414637
Frangieh_Coculture_IL2STAT5,1,diversity,Frangieh,0.8,0.2682926829268293,0.17073170731707318
Frangieh_Coculture_IL2STAT5,1,extra_trees,Frangieh,0.6,0.3170731707317073,0.3902439024390244
Frangieh_Coculture_IL2STAT5,1,extra_trees,Frangieh,0.8,0.14634146341463414,0.14634146341463414
Frangieh_Coculture_IL2STAT5,1,gated_random,Frangieh,0.6,0.2926829268292683,0.4634146341463415
Frangieh_Coculture_IL2STAT5,1,gated_random,Frangieh,0.8,0.1951219512195122,0.1951219512195122
Frangieh_Coculture_IL2STAT5,1,old_controller,Frangieh,0.6,0.4878048780487805,0.34146341463414637
Frangieh_Coculture_IL2STAT5,1,old_controller,Frangieh,0.8,0.2682926829268293,0.17073170731707318
Frangieh_Coculture_IL2STAT5,2,random,Frangieh,0.6,0.36585365853658536,0.2926829268292683
Frangieh_Coculture_IL2STAT5,2,random,Frangieh,0.8,0.17073170731707318,0.14634146341463414
Frangieh_Coculture_IL2STAT5,2,fixed_ridge,Frangieh,0.6,0.1951219512195122,0.34146341463414637
Frangieh_Coculture_IL2STAT5,2,fixed_ridge,Frangieh,0.8,0.04878048780487805,0.14634146341463414
Frangieh_Coculture_IL2STAT5,2,greedy_ridge,Frangieh,0.6,0.3170731707317073,0.24390243902439024
Frangieh_Coculture_IL2STAT5,2,greedy_ridge,Frangieh,0.8,0.0975609756097561,0.0975609756097561
Frangieh_Coculture_IL2STAT5,2,linear_ucb,Frangieh,0.6,0.2682926829268293,0.2926829268292683
Frangieh_Coculture_IL2STAT5,2,linear_ucb,Frangieh,0.8,0.07317073170731707,0.14634146341463414
Frangieh_Coculture_IL2STAT5,2,diversity,Frangieh,0.6,0.4146341463414634,0.2926829268292683
Frangieh_Coculture_IL2STAT5,2,diversity,Frangieh,0.8,0.17073170731707318,0.0975609756097561
Frangieh_Coculture_IL2STAT5,2,extra_trees,Frangieh,0.6,0.3902439024390244,0.36585365853658536
Frangieh_Coculture_IL2STAT5,2,extra_trees,Frangieh,0.8,0.17073170731707318,0.14634146341463414
Frangieh_Coculture_IL2STAT5,2,gated_random,Frangieh,0.6,0.36585365853658536,0.2926829268292683
Frangieh_Coculture_IL2STAT5,2,gated_random,Frangieh,0.8,0.17073170731707318,0.14634146341463414
Frangieh_Coculture_IL2STAT5,2,old_controller,Frangieh,0.6,0.3902439024390244,0.21951219512195122
Frangieh_Coculture_IL2STAT5,2,old_controller,Frangieh,0.8,0.14634146341463414,0.07317073170731707
Frangieh_Coculture_IL2STAT5,3,random,Frangieh,0.6,0.3902439024390244,0.3170731707317073
Frangieh_Coculture_IL2STAT5,3,random,Frangieh,0.8,0.21951219512195122,0.17073170731707318
Frangieh_Coculture_IL2STAT5,3,fixed_ridge,Frangieh,0.6,0.3170731707317073,0.34146341463414637
Frangieh_Coculture_IL2STAT5,3,fixed_ridge,Frangieh,0.8,0.17073170731707318,0.14634146341463414
Frangieh_Coculture_IL2STAT5,3,greedy_ridge,Frangieh,0.6,0.34146341463414637,0.3902439024390244
Frangieh_Coculture_IL2STAT5,3,greedy_ridge,Frangieh,0.8,0.14634146341463414,0.21951219512195122
Frangieh_Coculture_IL2STAT5,3,linear_ucb,Frangieh,0.6,0.2926829268292683,0.2682926829268293
Frangieh_Coculture_IL2STAT5,3,linear_ucb,Frangieh,0.8,0.17073170731707318,0.0975609756097561
Frangieh_Coculture_IL2STAT5,3,diversity,Frangieh,0.6,0.4146341463414634,0.24390243902439024
Frangieh_Coculture_IL2STAT5,3,diversity,Frangieh,0.8,0.17073170731707318,0.12195121951219512
Frangieh_Coculture_IL2STAT5,3,extra_trees,Frangieh,0.6,0.2682926829268293,0.34146341463414637
Frangieh_Coculture_IL2STAT5,3,extra_trees,Frangieh,0.8,0.12195121951219512,0.17073170731707318
Frangieh_Coculture_IL2STAT5,3,gated_random,Frangieh,0.6,0.3902439024390244,0.3170731707317073
Frangieh_Coculture_IL2STAT5,3,gated_random,Frangieh,0.8,0.21951219512195122,0.17073170731707318
Frangieh_Coculture_IL2STAT5,3,old_controller,Frangieh,0.6,0.4146341463414634,0.24390243902439024
Frangieh_Coculture_IL2STAT5,3,old_controller,Frangieh,0.8,0.17073170731707318,0.12195121951219512
Frangieh_Coculture_IL2STAT5,4,random,Frangieh,0.6,0.4146341463414634,0.3902439024390244
Frangieh_Coculture_IL2STAT5,4,random,Frangieh,0.8,0.21951219512195122,0.24390243902439024
Frangieh_Coculture_IL2STAT5,4,fixed_ridge,Frangieh,0.6,0.4634146341463415,0.36585365853658536
Frangieh_Coculture_IL2STAT5,4,fixed_ridge,Frangieh,0.8,0.21951219512195122,0.24390243902439024
Frangieh_Coculture_IL2STAT5,4,greedy_ridge,Frangieh,0.6,0.36585365853658536,0.36585365853658536
Frangieh_Coculture_IL2STAT5,4,greedy_ridge,Frangieh,0.8,0.14634146341463414,0.21951219512195122
Frangieh_Coculture_IL2STAT5,4,linear_ucb,Frangieh,0.6,0.3902439024390244,0.3902439024390244
Frangieh_Coculture_IL2STAT5,4,linear_ucb,Frangieh,0.8,0.14634146341463414,0.24390243902439024
Frangieh_Coculture_IL2STAT5,4,diversity,Frangieh,0.6,0.36585365853658536,0.2926829268292683
Frangieh_Coculture_IL2STAT5,4,diversity,Frangieh,0.8,0.0975609756097561,0.17073170731707318
Frangieh_Coculture_IL2STAT5,4,extra_trees,Frangieh,0.6,0.3902439024390244,0.3170731707317073
Frangieh_Coculture_IL2STAT5,4,extra_trees,Frangieh,0.8,0.17073170731707318,0.14634146341463414
Frangieh_Coculture_IL2STAT5,4,gated_random,Frangieh,0.6,0.4146341463414634,0.3902439024390244
Frangieh_Coculture_IL2STAT5,4,gated_random,Frangieh,0.8,0.21951219512195122,0.24390243902439024
Frangieh_Coculture_IL2STAT5,4,old_controller,Frangieh,0.6,0.36585365853658536,0.2926829268292683
Frangieh_Coculture_IL2STAT5,4,old_controller,Frangieh,0.8,0.0975609756097561,0.17073170731707318
Frangieh_Coculture_IL2STAT5,5,random,Frangieh,0.6,0.2682926829268293,0.3902439024390244
Frangieh_Coculture_IL2STAT5,5,random,Frangieh,0.8,0.14634146341463414,0.24390243902439024
Frangieh_Coculture_IL2STAT5,5,fixed_ridge,Frangieh,0.6,0.24390243902439024,0.43902439024390244
Frangieh_Coculture_IL2STAT5,5,fixed_ridge,Frangieh,0.8,0.1951219512195122,0.1951219512195122
Frangieh_Coculture_IL2STAT5,5,greedy_ridge,Frangieh,0.6,0.3170731707317073,0.3902439024390244
Frangieh_Coculture_IL2STAT5,5,greedy_ridge,Frangieh,0.8,0.17073170731707318,0.17073170731707318
Frangieh_Coculture_IL2STAT5,5,linear_ucb,Frangieh,0.6,0.36585365853658536,0.4878048780487805
Frangieh_Coculture_IL2STAT5,5,linear_ucb,Frangieh,0.8,0.24390243902439024,0.2682926829268293
Frangieh_Coculture_IL2STAT5,5,diversity,Frangieh,0.6,0.4146341463414634,0.34146341463414637
Frangieh_Coculture_IL2STAT5,5,diversity,Frangieh,0.8,0.1951219512195122,0.1951219512195122
Frangieh_Coculture_IL2STAT5,5,extra_trees,Frangieh,0.6,0.34146341463414637,0.4146341463414634
Frangieh_Coculture_IL2STAT5,5,extra_trees,Frangieh,0.8,0.21951219512195122,0.17073170731707318
Frangieh_Coculture_IL2STAT5,5,gated_random,Frangieh,0.6,0.2682926829268293,0.3902439024390244
Frangieh_Coculture_IL2STAT5,5,gated_random,Frangieh,0.8,0.14634146341463414,0.24390243902439024
Frangieh_Coculture_IL2STAT5,5,old_controller,Frangieh,0.6,0.4146341463414634,0.34146341463414637
Frangieh_Coculture_IL2STAT5,5,old_controller,Frangieh,0.8,0.1951219512195122,0.1951219512195122
Frangieh_Coculture_IL2STAT5,6,random,Frangieh,0.6,0.36585365853658536,0.24390243902439024
Frangieh_Coculture_IL2STAT5,6,random,Frangieh,0.8,0.17073170731707318,0.0975609756097561
Frangieh_Coculture_IL2STAT5,6,fixed_ridge,Frangieh,0.6,0.43902439024390244,0.4878048780487805
Frangieh_Coculture_IL2STAT5,6,fixed_ridge,Frangieh,0.8,0.17073170731707318,0.2682926829268293
Frangieh_Coculture_IL2STAT5,6,greedy_ridge,Frangieh,0.6,0.34146341463414637,0.36585365853658536
Frangieh_Coculture_IL2STAT5,6,greedy_ridge,Frangieh,0.8,0.0975609756097561,0.21951219512195122
Frangieh_Coculture_IL2STAT5,6,linear_ucb,Frangieh,0.6,0.3902439024390244,0.3170731707317073
Frangieh_Coculture_IL2STAT5,6,linear_ucb,Frangieh,0.8,0.14634146341463414,0.17073170731707318
Frangieh_Coculture_IL2STAT5,6,diversity,Frangieh,0.6,0.36585365853658536,0.34146341463414637
Frangieh_Coculture_IL2STAT5,6,diversity,Frangieh,0.8,0.1951219512195122,0.17073170731707318
Frangieh_Coculture_IL2STAT5,6,extra_trees,Frangieh,0.6,0.2926829268292683,0.4146341463414634
Frangieh_Coculture_IL2STAT5,6,extra_trees,Frangieh,0.8,0.17073170731707318,0.24390243902439024
Frangieh_Coculture_IL2STAT5,6,gated_random,Frangieh,0.6,0.36585365853658536,0.24390243902439024
Frangieh_Coculture_IL2STAT5,6,gated_random,Frangieh,0.8,0.17073170731707318,0.0975609756097561
Frangieh_Coculture_IL2STAT5,6,old_controller,Frangieh,0.6,0.36585365853658536,0.34146341463414637
Frangieh_Coculture_IL2STAT5,6,old_controller,Frangieh,0.8,0.1951219512195122,0.17073170731707318
Frangieh_Coculture_IL2STAT5,7,random,Frangieh,0.6,0.2682926829268293,0.3170731707317073
Frangieh_Coculture_IL2STAT5,7,random,Frangieh,0.8,0.21951219512195122,0.17073170731707318
Frangieh_Coculture_IL2STAT5,7,fixed_ridge,Frangieh,0.6,0.3170731707317073,0.36585365853658536
Frangieh_Coculture_IL2STAT5,7,fixed_ridge,Frangieh,0.8,0.12195121951219512,0.21951219512195122
Frangieh_Coculture_IL2STAT5,7,greedy_ridge,Frangieh,0.6,0.3170731707317073,0.36585365853658536
Frangieh_Coculture_IL2STAT5,7,greedy_ridge,Frangieh,0.8,0.14634146341463414,0.21951219512195122
Frangieh_Coculture_IL2STAT5,7,linear_ucb,Frangieh,0.6,0.3170731707317073,0.34146341463414637
Frangieh_Coculture_IL2STAT5,7,linear_ucb,Frangieh,0.8,0.14634146341463414,0.1951219512195122
Frangieh_Coculture_IL2STAT5,7,diversity,Frangieh,0.6,0.36585365853658536,0.2926829268292683
Frangieh_Coculture_IL2STAT5,7,diversity,Frangieh,0.8,0.1951219512195122,0.14634146341463414
Frangieh_Coculture_IL2STAT5,7,extra_trees,Frangieh,0.6,0.3170731707317073,0.2926829268292683
Frangieh_Coculture_IL2STAT5,7,extra_trees,Frangieh,0.8,0.12195121951219512,0.12195121951219512
Frangieh_Coculture_IL2STAT5,7,gated_random,Frangieh,0.6,0.2682926829268293,0.3170731707317073
Frangieh_Coculture_IL2STAT5,7,gated_random,Frangieh,0.8,0.21951219512195122,0.17073170731707318
Frangieh_Coculture_IL2STAT5,7,old_controller,Frangieh,0.6,0.36585365853658536,0.2926829268292683
Frangieh_Coculture_IL2STAT5,7,old_controller,Frangieh,0.8,0.1951219512195122,0.14634146341463414
Frangieh_Coculture_IL2STAT5,8,random,Frangieh,0.6,0.34146341463414637,0.4634146341463415
Frangieh_Coculture_IL2STAT5,8,random,Frangieh,0.8,0.21951219512195122,0.24390243902439024
Frangieh_Coculture_IL2STAT5,8,fixed_ridge,Frangieh,0.6,0.36585365853658536,0.3170731707317073
Frangieh_Coculture_IL2STAT5,8,fixed_ridge,Frangieh,0.8,0.17073170731707318,0.14634146341463414
Frangieh_Coculture_IL2STAT5,8,greedy_ridge,Frangieh,0.6,0.2926829268292683,0.36585365853658536
Frangieh_Coculture_IL2STAT5,8,greedy_ridge,Frangieh,0.8,0.12195121951219512,0.1951219512195122
Frangieh_Coculture_IL2STAT5,8,linear_ucb,Frangieh,0.6,0.36585365853658536,0.34146341463414637
Frangieh_Coculture_IL2STAT5,8,linear_ucb,Frangieh,0.8,0.1951219512195122,0.1951219512195122
Frangieh_Coculture_IL2STAT5,8,diversity,Frangieh,0.6,0.36585365853658536,0.34146341463414637
Frangieh_Coculture_IL2STAT5,8,diversity,Frangieh,0.8,0.17073170731707318,0.17073170731707318
Frangieh_Coculture_IL2STAT5,8,extra_trees,Frangieh,0.6,0.2926829268292683,0.4146341463414634
Frangieh_Coculture_IL2STAT5,8,extra_trees,Frangieh,0.8,0.12195121951219512,0.21951219512195122
Frangieh_Coculture_IL2STAT5,8,gated_random,Frangieh,0.6,0.34146341463414637,0.4634146341463415
Frangieh_Coculture_IL2STAT5,8,gated_random,Frangieh,0.8,0.21951219512195122,0.24390243902439024
Frangieh_Coculture_IL2STAT5,8,old_controller,Frangieh,0.6,0.36585365853658536,0.34146341463414637
Frangieh_Coculture_IL2STAT5,8,old_controller,Frangieh,0.8,0.17073170731707318,0.17073170731707318
Frangieh_Coculture_IL2STAT5,9,random,Frangieh,0.6,0.24390243902439024,0.43902439024390244
Frangieh_Coculture_IL2STAT5,9,random,Frangieh,0.8,0.21951219512195122,0.1951219512195122
Frangieh_Coculture_IL2STAT5,9,fixed_ridge,Frangieh,0.6,0.2926829268292683,0.36585365853658536
Frangieh_Coculture_IL2STAT5,9,fixed_ridge,Frangieh,0.8,0.12195121951219512,0.1951219512195122
Frangieh_Coculture_IL2STAT5,9,greedy_ridge,Frangieh,0.6,0.2926829268292683,0.34146341463414637
Frangieh_Coculture_IL2STAT5,9,greedy_ridge,Frangieh,0.8,0.12195121951219512,0.1951219512195122
Frangieh_Coculture_IL2STAT5,9,linear_ucb,Frangieh,0.6,0.3170731707317073,0.34146341463414637
Frangieh_Coculture_IL2STAT5,9,linear_ucb,Frangieh,0.8,0.12195121951219512,0.1951219512195122
Frangieh_Coculture_IL2STAT5,9,diversity,Frangieh,0.6,0.3170731707317073,0.3170731707317073
Frangieh_Coculture_IL2STAT5,9,diversity,Frangieh,0.8,0.17073170731707318,0.14634146341463414
Frangieh_Coculture_IL2STAT5,9,extra_trees,Frangieh,0.6,0.2926829268292683,0.2926829268292683
Frangieh_Coculture_IL2STAT5,9,extra_trees,Frangieh,0.8,0.14634146341463414,0.14634146341463414
Frangieh_Coculture_IL2STAT5,9,gated_random,Frangieh,0.6,0.24390243902439024,0.43902439024390244
Frangieh_Coculture_IL2STAT5,9,gated_random,Frangieh,0.8,0.21951219512195122,0.1951219512195122
Frangieh_Coculture_IL2STAT5,9,old_controller,Frangieh,0.6,0.3170731707317073,0.3170731707317073
Frangieh_Coculture_IL2STAT5,9,old_controller,Frangieh,0.8,0.17073170731707318,0.14634146341463414
Frangieh_Coculture_IL2STAT5,10,random,Frangieh,0.6,0.3170731707317073,0.34146341463414637
Frangieh_Coculture_IL2STAT5,10,random,Frangieh,0.8,0.17073170731707318,0.17073170731707318
Frangieh_Coculture_IL2STAT5,10,fixed_ridge,Frangieh,0.6,0.36585365853658536,0.3170731707317073
Frangieh_Coculture_IL2STAT5,10,fixed_ridge,Frangieh,0.8,0.17073170731707318,0.21951219512195122
Frangieh_Coculture_IL2STAT5,10,greedy_ridge,Frangieh,0.6,0.1951219512195122,0.21951219512195122
Frangieh_Coculture_IL2STAT5,10,greedy_ridge,Frangieh,0.8,0.0975609756097561,0.12195121951219512
Frangieh_Coculture_IL2STAT5,10,linear_ucb,Frangieh,0.6,0.2682926829268293,0.21951219512195122
Frangieh_Coculture_IL2STAT5,10,linear_ucb,Frangieh,0.8,0.0975609756097561,0.14634146341463414
Frangieh_Coculture_IL2STAT5,10,diversity,Frangieh,0.6,0.34146341463414637,0.24390243902439024
Frangieh_Coculture_IL2STAT5,10,diversity,Frangieh,0.8,0.14634146341463414,0.1951219512195122
Frangieh_Coculture_IL2STAT5,10,extra_trees,Frangieh,0.6,0.34146341463414637,0.3902439024390244
Frangieh_Coculture_IL2STAT5,10,extra_trees,Frangieh,0.8,0.17073170731707318,0.14634146341463414
Frangieh_Coculture_IL2STAT5,10,gated_random,Frangieh,0.6,0.2682926829268293,0.36585365853658536
Frangieh_Coculture_IL2STAT5,10,gated_random,Frangieh,0.8,0.12195121951219512,0.21951219512195122
Frangieh_Coculture_IL2STAT5,10,old_controller,Frangieh,0.6,0.34146341463414637,0.2682926829268293
Frangieh_Coculture_IL2STAT5,10,old_controller,Frangieh,0.8,0.14634146341463414,0.17073170731707318
Frangieh_Coculture_IL2STAT5,11,random,Frangieh,0.6,0.43902439024390244,0.24390243902439024
Frangieh_Coculture_IL2STAT5,11,random,Frangieh,0.8,0.2926829268292683,0.12195121951219512
Frangieh_Coculture_IL2STAT5,11,fixed_ridge,Frangieh,0.6,0.4146341463414634,0.36585365853658536
Frangieh_Coculture_IL2STAT5,11,fixed_ridge,Frangieh,0.8,0.24390243902439024,0.1951219512195122
Frangieh_Coculture_IL2STAT5,11,greedy_ridge,Frangieh,0.6,0.4878048780487805,0.3170731707317073
Frangieh_Coculture_IL2STAT5,11,greedy_ridge,Frangieh,0.8,0.3170731707317073,0.0975609756097561
Frangieh_Coculture_IL2STAT5,11,linear_ucb,Frangieh,0.6,0.4146341463414634,0.2682926829268293
Frangieh_Coculture_IL2STAT5,11,linear_ucb,Frangieh,0.8,0.2682926829268293,0.12195121951219512
Frangieh_Coculture_IL2STAT5,11,diversity,Frangieh,0.6,0.4878048780487805,0.2926829268292683
Frangieh_Coculture_IL2STAT5,11,diversity,Frangieh,0.8,0.2682926829268293,0.12195121951219512
Frangieh_Coculture_IL2STAT5,11,extra_trees,Frangieh,0.6,0.36585365853658536,0.3902439024390244
Frangieh_Coculture_IL2STAT5,11,extra_trees,Frangieh,0.8,0.21951219512195122,0.2682926829268293
Frangieh_Coculture_IL2STAT5,11,gated_random,Frangieh,0.6,0.4634146341463415,0.34146341463414637
Frangieh_Coculture_IL2STAT5,11,gated_random,Frangieh,0.8,0.36585365853658536,0.14634146341463414
Frangieh_Coculture_IL2STAT5,11,old_controller,Frangieh,0.6,0.4878048780487805,0.2926829268292683
Frangieh_Coculture_IL2STAT5,11,old_controller,Frangieh,0.8,0.2682926829268293,0.12195121951219512
Frangieh_Coculture_IL2STAT5,12,random,Frangieh,0.6,0.34146341463414637,0.24390243902439024
Frangieh_Coculture_IL2STAT5,12,random,Frangieh,0.8,0.24390243902439024,0.17073170731707318
Frangieh_Coculture_IL2STAT5,12,fixed_ridge,Frangieh,0.6,0.3170731707317073,0.34146341463414637
Frangieh_Coculture_IL2STAT5,12,fixed_ridge,Frangieh,0.8,0.12195121951219512,0.24390243902439024
Frangieh_Coculture_IL2STAT5,12,greedy_ridge,Frangieh,0.6,0.36585365853658536,0.34146341463414637
Frangieh_Coculture_IL2STAT5,12,greedy_ridge,Frangieh,0.8,0.1951219512195122,0.17073170731707318
Frangieh_Coculture_IL2STAT5,12,linear_ucb,Frangieh,0.6,0.36585365853658536,0.34146341463414637
Frangieh_Coculture_IL2STAT5,12,linear_ucb,Frangieh,0.8,0.1951219512195122,0.1951219512195122
Frangieh_Coculture_IL2STAT5,12,diversity,Frangieh,0.6,0.3902439024390244,0.3170731707317073
Frangieh_Coculture_IL2STAT5,12,diversity,Frangieh,0.8,0.24390243902439024,0.1951219512195122
Frangieh_Coculture_IL2STAT5,12,extra_trees,Frangieh,0.6,0.34146341463414637,0.34146341463414637
Frangieh_Coculture_IL2STAT5,12,extra_trees,Frangieh,0.8,0.17073170731707318,0.1951219512195122
Frangieh_Coculture_IL2STAT5,12,gated_random,Frangieh,0.6,0.36585365853658536,0.34146341463414637
Frangieh_Coculture_IL2STAT5,12,gated_random,Frangieh,0.8,0.1951219512195122,0.1951219512195122
Frangieh_Coculture_IL2STAT5,12,old_controller,Frangieh,0.6,0.34146341463414637,0.2926829268292683
Frangieh_Coculture_IL2STAT5,12,old_controller,Frangieh,0.8,0.12195121951219512,0.14634146341463414
Frangieh_Coculture_IL2STAT5,13,random,Frangieh,0.6,0.3170731707317073,0.2926829268292683
Frangieh_Coculture_IL2STAT5,13,random,Frangieh,0.8,0.1951219512195122,0.14634146341463414
Frangieh_Coculture_IL2STAT5,13,fixed_ridge,Frangieh,0.6,0.24390243902439024,0.24390243902439024
Frangieh_Coculture_IL2STAT5,13,fixed_ridge,Frangieh,0.8,0.07317073170731707,0.12195121951219512
Frangieh_Coculture_IL2STAT5,13,greedy_ridge,Frangieh,0.6,0.24390243902439024,0.3902439024390244
Frangieh_Coculture_IL2STAT5,13,greedy_ridge,Frangieh,0.8,0.0975609756097561,0.1951219512195122
Frangieh_Coculture_IL2STAT5,13,linear_ucb,Frangieh,0.6,0.36585365853658536,0.2682926829268293
Frangieh_Coculture_IL2STAT5,13,linear_ucb,Frangieh,0.8,0.14634146341463414,0.12195121951219512
Frangieh_Coculture_IL2STAT5,13,diversity,Frangieh,0.6,0.36585365853658536,0.2926829268292683
Frangieh_Coculture_IL2STAT5,13,diversity,Frangieh,0.8,0.1951219512195122,0.14634146341463414
Frangieh_Coculture_IL2STAT5,13,extra_trees,Frangieh,0.6,0.3170731707317073,0.34146341463414637
Frangieh_Coculture_IL2STAT5,13,extra_trees,Frangieh,0.8,0.0975609756097561,0.14634146341463414
Frangieh_Coculture_IL2STAT5,13,gated_random,Frangieh,0.6,0.36585365853658536,0.34146341463414637
Frangieh_Coculture_IL2STAT5,13,gated_random,Frangieh,0.8,0.21951219512195122,0.1951219512195122
Frangieh_Coculture_IL2STAT5,13,old_controller,Frangieh,0.6,0.3902439024390244,0.3170731707317073
Frangieh_Coculture_IL2STAT5,13,old_controller,Frangieh,0.8,0.1951219512195122,0.17073170731707318
Frangieh_Coculture_IL2STAT5,14,random,Frangieh,0.6,0.4146341463414634,0.4878048780487805
Frangieh_Coculture_IL2STAT5,14,random,Frangieh,0.8,0.24390243902439024,0.3170731707317073
Frangieh_Coculture_IL2STAT5,14,fixed_ridge,Frangieh,0.6,0.4146341463414634,0.2926829268292683
Frangieh_Coculture_IL2STAT5,14,fixed_ridge,Frangieh,0.8,0.2682926829268293,0.1951219512195122
Frangieh_Coculture_IL2STAT5,14,greedy_ridge,Frangieh,0.6,0.36585365853658536,0.34146341463414637
Frangieh_Coculture_IL2STAT5,14,greedy_ridge,Frangieh,0.8,0.21951219512195122,0.14634146341463414
Frangieh_Coculture_IL2STAT5,14,linear_ucb,Frangieh,0.6,0.34146341463414637,0.3170731707317073
Frangieh_Coculture_IL2STAT5,14,linear_ucb,Frangieh,0.8,0.21951219512195122,0.14634146341463414
Frangieh_Coculture_IL2STAT5,14,diversity,Frangieh,0.6,0.4146341463414634,0.3170731707317073
Frangieh_Coculture_IL2STAT5,14,diversity,Frangieh,0.8,0.24390243902439024,0.17073170731707318
Frangieh_Coculture_IL2STAT5,14,extra_trees,Frangieh,0.6,0.3170731707317073,0.2682926829268293
Frangieh_Coculture_IL2STAT5,14,extra_trees,Frangieh,0.8,0.1951219512195122,0.17073170731707318
Frangieh_Coculture_IL2STAT5,14,gated_random,Frangieh,0.6,0.4146341463414634,0.4878048780487805
Frangieh_Coculture_IL2STAT5,14,gated_random,Frangieh,0.8,0.24390243902439024,0.3170731707317073
Frangieh_Coculture_IL2STAT5,14,old_controller,Frangieh,0.6,0.4146341463414634,0.3170731707317073
Frangieh_Coculture_IL2STAT5,14,old_controller,Frangieh,0.8,0.24390243902439024,0.17073170731707318
Frangieh_Coculture_IL2STAT5,15,random,Frangieh,0.6,0.34146341463414637,0.3170731707317073
Frangieh_Coculture_IL2STAT5,15,random,Frangieh,0.8,0.1951219512195122,0.14634146341463414
Frangieh_Coculture_IL2STAT5,15,fixed_ridge,Frangieh,0.6,0.2926829268292683,0.34146341463414637
Frangieh_Coculture_IL2STAT5,15,fixed_ridge,Frangieh,0.8,0.14634146341463414,0.17073170731707318
Frangieh_Coculture_IL2STAT5,15,greedy_ridge,Frangieh,0.6,0.2926829268292683,0.34146341463414637
Frangieh_Coculture_IL2STAT5,15,greedy_ridge,Frangieh,0.8,0.17073170731707318,0.12195121951219512
Frangieh_Coculture_IL2STAT5,15,linear_ucb,Frangieh,0.6,0.2926829268292683,0.36585365853658536
Frangieh_Coculture_IL2STAT5,15,linear_ucb,Frangieh,0.8,0.14634146341463414,0.12195121951219512
Frangieh_Coculture_IL2STAT5,15,diversity,Frangieh,0.6,0.4878048780487805,0.2682926829268293
Frangieh_Coculture_IL2STAT5,15,diversity,Frangieh,0.8,0.24390243902439024,0.12195121951219512
Frangieh_Coculture_IL2STAT5,15,extra_trees,Frangieh,0.6,0.34146341463414637,0.36585365853658536
Frangieh_Coculture_IL2STAT5,15,extra_trees,Frangieh,0.8,0.17073170731707318,0.17073170731707318
Frangieh_Coculture_IL2STAT5,15,gated_random,Frangieh,0.6,0.34146341463414637,0.3170731707317073
Frangieh_Coculture_IL2STAT5,15,gated_random,Frangieh,0.8,0.1951219512195122,0.14634146341463414
Frangieh_Coculture_IL2STAT5,15,old_controller,Frangieh,0.6,0.4878048780487805,0.2682926829268293
Frangieh_Coculture_IL2STAT5,15,old_controller,Frangieh,0.8,0.24390243902439024,0.12195121951219512
Frangieh_Coculture_IL2STAT5,16,random,Frangieh,0.6,0.24390243902439024,0.2926829268292683
Frangieh_Coculture_IL2STAT5,16,random,Frangieh,0.8,0.17073170731707318,0.14634146341463414
Frangieh_Coculture_IL2STAT5,16,fixed_ridge,Frangieh,0.6,0.36585365853658536,0.3902439024390244
Frangieh_Coculture_IL2STAT5,16,fixed_ridge,Frangieh,0.8,0.24390243902439024,0.21951219512195122
Frangieh_Coculture_IL2STAT5,16,greedy_ridge,Frangieh,0.6,0.2682926829268293,0.3170731707317073
Frangieh_Coculture_IL2STAT5,16,greedy_ridge,Frangieh,0.8,0.17073170731707318,0.0975609756097561
Frangieh_Coculture_IL2STAT5,16,linear_ucb,Frangieh,0.6,0.2926829268292683,0.36585365853658536
Frangieh_Coculture_IL2STAT5,16,linear_ucb,Frangieh,0.8,0.17073170731707318,0.14634146341463414
Frangieh_Coculture_IL2STAT5,16,diversity,Frangieh,0.6,0.3902439024390244,0.34146341463414637
Frangieh_Coculture_IL2STAT5,16,diversity,Frangieh,0.8,0.24390243902439024,0.17073170731707318
Frangieh_Coculture_IL2STAT5,16,extra_trees,Frangieh,0.6,0.3170731707317073,0.3902439024390244
Frangieh_Coculture_IL2STAT5,16,extra_trees,Frangieh,0.8,0.1951219512195122,0.17073170731707318
Frangieh_Coculture_IL2STAT5,16,gated_random,Frangieh,0.6,0.24390243902439024,0.2926829268292683
Frangieh_Coculture_IL2STAT5,16,gated_random,Frangieh,0.8,0.17073170731707318,0.14634146341463414
Frangieh_Coculture_IL2STAT5,16,old_controller,Frangieh,0.6,0.3902439024390244,0.34146341463414637
Frangieh_Coculture_IL2STAT5,16,old_controller,Frangieh,0.8,0.24390243902439024,0.17073170731707318
Frangieh_Coculture_IL2STAT5,17,random,Frangieh,0.6,0.4146341463414634,0.34146341463414637
Frangieh_Coculture_IL2STAT5,17,random,Frangieh,0.8,0.1951219512195122,0.14634146341463414
Frangieh_Coculture_IL2STAT5,17,fixed_ridge,Frangieh,0.6,0.36585365853658536,0.4878048780487805
Frangieh_Coculture_IL2STAT5,17,fixed_ridge,Frangieh,0.8,0.21951219512195122,0.24390243902439024
Frangieh_Coculture_IL2STAT5,17,greedy_ridge,Frangieh,0.6,0.36585365853658536,0.3902439024390244
Frangieh_Coculture_IL2STAT5,17,greedy_ridge,Frangieh,0.8,0.1951219512195122,0.1951219512195122
Frangieh_Coculture_IL2STAT5,17,linear_ucb,Frangieh,0.6,0.4146341463414634,0.3902439024390244
Frangieh_Coculture_IL2STAT5,17,linear_ucb,Frangieh,0.8,0.21951219512195122,0.1951219512195122
Frangieh_Coculture_IL2STAT5,17,diversity,Frangieh,0.6,0.4878048780487805,0.34146341463414637
Frangieh_Coculture_IL2STAT5,17,diversity,Frangieh,0.8,0.21951219512195122,0.1951219512195122
Frangieh_Coculture_IL2STAT5,17,extra_trees,Frangieh,0.6,0.3902439024390244,0.4146341463414634
Frangieh_Coculture_IL2STAT5,17,extra_trees,Frangieh,0.8,0.1951219512195122,0.21951219512195122
Frangieh_Coculture_IL2STAT5,17,gated_random,Frangieh,0.6,0.4146341463414634,0.34146341463414637
Frangieh_Coculture_IL2STAT5,17,gated_random,Frangieh,0.8,0.1951219512195122,0.14634146341463414
Frangieh_Coculture_IL2STAT5,17,old_controller,Frangieh,0.6,0.4878048780487805,0.34146341463414637
Frangieh_Coculture_IL2STAT5,17,old_controller,Frangieh,0.8,0.21951219512195122,0.1951219512195122
Frangieh_Coculture_IL2STAT5,18,random,Frangieh,0.6,0.3170731707317073,0.3902439024390244
Frangieh_Coculture_IL2STAT5,18,random,Frangieh,0.8,0.17073170731707318,0.21951219512195122
Frangieh_Coculture_IL2STAT5,18,fixed_ridge,Frangieh,0.6,0.34146341463414637,0.3170731707317073
Frangieh_Coculture_IL2STAT5,18,fixed_ridge,Frangieh,0.8,0.12195121951219512,0.17073170731707318
Frangieh_Coculture_IL2STAT5,18,greedy_ridge,Frangieh,0.6,0.2682926829268293,0.24390243902439024
Frangieh_Coculture_IL2STAT5,18,greedy_ridge,Frangieh,0.8,0.12195121951219512,0.12195121951219512
Frangieh_Coculture_IL2STAT5,18,linear_ucb,Frangieh,0.6,0.2682926829268293,0.2682926829268293
Frangieh_Coculture_IL2STAT5,18,linear_ucb,Frangieh,0.8,0.14634146341463414,0.14634146341463414
Frangieh_Coculture_IL2STAT5,18,diversity,Frangieh,0.6,0.34146341463414637,0.2926829268292683
Frangieh_Coculture_IL2STAT5,18,diversity,Frangieh,0.8,0.1951219512195122,0.17073170731707318
Frangieh_Coculture_IL2STAT5,18,extra_trees,Frangieh,0.6,0.36585365853658536,0.34146341463414637
Frangieh_Coculture_IL2STAT5,18,extra_trees,Frangieh,0.8,0.17073170731707318,0.21951219512195122
Frangieh_Coculture_IL2STAT5,18,gated_random,Frangieh,0.6,0.3170731707317073,0.3902439024390244
Frangieh_Coculture_IL2STAT5,18,gated_random,Frangieh,0.8,0.17073170731707318,0.21951219512195122
Frangieh_Coculture_IL2STAT5,18,old_controller,Frangieh,0.6,0.34146341463414637,0.2926829268292683
Frangieh_Coculture_IL2STAT5,18,old_controller,Frangieh,0.8,0.1951219512195122,0.17073170731707318
Frangieh_Coculture_IL2STAT5,19,random,Frangieh,0.6,0.2682926829268293,0.4146341463414634
Frangieh_Coculture_IL2STAT5,19,random,Frangieh,0.8,0.14634146341463414,0.14634146341463414
Frangieh_Coculture_IL2STAT5,19,fixed_ridge,Frangieh,0.6,0.2926829268292683,0.2926829268292683
Frangieh_Coculture_IL2STAT5,19,fixed_ridge,Frangieh,0.8,0.17073170731707318,0.12195121951219512
Frangieh_Coculture_IL2STAT5,19,greedy_ridge,Frangieh,0.6,0.36585365853658536,0.4146341463414634
Frangieh_Coculture_IL2STAT5,19,greedy_ridge,Frangieh,0.8,0.21951219512195122,0.17073170731707318
Frangieh_Coculture_IL2STAT5,19,linear_ucb,Frangieh,0.6,0.3170731707317073,0.34146341463414637
Frangieh_Coculture_IL2STAT5,19,linear_ucb,Frangieh,0.8,0.17073170731707318,0.17073170731707318
Frangieh_Coculture_IL2STAT5,19,diversity,Frangieh,0.6,0.4146341463414634,0.3170731707317073
Frangieh_Coculture_IL2STAT5,19,diversity,Frangieh,0.8,0.21951219512195122,0.14634146341463414
Frangieh_Coculture_IL2STAT5,19,extra_trees,Frangieh,0.6,0.36585365853658536,0.4634146341463415
Frangieh_Coculture_IL2STAT5,19,extra_trees,Frangieh,0.8,0.21951219512195122,0.1951219512195122
Frangieh_Coculture_IL2STAT5,19,gated_random,Frangieh,0.6,0.2682926829268293,0.4146341463414634
Frangieh_Coculture_IL2STAT5,19,gated_random,Frangieh,0.8,0.14634146341463414,0.14634146341463414
Frangieh_Coculture_IL2STAT5,19,old_controller,Frangieh,0.6,0.4146341463414634,0.3170731707317073
Frangieh_Coculture_IL2STAT5,19,old_controller,Frangieh,0.8,0.21951219512195122,0.14634146341463414
Frangieh_Coculture_IL2STAT5,20,random,Frangieh,0.6,0.2926829268292683,0.36585365853658536
Frangieh_Coculture_IL2STAT5,20,random,Frangieh,0.8,0.21951219512195122,0.21951219512195122
Frangieh_Coculture_IL2STAT5,20,fixed_ridge,Frangieh,0.6,0.34146341463414637,0.43902439024390244
Frangieh_Coculture_IL2STAT5,20,fixed_ridge,Frangieh,0.8,0.14634146341463414,0.21951219512195122
Frangieh_Coculture_IL2STAT5,20,greedy_ridge,Frangieh,0.6,0.2926829268292683,0.36585365853658536
Frangieh_Coculture_IL2STAT5,20,greedy_ridge,Frangieh,0.8,0.12195121951219512,0.24390243902439024
Frangieh_Coculture_IL2STAT5,20,linear_ucb,Frangieh,0.6,0.36585365853658536,0.3170731707317073
Frangieh_Coculture_IL2STAT5,20,linear_ucb,Frangieh,0.8,0.14634146341463414,0.17073170731707318
Frangieh_Coculture_IL2STAT5,20,diversity,Frangieh,0.6,0.36585365853658536,0.24390243902439024
Frangieh_Coculture_IL2STAT5,20,diversity,Frangieh,0.8,0.12195121951219512,0.12195121951219512
Frangieh_Coculture_IL2STAT5,20,extra_trees,Frangieh,0.6,0.21951219512195122,0.3170731707317073
Frangieh_Coculture_IL2STAT5,20,extra_trees,Frangieh,0.8,0.07317073170731707,0.17073170731707318
Frangieh_Coculture_IL2STAT5,20,gated_random,Frangieh,0.6,0.2926829268292683,0.36585365853658536
Frangieh_Coculture_IL2STAT5,20,gated_random,Frangieh,0.8,0.21951219512195122,0.21951219512195122
Frangieh_Coculture_IL2STAT5,20,old_controller,Frangieh,0.6,0.36585365853658536,0.24390243902439024
Frangieh_Coculture_IL2STAT5,20,old_controller,Frangieh,0.8,0.12195121951219512,0.12195121951219512
Frangieh_Coculture_IL2STAT5,21,random,Frangieh,0.6,0.34146341463414637,0.36585365853658536
Frangieh_Coculture_IL2STAT5,21,random,Frangieh,0.8,0.17073170731707318,0.21951219512195122
Frangieh_Coculture_IL2STAT5,21,fixed_ridge,Frangieh,0.6,0.4146341463414634,0.34146341463414637
Frangieh_Coculture_IL2STAT5,21,fixed_ridge,Frangieh,0.8,0.24390243902439024,0.0975609756097561
Frangieh_Coculture_IL2STAT5,21,greedy_ridge,Frangieh,0.6,0.36585365853658536,0.3170731707317073
Frangieh_Coculture_IL2STAT5,21,greedy_ridge,Frangieh,0.8,0.17073170731707318,0.0975609756097561
Frangieh_Coculture_IL2STAT5,21,linear_ucb,Frangieh,0.6,0.2926829268292683,0.3170731707317073
Frangieh_Coculture_IL2STAT5,21,linear_ucb,Frangieh,0.8,0.0975609756097561,0.14634146341463414
Frangieh_Coculture_IL2STAT5,21,diversity,Frangieh,0.6,0.4146341463414634,0.3170731707317073
Frangieh_Coculture_IL2STAT5,21,diversity,Frangieh,0.8,0.14634146341463414,0.14634146341463414
Frangieh_Coculture_IL2STAT5,21,extra_trees,Frangieh,0.6,0.34146341463414637,0.34146341463414637
Frangieh_Coculture_IL2STAT5,21,extra_trees,Frangieh,0.8,0.1951219512195122,0.17073170731707318
Frangieh_Coculture_IL2STAT5,21,gated_random,Frangieh,0.6,0.34146341463414637,0.36585365853658536
Frangieh_Coculture_IL2STAT5,21,gated_random,Frangieh,0.8,0.17073170731707318,0.21951219512195122
Frangieh_Coculture_IL2STAT5,21,old_controller,Frangieh,0.6,0.4146341463414634,0.3170731707317073
Frangieh_Coculture_IL2STAT5,21,old_controller,Frangieh,0.8,0.14634146341463414,0.14634146341463414
Frangieh_Coculture_IL2STAT5,22,random,Frangieh,0.6,0.4146341463414634,0.4878048780487805
Frangieh_Coculture_IL2STAT5,22,random,Frangieh,0.8,0.3170731707317073,0.2682926829268293
Frangieh_Coculture_IL2STAT5,22,fixed_ridge,Frangieh,0.6,0.4146341463414634,0.4634146341463415
Frangieh_Coculture_IL2STAT5,22,fixed_ridge,Frangieh,0.8,0.2926829268292683,0.21951219512195122
Frangieh_Coculture_IL2STAT5,22,greedy_ridge,Frangieh,0.6,0.4146341463414634,0.43902439024390244
Frangieh_Coculture_IL2STAT5,22,greedy_ridge,Frangieh,0.8,0.2682926829268293,0.17073170731707318
Frangieh_Coculture_IL2STAT5,22,linear_ucb,Frangieh,0.6,0.4634146341463415,0.4146341463414634
Frangieh_Coculture_IL2STAT5,22,linear_ucb,Frangieh,0.8,0.2926829268292683,0.17073170731707318
Frangieh_Coculture_IL2STAT5,22,diversity,Frangieh,0.6,0.5121951219512195,0.43902439024390244
Frangieh_Coculture_IL2STAT5,22,diversity,Frangieh,0.8,0.36585365853658536,0.21951219512195122
Frangieh_Coculture_IL2STAT5,22,extra_trees,Frangieh,0.6,0.4634146341463415,0.43902439024390244
Frangieh_Coculture_IL2STAT5,22,extra_trees,Frangieh,0.8,0.3902439024390244,0.1951219512195122
Frangieh_Coculture_IL2STAT5,22,gated_random,Frangieh,0.6,0.3902439024390244,0.43902439024390244
Frangieh_Coculture_IL2STAT5,22,gated_random,Frangieh,0.8,0.3170731707317073,0.21951219512195122
Frangieh_Coculture_IL2STAT5,22,old_controller,Frangieh,0.6,0.5121951219512195,0.43902439024390244
Frangieh_Coculture_IL2STAT5,22,old_controller,Frangieh,0.8,0.36585365853658536,0.21951219512195122
Frangieh_Coculture_IL2STAT5,23,random,Frangieh,0.6,0.4634146341463415,0.36585365853658536
Frangieh_Coculture_IL2STAT5,23,random,Frangieh,0.8,0.24390243902439024,0.2682926829268293
Frangieh_Coculture_IL2STAT5,23,fixed_ridge,Frangieh,0.6,0.2926829268292683,0.3170731707317073
Frangieh_Coculture_IL2STAT5,23,fixed_ridge,Frangieh,0.8,0.17073170731707318,0.04878048780487805
Frangieh_Coculture_IL2STAT5,23,greedy_ridge,Frangieh,0.6,0.2926829268292683,0.24390243902439024
Frangieh_Coculture_IL2STAT5,23,greedy_ridge,Frangieh,0.8,0.1951219512195122,0.0975609756097561
Frangieh_Coculture_IL2STAT5,23,linear_ucb,Frangieh,0.6,0.24390243902439024,0.24390243902439024
Frangieh_Coculture_IL2STAT5,23,linear_ucb,Frangieh,0.8,0.12195121951219512,0.0975609756097561
Frangieh_Coculture_IL2STAT5,23,diversity,Frangieh,0.6,0.4634146341463415,0.2926829268292683
Frangieh_Coculture_IL2STAT5,23,diversity,Frangieh,0.8,0.2926829268292683,0.14634146341463414
Frangieh_Coculture_IL2STAT5,23,extra_trees,Frangieh,0.6,0.36585365853658536,0.3170731707317073
Frangieh_Coculture_IL2STAT5,23,extra_trees,Frangieh,0.8,0.21951219512195122,0.12195121951219512
Frangieh_Coculture_IL2STAT5,23,gated_random,Frangieh,0.6,0.3170731707317073,0.2926829268292683
Frangieh_Coculture_IL2STAT5,23,gated_random,Frangieh,0.8,0.1951219512195122,0.14634146341463414
Frangieh_Coculture_IL2STAT5,23,old_controller,Frangieh,0.6,0.3170731707317073,0.3170731707317073
Frangieh_Coculture_IL2STAT5,23,old_controller,Frangieh,0.8,0.14634146341463414,0.17073170731707318
Frangieh_Coculture_IL2STAT5,24,random,Frangieh,0.6,0.24390243902439024,0.2926829268292683
Frangieh_Coculture_IL2STAT5,24,random,Frangieh,0.8,0.17073170731707318,0.0975609756097561
Frangieh_Coculture_IL2STAT5,24,fixed_ridge,Frangieh,0.6,0.2926829268292683,0.36585365853658536
Frangieh_Coculture_IL2STAT5,24,fixed_ridge,Frangieh,0.8,0.14634146341463414,0.17073170731707318
Frangieh_Coculture_IL2STAT5,24,greedy_ridge,Frangieh,0.6,0.3170731707317073,0.3170731707317073
Frangieh_Coculture_IL2STAT5,24,greedy_ridge,Frangieh,0.8,0.1951219512195122,0.17073170731707318
Frangieh_Coculture_IL2STAT5,24,linear_ucb,Frangieh,0.6,0.34146341463414637,0.3170731707317073
Frangieh_Coculture_IL2STAT5,24,linear_ucb,Frangieh,0.8,0.1951219512195122,0.17073170731707318
Frangieh_Coculture_IL2STAT5,24,diversity,Frangieh,0.6,0.36585365853658536,0.2926829268292683
Frangieh_Coculture_IL2STAT5,24,diversity,Frangieh,0.8,0.1951219512195122,0.17073170731707318
Frangieh_Coculture_IL2STAT5,24,extra_trees,Frangieh,0.6,0.24390243902439024,0.34146341463414637
Frangieh_Coculture_IL2STAT5,24,extra_trees,Frangieh,0.8,0.14634146341463414,0.14634146341463414
Frangieh_Coculture_IL2STAT5,24,gated_random,Frangieh,0.6,0.3902439024390244,0.36585365853658536
Frangieh_Coculture_IL2STAT5,24,gated_random,Frangieh,0.8,0.21951219512195122,0.17073170731707318
Frangieh_Coculture_IL2STAT5,24,old_controller,Frangieh,0.6,0.34146341463414637,0.2926829268292683
Frangieh_Coculture_IL2STAT5,24,old_controller,Frangieh,0.8,0.1951219512195122,0.14634146341463414
Frangieh_Coculture_IL2STAT5,25,random,Frangieh,0.6,0.34146341463414637,0.4146341463414634
Frangieh_Coculture_IL2STAT5,25,random,Frangieh,0.8,0.24390243902439024,0.1951219512195122
Frangieh_Coculture_IL2STAT5,25,fixed_ridge,Frangieh,0.6,0.34146341463414637,0.34146341463414637
Frangieh_Coculture_IL2STAT5,25,fixed_ridge,Frangieh,0.8,0.17073170731707318,0.17073170731707318
Frangieh_Coculture_IL2STAT5,25,greedy_ridge,Frangieh,0.6,0.36585365853658536,0.34146341463414637
Frangieh_Coculture_IL2STAT5,25,greedy_ridge,Frangieh,0.8,0.17073170731707318,0.14634146341463414
Frangieh_Coculture_IL2STAT5,25,linear_ucb,Frangieh,0.6,0.36585365853658536,0.2926829268292683
Frangieh_Coculture_IL2STAT5,25,linear_ucb,Frangieh,0.8,0.1951219512195122,0.17073170731707318
Frangieh_Coculture_IL2STAT5,25,diversity,Frangieh,0.6,0.34146341463414637,0.1951219512195122
Frangieh_Coculture_IL2STAT5,25,diversity,Frangieh,0.8,0.1951219512195122,0.12195121951219512
Frangieh_Coculture_IL2STAT5,25,extra_trees,Frangieh,0.6,0.4146341463414634,0.43902439024390244
Frangieh_Coculture_IL2STAT5,25,extra_trees,Frangieh,0.8,0.21951219512195122,0.24390243902439024
Frangieh_Coculture_IL2STAT5,25,gated_random,Frangieh,0.6,0.3170731707317073,0.21951219512195122
Frangieh_Coculture_IL2STAT5,25,gated_random,Frangieh,0.8,0.21951219512195122,0.14634146341463414
Frangieh_Coculture_IL2STAT5,25,old_controller,Frangieh,0.6,0.4146341463414634,0.2682926829268293
Frangieh_Coculture_IL2STAT5,25,old_controller,Frangieh,0.8,0.24390243902439024,0.12195121951219512
Frangieh_Coculture_IL2STAT5,26,random,Frangieh,0.6,0.34146341463414637,0.1951219512195122
Frangieh_Coculture_IL2STAT5,26,random,Frangieh,0.8,0.2682926829268293,0.12195121951219512
Frangieh_Coculture_IL2STAT5,26,fixed_ridge,Frangieh,0.6,0.2682926829268293,0.2682926829268293
Frangieh_Coculture_IL2STAT5,26,fixed_ridge,Frangieh,0.8,0.14634146341463414,0.12195121951219512
Frangieh_Coculture_IL2STAT5,26,greedy_ridge,Frangieh,0.6,0.2926829268292683,0.36585365853658536
Frangieh_Coculture_IL2STAT5,26,greedy_ridge,Frangieh,0.8,0.17073170731707318,0.1951219512195122
Frangieh_Coculture_IL2STAT5,26,linear_ucb,Frangieh,0.6,0.21951219512195122,0.3170731707317073
Frangieh_Coculture_IL2STAT5,26,linear_ucb,Frangieh,0.8,0.12195121951219512,0.17073170731707318
Frangieh_Coculture_IL2STAT5,26,diversity,Frangieh,0.6,0.2926829268292683,0.24390243902439024
Frangieh_Coculture_IL2STAT5,26,diversity,Frangieh,0.8,0.12195121951219512,0.14634146341463414
Frangieh_Coculture_IL2STAT5,26,extra_trees,Frangieh,0.6,0.4146341463414634,0.34146341463414637
Frangieh_Coculture_IL2STAT5,26,extra_trees,Frangieh,0.8,0.1951219512195122,0.24390243902439024
Frangieh_Coculture_IL2STAT5,26,gated_random,Frangieh,0.6,0.34146341463414637,0.2926829268292683
Frangieh_Coculture_IL2STAT5,26,gated_random,Frangieh,0.8,0.21951219512195122,0.17073170731707318
Frangieh_Coculture_IL2STAT5,26,old_controller,Frangieh,0.6,0.2926829268292683,0.24390243902439024
Frangieh_Coculture_IL2STAT5,26,old_controller,Frangieh,0.8,0.12195121951219512,0.14634146341463414
Frangieh_Coculture_IL2STAT5,27,random,Frangieh,0.6,0.43902439024390244,0.24390243902439024
Frangieh_Coculture_IL2STAT5,27,random,Frangieh,0.8,0.2926829268292683,0.1951219512195122
Frangieh_Coculture_IL2STAT5,27,fixed_ridge,Frangieh,0.6,0.3902439024390244,0.2926829268292683
Frangieh_Coculture_IL2STAT5,27,fixed_ridge,Frangieh,0.8,0.2682926829268293,0.1951219512195122
Frangieh_Coculture_IL2STAT5,27,greedy_ridge,Frangieh,0.6,0.5121951219512195,0.3170731707317073
Frangieh_Coculture_IL2STAT5,27,greedy_ridge,Frangieh,0.8,0.34146341463414637,0.14634146341463414
Frangieh_Coculture_IL2STAT5,27,linear_ucb,Frangieh,0.6,0.4146341463414634,0.2682926829268293
Frangieh_Coculture_IL2STAT5,27,linear_ucb,Frangieh,0.8,0.2926829268292683,0.12195121951219512
Frangieh_Coculture_IL2STAT5,27,diversity,Frangieh,0.6,0.4878048780487805,0.21951219512195122
Frangieh_Coculture_IL2STAT5,27,diversity,Frangieh,0.8,0.2682926829268293,0.12195121951219512
Frangieh_Coculture_IL2STAT5,27,extra_trees,Frangieh,0.6,0.4634146341463415,0.3170731707317073
Frangieh_Coculture_IL2STAT5,27,extra_trees,Frangieh,0.8,0.2926829268292683,0.14634146341463414
Frangieh_Coculture_IL2STAT5,27,gated_random,Frangieh,0.6,0.34146341463414637,0.2682926829268293
Frangieh_Coculture_IL2STAT5,27,gated_random,Frangieh,0.8,0.1951219512195122,0.17073170731707318
Frangieh_Coculture_IL2STAT5,27,old_controller,Frangieh,0.6,0.4878048780487805,0.2682926829268293
Frangieh_Coculture_IL2STAT5,27,old_controller,Frangieh,0.8,0.24390243902439024,0.14634146341463414
Frangieh_Coculture_IL2STAT5,28,random,Frangieh,0.6,0.24390243902439024,0.36585365853658536
Frangieh_Coculture_IL2STAT5,28,random,Frangieh,0.8,0.14634146341463414,0.14634146341463414
Frangieh_Coculture_IL2STAT5,28,fixed_ridge,Frangieh,0.6,0.3170731707317073,0.4146341463414634
Frangieh_Coculture_IL2STAT5,28,fixed_ridge,Frangieh,0.8,0.24390243902439024,0.17073170731707318
Frangieh_Coculture_IL2STAT5,28,greedy_ridge,Frangieh,0.6,0.36585365853658536,0.3902439024390244
Frangieh_Coculture_IL2STAT5,28,greedy_ridge,Frangieh,0.8,0.17073170731707318,0.1951219512195122
Frangieh_Coculture_IL2STAT5,28,linear_ucb,Frangieh,0.6,0.3170731707317073,0.36585365853658536
Frangieh_Coculture_IL2STAT5,28,linear_ucb,Frangieh,0.8,0.17073170731707318,0.14634146341463414
Frangieh_Coculture_IL2STAT5,28,diversity,Frangieh,0.6,0.36585365853658536,0.3170731707317073
Frangieh_Coculture_IL2STAT5,28,diversity,Frangieh,0.8,0.1951219512195122,0.17073170731707318
Frangieh_Coculture_IL2STAT5,28,extra_trees,Frangieh,0.6,0.3170731707317073,0.43902439024390244
Frangieh_Coculture_IL2STAT5,28,extra_trees,Frangieh,0.8,0.12195121951219512,0.21951219512195122
Frangieh_Coculture_IL2STAT5,28,gated_random,Frangieh,0.6,0.2682926829268293,0.3170731707317073
Frangieh_Coculture_IL2STAT5,28,gated_random,Frangieh,0.8,0.17073170731707318,0.12195121951219512
Frangieh_Coculture_IL2STAT5,28,old_controller,Frangieh,0.6,0.36585365853658536,0.3170731707317073
Frangieh_Coculture_IL2STAT5,28,old_controller,Frangieh,0.8,0.1951219512195122,0.17073170731707318
Frangieh_Coculture_IL2STAT5,29,random,Frangieh,0.6,0.3170731707317073,0.36585365853658536
Frangieh_Coculture_IL2STAT5,29,random,Frangieh,0.8,0.14634146341463414,0.12195121951219512
Frangieh_Coculture_IL2STAT5,29,fixed_ridge,Frangieh,0.6,0.3902439024390244,0.3170731707317073
Frangieh_Coculture_IL2STAT5,29,fixed_ridge,Frangieh,0.8,0.2682926829268293,0.12195121951219512
Frangieh_Coculture_IL2STAT5,29,greedy_ridge,Frangieh,0.6,0.4146341463414634,0.3170731707317073
Frangieh_Coculture_IL2STAT5,29,greedy_ridge,Frangieh,0.8,0.17073170731707318,0.12195121951219512
Frangieh_Coculture_IL2STAT5,29,linear_ucb,Frangieh,0.6,0.34146341463414637,0.24390243902439024
Frangieh_Coculture_IL2STAT5,29,linear_ucb,Frangieh,0.8,0.12195121951219512,0.0975609756097561
Frangieh_Coculture_IL2STAT5,29,diversity,Frangieh,0.6,0.4634146341463415,0.2682926829268293
Frangieh_Coculture_IL2STAT5,29,diversity,Frangieh,0.8,0.21951219512195122,0.12195121951219512
Frangieh_Coculture_IL2STAT5,29,extra_trees,Frangieh,0.6,0.43902439024390244,0.36585365853658536
Frangieh_Coculture_IL2STAT5,29,extra_trees,Frangieh,0.8,0.21951219512195122,0.12195121951219512
Frangieh_Coculture_IL2STAT5,29,gated_random,Frangieh,0.6,0.34146341463414637,0.3170731707317073
Frangieh_Coculture_IL2STAT5,29,gated_random,Frangieh,0.8,0.14634146341463414,0.0975609756097561
Frangieh_Coculture_IL2STAT5,29,old_controller,Frangieh,0.6,0.3170731707317073,0.3170731707317073
Frangieh_Coculture_IL2STAT5,29,old_controller,Frangieh,0.8,0.14634146341463414,0.0975609756097561
Frangieh_Control_IFNG,0,random,Frangieh,0.6,0.5897435897435898,0.4358974358974359
Frangieh_Control_IFNG,0,random,Frangieh,0.8,0.46153846153846156,0.3076923076923077
Frangieh_Control_IFNG,0,fixed_ridge,Frangieh,0.6,0.5641025641025641,0.4358974358974359
Frangieh_Control_IFNG,0,fixed_ridge,Frangieh,0.8,0.4358974358974359,0.358974358974359
Frangieh_Control_IFNG,0,greedy_ridge,Frangieh,0.6,0.5641025641025641,0.46153846153846156
Frangieh_Control_IFNG,0,greedy_ridge,Frangieh,0.8,0.4358974358974359,0.3333333333333333
Frangieh_Control_IFNG,0,linear_ucb,Frangieh,0.6,0.48717948717948717,0.4358974358974359
Frangieh_Control_IFNG,0,linear_ucb,Frangieh,0.8,0.38461538461538464,0.3076923076923077
Frangieh_Control_IFNG,0,diversity,Frangieh,0.6,0.5128205128205128,0.38461538461538464
Frangieh_Control_IFNG,0,diversity,Frangieh,0.8,0.3333333333333333,0.20512820512820512
Frangieh_Control_IFNG,0,extra_trees,Frangieh,0.6,0.48717948717948717,0.358974358974359
Frangieh_Control_IFNG,0,extra_trees,Frangieh,0.8,0.358974358974359,0.1794871794871795
Frangieh_Control_IFNG,0,gated_random,Frangieh,0.6,0.5897435897435898,0.4358974358974359
Frangieh_Control_IFNG,0,gated_random,Frangieh,0.8,0.46153846153846156,0.3076923076923077
Frangieh_Control_IFNG,0,old_controller,Frangieh,0.6,0.5128205128205128,0.38461538461538464
Frangieh_Control_IFNG,0,old_controller,Frangieh,0.8,0.3333333333333333,0.20512820512820512
Frangieh_Control_IFNG,1,random,Frangieh,0.6,0.41025641025641024,0.4358974358974359
Frangieh_Control_IFNG,1,random,Frangieh,0.8,0.3076923076923077,0.28205128205128205
Frangieh_Control_IFNG,1,fixed_ridge,Frangieh,0.6,0.5384615384615384,0.3333333333333333
Frangieh_Control_IFNG,1,fixed_ridge,Frangieh,0.8,0.41025641025641024,0.1794871794871795
Frangieh_Control_IFNG,1,greedy_ridge,Frangieh,0.6,0.4358974358974359,0.41025641025641024
Frangieh_Control_IFNG,1,greedy_ridge,Frangieh,0.8,0.3333333333333333,0.2564102564102564
Frangieh_Control_IFNG,1,linear_ucb,Frangieh,0.6,0.4358974358974359,0.3333333333333333
Frangieh_Control_IFNG,1,linear_ucb,Frangieh,0.8,0.3076923076923077,0.1282051282051282
Frangieh_Control_IFNG,1,diversity,Frangieh,0.6,0.46153846153846156,0.3333333333333333
Frangieh_Control_IFNG,1,diversity,Frangieh,0.8,0.28205128205128205,0.15384615384615385
Frangieh_Control_IFNG,1,extra_trees,Frangieh,0.6,0.5128205128205128,0.4358974358974359
Frangieh_Control_IFNG,1,extra_trees,Frangieh,0.8,0.38461538461538464,0.3076923076923077
Frangieh_Control_IFNG,1,gated_random,Frangieh,0.6,0.48717948717948717,0.358974358974359
Frangieh_Control_IFNG,1,gated_random,Frangieh,0.8,0.4358974358974359,0.15384615384615385
Frangieh_Control_IFNG,1,old_controller,Frangieh,0.6,0.5384615384615384,0.358974358974359
Frangieh_Control_IFNG,1,old_controller,Frangieh,0.8,0.358974358974359,0.1794871794871795
Frangieh_Control_IFNG,2,random,Frangieh,0.6,0.5897435897435898,0.4358974358974359
Frangieh_Control_IFNG,2,random,Frangieh,0.8,0.5128205128205128,0.1794871794871795
Frangieh_Control_IFNG,2,fixed_ridge,Frangieh,0.6,0.4358974358974359,0.41025641025641024
Frangieh_Control_IFNG,2,fixed_ridge,Frangieh,0.8,0.38461538461538464,0.28205128205128205
Frangieh_Control_IFNG,2,greedy_ridge,Frangieh,0.6,0.41025641025641024,0.358974358974359
Frangieh_Control_IFNG,2,greedy_ridge,Frangieh,0.8,0.28205128205128205,0.1794871794871795
Frangieh_Control_IFNG,2,linear_ucb,Frangieh,0.6,0.46153846153846156,0.4358974358974359
Frangieh_Control_IFNG,2,linear_ucb,Frangieh,0.8,0.3076923076923077,0.2564102564102564
Frangieh_Control_IFNG,2,diversity,Frangieh,0.6,0.48717948717948717,0.358974358974359
Frangieh_Control_IFNG,2,diversity,Frangieh,0.8,0.358974358974359,0.1794871794871795
Frangieh_Control_IFNG,2,extra_trees,Frangieh,0.6,0.5641025641025641,0.48717948717948717
Frangieh_Control_IFNG,2,extra_trees,Frangieh,0.8,0.41025641025641024,0.2564102564102564
Frangieh_Control_IFNG,2,gated_random,Frangieh,0.6,0.5897435897435898,0.4358974358974359
Frangieh_Control_IFNG,2,gated_random,Frangieh,0.8,0.5128205128205128,0.1794871794871795
Frangieh_Control_IFNG,2,old_controller,Frangieh,0.6,0.48717948717948717,0.358974358974359
Frangieh_Control_IFNG,2,old_controller,Frangieh,0.8,0.358974358974359,0.1794871794871795
Frangieh_Control_IFNG,3,random,Frangieh,0.6,0.41025641025641024,0.41025641025641024
Frangieh_Control_IFNG,3,random,Frangieh,0.8,0.3076923076923077,0.2564102564102564
Frangieh_Control_IFNG,3,fixed_ridge,Frangieh,0.6,0.48717948717948717,0.28205128205128205
Frangieh_Control_IFNG,3,fixed_ridge,Frangieh,0.8,0.28205128205128205,0.1794871794871795
Frangieh_Control_IFNG,3,greedy_ridge,Frangieh,0.6,0.4358974358974359,0.3333333333333333
Frangieh_Control_IFNG,3,greedy_ridge,Frangieh,0.8,0.3076923076923077,0.23076923076923078
Frangieh_Control_IFNG,3,linear_ucb,Frangieh,0.6,0.48717948717948717,0.2564102564102564
Frangieh_Control_IFNG,3,linear_ucb,Frangieh,0.8,0.28205128205128205,0.1794871794871795
Frangieh_Control_IFNG,3,diversity,Frangieh,0.6,0.46153846153846156,0.2564102564102564
Frangieh_Control_IFNG,3,diversity,Frangieh,0.8,0.3076923076923077,0.1282051282051282
Frangieh_Control_IFNG,3,extra_trees,Frangieh,0.6,0.5641025641025641,0.358974358974359
Frangieh_Control_IFNG,3,extra_trees,Frangieh,0.8,0.46153846153846156,0.2564102564102564
Frangieh_Control_IFNG,3,gated_random,Frangieh,0.6,0.41025641025641024,0.41025641025641024
Frangieh_Control_IFNG,3,gated_random,Frangieh,0.8,0.3076923076923077,0.2564102564102564
Frangieh_Control_IFNG,3,old_controller,Frangieh,0.6,0.46153846153846156,0.2564102564102564
Frangieh_Control_IFNG,3,old_controller,Frangieh,0.8,0.3076923076923077,0.1282051282051282
Frangieh_Control_IFNG,4,random,Frangieh,0.6,0.3333333333333333,0.5128205128205128
Frangieh_Control_IFNG,4,random,Frangieh,0.8,0.2564102564102564,0.3076923076923077
Frangieh_Control_IFNG,4,fixed_ridge,Frangieh,0.6,0.48717948717948717,0.41025641025641024
Frangieh_Control_IFNG,4,fixed_ridge,Frangieh,0.8,0.38461538461538464,0.1794871794871795
Frangieh_Control_IFNG,4,greedy_ridge,Frangieh,0.6,0.48717948717948717,0.3333333333333333
Frangieh_Control_IFNG,4,greedy_ridge,Frangieh,0.8,0.358974358974359,0.1282051282051282
Frangieh_Control_IFNG,4,linear_ucb,Frangieh,0.6,0.48717948717948717,0.3333333333333333
Frangieh_Control_IFNG,4,linear_ucb,Frangieh,0.8,0.3333333333333333,0.15384615384615385
Frangieh_Control_IFNG,4,diversity,Frangieh,0.6,0.46153846153846156,0.358974358974359
Frangieh_Control_IFNG,4,diversity,Frangieh,0.8,0.3076923076923077,0.15384615384615385
Frangieh_Control_IFNG,4,extra_trees,Frangieh,0.6,0.48717948717948717,0.46153846153846156
Frangieh_Control_IFNG,4,extra_trees,Frangieh,0.8,0.41025641025641024,0.23076923076923078
Frangieh_Control_IFNG,4,gated_random,Frangieh,0.6,0.3333333333333333,0.5128205128205128
Frangieh_Control_IFNG,4,gated_random,Frangieh,0.8,0.2564102564102564,0.3076923076923077
Frangieh_Control_IFNG,4,old_controller,Frangieh,0.6,0.46153846153846156,0.358974358974359
Frangieh_Control_IFNG,4,old_controller,Frangieh,0.8,0.3076923076923077,0.15384615384615385
Frangieh_Control_IFNG,5,random,Frangieh,0.6,0.6153846153846154,0.46153846153846156
Frangieh_Control_IFNG,5,random,Frangieh,0.8,0.46153846153846156,0.358974358974359
Frangieh_Control_IFNG,5,fixed_ridge,Frangieh,0.6,0.48717948717948717,0.41025641025641024
Frangieh_Control_IFNG,5,fixed_ridge,Frangieh,0.8,0.3333333333333333,0.2564102564102564
Frangieh_Control_IFNG,5,greedy_ridge,Frangieh,0.6,0.5384615384615384,0.46153846153846156
Frangieh_Control_IFNG,5,greedy_ridge,Frangieh,0.8,0.3333333333333333,0.28205128205128205
Frangieh_Control_IFNG,5,linear_ucb,Frangieh,0.6,0.5384615384615384,0.4358974358974359
Frangieh_Control_IFNG,5,linear_ucb,Frangieh,0.8,0.3333333333333333,0.2564102564102564
Frangieh_Control_IFNG,5,diversity,Frangieh,0.6,0.46153846153846156,0.3333333333333333
Frangieh_Control_IFNG,5,diversity,Frangieh,0.8,0.3076923076923077,0.1794871794871795
Frangieh_Control_IFNG,5,extra_trees,Frangieh,0.6,0.48717948717948717,0.41025641025641024
Frangieh_Control_IFNG,5,extra_trees,Frangieh,0.8,0.3333333333333333,0.23076923076923078
Frangieh_Control_IFNG,5,gated_random,Frangieh,0.6,0.6153846153846154,0.46153846153846156
Frangieh_Control_IFNG,5,gated_random,Frangieh,0.8,0.46153846153846156,0.358974358974359
Frangieh_Control_IFNG,5,old_controller,Frangieh,0.6,0.46153846153846156,0.3333333333333333
Frangieh_Control_IFNG,5,old_controller,Frangieh,0.8,0.3076923076923077,0.1794871794871795
Frangieh_Control_IFNG,6,random,Frangieh,0.6,0.5128205128205128,0.38461538461538464
Frangieh_Control_IFNG,6,random,Frangieh,0.8,0.358974358974359,0.23076923076923078
Frangieh_Control_IFNG,6,fixed_ridge,Frangieh,0.6,0.5384615384615384,0.358974358974359
Frangieh_Control_IFNG,6,fixed_ridge,Frangieh,0.8,0.3333333333333333,0.23076923076923078
Frangieh_Control_IFNG,6,greedy_ridge,Frangieh,0.6,0.4358974358974359,0.358974358974359
Frangieh_Control_IFNG,6,greedy_ridge,Frangieh,0.8,0.2564102564102564,0.23076923076923078
Frangieh_Control_IFNG,6,linear_ucb,Frangieh,0.6,0.48717948717948717,0.38461538461538464
Frangieh_Control_IFNG,6,linear_ucb,Frangieh,0.8,0.3076923076923077,0.2564102564102564
Frangieh_Control_IFNG,6,diversity,Frangieh,0.6,0.48717948717948717,0.3333333333333333
Frangieh_Control_IFNG,6,diversity,Frangieh,0.8,0.2564102564102564,0.20512820512820512
Frangieh_Control_IFNG,6,extra_trees,Frangieh,0.6,0.5128205128205128,0.4358974358974359
Frangieh_Control_IFNG,6,extra_trees,Frangieh,0.8,0.3076923076923077,0.28205128205128205
Frangieh_Control_IFNG,6,gated_random,Frangieh,0.6,0.5128205128205128,0.38461538461538464
Frangieh_Control_IFNG,6,gated_random,Frangieh,0.8,0.358974358974359,0.23076923076923078
Frangieh_Control_IFNG,6,old_controller,Frangieh,0.6,0.48717948717948717,0.3333333333333333
Frangieh_Control_IFNG,6,old_controller,Frangieh,0.8,0.2564102564102564,0.20512820512820512
Frangieh_Control_IFNG,7,random,Frangieh,0.6,0.5384615384615384,0.5128205128205128
Frangieh_Control_IFNG,7,random,Frangieh,0.8,0.41025641025641024,0.38461538461538464
Frangieh_Control_IFNG,7,fixed_ridge,Frangieh,0.6,0.5128205128205128,0.38461538461538464
Frangieh_Control_IFNG,7,fixed_ridge,Frangieh,0.8,0.38461538461538464,0.2564102564102564
Frangieh_Control_IFNG,7,greedy_ridge,Frangieh,0.6,0.5128205128205128,0.38461538461538464
Frangieh_Control_IFNG,7,greedy_ridge,Frangieh,0.8,0.358974358974359,0.2564102564102564
Frangieh_Control_IFNG,7,linear_ucb,Frangieh,0.6,0.4358974358974359,0.38461538461538464
Frangieh_Control_IFNG,7,linear_ucb,Frangieh,0.8,0.3333333333333333,0.23076923076923078
Frangieh_Control_IFNG,7,diversity,Frangieh,0.6,0.46153846153846156,0.3076923076923077
Frangieh_Control_IFNG,7,diversity,Frangieh,0.8,0.3076923076923077,0.1794871794871795
Frangieh_Control_IFNG,7,extra_trees,Frangieh,0.6,0.46153846153846156,0.41025641025641024
Frangieh_Control_IFNG,7,extra_trees,Frangieh,0.8,0.38461538461538464,0.23076923076923078
Frangieh_Control_IFNG,7,gated_random,Frangieh,0.6,0.5128205128205128,0.48717948717948717
Frangieh_Control_IFNG,7,gated_random,Frangieh,0.8,0.3333333333333333,0.38461538461538464
Frangieh_Control_IFNG,7,old_controller,Frangieh,0.6,0.46153846153846156,0.41025641025641024
Frangieh_Control_IFNG,7,old_controller,Frangieh,0.8,0.3333333333333333,0.28205128205128205
Frangieh_Control_IFNG,8,random,Frangieh,0.6,0.5641025641025641,0.3333333333333333
Frangieh_Control_IFNG,8,random,Frangieh,0.8,0.41025641025641024,0.28205128205128205
Frangieh_Control_IFNG,8,fixed_ridge,Frangieh,0.6,0.46153846153846156,0.3076923076923077
Frangieh_Control_IFNG,8,fixed_ridge,Frangieh,0.8,0.38461538461538464,0.1794871794871795
Frangieh_Control_IFNG,8,greedy_ridge,Frangieh,0.6,0.48717948717948717,0.2564102564102564
Frangieh_Control_IFNG,8,greedy_ridge,Frangieh,0.8,0.38461538461538464,0.15384615384615385
Frangieh_Control_IFNG,8,linear_ucb,Frangieh,0.6,0.48717948717948717,0.28205128205128205
Frangieh_Control_IFNG,8,linear_ucb,Frangieh,0.8,0.358974358974359,0.10256410256410256
Frangieh_Control_IFNG,8,diversity,Frangieh,0.6,0.46153846153846156,0.23076923076923078
Frangieh_Control_IFNG,8,diversity,Frangieh,0.8,0.3076923076923077,0.1282051282051282
Frangieh_Control_IFNG,8,extra_trees,Frangieh,0.6,0.5128205128205128,0.28205128205128205
Frangieh_Control_IFNG,8,extra_trees,Frangieh,0.8,0.358974358974359,0.1282051282051282
Frangieh_Control_IFNG,8,gated_random,Frangieh,0.6,0.46153846153846156,0.358974358974359
Frangieh_Control_IFNG,8,gated_random,Frangieh,0.8,0.3333333333333333,0.23076923076923078
Frangieh_Control_IFNG,8,old_controller,Frangieh,0.6,0.5128205128205128,0.2564102564102564
Frangieh_Control_IFNG,8,old_controller,Frangieh,0.8,0.3333333333333333,0.15384615384615385
Frangieh_Control_IFNG,9,random,Frangieh,0.6,0.5384615384615384,0.38461538461538464
Frangieh_Control_IFNG,9,random,Frangieh,0.8,0.38461538461538464,0.2564102564102564
Frangieh_Control_IFNG,9,fixed_ridge,Frangieh,0.6,0.48717948717948717,0.48717948717948717
Frangieh_Control_IFNG,9,fixed_ridge,Frangieh,0.8,0.38461538461538464,0.2564102564102564
Frangieh_Control_IFNG,9,greedy_ridge,Frangieh,0.6,0.6153846153846154,0.4358974358974359
Frangieh_Control_IFNG,9,greedy_ridge,Frangieh,0.8,0.41025641025641024,0.2564102564102564
Frangieh_Control_IFNG,9,linear_ucb,Frangieh,0.6,0.5897435897435898,0.46153846153846156
Frangieh_Control_IFNG,9,linear_ucb,Frangieh,0.8,0.4358974358974359,0.28205128205128205
Frangieh_Control_IFNG,9,diversity,Frangieh,0.6,0.46153846153846156,0.3076923076923077
Frangieh_Control_IFNG,9,diversity,Frangieh,0.8,0.28205128205128205,0.1282051282051282
Frangieh_Control_IFNG,9,extra_trees,Frangieh,0.6,0.4358974358974359,0.5384615384615384
Frangieh_Control_IFNG,9,extra_trees,Frangieh,0.8,0.3333333333333333,0.2564102564102564
Frangieh_Control_IFNG,9,gated_random,Frangieh,0.6,0.5384615384615384,0.38461538461538464
Frangieh_Control_IFNG,9,gated_random,Frangieh,0.8,0.38461538461538464,0.2564102564102564
Frangieh_Control_IFNG,9,old_controller,Frangieh,0.6,0.46153846153846156,0.3076923076923077
Frangieh_Control_IFNG,9,old_controller,Frangieh,0.8,0.28205128205128205,0.1282051282051282
Frangieh_Control_IFNG,10,random,Frangieh,0.6,0.38461538461538464,0.48717948717948717
Frangieh_Control_IFNG,10,random,Frangieh,0.8,0.28205128205128205,0.2564102564102564
Frangieh_Control_IFNG,10,fixed_ridge,Frangieh,0.6,0.4358974358974359,0.4358974358974359
Frangieh_Control_IFNG,10,fixed_ridge,Frangieh,0.8,0.28205128205128205,0.3076923076923077
Frangieh_Control_IFNG,10,greedy_ridge,Frangieh,0.6,0.46153846153846156,0.5128205128205128
Frangieh_Control_IFNG,10,greedy_ridge,Frangieh,0.8,0.28205128205128205,0.358974358974359
Frangieh_Control_IFNG,10,linear_ucb,Frangieh,0.6,0.4358974358974359,0.46153846153846156
Frangieh_Control_IFNG,10,linear_ucb,Frangieh,0.8,0.23076923076923078,0.3333333333333333
Frangieh_Control_IFNG,10,diversity,Frangieh,0.6,0.4358974358974359,0.41025641025641024
Frangieh_Control_IFNG,10,diversity,Frangieh,0.8,0.23076923076923078,0.20512820512820512
Frangieh_Control_IFNG,10,extra_trees,Frangieh,0.6,0.5128205128205128,0.5897435897435898
Frangieh_Control_IFNG,10,extra_trees,Frangieh,0.8,0.3076923076923077,0.38461538461538464
Frangieh_Control_IFNG,10,gated_random,Frangieh,0.6,0.5384615384615384,0.48717948717948717
Frangieh_Control_IFNG,10,gated_random,Frangieh,0.8,0.3076923076923077,0.3333333333333333
Frangieh_Control_IFNG,10,old_controller,Frangieh,0.6,0.4358974358974359,0.41025641025641024
Frangieh_Control_IFNG,10,old_controller,Frangieh,0.8,0.23076923076923078,0.20512820512820512
Frangieh_Control_IFNG,11,random,Frangieh,0.6,0.46153846153846156,0.28205128205128205
Frangieh_Control_IFNG,11,random,Frangieh,0.8,0.3076923076923077,0.15384615384615385
Frangieh_Control_IFNG,11,fixed_ridge,Frangieh,0.6,0.48717948717948717,0.38461538461538464
Frangieh_Control_IFNG,11,fixed_ridge,Frangieh,0.8,0.3076923076923077,0.28205128205128205
Frangieh_Control_IFNG,11,greedy_ridge,Frangieh,0.6,0.46153846153846156,0.3333333333333333
Frangieh_Control_IFNG,11,greedy_ridge,Frangieh,0.8,0.3333333333333333,0.20512820512820512
Frangieh_Control_IFNG,11,linear_ucb,Frangieh,0.6,0.48717948717948717,0.3076923076923077
Frangieh_Control_IFNG,11,linear_ucb,Frangieh,0.8,0.3333333333333333,0.20512820512820512
Frangieh_Control_IFNG,11,diversity,Frangieh,0.6,0.48717948717948717,0.358974358974359
Frangieh_Control_IFNG,11,diversity,Frangieh,0.8,0.3333333333333333,0.23076923076923078
Frangieh_Control_IFNG,11,extra_trees,Frangieh,0.6,0.5897435897435898,0.28205128205128205
Frangieh_Control_IFNG,11,extra_trees,Frangieh,0.8,0.41025641025641024,0.1282051282051282
Frangieh_Control_IFNG,11,gated_random,Frangieh,0.6,0.46153846153846156,0.28205128205128205
Frangieh_Control_IFNG,11,gated_random,Frangieh,0.8,0.3076923076923077,0.15384615384615385
Frangieh_Control_IFNG,11,old_controller,Frangieh,0.6,0.48717948717948717,0.358974358974359
Frangieh_Control_IFNG,11,old_controller,Frangieh,0.8,0.3333333333333333,0.23076923076923078
Frangieh_Control_IFNG,12,random,Frangieh,0.6,0.4358974358974359,0.38461538461538464
Frangieh_Control_IFNG,12,random,Frangieh,0.8,0.3333333333333333,0.2564102564102564
Frangieh_Control_IFNG,12,fixed_ridge,Frangieh,0.6,0.358974358974359,0.358974358974359
Frangieh_Control_IFNG,12,fixed_ridge,Frangieh,0.8,0.23076923076923078,0.1282051282051282
Frangieh_Control_IFNG,12,greedy_ridge,Frangieh,0.6,0.48717948717948717,0.3076923076923077
Frangieh_Control_IFNG,12,greedy_ridge,Frangieh,0.8,0.358974358974359,0.15384615384615385
Frangieh_Control_IFNG,12,linear_ucb,Frangieh,0.6,0.4358974358974359,0.3333333333333333
Frangieh_Control_IFNG,12,linear_ucb,Frangieh,0.8,0.28205128205128205,0.15384615384615385
Frangieh_Control_IFNG,12,diversity,Frangieh,0.6,0.46153846153846156,0.358974358974359
Frangieh_Control_IFNG,12,diversity,Frangieh,0.8,0.28205128205128205,0.1794871794871795
Frangieh_Control_IFNG,12,extra_trees,Frangieh,0.6,0.5384615384615384,0.3333333333333333
Frangieh_Control_IFNG,12,extra_trees,Frangieh,0.8,0.41025641025641024,0.23076923076923078
Frangieh_Control_IFNG,12,gated_random,Frangieh,0.6,0.4358974358974359,0.38461538461538464
Frangieh_Control_IFNG,12,gated_random,Frangieh,0.8,0.3333333333333333,0.2564102564102564
Frangieh_Control_IFNG,12,old_controller,Frangieh,0.6,0.46153846153846156,0.358974358974359
Frangieh_Control_IFNG,12,old_controller,Frangieh,0.8,0.28205128205128205,0.1794871794871795
Frangieh_Control_IFNG,13,random,Frangieh,0.6,0.46153846153846156,0.4358974358974359
Frangieh_Control_IFNG,13,random,Frangieh,0.8,0.3333333333333333,0.3333333333333333
Frangieh_Control_IFNG,13,fixed_ridge,Frangieh,0.6,0.41025641025641024,0.4358974358974359
Frangieh_Control_IFNG,13,fixed_ridge,Frangieh,0.8,0.28205128205128205,0.2564102564102564
Frangieh_Control_IFNG,13,greedy_ridge,Frangieh,0.6,0.4358974358974359,0.38461538461538464
Frangieh_Control_IFNG,13,greedy_ridge,Frangieh,0.8,0.2564102564102564,0.2564102564102564
Frangieh_Control_IFNG,13,linear_ucb,Frangieh,0.6,0.46153846153846156,0.38461538461538464
Frangieh_Control_IFNG,13,linear_ucb,Frangieh,0.8,0.3076923076923077,0.23076923076923078
Frangieh_Control_IFNG,13,diversity,Frangieh,0.6,0.38461538461538464,0.3333333333333333
Frangieh_Control_IFNG,13,diversity,Frangieh,0.8,0.20512820512820512,0.1794871794871795
Frangieh_Control_IFNG,13,extra_trees,Frangieh,0.6,0.5128205128205128,0.4358974358974359
Frangieh_Control_IFNG,13,extra_trees,Frangieh,0.8,0.3076923076923077,0.3076923076923077
Frangieh_Control_IFNG,13,gated_random,Frangieh,0.6,0.46153846153846156,0.4358974358974359
Frangieh_Control_IFNG,13,gated_random,Frangieh,0.8,0.3333333333333333,0.3333333333333333
Frangieh_Control_IFNG,13,old_controller,Frangieh,0.6,0.38461538461538464,0.3333333333333333
Frangieh_Control_IFNG,13,old_controller,Frangieh,0.8,0.20512820512820512,0.1794871794871795
Frangieh_Control_IFNG,14,random,Frangieh,0.6,0.5641025641025641,0.4358974358974359
Frangieh_Control_IFNG,14,random,Frangieh,0.8,0.3333333333333333,0.23076923076923078
Frangieh_Control_IFNG,14,fixed_ridge,Frangieh,0.6,0.4358974358974359,0.358974358974359
Frangieh_Control_IFNG,14,fixed_ridge,Frangieh,0.8,0.28205128205128205,0.3076923076923077
Frangieh_Control_IFNG,14,greedy_ridge,Frangieh,0.6,0.48717948717948717,0.41025641025641024
Frangieh_Control_IFNG,14,greedy_ridge,Frangieh,0.8,0.41025641025641024,0.28205128205128205
Frangieh_Control_IFNG,14,linear_ucb,Frangieh,0.6,0.5128205128205128,0.38461538461538464
Frangieh_Control_IFNG,14,linear_ucb,Frangieh,0.8,0.3333333333333333,0.20512820512820512
Frangieh_Control_IFNG,14,diversity,Frangieh,0.6,0.4358974358974359,0.358974358974359
Frangieh_Control_IFNG,14,diversity,Frangieh,0.8,0.2564102564102564,0.23076923076923078
Frangieh_Control_IFNG,14,extra_trees,Frangieh,0.6,0.5641025641025641,0.41025641025641024
Frangieh_Control_IFNG,14,extra_trees,Frangieh,0.8,0.41025641025641024,0.3076923076923077
Frangieh_Control_IFNG,14,gated_random,Frangieh,0.6,0.5641025641025641,0.4358974358974359
Frangieh_Control_IFNG,14,gated_random,Frangieh,0.8,0.3333333333333333,0.23076923076923078
Frangieh_Control_IFNG,14,old_controller,Frangieh,0.6,0.4358974358974359,0.358974358974359
Frangieh_Control_IFNG,14,old_controller,Frangieh,0.8,0.2564102564102564,0.23076923076923078
Frangieh_Control_IFNG,15,random,Frangieh,0.6,0.5641025641025641,0.38461538461538464
Frangieh_Control_IFNG,15,random,Frangieh,0.8,0.38461538461538464,0.23076923076923078
Frangieh_Control_IFNG,15,fixed_ridge,Frangieh,0.6,0.46153846153846156,0.46153846153846156
Frangieh_Control_IFNG,15,fixed_ridge,Frangieh,0.8,0.3076923076923077,0.2564102564102564
Frangieh_Control_IFNG,15,greedy_ridge,Frangieh,0.6,0.41025641025641024,0.358974358974359
Frangieh_Control_IFNG,15,greedy_ridge,Frangieh,0.8,0.3333333333333333,0.15384615384615385
Frangieh_Control_IFNG,15,linear_ucb,Frangieh,0.6,0.46153846153846156,0.3333333333333333
Frangieh_Control_IFNG,15,linear_ucb,Frangieh,0.8,0.3333333333333333,0.23076923076923078
Frangieh_Control_IFNG,15,diversity,Frangieh,0.6,0.41025641025641024,0.3076923076923077
Frangieh_Control_IFNG,15,diversity,Frangieh,0.8,0.23076923076923078,0.15384615384615385
Frangieh_Control_IFNG,15,extra_trees,Frangieh,0.6,0.5897435897435898,0.38461538461538464
Frangieh_Control_IFNG,15,extra_trees,Frangieh,0.8,0.38461538461538464,0.2564102564102564
Frangieh_Control_IFNG,15,gated_random,Frangieh,0.6,0.5384615384615384,0.28205128205128205
Frangieh_Control_IFNG,15,gated_random,Frangieh,0.8,0.28205128205128205,0.20512820512820512
Frangieh_Control_IFNG,15,old_controller,Frangieh,0.6,0.41025641025641024,0.3076923076923077
Frangieh_Control_IFNG,15,old_controller,Frangieh,0.8,0.23076923076923078,0.15384615384615385
Frangieh_Control_IFNG,16,random,Frangieh,0.6,0.41025641025641024,0.38461538461538464
Frangieh_Control_IFNG,16,random,Frangieh,0.8,0.3076923076923077,0.20512820512820512
Frangieh_Control_IFNG,16,fixed_ridge,Frangieh,0.6,0.5128205128205128,0.4358974358974359
Frangieh_Control_IFNG,16,fixed_ridge,Frangieh,0.8,0.3333333333333333,0.3333333333333333
Frangieh_Control_IFNG,16,greedy_ridge,Frangieh,0.6,0.5128205128205128,0.358974358974359
Frangieh_Control_IFNG,16,greedy_ridge,Frangieh,0.8,0.3076923076923077,0.28205128205128205
Frangieh_Control_IFNG,16,linear_ucb,Frangieh,0.6,0.48717948717948717,0.358974358974359
Frangieh_Control_IFNG,16,linear_ucb,Frangieh,0.8,0.28205128205128205,0.3076923076923077
Frangieh_Control_IFNG,16,diversity,Frangieh,0.6,0.4358974358974359,0.41025641025641024
Frangieh_Control_IFNG,16,diversity,Frangieh,0.8,0.20512820512820512,0.2564102564102564
Frangieh_Control_IFNG,16,extra_trees,Frangieh,0.6,0.46153846153846156,0.38461538461538464
Frangieh_Control_IFNG,16,extra_trees,Frangieh,0.8,0.2564102564102564,0.2564102564102564
Frangieh_Control_IFNG,16,gated_random,Frangieh,0.6,0.48717948717948717,0.4358974358974359
Frangieh_Control_IFNG,16,gated_random,Frangieh,0.8,0.3076923076923077,0.3076923076923077
Frangieh_Control_IFNG,16,old_controller,Frangieh,0.6,0.4358974358974359,0.41025641025641024
Frangieh_Control_IFNG,16,old_controller,Frangieh,0.8,0.20512820512820512,0.2564102564102564
Frangieh_Control_IFNG,17,random,Frangieh,0.6,0.41025641025641024,0.46153846153846156
Frangieh_Control_IFNG,17,random,Frangieh,0.8,0.3076923076923077,0.28205128205128205
Frangieh_Control_IFNG,17,fixed_ridge,Frangieh,0.6,0.6923076923076923,0.41025641025641024
Frangieh_Control_IFNG,17,fixed_ridge,Frangieh,0.8,0.5384615384615384,0.2564102564102564
Frangieh_Control_IFNG,17,greedy_ridge,Frangieh,0.6,0.6410256410256411,0.3333333333333333
Frangieh_Control_IFNG,17,greedy_ridge,Frangieh,0.8,0.46153846153846156,0.20512820512820512
Frangieh_Control_IFNG,17,linear_ucb,Frangieh,0.6,0.6410256410256411,0.358974358974359
Frangieh_Control_IFNG,17,linear_ucb,Frangieh,0.8,0.4358974358974359,0.23076923076923078
Frangieh_Control_IFNG,17,diversity,Frangieh,0.6,0.5384615384615384,0.3333333333333333
Frangieh_Control_IFNG,17,diversity,Frangieh,0.8,0.3076923076923077,0.15384615384615385
Frangieh_Control_IFNG,17,extra_trees,Frangieh,0.6,0.6666666666666666,0.4358974358974359
Frangieh_Control_IFNG,17,extra_trees,Frangieh,0.8,0.4358974358974359,0.20512820512820512
Frangieh_Control_IFNG,17,gated_random,Frangieh,0.6,0.358974358974359,0.3333333333333333
Frangieh_Control_IFNG,17,gated_random,Frangieh,0.8,0.1794871794871795,0.23076923076923078
Frangieh_Control_IFNG,17,old_controller,Frangieh,0.6,0.5641025641025641,0.3076923076923077
Frangieh_Control_IFNG,17,old_controller,Frangieh,0.8,0.358974358974359,0.1282051282051282
Frangieh_Control_IFNG,18,random,Frangieh,0.6,0.46153846153846156,0.4358974358974359
Frangieh_Control_IFNG,18,random,Frangieh,0.8,0.3333333333333333,0.2564102564102564
Frangieh_Control_IFNG,18,fixed_ridge,Frangieh,0.6,0.41025641025641024,0.48717948717948717
Frangieh_Control_IFNG,18,fixed_ridge,Frangieh,0.8,0.23076923076923078,0.38461538461538464
Frangieh_Control_IFNG,18,greedy_ridge,Frangieh,0.6,0.4358974358974359,0.4358974358974359
Frangieh_Control_IFNG,18,greedy_ridge,Frangieh,0.8,0.28205128205128205,0.3076923076923077
Frangieh_Control_IFNG,18,linear_ucb,Frangieh,0.6,0.38461538461538464,0.46153846153846156
Frangieh_Control_IFNG,18,linear_ucb,Frangieh,0.8,0.2564102564102564,0.3333333333333333
Frangieh_Control_IFNG,18,diversity,Frangieh,0.6,0.48717948717948717,0.38461538461538464
Frangieh_Control_IFNG,18,diversity,Frangieh,0.8,0.28205128205128205,0.20512820512820512
Frangieh_Control_IFNG,18,extra_trees,Frangieh,0.6,0.5384615384615384,0.46153846153846156
Frangieh_Control_IFNG,18,extra_trees,Frangieh,0.8,0.3333333333333333,0.3333333333333333
Frangieh_Control_IFNG,18,gated_random,Frangieh,0.6,0.46153846153846156,0.4358974358974359
Frangieh_Control_IFNG,18,gated_random,Frangieh,0.8,0.3333333333333333,0.2564102564102564
Frangieh_Control_IFNG,18,old_controller,Frangieh,0.6,0.48717948717948717,0.38461538461538464
Frangieh_Control_IFNG,18,old_controller,Frangieh,0.8,0.28205128205128205,0.20512820512820512
Frangieh_Control_IFNG,19,random,Frangieh,0.6,0.5384615384615384,0.358974358974359
Frangieh_Control_IFNG,19,random,Frangieh,0.8,0.41025641025641024,0.20512820512820512
Frangieh_Control_IFNG,19,fixed_ridge,Frangieh,0.6,0.4358974358974359,0.38461538461538464
Frangieh_Control_IFNG,19,fixed_ridge,Frangieh,0.8,0.3333333333333333,0.3076923076923077
Frangieh_Control_IFNG,19,greedy_ridge,Frangieh,0.6,0.4358974358974359,0.23076923076923078
Frangieh_Control_IFNG,19,greedy_ridge,Frangieh,0.8,0.358974358974359,0.15384615384615385
Frangieh_Control_IFNG,19,linear_ucb,Frangieh,0.6,0.46153846153846156,0.28205128205128205
Frangieh_Control_IFNG,19,linear_ucb,Frangieh,0.8,0.3333333333333333,0.1794871794871795
Frangieh_Control_IFNG,19,diversity,Frangieh,0.6,0.4358974358974359,0.358974358974359
Frangieh_Control_IFNG,19,diversity,Frangieh,0.8,0.3076923076923077,0.1794871794871795
Frangieh_Control_IFNG,19,extra_trees,Frangieh,0.6,0.5641025641025641,0.3333333333333333
Frangieh_Control_IFNG,19,extra_trees,Frangieh,0.8,0.4358974358974359,0.2564102564102564
Frangieh_Control_IFNG,19,gated_random,Frangieh,0.6,0.5384615384615384,0.358974358974359
Frangieh_Control_IFNG,19,gated_random,Frangieh,0.8,0.41025641025641024,0.20512820512820512
Frangieh_Control_IFNG,19,old_controller,Frangieh,0.6,0.4358974358974359,0.358974358974359
Frangieh_Control_IFNG,19,old_controller,Frangieh,0.8,0.3076923076923077,0.1794871794871795
Frangieh_Control_IFNG,20,random,Frangieh,0.6,0.48717948717948717,0.41025641025641024
Frangieh_Control_IFNG,20,random,Frangieh,0.8,0.358974358974359,0.2564102564102564
Frangieh_Control_IFNG,20,fixed_ridge,Frangieh,0.6,0.41025641025641024,0.3333333333333333
Frangieh_Control_IFNG,20,fixed_ridge,Frangieh,0.8,0.2564102564102564,0.23076923076923078
Frangieh_Control_IFNG,20,greedy_ridge,Frangieh,0.6,0.4358974358974359,0.2564102564102564
Frangieh_Control_IFNG,20,greedy_ridge,Frangieh,0.8,0.3076923076923077,0.1794871794871795
Frangieh_Control_IFNG,20,linear_ucb,Frangieh,0.6,0.46153846153846156,0.3076923076923077
Frangieh_Control_IFNG,20,linear_ucb,Frangieh,0.8,0.3333333333333333,0.20512820512820512
Frangieh_Control_IFNG,20,diversity,Frangieh,0.6,0.48717948717948717,0.2564102564102564
Frangieh_Control_IFNG,20,diversity,Frangieh,0.8,0.3076923076923077,0.10256410256410256
Frangieh_Control_IFNG,20,extra_trees,Frangieh,0.6,0.4358974358974359,0.358974358974359
Frangieh_Control_IFNG,20,extra_trees,Frangieh,0.8,0.28205128205128205,0.1794871794871795
Frangieh_Control_IFNG,20,gated_random,Frangieh,0.6,0.5384615384615384,0.358974358974359
Frangieh_Control_IFNG,20,gated_random,Frangieh,0.8,0.3076923076923077,0.20512820512820512
Frangieh_Control_IFNG,20,old_controller,Frangieh,0.6,0.48717948717948717,0.2564102564102564
Frangieh_Control_IFNG,20,old_controller,Frangieh,0.8,0.3076923076923077,0.10256410256410256
Frangieh_Control_IFNG,21,random,Frangieh,0.6,0.5384615384615384,0.41025641025641024
Frangieh_Control_IFNG,21,random,Frangieh,0.8,0.3333333333333333,0.23076923076923078
Frangieh_Control_IFNG,21,fixed_ridge,Frangieh,0.6,0.5128205128205128,0.41025641025641024
Frangieh_Control_IFNG,21,fixed_ridge,Frangieh,0.8,0.358974358974359,0.20512820512820512
Frangieh_Control_IFNG,21,greedy_ridge,Frangieh,0.6,0.5128205128205128,0.4358974358974359
Frangieh_Control_IFNG,21,greedy_ridge,Frangieh,0.8,0.3076923076923077,0.2564102564102564
Frangieh_Control_IFNG,21,linear_ucb,Frangieh,0.6,0.48717948717948717,0.4358974358974359
Frangieh_Control_IFNG,21,linear_ucb,Frangieh,0.8,0.3333333333333333,0.23076923076923078
Frangieh_Control_IFNG,21,diversity,Frangieh,0.6,0.46153846153846156,0.3076923076923077
Frangieh_Control_IFNG,21,diversity,Frangieh,0.8,0.3076923076923077,0.1794871794871795
Frangieh_Control_IFNG,21,extra_trees,Frangieh,0.6,0.4358974358974359,0.4358974358974359
Frangieh_Control_IFNG,21,extra_trees,Frangieh,0.8,0.3333333333333333,0.28205128205128205
Frangieh_Control_IFNG,21,gated_random,Frangieh,0.6,0.4358974358974359,0.41025641025641024
Frangieh_Control_IFNG,21,gated_random,Frangieh,0.8,0.20512820512820512,0.28205128205128205
Frangieh_Control_IFNG,21,old_controller,Frangieh,0.6,0.5128205128205128,0.41025641025641024
Frangieh_Control_IFNG,21,old_controller,Frangieh,0.8,0.3076923076923077,0.23076923076923078
Frangieh_Control_IFNG,22,random,Frangieh,0.6,0.5384615384615384,0.41025641025641024
Frangieh_Control_IFNG,22,random,Frangieh,0.8,0.358974358974359,0.3076923076923077
Frangieh_Control_IFNG,22,fixed_ridge,Frangieh,0.6,0.5128205128205128,0.4358974358974359
Frangieh_Control_IFNG,22,fixed_ridge,Frangieh,0.8,0.4358974358974359,0.23076923076923078
Frangieh_Control_IFNG,22,greedy_ridge,Frangieh,0.6,0.5384615384615384,0.48717948717948717
Frangieh_Control_IFNG,22,greedy_ridge,Frangieh,0.8,0.46153846153846156,0.2564102564102564
Frangieh_Control_IFNG,22,linear_ucb,Frangieh,0.6,0.5128205128205128,0.46153846153846156
Frangieh_Control_IFNG,22,linear_ucb,Frangieh,0.8,0.41025641025641024,0.2564102564102564
Frangieh_Control_IFNG,22,diversity,Frangieh,0.6,0.48717948717948717,0.3076923076923077
Frangieh_Control_IFNG,22,diversity,Frangieh,0.8,0.358974358974359,0.10256410256410256
Frangieh_Control_IFNG,22,extra_trees,Frangieh,0.6,0.5897435897435898,0.5384615384615384
Frangieh_Control_IFNG,22,extra_trees,Frangieh,0.8,0.46153846153846156,0.358974358974359
Frangieh_Control_IFNG,22,gated_random,Frangieh,0.6,0.5384615384615384,0.41025641025641024
Frangieh_Control_IFNG,22,gated_random,Frangieh,0.8,0.358974358974359,0.3076923076923077
Frangieh_Control_IFNG,22,old_controller,Frangieh,0.6,0.48717948717948717,0.3076923076923077
Frangieh_Control_IFNG,22,old_controller,Frangieh,0.8,0.358974358974359,0.10256410256410256
Frangieh_Control_IFNG,23,random,Frangieh,0.6,0.41025641025641024,0.5384615384615384
Frangieh_Control_IFNG,23,random,Frangieh,0.8,0.38461538461538464,0.3333333333333333
Frangieh_Control_IFNG,23,fixed_ridge,Frangieh,0.6,0.38461538461538464,0.38461538461538464
Frangieh_Control_IFNG,23,fixed_ridge,Frangieh,0.8,0.3333333333333333,0.23076923076923078
Frangieh_Control_IFNG,23,greedy_ridge,Frangieh,0.6,0.4358974358974359,0.41025641025641024
Frangieh_Control_IFNG,23,greedy_ridge,Frangieh,0.8,0.38461538461538464,0.23076923076923078
Frangieh_Control_IFNG,23,linear_ucb,Frangieh,0.6,0.4358974358974359,0.358974358974359
Frangieh_Control_IFNG,23,linear_ucb,Frangieh,0.8,0.38461538461538464,0.1794871794871795
Frangieh_Control_IFNG,23,diversity,Frangieh,0.6,0.46153846153846156,0.2564102564102564
Frangieh_Control_IFNG,23,diversity,Frangieh,0.8,0.358974358974359,0.07692307692307693
Frangieh_Control_IFNG,23,extra_trees,Frangieh,0.6,0.4358974358974359,0.46153846153846156
Frangieh_Control_IFNG,23,extra_trees,Frangieh,0.8,0.3333333333333333,0.3076923076923077
Frangieh_Control_IFNG,23,gated_random,Frangieh,0.6,0.41025641025641024,0.5384615384615384
Frangieh_Control_IFNG,23,gated_random,Frangieh,0.8,0.38461538461538464,0.3333333333333333
Frangieh_Control_IFNG,23,old_controller,Frangieh,0.6,0.46153846153846156,0.2564102564102564
Frangieh_Control_IFNG,23,old_controller,Frangieh,0.8,0.358974358974359,0.07692307692307693
Frangieh_Control_IFNG,24,random,Frangieh,0.6,0.5128205128205128,0.358974358974359
Frangieh_Control_IFNG,24,random,Frangieh,0.8,0.4358974358974359,0.28205128205128205
Frangieh_Control_IFNG,24,fixed_ridge,Frangieh,0.6,0.5384615384615384,0.48717948717948717
Frangieh_Control_IFNG,24,fixed_ridge,Frangieh,0.8,0.41025641025641024,0.358974358974359
Frangieh_Control_IFNG,24,greedy_ridge,Frangieh,0.6,0.5128205128205128,0.48717948717948717
Frangieh_Control_IFNG,24,greedy_ridge,Frangieh,0.8,0.38461538461538464,0.358974358974359
Frangieh_Control_IFNG,24,linear_ucb,Frangieh,0.6,0.5384615384615384,0.4358974358974359
Frangieh_Control_IFNG,24,linear_ucb,Frangieh,0.8,0.38461538461538464,0.3076923076923077
Frangieh_Control_IFNG,24,diversity,Frangieh,0.6,0.5128205128205128,0.3333333333333333
Frangieh_Control_IFNG,24,diversity,Frangieh,0.8,0.358974358974359,0.2564102564102564
Frangieh_Control_IFNG,24,extra_trees,Frangieh,0.6,0.41025641025641024,0.4358974358974359
Frangieh_Control_IFNG,24,extra_trees,Frangieh,0.8,0.28205128205128205,0.358974358974359
Frangieh_Control_IFNG,24,gated_random,Frangieh,0.6,0.46153846153846156,0.4358974358974359
Frangieh_Control_IFNG,24,gated_random,Frangieh,0.8,0.358974358974359,0.3333333333333333
Frangieh_Control_IFNG,24,old_controller,Frangieh,0.6,0.5128205128205128,0.3333333333333333
Frangieh_Control_IFNG,24,old_controller,Frangieh,0.8,0.358974358974359,0.2564102564102564
Frangieh_Control_IFNG,25,random,Frangieh,0.6,0.41025641025641024,0.41025641025641024
Frangieh_Control_IFNG,25,random,Frangieh,0.8,0.2564102564102564,0.2564102564102564
Frangieh_Control_IFNG,25,fixed_ridge,Frangieh,0.6,0.5384615384615384,0.4358974358974359
Frangieh_Control_IFNG,25,fixed_ridge,Frangieh,0.8,0.28205128205128205,0.28205128205128205
Frangieh_Control_IFNG,25,greedy_ridge,Frangieh,0.6,0.6153846153846154,0.4358974358974359
Frangieh_Control_IFNG,25,greedy_ridge,Frangieh,0.8,0.4358974358974359,0.2564102564102564
Frangieh_Control_IFNG,25,linear_ucb,Frangieh,0.6,0.46153846153846156,0.38461538461538464
Frangieh_Control_IFNG,25,linear_ucb,Frangieh,0.8,0.2564102564102564,0.20512820512820512
Frangieh_Control_IFNG,25,diversity,Frangieh,0.6,0.5641025641025641,0.38461538461538464
Frangieh_Control_IFNG,25,diversity,Frangieh,0.8,0.3076923076923077,0.20512820512820512
Frangieh_Control_IFNG,25,extra_trees,Frangieh,0.6,0.6410256410256411,0.48717948717948717
Frangieh_Control_IFNG,25,extra_trees,Frangieh,0.8,0.41025641025641024,0.2564102564102564
Frangieh_Control_IFNG,25,gated_random,Frangieh,0.6,0.41025641025641024,0.41025641025641024
Frangieh_Control_IFNG,25,gated_random,Frangieh,0.8,0.2564102564102564,0.2564102564102564
Frangieh_Control_IFNG,25,old_controller,Frangieh,0.6,0.5641025641025641,0.38461538461538464
Frangieh_Control_IFNG,25,old_controller,Frangieh,0.8,0.3076923076923077,0.20512820512820512
Frangieh_Control_IFNG,26,random,Frangieh,0.6,0.5641025641025641,0.4358974358974359
Frangieh_Control_IFNG,26,random,Frangieh,0.8,0.4358974358974359,0.28205128205128205
Frangieh_Control_IFNG,26,fixed_ridge,Frangieh,0.6,0.48717948717948717,0.46153846153846156
Frangieh_Control_IFNG,26,fixed_ridge,Frangieh,0.8,0.358974358974359,0.28205128205128205
Frangieh_Control_IFNG,26,greedy_ridge,Frangieh,0.6,0.5128205128205128,0.41025641025641024
Frangieh_Control_IFNG,26,greedy_ridge,Frangieh,0.8,0.4358974358974359,0.23076923076923078
Frangieh_Control_IFNG,26,linear_ucb,Frangieh,0.6,0.5384615384615384,0.38461538461538464
Frangieh_Control_IFNG,26,linear_ucb,Frangieh,0.8,0.41025641025641024,0.20512820512820512
Frangieh_Control_IFNG,26,diversity,Frangieh,0.6,0.48717948717948717,0.358974358974359
Frangieh_Control_IFNG,26,diversity,Frangieh,0.8,0.3076923076923077,0.1794871794871795
Frangieh_Control_IFNG,26,extra_trees,Frangieh,0.6,0.5128205128205128,0.4358974358974359
Frangieh_Control_IFNG,26,extra_trees,Frangieh,0.8,0.3076923076923077,0.28205128205128205
Frangieh_Control_IFNG,26,gated_random,Frangieh,0.6,0.5641025641025641,0.4358974358974359
Frangieh_Control_IFNG,26,gated_random,Frangieh,0.8,0.4358974358974359,0.28205128205128205
Frangieh_Control_IFNG,26,old_controller,Frangieh,0.6,0.48717948717948717,0.358974358974359
Frangieh_Control_IFNG,26,old_controller,Frangieh,0.8,0.3076923076923077,0.1794871794871795
Frangieh_Control_IFNG,27,random,Frangieh,0.6,0.5641025641025641,0.5384615384615384
Frangieh_Control_IFNG,27,random,Frangieh,0.8,0.41025641025641024,0.358974358974359
Frangieh_Control_IFNG,27,fixed_ridge,Frangieh,0.6,0.5384615384615384,0.358974358974359
Frangieh_Control_IFNG,27,fixed_ridge,Frangieh,0.8,0.358974358974359,0.2564102564102564
Frangieh_Control_IFNG,27,greedy_ridge,Frangieh,0.6,0.5384615384615384,0.38461538461538464
Frangieh_Control_IFNG,27,greedy_ridge,Frangieh,0.8,0.41025641025641024,0.23076923076923078
Frangieh_Control_IFNG,27,linear_ucb,Frangieh,0.6,0.48717948717948717,0.41025641025641024
Frangieh_Control_IFNG,27,linear_ucb,Frangieh,0.8,0.358974358974359,0.23076923076923078
Frangieh_Control_IFNG,27,diversity,Frangieh,0.6,0.5128205128205128,0.358974358974359
Frangieh_Control_IFNG,27,diversity,Frangieh,0.8,0.358974358974359,0.20512820512820512
Frangieh_Control_IFNG,27,extra_trees,Frangieh,0.6,0.5384615384615384,0.46153846153846156
Frangieh_Control_IFNG,27,extra_trees,Frangieh,0.8,0.38461538461538464,0.28205128205128205
Frangieh_Control_IFNG,27,gated_random,Frangieh,0.6,0.5641025641025641,0.5384615384615384
Frangieh_Control_IFNG,27,gated_random,Frangieh,0.8,0.41025641025641024,0.358974358974359
Frangieh_Control_IFNG,27,old_controller,Frangieh,0.6,0.5128205128205128,0.358974358974359
Frangieh_Control_IFNG,27,old_controller,Frangieh,0.8,0.358974358974359,0.20512820512820512
Frangieh_Control_IFNG,28,random,Frangieh,0.6,0.5641025641025641,0.46153846153846156
Frangieh_Control_IFNG,28,random,Frangieh,0.8,0.3333333333333333,0.3333333333333333
Frangieh_Control_IFNG,28,fixed_ridge,Frangieh,0.6,0.5384615384615384,0.38461538461538464
Frangieh_Control_IFNG,28,fixed_ridge,Frangieh,0.8,0.41025641025641024,0.28205128205128205
Frangieh_Control_IFNG,28,greedy_ridge,Frangieh,0.6,0.4358974358974359,0.3333333333333333
Frangieh_Control_IFNG,28,greedy_ridge,Frangieh,0.8,0.3076923076923077,0.20512820512820512
Frangieh_Control_IFNG,28,linear_ucb,Frangieh,0.6,0.48717948717948717,0.38461538461538464
Frangieh_Control_IFNG,28,linear_ucb,Frangieh,0.8,0.28205128205128205,0.28205128205128205
Frangieh_Control_IFNG,28,diversity,Frangieh,0.6,0.5897435897435898,0.38461538461538464
Frangieh_Control_IFNG,28,diversity,Frangieh,0.8,0.358974358974359,0.2564102564102564
Frangieh_Control_IFNG,28,extra_trees,Frangieh,0.6,0.5128205128205128,0.46153846153846156
Frangieh_Control_IFNG,28,extra_trees,Frangieh,0.8,0.3076923076923077,0.3076923076923077
Frangieh_Control_IFNG,28,gated_random,Frangieh,0.6,0.5128205128205128,0.5128205128205128
Frangieh_Control_IFNG,28,gated_random,Frangieh,0.8,0.358974358974359,0.3076923076923077
Frangieh_Control_IFNG,28,old_controller,Frangieh,0.6,0.48717948717948717,0.3333333333333333
Frangieh_Control_IFNG,28,old_controller,Frangieh,0.8,0.3076923076923077,0.20512820512820512
Frangieh_Control_IFNG,29,random,Frangieh,0.6,0.5897435897435898,0.3333333333333333
Frangieh_Control_IFNG,29,random,Frangieh,0.8,0.41025641025641024,0.20512820512820512
Frangieh_Control_IFNG,29,fixed_ridge,Frangieh,0.6,0.41025641025641024,0.41025641025641024
Frangieh_Control_IFNG,29,fixed_ridge,Frangieh,0.8,0.23076923076923078,0.28205128205128205
Frangieh_Control_IFNG,29,greedy_ridge,Frangieh,0.6,0.4358974358974359,0.3076923076923077
Frangieh_Control_IFNG,29,greedy_ridge,Frangieh,0.8,0.23076923076923078,0.20512820512820512
Frangieh_Control_IFNG,29,linear_ucb,Frangieh,0.6,0.46153846153846156,0.28205128205128205
Frangieh_Control_IFNG,29,linear_ucb,Frangieh,0.8,0.2564102564102564,0.20512820512820512
Frangieh_Control_IFNG,29,diversity,Frangieh,0.6,0.5641025641025641,0.3333333333333333
Frangieh_Control_IFNG,29,diversity,Frangieh,0.8,0.3333333333333333,0.1794871794871795
Frangieh_Control_IFNG,29,extra_trees,Frangieh,0.6,0.5641025641025641,0.358974358974359
Frangieh_Control_IFNG,29,extra_trees,Frangieh,0.8,0.358974358974359,0.2564102564102564
Frangieh_Control_IFNG,29,gated_random,Frangieh,0.6,0.358974358974359,0.38461538461538464
Frangieh_Control_IFNG,29,gated_random,Frangieh,0.8,0.1794871794871795,0.23076923076923078
Frangieh_Control_IFNG,29,old_controller,Frangieh,0.6,0.5384615384615384,0.3076923076923077
Frangieh_Control_IFNG,29,old_controller,Frangieh,0.8,0.2564102564102564,0.20512820512820512
Frangieh_Control_TNFA,0,random,Frangieh,0.6,0.5641025641025641,0.28205128205128205
Frangieh_Control_TNFA,0,random,Frangieh,0.8,0.38461538461538464,0.23076923076923078
Frangieh_Control_TNFA,0,fixed_ridge,Frangieh,0.6,0.48717948717948717,0.3076923076923077
Frangieh_Control_TNFA,0,fixed_ridge,Frangieh,0.8,0.3076923076923077,0.1794871794871795
Frangieh_Control_TNFA,0,greedy_ridge,Frangieh,0.6,0.5128205128205128,0.3076923076923077
Frangieh_Control_TNFA,0,greedy_ridge,Frangieh,0.8,0.28205128205128205,0.20512820512820512
Frangieh_Control_TNFA,0,linear_ucb,Frangieh,0.6,0.48717948717948717,0.20512820512820512
Frangieh_Control_TNFA,0,linear_ucb,Frangieh,0.8,0.2564102564102564,0.15384615384615385
Frangieh_Control_TNFA,0,diversity,Frangieh,0.6,0.38461538461538464,0.20512820512820512
Frangieh_Control_TNFA,0,diversity,Frangieh,0.8,0.20512820512820512,0.15384615384615385
Frangieh_Control_TNFA,0,extra_trees,Frangieh,0.6,0.38461538461538464,0.3076923076923077
Frangieh_Control_TNFA,0,extra_trees,Frangieh,0.8,0.20512820512820512,0.23076923076923078
Frangieh_Control_TNFA,0,gated_random,Frangieh,0.6,0.5641025641025641,0.28205128205128205
Frangieh_Control_TNFA,0,gated_random,Frangieh,0.8,0.38461538461538464,0.23076923076923078
Frangieh_Control_TNFA,0,old_controller,Frangieh,0.6,0.38461538461538464,0.2564102564102564
Frangieh_Control_TNFA,0,old_controller,Frangieh,0.8,0.23076923076923078,0.15384615384615385
Frangieh_Control_TNFA,1,random,Frangieh,0.6,0.5384615384615384,0.358974358974359
Frangieh_Control_TNFA,1,random,Frangieh,0.8,0.41025641025641024,0.2564102564102564
Frangieh_Control_TNFA,1,fixed_ridge,Frangieh,0.6,0.48717948717948717,0.2564102564102564
Frangieh_Control_TNFA,1,fixed_ridge,Frangieh,0.8,0.358974358974359,0.15384615384615385
Frangieh_Control_TNFA,1,greedy_ridge,Frangieh,0.6,0.48717948717948717,0.20512820512820512
Frangieh_Control_TNFA,1,greedy_ridge,Frangieh,0.8,0.358974358974359,0.10256410256410256
Frangieh_Control_TNFA,1,linear_ucb,Frangieh,0.6,0.5384615384615384,0.23076923076923078
Frangieh_Control_TNFA,1,linear_ucb,Frangieh,0.8,0.358974358974359,0.10256410256410256
Frangieh_Control_TNFA,1,diversity,Frangieh,0.6,0.38461538461538464,0.20512820512820512
Frangieh_Control_TNFA,1,diversity,Frangieh,0.8,0.3076923076923077,0.1282051282051282
Frangieh_Control_TNFA,1,extra_trees,Frangieh,0.6,0.48717948717948717,0.3333333333333333
Frangieh_Control_TNFA,1,extra_trees,Frangieh,0.8,0.41025641025641024,0.23076923076923078
Frangieh_Control_TNFA,1,gated_random,Frangieh,0.6,0.5384615384615384,0.358974358974359
Frangieh_Control_TNFA,1,gated_random,Frangieh,0.8,0.41025641025641024,0.2564102564102564
Frangieh_Control_TNFA,1,old_controller,Frangieh,0.6,0.38461538461538464,0.20512820512820512
Frangieh_Control_TNFA,1,old_controller,Frangieh,0.8,0.3076923076923077,0.1282051282051282
Frangieh_Control_TNFA,2,random,Frangieh,0.6,0.5128205128205128,0.2564102564102564
Frangieh_Control_TNFA,2,random,Frangieh,0.8,0.48717948717948717,0.15384615384615385
Frangieh_Control_TNFA,2,fixed_ridge,Frangieh,0.6,0.41025641025641024,0.3333333333333333
Frangieh_Control_TNFA,2,fixed_ridge,Frangieh,0.8,0.23076923076923078,0.20512820512820512
Frangieh_Control_TNFA,2,greedy_ridge,Frangieh,0.6,0.41025641025641024,0.3333333333333333
Frangieh_Control_TNFA,2,greedy_ridge,Frangieh,0.8,0.2564102564102564,0.23076923076923078
Frangieh_Control_TNFA,2,linear_ucb,Frangieh,0.6,0.3333333333333333,0.2564102564102564
Frangieh_Control_TNFA,2,linear_ucb,Frangieh,0.8,0.23076923076923078,0.20512820512820512
Frangieh_Control_TNFA,2,diversity,Frangieh,0.6,0.358974358974359,0.23076923076923078
Frangieh_Control_TNFA,2,diversity,Frangieh,0.8,0.23076923076923078,0.15384615384615385
Frangieh_Control_TNFA,2,extra_trees,Frangieh,0.6,0.3333333333333333,0.28205128205128205
Frangieh_Control_TNFA,2,extra_trees,Frangieh,0.8,0.20512820512820512,0.1794871794871795
Frangieh_Control_TNFA,2,gated_random,Frangieh,0.6,0.5128205128205128,0.2564102564102564
Frangieh_Control_TNFA,2,gated_random,Frangieh,0.8,0.48717948717948717,0.15384615384615385
Frangieh_Control_TNFA,2,old_controller,Frangieh,0.6,0.358974358974359,0.23076923076923078
Frangieh_Control_TNFA,2,old_controller,Frangieh,0.8,0.23076923076923078,0.15384615384615385
Frangieh_Control_TNFA,3,random,Frangieh,0.6,0.38461538461538464,0.358974358974359
Frangieh_Control_TNFA,3,random,Frangieh,0.8,0.28205128205128205,0.15384615384615385
Frangieh_Control_TNFA,3,fixed_ridge,Frangieh,0.6,0.4358974358974359,0.3076923076923077
Frangieh_Control_TNFA,3,fixed_ridge,Frangieh,0.8,0.28205128205128205,0.1282051282051282
Frangieh_Control_TNFA,3,greedy_ridge,Frangieh,0.6,0.46153846153846156,0.3076923076923077
Frangieh_Control_TNFA,3,greedy_ridge,Frangieh,0.8,0.38461538461538464,0.20512820512820512
Frangieh_Control_TNFA,3,linear_ucb,Frangieh,0.6,0.48717948717948717,0.28205128205128205
Frangieh_Control_TNFA,3,linear_ucb,Frangieh,0.8,0.41025641025641024,0.15384615384615385
Frangieh_Control_TNFA,3,diversity,Frangieh,0.6,0.3333333333333333,0.23076923076923078
Frangieh_Control_TNFA,3,diversity,Frangieh,0.8,0.2564102564102564,0.1794871794871795
Frangieh_Control_TNFA,3,extra_trees,Frangieh,0.6,0.4358974358974359,0.4358974358974359
Frangieh_Control_TNFA,3,extra_trees,Frangieh,0.8,0.38461538461538464,0.2564102564102564
Frangieh_Control_TNFA,3,gated_random,Frangieh,0.6,0.38461538461538464,0.358974358974359
Frangieh_Control_TNFA,3,gated_random,Frangieh,0.8,0.28205128205128205,0.15384615384615385
Frangieh_Control_TNFA,3,old_controller,Frangieh,0.6,0.3333333333333333,0.23076923076923078
Frangieh_Control_TNFA,3,old_controller,Frangieh,0.8,0.2564102564102564,0.1794871794871795
Frangieh_Control_TNFA,4,random,Frangieh,0.6,0.358974358974359,0.38461538461538464
Frangieh_Control_TNFA,4,random,Frangieh,0.8,0.23076923076923078,0.1794871794871795
Frangieh_Control_TNFA,4,fixed_ridge,Frangieh,0.6,0.3333333333333333,0.2564102564102564
Frangieh_Control_TNFA,4,fixed_ridge,Frangieh,0.8,0.2564102564102564,0.20512820512820512
Frangieh_Control_TNFA,4,greedy_ridge,Frangieh,0.6,0.3333333333333333,0.3333333333333333
Frangieh_Control_TNFA,4,greedy_ridge,Frangieh,0.8,0.20512820512820512,0.20512820512820512
Frangieh_Control_TNFA,4,linear_ucb,Frangieh,0.6,0.3076923076923077,0.3076923076923077
Frangieh_Control_TNFA,4,linear_ucb,Frangieh,0.8,0.1794871794871795,0.23076923076923078
Frangieh_Control_TNFA,4,diversity,Frangieh,0.6,0.3333333333333333,0.20512820512820512
Frangieh_Control_TNFA,4,diversity,Frangieh,0.8,0.23076923076923078,0.1282051282051282
Frangieh_Control_TNFA,4,extra_trees,Frangieh,0.6,0.358974358974359,0.2564102564102564
Frangieh_Control_TNFA,4,extra_trees,Frangieh,0.8,0.23076923076923078,0.1794871794871795
Frangieh_Control_TNFA,4,gated_random,Frangieh,0.6,0.358974358974359,0.38461538461538464
Frangieh_Control_TNFA,4,gated_random,Frangieh,0.8,0.23076923076923078,0.1794871794871795
Frangieh_Control_TNFA,4,old_controller,Frangieh,0.6,0.3333333333333333,0.20512820512820512
Frangieh_Control_TNFA,4,old_controller,Frangieh,0.8,0.23076923076923078,0.1282051282051282
Frangieh_Control_TNFA,5,random,Frangieh,0.6,0.5641025641025641,0.358974358974359
Frangieh_Control_TNFA,5,random,Frangieh,0.8,0.3076923076923077,0.1794871794871795
Frangieh_Control_TNFA,5,fixed_ridge,Frangieh,0.6,0.4358974358974359,0.3076923076923077
Frangieh_Control_TNFA,5,fixed_ridge,Frangieh,0.8,0.23076923076923078,0.20512820512820512
Frangieh_Control_TNFA,5,greedy_ridge,Frangieh,0.6,0.4358974358974359,0.3333333333333333
Frangieh_Control_TNFA,5,greedy_ridge,Frangieh,0.8,0.3076923076923077,0.23076923076923078
Frangieh_Control_TNFA,5,linear_ucb,Frangieh,0.6,0.46153846153846156,0.2564102564102564
Frangieh_Control_TNFA,5,linear_ucb,Frangieh,0.8,0.28205128205128205,0.1794871794871795
Frangieh_Control_TNFA,5,diversity,Frangieh,0.6,0.28205128205128205,0.20512820512820512
Frangieh_Control_TNFA,5,diversity,Frangieh,0.8,0.15384615384615385,0.15384615384615385
Frangieh_Control_TNFA,5,extra_trees,Frangieh,0.6,0.358974358974359,0.3076923076923077
Frangieh_Control_TNFA,5,extra_trees,Frangieh,0.8,0.20512820512820512,0.1794871794871795
Frangieh_Control_TNFA,5,gated_random,Frangieh,0.6,0.5641025641025641,0.358974358974359
Frangieh_Control_TNFA,5,gated_random,Frangieh,0.8,0.3076923076923077,0.1794871794871795
Frangieh_Control_TNFA,5,old_controller,Frangieh,0.6,0.28205128205128205,0.20512820512820512
Frangieh_Control_TNFA,5,old_controller,Frangieh,0.8,0.15384615384615385,0.15384615384615385
Frangieh_Control_TNFA,6,random,Frangieh,0.6,0.5128205128205128,0.20512820512820512
Frangieh_Control_TNFA,6,random,Frangieh,0.8,0.358974358974359,0.10256410256410256
Frangieh_Control_TNFA,6,fixed_ridge,Frangieh,0.6,0.5128205128205128,0.1794871794871795
Frangieh_Control_TNFA,6,fixed_ridge,Frangieh,0.8,0.28205128205128205,0.07692307692307693
Frangieh_Control_TNFA,6,greedy_ridge,Frangieh,0.6,0.46153846153846156,0.1282051282051282
Frangieh_Control_TNFA,6,greedy_ridge,Frangieh,0.8,0.28205128205128205,0.05128205128205128
Frangieh_Control_TNFA,6,linear_ucb,Frangieh,0.6,0.5384615384615384,0.23076923076923078
Frangieh_Control_TNFA,6,linear_ucb,Frangieh,0.8,0.3076923076923077,0.1282051282051282
Frangieh_Control_TNFA,6,diversity,Frangieh,0.6,0.41025641025641024,0.23076923076923078
Frangieh_Control_TNFA,6,diversity,Frangieh,0.8,0.23076923076923078,0.1794871794871795
Frangieh_Control_TNFA,6,extra_trees,Frangieh,0.6,0.5384615384615384,0.3076923076923077
Frangieh_Control_TNFA,6,extra_trees,Frangieh,0.8,0.358974358974359,0.20512820512820512
Frangieh_Control_TNFA,6,gated_random,Frangieh,0.6,0.5128205128205128,0.20512820512820512
Frangieh_Control_TNFA,6,gated_random,Frangieh,0.8,0.358974358974359,0.10256410256410256
Frangieh_Control_TNFA,6,old_controller,Frangieh,0.6,0.41025641025641024,0.23076923076923078
Frangieh_Control_TNFA,6,old_controller,Frangieh,0.8,0.23076923076923078,0.1794871794871795
Frangieh_Control_TNFA,7,random,Frangieh,0.6,0.48717948717948717,0.38461538461538464
Frangieh_Control_TNFA,7,random,Frangieh,0.8,0.3076923076923077,0.28205128205128205
Frangieh_Control_TNFA,7,fixed_ridge,Frangieh,0.6,0.41025641025641024,0.358974358974359
Frangieh_Control_TNFA,7,fixed_ridge,Frangieh,0.8,0.3333333333333333,0.2564102564102564
Frangieh_Control_TNFA,7,greedy_ridge,Frangieh,0.6,0.358974358974359,0.3333333333333333
Frangieh_Control_TNFA,7,greedy_ridge,Frangieh,0.8,0.3333333333333333,0.28205128205128205
Frangieh_Control_TNFA,7,linear_ucb,Frangieh,0.6,0.3333333333333333,0.3076923076923077
Frangieh_Control_TNFA,7,linear_ucb,Frangieh,0.8,0.2564102564102564,0.23076923076923078
Frangieh_Control_TNFA,7,diversity,Frangieh,0.6,0.358974358974359,0.2564102564102564
Frangieh_Control_TNFA,7,diversity,Frangieh,0.8,0.2564102564102564,0.20512820512820512
Frangieh_Control_TNFA,7,extra_trees,Frangieh,0.6,0.5128205128205128,0.3333333333333333
Frangieh_Control_TNFA,7,extra_trees,Frangieh,0.8,0.3076923076923077,0.23076923076923078
Frangieh_Control_TNFA,7,gated_random,Frangieh,0.6,0.48717948717948717,0.38461538461538464
Frangieh_Control_TNFA,7,gated_random,Frangieh,0.8,0.3076923076923077,0.28205128205128205
Frangieh_Control_TNFA,7,old_controller,Frangieh,0.6,0.358974358974359,0.2564102564102564
Frangieh_Control_TNFA,7,old_controller,Frangieh,0.8,0.2564102564102564,0.20512820512820512
Frangieh_Control_TNFA,8,random,Frangieh,0.6,0.5128205128205128,0.3076923076923077
Frangieh_Control_TNFA,8,random,Frangieh,0.8,0.4358974358974359,0.28205128205128205
Frangieh_Control_TNFA,8,fixed_ridge,Frangieh,0.6,0.4358974358974359,0.3333333333333333
Frangieh_Control_TNFA,8,fixed_ridge,Frangieh,0.8,0.3333333333333333,0.23076923076923078
Frangieh_Control_TNFA,8,greedy_ridge,Frangieh,0.6,0.41025641025641024,0.28205128205128205
Frangieh_Control_TNFA,8,greedy_ridge,Frangieh,0.8,0.3333333333333333,0.23076923076923078
Frangieh_Control_TNFA,8,linear_ucb,Frangieh,0.6,0.4358974358974359,0.28205128205128205
Frangieh_Control_TNFA,8,linear_ucb,Frangieh,0.8,0.38461538461538464,0.20512820512820512
Frangieh_Control_TNFA,8,diversity,Frangieh,0.6,0.358974358974359,0.23076923076923078
Frangieh_Control_TNFA,8,diversity,Frangieh,0.8,0.2564102564102564,0.1794871794871795
Frangieh_Control_TNFA,8,extra_trees,Frangieh,0.6,0.48717948717948717,0.28205128205128205
Frangieh_Control_TNFA,8,extra_trees,Frangieh,0.8,0.358974358974359,0.2564102564102564
Frangieh_Control_TNFA,8,gated_random,Frangieh,0.6,0.5128205128205128,0.3076923076923077
Frangieh_Control_TNFA,8,gated_random,Frangieh,0.8,0.4358974358974359,0.28205128205128205
Frangieh_Control_TNFA,8,old_controller,Frangieh,0.6,0.358974358974359,0.23076923076923078
Frangieh_Control_TNFA,8,old_controller,Frangieh,0.8,0.2564102564102564,0.1794871794871795
Frangieh_Control_TNFA,9,random,Frangieh,0.6,0.46153846153846156,0.38461538461538464
Frangieh_Control_TNFA,9,random,Frangieh,0.8,0.3076923076923077,0.23076923076923078
Frangieh_Control_TNFA,9,fixed_ridge,Frangieh,0.6,0.46153846153846156,0.3333333333333333
Frangieh_Control_TNFA,9,fixed_ridge,Frangieh,0.8,0.3333333333333333,0.23076923076923078
Frangieh_Control_TNFA,9,greedy_ridge,Frangieh,0.6,0.46153846153846156,0.358974358974359
Frangieh_Control_TNFA,9,greedy_ridge,Frangieh,0.8,0.3333333333333333,0.2564102564102564
Frangieh_Control_TNFA,9,linear_ucb,Frangieh,0.6,0.46153846153846156,0.3076923076923077
Frangieh_Control_TNFA,9,linear_ucb,Frangieh,0.8,0.38461538461538464,0.23076923076923078
Frangieh_Control_TNFA,9,diversity,Frangieh,0.6,0.3076923076923077,0.2564102564102564
Frangieh_Control_TNFA,9,diversity,Frangieh,0.8,0.20512820512820512,0.15384615384615385
Frangieh_Control_TNFA,9,extra_trees,Frangieh,0.6,0.5128205128205128,0.38461538461538464
Frangieh_Control_TNFA,9,extra_trees,Frangieh,0.8,0.3076923076923077,0.28205128205128205
Frangieh_Control_TNFA,9,gated_random,Frangieh,0.6,0.46153846153846156,0.38461538461538464
Frangieh_Control_TNFA,9,gated_random,Frangieh,0.8,0.3076923076923077,0.23076923076923078
Frangieh_Control_TNFA,9,old_controller,Frangieh,0.6,0.3076923076923077,0.2564102564102564
Frangieh_Control_TNFA,9,old_controller,Frangieh,0.8,0.20512820512820512,0.15384615384615385
Frangieh_Control_TNFA,10,random,Frangieh,0.6,0.46153846153846156,0.28205128205128205
Frangieh_Control_TNFA,10,random,Frangieh,0.8,0.3333333333333333,0.20512820512820512
Frangieh_Control_TNFA,10,fixed_ridge,Frangieh,0.6,0.38461538461538464,0.38461538461538464
Frangieh_Control_TNFA,10,fixed_ridge,Frangieh,0.8,0.2564102564102564,0.2564102564102564
Frangieh_Control_TNFA,10,greedy_ridge,Frangieh,0.6,0.3076923076923077,0.28205128205128205
Frangieh_Control_TNFA,10,greedy_ridge,Frangieh,0.8,0.20512820512820512,0.1794871794871795
Frangieh_Control_TNFA,10,linear_ucb,Frangieh,0.6,0.3333333333333333,0.3076923076923077
Frangieh_Control_TNFA,10,linear_ucb,Frangieh,0.8,0.20512820512820512,0.20512820512820512
Frangieh_Control_TNFA,10,diversity,Frangieh,0.6,0.3076923076923077,0.28205128205128205
Frangieh_Control_TNFA,10,diversity,Frangieh,0.8,0.23076923076923078,0.20512820512820512
Frangieh_Control_TNFA,10,extra_trees,Frangieh,0.6,0.41025641025641024,0.358974358974359
Frangieh_Control_TNFA,10,extra_trees,Frangieh,0.8,0.358974358974359,0.2564102564102564
Frangieh_Control_TNFA,10,gated_random,Frangieh,0.6,0.46153846153846156,0.28205128205128205
Frangieh_Control_TNFA,10,gated_random,Frangieh,0.8,0.3333333333333333,0.20512820512820512
Frangieh_Control_TNFA,10,old_controller,Frangieh,0.6,0.3076923076923077,0.28205128205128205
Frangieh_Control_TNFA,10,old_controller,Frangieh,0.8,0.23076923076923078,0.20512820512820512
Frangieh_Control_TNFA,11,random,Frangieh,0.6,0.3333333333333333,0.2564102564102564
Frangieh_Control_TNFA,11,random,Frangieh,0.8,0.28205128205128205,0.2564102564102564
Frangieh_Control_TNFA,11,fixed_ridge,Frangieh,0.6,0.3076923076923077,0.23076923076923078
Frangieh_Control_TNFA,11,fixed_ridge,Frangieh,0.8,0.2564102564102564,0.1794871794871795
Frangieh_Control_TNFA,11,greedy_ridge,Frangieh,0.6,0.358974358974359,0.3076923076923077
Frangieh_Control_TNFA,11,greedy_ridge,Frangieh,0.8,0.28205128205128205,0.20512820512820512
Frangieh_Control_TNFA,11,linear_ucb,Frangieh,0.6,0.41025641025641024,0.28205128205128205
Frangieh_Control_TNFA,11,linear_ucb,Frangieh,0.8,0.3333333333333333,0.23076923076923078
Frangieh_Control_TNFA,11,diversity,Frangieh,0.6,0.358974358974359,0.20512820512820512
Frangieh_Control_TNFA,11,diversity,Frangieh,0.8,0.23076923076923078,0.15384615384615385
Frangieh_Control_TNFA,11,extra_trees,Frangieh,0.6,0.358974358974359,0.358974358974359
Frangieh_Control_TNFA,11,extra_trees,Frangieh,0.8,0.2564102564102564,0.2564102564102564
Frangieh_Control_TNFA,11,gated_random,Frangieh,0.6,0.3333333333333333,0.2564102564102564
Frangieh_Control_TNFA,11,gated_random,Frangieh,0.8,0.28205128205128205,0.2564102564102564
Frangieh_Control_TNFA,11,old_controller,Frangieh,0.6,0.358974358974359,0.20512820512820512
Frangieh_Control_TNFA,11,old_controller,Frangieh,0.8,0.23076923076923078,0.15384615384615385
Frangieh_Control_TNFA,12,random,Frangieh,0.6,0.5128205128205128,0.28205128205128205
Frangieh_Control_TNFA,12,random,Frangieh,0.8,0.358974358974359,0.15384615384615385
Frangieh_Control_TNFA,12,fixed_ridge,Frangieh,0.6,0.4358974358974359,0.1794871794871795
Frangieh_Control_TNFA,12,fixed_ridge,Frangieh,0.8,0.3333333333333333,0.1282051282051282
Frangieh_Control_TNFA,12,greedy_ridge,Frangieh,0.6,0.48717948717948717,0.1794871794871795
Frangieh_Control_TNFA,12,greedy_ridge,Frangieh,0.8,0.41025641025641024,0.1282051282051282
Frangieh_Control_TNFA,12,linear_ucb,Frangieh,0.6,0.41025641025641024,0.1794871794871795
Frangieh_Control_TNFA,12,linear_ucb,Frangieh,0.8,0.3333333333333333,0.15384615384615385
Frangieh_Control_TNFA,12,diversity,Frangieh,0.6,0.38461538461538464,0.15384615384615385
Frangieh_Control_TNFA,12,diversity,Frangieh,0.8,0.28205128205128205,0.10256410256410256
Frangieh_Control_TNFA,12,extra_trees,Frangieh,0.6,0.4358974358974359,0.358974358974359
Frangieh_Control_TNFA,12,extra_trees,Frangieh,0.8,0.358974358974359,0.28205128205128205
Frangieh_Control_TNFA,12,gated_random,Frangieh,0.6,0.5128205128205128,0.28205128205128205
Frangieh_Control_TNFA,12,gated_random,Frangieh,0.8,0.358974358974359,0.15384615384615385
Frangieh_Control_TNFA,12,old_controller,Frangieh,0.6,0.38461538461538464,0.15384615384615385
Frangieh_Control_TNFA,12,old_controller,Frangieh,0.8,0.28205128205128205,0.10256410256410256
Frangieh_Control_TNFA,13,random,Frangieh,0.6,0.5384615384615384,0.2564102564102564
Frangieh_Control_TNFA,13,random,Frangieh,0.8,0.358974358974359,0.1282051282051282
Frangieh_Control_TNFA,13,fixed_ridge,Frangieh,0.6,0.4358974358974359,0.3076923076923077
Frangieh_Control_TNFA,13,fixed_ridge,Frangieh,0.8,0.38461538461538464,0.1794871794871795
Frangieh_Control_TNFA,13,greedy_ridge,Frangieh,0.6,0.38461538461538464,0.3076923076923077
Frangieh_Control_TNFA,13,greedy_ridge,Frangieh,0.8,0.3076923076923077,0.20512820512820512
Frangieh_Control_TNFA,13,linear_ucb,Frangieh,0.6,0.41025641025641024,0.3333333333333333
Frangieh_Control_TNFA,13,linear_ucb,Frangieh,0.8,0.28205128205128205,0.1794871794871795
Frangieh_Control_TNFA,13,diversity,Frangieh,0.6,0.28205128205128205,0.23076923076923078
Frangieh_Control_TNFA,13,diversity,Frangieh,0.8,0.1794871794871795,0.15384615384615385
Frangieh_Control_TNFA,13,extra_trees,Frangieh,0.6,0.38461538461538464,0.358974358974359
Frangieh_Control_TNFA,13,extra_trees,Frangieh,0.8,0.3076923076923077,0.23076923076923078
Frangieh_Control_TNFA,13,gated_random,Frangieh,0.6,0.5384615384615384,0.2564102564102564
Frangieh_Control_TNFA,13,gated_random,Frangieh,0.8,0.358974358974359,0.1282051282051282
Frangieh_Control_TNFA,13,old_controller,Frangieh,0.6,0.28205128205128205,0.23076923076923078
Frangieh_Control_TNFA,13,old_controller,Frangieh,0.8,0.1794871794871795,0.15384615384615385
Frangieh_Control_TNFA,14,random,Frangieh,0.6,0.46153846153846156,0.28205128205128205
Frangieh_Control_TNFA,14,random,Frangieh,0.8,0.28205128205128205,0.1794871794871795
Frangieh_Control_TNFA,14,fixed_ridge,Frangieh,0.6,0.4358974358974359,0.3333333333333333
Frangieh_Control_TNFA,14,fixed_ridge,Frangieh,0.8,0.28205128205128205,0.2564102564102564
Frangieh_Control_TNFA,14,greedy_ridge,Frangieh,0.6,0.48717948717948717,0.358974358974359
Frangieh_Control_TNFA,14,greedy_ridge,Frangieh,0.8,0.3333333333333333,0.1794871794871795
Frangieh_Control_TNFA,14,linear_ucb,Frangieh,0.6,0.48717948717948717,0.28205128205128205
Frangieh_Control_TNFA,14,linear_ucb,Frangieh,0.8,0.3333333333333333,0.1794871794871795
Frangieh_Control_TNFA,14,diversity,Frangieh,0.6,0.3333333333333333,0.28205128205128205
Frangieh_Control_TNFA,14,diversity,Frangieh,0.8,0.20512820512820512,0.1794871794871795
Frangieh_Control_TNFA,14,extra_trees,Frangieh,0.6,0.4358974358974359,0.3333333333333333
Frangieh_Control_TNFA,14,extra_trees,Frangieh,0.8,0.23076923076923078,0.23076923076923078
Frangieh_Control_TNFA,14,gated_random,Frangieh,0.6,0.46153846153846156,0.28205128205128205
Frangieh_Control_TNFA,14,gated_random,Frangieh,0.8,0.28205128205128205,0.1794871794871795
Frangieh_Control_TNFA,14,old_controller,Frangieh,0.6,0.3333333333333333,0.28205128205128205
Frangieh_Control_TNFA,14,old_controller,Frangieh,0.8,0.20512820512820512,0.1794871794871795
Frangieh_Control_TNFA,15,random,Frangieh,0.6,0.4358974358974359,0.3076923076923077
Frangieh_Control_TNFA,15,random,Frangieh,0.8,0.2564102564102564,0.1794871794871795
Frangieh_Control_TNFA,15,fixed_ridge,Frangieh,0.6,0.38461538461538464,0.358974358974359
Frangieh_Control_TNFA,15,fixed_ridge,Frangieh,0.8,0.20512820512820512,0.2564102564102564
Frangieh_Control_TNFA,15,greedy_ridge,Frangieh,0.6,0.38461538461538464,0.38461538461538464
Frangieh_Control_TNFA,15,greedy_ridge,Frangieh,0.8,0.28205128205128205,0.28205128205128205
Frangieh_Control_TNFA,15,linear_ucb,Frangieh,0.6,0.38461538461538464,0.358974358974359
Frangieh_Control_TNFA,15,linear_ucb,Frangieh,0.8,0.28205128205128205,0.2564102564102564
Frangieh_Control_TNFA,15,diversity,Frangieh,0.6,0.3333333333333333,0.3076923076923077
Frangieh_Control_TNFA,15,diversity,Frangieh,0.8,0.1794871794871795,0.23076923076923078
Frangieh_Control_TNFA,15,extra_trees,Frangieh,0.6,0.5641025641025641,0.3333333333333333
Frangieh_Control_TNFA,15,extra_trees,Frangieh,0.8,0.3076923076923077,0.20512820512820512
Frangieh_Control_TNFA,15,gated_random,Frangieh,0.6,0.41025641025641024,0.358974358974359
Frangieh_Control_TNFA,15,gated_random,Frangieh,0.8,0.23076923076923078,0.23076923076923078
Frangieh_Control_TNFA,15,old_controller,Frangieh,0.6,0.28205128205128205,0.28205128205128205
Frangieh_Control_TNFA,15,old_controller,Frangieh,0.8,0.1282051282051282,0.20512820512820512
Frangieh_Control_TNFA,16,random,Frangieh,0.6,0.5128205128205128,0.28205128205128205
Frangieh_Control_TNFA,16,random,Frangieh,0.8,0.41025641025641024,0.23076923076923078
Frangieh_Control_TNFA,16,fixed_ridge,Frangieh,0.6,0.48717948717948717,0.28205128205128205
Frangieh_Control_TNFA,16,fixed_ridge,Frangieh,0.8,0.3333333333333333,0.23076923076923078
Frangieh_Control_TNFA,16,greedy_ridge,Frangieh,0.6,0.48717948717948717,0.28205128205128205
Frangieh_Control_TNFA,16,greedy_ridge,Frangieh,0.8,0.3076923076923077,0.23076923076923078
Frangieh_Control_TNFA,16,linear_ucb,Frangieh,0.6,0.4358974358974359,0.28205128205128205
Frangieh_Control_TNFA,16,linear_ucb,Frangieh,0.8,0.28205128205128205,0.23076923076923078
Frangieh_Control_TNFA,16,diversity,Frangieh,0.6,0.3333333333333333,0.2564102564102564
Frangieh_Control_TNFA,16,diversity,Frangieh,0.8,0.1794871794871795,0.1794871794871795
Frangieh_Control_TNFA,16,extra_trees,Frangieh,0.6,0.48717948717948717,0.3333333333333333
Frangieh_Control_TNFA,16,extra_trees,Frangieh,0.8,0.3076923076923077,0.2564102564102564
Frangieh_Control_TNFA,16,gated_random,Frangieh,0.6,0.5128205128205128,0.28205128205128205
Frangieh_Control_TNFA,16,gated_random,Frangieh,0.8,0.41025641025641024,0.23076923076923078
Frangieh_Control_TNFA,16,old_controller,Frangieh,0.6,0.3333333333333333,0.2564102564102564
Frangieh_Control_TNFA,16,old_controller,Frangieh,0.8,0.1794871794871795,0.1794871794871795
Frangieh_Control_TNFA,17,random,Frangieh,0.6,0.5128205128205128,0.38461538461538464
Frangieh_Control_TNFA,17,random,Frangieh,0.8,0.38461538461538464,0.20512820512820512
Frangieh_Control_TNFA,17,fixed_ridge,Frangieh,0.6,0.5128205128205128,0.3333333333333333
Frangieh_Control_TNFA,17,fixed_ridge,Frangieh,0.8,0.3333333333333333,0.1282051282051282
Frangieh_Control_TNFA,17,greedy_ridge,Frangieh,0.6,0.48717948717948717,0.358974358974359
Frangieh_Control_TNFA,17,greedy_ridge,Frangieh,0.8,0.3333333333333333,0.1794871794871795
Frangieh_Control_TNFA,17,linear_ucb,Frangieh,0.6,0.48717948717948717,0.3076923076923077
Frangieh_Control_TNFA,17,linear_ucb,Frangieh,0.8,0.358974358974359,0.1282051282051282
Frangieh_Control_TNFA,17,diversity,Frangieh,0.6,0.4358974358974359,0.28205128205128205
Frangieh_Control_TNFA,17,diversity,Frangieh,0.8,0.28205128205128205,0.15384615384615385
Frangieh_Control_TNFA,17,extra_trees,Frangieh,0.6,0.48717948717948717,0.358974358974359
Frangieh_Control_TNFA,17,extra_trees,Frangieh,0.8,0.3333333333333333,0.20512820512820512
Frangieh_Control_TNFA,17,gated_random,Frangieh,0.6,0.4358974358974359,0.358974358974359
Frangieh_Control_TNFA,17,gated_random,Frangieh,0.8,0.3076923076923077,0.20512820512820512
Frangieh_Control_TNFA,17,old_controller,Frangieh,0.6,0.4358974358974359,0.2564102564102564
Frangieh_Control_TNFA,17,old_controller,Frangieh,0.8,0.28205128205128205,0.10256410256410256
Frangieh_Control_TNFA,18,random,Frangieh,0.6,0.46153846153846156,0.23076923076923078
Frangieh_Control_TNFA,18,random,Frangieh,0.8,0.3076923076923077,0.10256410256410256
Frangieh_Control_TNFA,18,fixed_ridge,Frangieh,0.6,0.41025641025641024,0.2564102564102564
Frangieh_Control_TNFA,18,fixed_ridge,Frangieh,0.8,0.3333333333333333,0.1282051282051282
Frangieh_Control_TNFA,18,greedy_ridge,Frangieh,0.6,0.358974358974359,0.358974358974359
Frangieh_Control_TNFA,18,greedy_ridge,Frangieh,0.8,0.2564102564102564,0.1282051282051282
Frangieh_Control_TNFA,18,linear_ucb,Frangieh,0.6,0.358974358974359,0.38461538461538464
Frangieh_Control_TNFA,18,linear_ucb,Frangieh,0.8,0.2564102564102564,0.1794871794871795
Frangieh_Control_TNFA,18,diversity,Frangieh,0.6,0.3076923076923077,0.23076923076923078
Frangieh_Control_TNFA,18,diversity,Frangieh,0.8,0.23076923076923078,0.07692307692307693
Frangieh_Control_TNFA,18,extra_trees,Frangieh,0.6,0.20512820512820512,0.23076923076923078
Frangieh_Control_TNFA,18,extra_trees,Frangieh,0.8,0.15384615384615385,0.10256410256410256
Frangieh_Control_TNFA,18,gated_random,Frangieh,0.6,0.46153846153846156,0.23076923076923078
Frangieh_Control_TNFA,18,gated_random,Frangieh,0.8,0.3076923076923077,0.10256410256410256
Frangieh_Control_TNFA,18,old_controller,Frangieh,0.6,0.3076923076923077,0.23076923076923078
Frangieh_Control_TNFA,18,old_controller,Frangieh,0.8,0.23076923076923078,0.07692307692307693
Frangieh_Control_TNFA,19,random,Frangieh,0.6,0.48717948717948717,0.2564102564102564
Frangieh_Control_TNFA,19,random,Frangieh,0.8,0.3333333333333333,0.20512820512820512
Frangieh_Control_TNFA,19,fixed_ridge,Frangieh,0.6,0.5897435897435898,0.2564102564102564
Frangieh_Control_TNFA,19,fixed_ridge,Frangieh,0.8,0.38461538461538464,0.15384615384615385
Frangieh_Control_TNFA,19,greedy_ridge,Frangieh,0.6,0.48717948717948717,0.23076923076923078
Frangieh_Control_TNFA,19,greedy_ridge,Frangieh,0.8,0.358974358974359,0.1794871794871795
Frangieh_Control_TNFA,19,linear_ucb,Frangieh,0.6,0.5384615384615384,0.28205128205128205
Frangieh_Control_TNFA,19,linear_ucb,Frangieh,0.8,0.38461538461538464,0.23076923076923078
Frangieh_Control_TNFA,19,diversity,Frangieh,0.6,0.3076923076923077,0.2564102564102564
Frangieh_Control_TNFA,19,diversity,Frangieh,0.8,0.20512820512820512,0.15384615384615385
Frangieh_Control_TNFA,19,extra_trees,Frangieh,0.6,0.38461538461538464,0.28205128205128205
Frangieh_Control_TNFA,19,extra_trees,Frangieh,0.8,0.28205128205128205,0.1794871794871795
Frangieh_Control_TNFA,19,gated_random,Frangieh,0.6,0.48717948717948717,0.2564102564102564
Frangieh_Control_TNFA,19,gated_random,Frangieh,0.8,0.3333333333333333,0.20512820512820512
Frangieh_Control_TNFA,19,old_controller,Frangieh,0.6,0.3076923076923077,0.2564102564102564
Frangieh_Control_TNFA,19,old_controller,Frangieh,0.8,0.20512820512820512,0.15384615384615385
Frangieh_Control_TNFA,20,random,Frangieh,0.6,0.46153846153846156,0.28205128205128205
Frangieh_Control_TNFA,20,random,Frangieh,0.8,0.28205128205128205,0.20512820512820512
Frangieh_Control_TNFA,20,fixed_ridge,Frangieh,0.6,0.38461538461538464,0.20512820512820512
Frangieh_Control_TNFA,20,fixed_ridge,Frangieh,0.8,0.23076923076923078,0.1794871794871795
Frangieh_Control_TNFA,20,greedy_ridge,Frangieh,0.6,0.5128205128205128,0.2564102564102564
Frangieh_Control_TNFA,20,greedy_ridge,Frangieh,0.8,0.4358974358974359,0.20512820512820512
Frangieh_Control_TNFA,20,linear_ucb,Frangieh,0.6,0.4358974358974359,0.1794871794871795
Frangieh_Control_TNFA,20,linear_ucb,Frangieh,0.8,0.38461538461538464,0.15384615384615385
Frangieh_Control_TNFA,20,diversity,Frangieh,0.6,0.3333333333333333,0.15384615384615385
Frangieh_Control_TNFA,20,diversity,Frangieh,0.8,0.1794871794871795,0.10256410256410256
Frangieh_Control_TNFA,20,extra_trees,Frangieh,0.6,0.4358974358974359,0.1794871794871795
Frangieh_Control_TNFA,20,extra_trees,Frangieh,0.8,0.2564102564102564,0.10256410256410256
Frangieh_Control_TNFA,20,gated_random,Frangieh,0.6,0.46153846153846156,0.28205128205128205
Frangieh_Control_TNFA,20,gated_random,Frangieh,0.8,0.28205128205128205,0.20512820512820512
Frangieh_Control_TNFA,20,old_controller,Frangieh,0.6,0.3333333333333333,0.15384615384615385
Frangieh_Control_TNFA,20,old_controller,Frangieh,0.8,0.1794871794871795,0.10256410256410256
Frangieh_Control_TNFA,21,random,Frangieh,0.6,0.5128205128205128,0.15384615384615385
Frangieh_Control_TNFA,21,random,Frangieh,0.8,0.28205128205128205,0.1282051282051282
Frangieh_Control_TNFA,21,fixed_ridge,Frangieh,0.6,0.358974358974359,0.1794871794871795
Frangieh_Control_TNFA,21,fixed_ridge,Frangieh,0.8,0.2564102564102564,0.15384615384615385
Frangieh_Control_TNFA,21,greedy_ridge,Frangieh,0.6,0.4358974358974359,0.2564102564102564
Frangieh_Control_TNFA,21,greedy_ridge,Frangieh,0.8,0.3333333333333333,0.2564102564102564
Frangieh_Control_TNFA,21,linear_ucb,Frangieh,0.6,0.38461538461538464,0.2564102564102564
Frangieh_Control_TNFA,21,linear_ucb,Frangieh,0.8,0.28205128205128205,0.23076923076923078
Frangieh_Control_TNFA,21,diversity,Frangieh,0.6,0.358974358974359,0.20512820512820512
Frangieh_Control_TNFA,21,diversity,Frangieh,0.8,0.23076923076923078,0.15384615384615385
Frangieh_Control_TNFA,21,extra_trees,Frangieh,0.6,0.41025641025641024,0.2564102564102564
Frangieh_Control_TNFA,21,extra_trees,Frangieh,0.8,0.2564102564102564,0.1794871794871795
Frangieh_Control_TNFA,21,gated_random,Frangieh,0.6,0.5128205128205128,0.15384615384615385
Frangieh_Control_TNFA,21,gated_random,Frangieh,0.8,0.28205128205128205,0.1282051282051282
Frangieh_Control_TNFA,21,old_controller,Frangieh,0.6,0.358974358974359,0.20512820512820512
Frangieh_Control_TNFA,21,old_controller,Frangieh,0.8,0.23076923076923078,0.15384615384615385
Frangieh_Control_TNFA,22,random,Frangieh,0.6,0.5128205128205128,0.2564102564102564
Frangieh_Control_TNFA,22,random,Frangieh,0.8,0.358974358974359,0.1794871794871795
Frangieh_Control_TNFA,22,fixed_ridge,Frangieh,0.6,0.41025641025641024,0.1794871794871795
Frangieh_Control_TNFA,22,fixed_ridge,Frangieh,0.8,0.2564102564102564,0.1282051282051282
Frangieh_Control_TNFA,22,greedy_ridge,Frangieh,0.6,0.4358974358974359,0.28205128205128205
Frangieh_Control_TNFA,22,greedy_ridge,Frangieh,0.8,0.3333333333333333,0.20512820512820512
Frangieh_Control_TNFA,22,linear_ucb,Frangieh,0.6,0.5128205128205128,0.23076923076923078
Frangieh_Control_TNFA,22,linear_ucb,Frangieh,0.8,0.358974358974359,0.15384615384615385
Frangieh_Control_TNFA,22,diversity,Frangieh,0.6,0.38461538461538464,0.28205128205128205
Frangieh_Control_TNFA,22,diversity,Frangieh,0.8,0.23076923076923078,0.20512820512820512
Frangieh_Control_TNFA,22,extra_trees,Frangieh,0.6,0.5384615384615384,0.4358974358974359
Frangieh_Control_TNFA,22,extra_trees,Frangieh,0.8,0.358974358974359,0.2564102564102564
Frangieh_Control_TNFA,22,gated_random,Frangieh,0.6,0.5128205128205128,0.2564102564102564
Frangieh_Control_TNFA,22,gated_random,Frangieh,0.8,0.358974358974359,0.1794871794871795
Frangieh_Control_TNFA,22,old_controller,Frangieh,0.6,0.38461538461538464,0.28205128205128205
Frangieh_Control_TNFA,22,old_controller,Frangieh,0.8,0.23076923076923078,0.20512820512820512
Frangieh_Control_TNFA,23,random,Frangieh,0.6,0.41025641025641024,0.3333333333333333
Frangieh_Control_TNFA,23,random,Frangieh,0.8,0.3333333333333333,0.15384615384615385
Frangieh_Control_TNFA,23,fixed_ridge,Frangieh,0.6,0.4358974358974359,0.28205128205128205
Frangieh_Control_TNFA,23,fixed_ridge,Frangieh,0.8,0.41025641025641024,0.1794871794871795
Frangieh_Control_TNFA,23,greedy_ridge,Frangieh,0.6,0.41025641025641024,0.3333333333333333
Frangieh_Control_TNFA,23,greedy_ridge,Frangieh,0.8,0.358974358974359,0.20512820512820512
Frangieh_Control_TNFA,23,linear_ucb,Frangieh,0.6,0.38461538461538464,0.3076923076923077
Frangieh_Control_TNFA,23,linear_ucb,Frangieh,0.8,0.3076923076923077,0.23076923076923078
Frangieh_Control_TNFA,23,diversity,Frangieh,0.6,0.41025641025641024,0.20512820512820512
Frangieh_Control_TNFA,23,diversity,Frangieh,0.8,0.3076923076923077,0.1282051282051282
Frangieh_Control_TNFA,23,extra_trees,Frangieh,0.6,0.41025641025641024,0.3333333333333333
Frangieh_Control_TNFA,23,extra_trees,Frangieh,0.8,0.3333333333333333,0.1794871794871795
Frangieh_Control_TNFA,23,gated_random,Frangieh,0.6,0.48717948717948717,0.28205128205128205
Frangieh_Control_TNFA,23,gated_random,Frangieh,0.8,0.4358974358974359,0.10256410256410256
Frangieh_Control_TNFA,23,old_controller,Frangieh,0.6,0.4358974358974359,0.20512820512820512
Frangieh_Control_TNFA,23,old_controller,Frangieh,0.8,0.3076923076923077,0.15384615384615385
Frangieh_Control_TNFA,24,random,Frangieh,0.6,0.5384615384615384,0.358974358974359
Frangieh_Control_TNFA,24,random,Frangieh,0.8,0.38461538461538464,0.20512820512820512
Frangieh_Control_TNFA,24,fixed_ridge,Frangieh,0.6,0.41025641025641024,0.38461538461538464
Frangieh_Control_TNFA,24,fixed_ridge,Frangieh,0.8,0.23076923076923078,0.28205128205128205
Frangieh_Control_TNFA,24,greedy_ridge,Frangieh,0.6,0.358974358974359,0.38461538461538464
Frangieh_Control_TNFA,24,greedy_ridge,Frangieh,0.8,0.20512820512820512,0.28205128205128205
Frangieh_Control_TNFA,24,linear_ucb,Frangieh,0.6,0.3076923076923077,0.3076923076923077
Frangieh_Control_TNFA,24,linear_ucb,Frangieh,0.8,0.1794871794871795,0.23076923076923078
Frangieh_Control_TNFA,24,diversity,Frangieh,0.6,0.41025641025641024,0.3076923076923077
Frangieh_Control_TNFA,24,diversity,Frangieh,0.8,0.23076923076923078,0.20512820512820512
Frangieh_Control_TNFA,24,extra_trees,Frangieh,0.6,0.5128205128205128,0.46153846153846156
Frangieh_Control_TNFA,24,extra_trees,Frangieh,0.8,0.3076923076923077,0.3333333333333333
Frangieh_Control_TNFA,24,gated_random,Frangieh,0.6,0.5384615384615384,0.358974358974359
Frangieh_Control_TNFA,24,gated_random,Frangieh,0.8,0.38461538461538464,0.20512820512820512
Frangieh_Control_TNFA,24,old_controller,Frangieh,0.6,0.41025641025641024,0.3076923076923077
Frangieh_Control_TNFA,24,old_controller,Frangieh,0.8,0.23076923076923078,0.20512820512820512
Frangieh_Control_TNFA,25,random,Frangieh,0.6,0.46153846153846156,0.3076923076923077
Frangieh_Control_TNFA,25,random,Frangieh,0.8,0.3076923076923077,0.15384615384615385
Frangieh_Control_TNFA,25,fixed_ridge,Frangieh,0.6,0.46153846153846156,0.3076923076923077
Frangieh_Control_TNFA,25,fixed_ridge,Frangieh,0.8,0.3076923076923077,0.10256410256410256
Frangieh_Control_TNFA,25,greedy_ridge,Frangieh,0.6,0.41025641025641024,0.3333333333333333
Frangieh_Control_TNFA,25,greedy_ridge,Frangieh,0.8,0.2564102564102564,0.1282051282051282
Frangieh_Control_TNFA,25,linear_ucb,Frangieh,0.6,0.46153846153846156,0.3333333333333333
Frangieh_Control_TNFA,25,linear_ucb,Frangieh,0.8,0.3076923076923077,0.1282051282051282
Frangieh_Control_TNFA,25,diversity,Frangieh,0.6,0.46153846153846156,0.23076923076923078
Frangieh_Control_TNFA,25,diversity,Frangieh,0.8,0.3333333333333333,0.1282051282051282
Frangieh_Control_TNFA,25,extra_trees,Frangieh,0.6,0.4358974358974359,0.3076923076923077
Frangieh_Control_TNFA,25,extra_trees,Frangieh,0.8,0.3076923076923077,0.10256410256410256
Frangieh_Control_TNFA,25,gated_random,Frangieh,0.6,0.46153846153846156,0.3076923076923077
Frangieh_Control_TNFA,25,gated_random,Frangieh,0.8,0.3076923076923077,0.15384615384615385
Frangieh_Control_TNFA,25,old_controller,Frangieh,0.6,0.46153846153846156,0.23076923076923078
Frangieh_Control_TNFA,25,old_controller,Frangieh,0.8,0.3333333333333333,0.1282051282051282
Frangieh_Control_TNFA,26,random,Frangieh,0.6,0.5128205128205128,0.358974358974359
Frangieh_Control_TNFA,26,random,Frangieh,0.8,0.358974358974359,0.23076923076923078
Frangieh_Control_TNFA,26,fixed_ridge,Frangieh,0.6,0.46153846153846156,0.3333333333333333
Frangieh_Control_TNFA,26,fixed_ridge,Frangieh,0.8,0.28205128205128205,0.23076923076923078
Frangieh_Control_TNFA,26,greedy_ridge,Frangieh,0.6,0.41025641025641024,0.3333333333333333
Frangieh_Control_TNFA,26,greedy_ridge,Frangieh,0.8,0.2564102564102564,0.23076923076923078
Frangieh_Control_TNFA,26,linear_ucb,Frangieh,0.6,0.38461538461538464,0.358974358974359
Frangieh_Control_TNFA,26,linear_ucb,Frangieh,0.8,0.23076923076923078,0.23076923076923078
Frangieh_Control_TNFA,26,diversity,Frangieh,0.6,0.41025641025641024,0.2564102564102564
Frangieh_Control_TNFA,26,diversity,Frangieh,0.8,0.20512820512820512,0.15384615384615385
Frangieh_Control_TNFA,26,extra_trees,Frangieh,0.6,0.5128205128205128,0.28205128205128205
Frangieh_Control_TNFA,26,extra_trees,Frangieh,0.8,0.3333333333333333,0.20512820512820512
Frangieh_Control_TNFA,26,gated_random,Frangieh,0.6,0.5128205128205128,0.358974358974359
Frangieh_Control_TNFA,26,gated_random,Frangieh,0.8,0.358974358974359,0.23076923076923078
Frangieh_Control_TNFA,26,old_controller,Frangieh,0.6,0.41025641025641024,0.2564102564102564
Frangieh_Control_TNFA,26,old_controller,Frangieh,0.8,0.20512820512820512,0.15384615384615385
Frangieh_Control_TNFA,27,random,Frangieh,0.6,0.6153846153846154,0.28205128205128205
Frangieh_Control_TNFA,27,random,Frangieh,0.8,0.46153846153846156,0.20512820512820512
Frangieh_Control_TNFA,27,fixed_ridge,Frangieh,0.6,0.5897435897435898,0.23076923076923078
Frangieh_Control_TNFA,27,fixed_ridge,Frangieh,0.8,0.358974358974359,0.1282051282051282
Frangieh_Control_TNFA,27,greedy_ridge,Frangieh,0.6,0.5128205128205128,0.28205128205128205
Frangieh_Control_TNFA,27,greedy_ridge,Frangieh,0.8,0.4358974358974359,0.20512820512820512
Frangieh_Control_TNFA,27,linear_ucb,Frangieh,0.6,0.5897435897435898,0.28205128205128205
Frangieh_Control_TNFA,27,linear_ucb,Frangieh,0.8,0.48717948717948717,0.20512820512820512
Frangieh_Control_TNFA,27,diversity,Frangieh,0.6,0.4358974358974359,0.28205128205128205
Frangieh_Control_TNFA,27,diversity,Frangieh,0.8,0.3333333333333333,0.1794871794871795
Frangieh_Control_TNFA,27,extra_trees,Frangieh,0.6,0.5128205128205128,0.23076923076923078
Frangieh_Control_TNFA,27,extra_trees,Frangieh,0.8,0.38461538461538464,0.1282051282051282
Frangieh_Control_TNFA,27,gated_random,Frangieh,0.6,0.6153846153846154,0.28205128205128205
Frangieh_Control_TNFA,27,gated_random,Frangieh,0.8,0.46153846153846156,0.20512820512820512
Frangieh_Control_TNFA,27,old_controller,Frangieh,0.6,0.4358974358974359,0.28205128205128205
Frangieh_Control_TNFA,27,old_controller,Frangieh,0.8,0.3333333333333333,0.1794871794871795
Frangieh_Control_TNFA,28,random,Frangieh,0.6,0.5384615384615384,0.38461538461538464
Frangieh_Control_TNFA,28,random,Frangieh,0.8,0.358974358974359,0.20512820512820512
Frangieh_Control_TNFA,28,fixed_ridge,Frangieh,0.6,0.41025641025641024,0.3333333333333333
Frangieh_Control_TNFA,28,fixed_ridge,Frangieh,0.8,0.3333333333333333,0.15384615384615385
Frangieh_Control_TNFA,28,greedy_ridge,Frangieh,0.6,0.46153846153846156,0.358974358974359
Frangieh_Control_TNFA,28,greedy_ridge,Frangieh,0.8,0.38461538461538464,0.23076923076923078
Frangieh_Control_TNFA,28,linear_ucb,Frangieh,0.6,0.3333333333333333,0.38461538461538464
Frangieh_Control_TNFA,28,linear_ucb,Frangieh,0.8,0.28205128205128205,0.20512820512820512
Frangieh_Control_TNFA,28,diversity,Frangieh,0.6,0.48717948717948717,0.2564102564102564
Frangieh_Control_TNFA,28,diversity,Frangieh,0.8,0.28205128205128205,0.1794871794871795
Frangieh_Control_TNFA,28,extra_trees,Frangieh,0.6,0.48717948717948717,0.41025641025641024
Frangieh_Control_TNFA,28,extra_trees,Frangieh,0.8,0.38461538461538464,0.20512820512820512
Frangieh_Control_TNFA,28,gated_random,Frangieh,0.6,0.5384615384615384,0.38461538461538464
Frangieh_Control_TNFA,28,gated_random,Frangieh,0.8,0.358974358974359,0.20512820512820512
Frangieh_Control_TNFA,28,old_controller,Frangieh,0.6,0.48717948717948717,0.2564102564102564
Frangieh_Control_TNFA,28,old_controller,Frangieh,0.8,0.28205128205128205,0.1794871794871795
Frangieh_Control_TNFA,29,random,Frangieh,0.6,0.46153846153846156,0.23076923076923078
Frangieh_Control_TNFA,29,random,Frangieh,0.8,0.3076923076923077,0.1794871794871795
Frangieh_Control_TNFA,29,fixed_ridge,Frangieh,0.6,0.48717948717948717,0.3333333333333333
Frangieh_Control_TNFA,29,fixed_ridge,Frangieh,0.8,0.38461538461538464,0.2564102564102564
Frangieh_Control_TNFA,29,greedy_ridge,Frangieh,0.6,0.46153846153846156,0.2564102564102564
Frangieh_Control_TNFA,29,greedy_ridge,Frangieh,0.8,0.358974358974359,0.1794871794871795
Frangieh_Control_TNFA,29,linear_ucb,Frangieh,0.6,0.5384615384615384,0.2564102564102564
Frangieh_Control_TNFA,29,linear_ucb,Frangieh,0.8,0.38461538461538464,0.20512820512820512
Frangieh_Control_TNFA,29,diversity,Frangieh,0.6,0.4358974358974359,0.2564102564102564
Frangieh_Control_TNFA,29,diversity,Frangieh,0.8,0.2564102564102564,0.20512820512820512
Frangieh_Control_TNFA,29,extra_trees,Frangieh,0.6,0.4358974358974359,0.38461538461538464
Frangieh_Control_TNFA,29,extra_trees,Frangieh,0.8,0.3333333333333333,0.28205128205128205
Frangieh_Control_TNFA,29,gated_random,Frangieh,0.6,0.46153846153846156,0.23076923076923078
Frangieh_Control_TNFA,29,gated_random,Frangieh,0.8,0.3076923076923077,0.1794871794871795
Frangieh_Control_TNFA,29,old_controller,Frangieh,0.6,0.4358974358974359,0.2564102564102564
Frangieh_Control_TNFA,29,old_controller,Frangieh,0.8,0.2564102564102564,0.20512820512820512
Frangieh_Control_IL2STAT5,0,random,Frangieh,0.6,0.38461538461538464,0.358974358974359
Frangieh_Control_IL2STAT5,0,random,Frangieh,0.8,0.10256410256410256,0.28205128205128205
Frangieh_Control_IL2STAT5,0,fixed_ridge,Frangieh,0.6,0.48717948717948717,0.23076923076923078
Frangieh_Control_IL2STAT5,0,fixed_ridge,Frangieh,0.8,0.23076923076923078,0.23076923076923078
Frangieh_Control_IL2STAT5,0,greedy_ridge,Frangieh,0.6,0.41025641025641024,0.23076923076923078
Frangieh_Control_IL2STAT5,0,greedy_ridge,Frangieh,0.8,0.1794871794871795,0.20512820512820512
Frangieh_Control_IL2STAT5,0,linear_ucb,Frangieh,0.6,0.3333333333333333,0.20512820512820512
Frangieh_Control_IL2STAT5,0,linear_ucb,Frangieh,0.8,0.1794871794871795,0.20512820512820512
Frangieh_Control_IL2STAT5,0,diversity,Frangieh,0.6,0.3076923076923077,0.28205128205128205
Frangieh_Control_IL2STAT5,0,diversity,Frangieh,0.8,0.1282051282051282,0.1794871794871795
Frangieh_Control_IL2STAT5,0,extra_trees,Frangieh,0.6,0.358974358974359,0.28205128205128205
Frangieh_Control_IL2STAT5,0,extra_trees,Frangieh,0.8,0.1794871794871795,0.28205128205128205
Frangieh_Control_IL2STAT5,0,gated_random,Frangieh,0.6,0.3333333333333333,0.3076923076923077
Frangieh_Control_IL2STAT5,0,gated_random,Frangieh,0.8,0.1794871794871795,0.28205128205128205
Frangieh_Control_IL2STAT5,0,old_controller,Frangieh,0.6,0.3333333333333333,0.28205128205128205
Frangieh_Control_IL2STAT5,0,old_controller,Frangieh,0.8,0.15384615384615385,0.1794871794871795
Frangieh_Control_IL2STAT5,1,random,Frangieh,0.6,0.46153846153846156,0.38461538461538464
Frangieh_Control_IL2STAT5,1,random,Frangieh,0.8,0.1794871794871795,0.2564102564102564
Frangieh_Control_IL2STAT5,1,fixed_ridge,Frangieh,0.6,0.3333333333333333,0.2564102564102564
Frangieh_Control_IL2STAT5,1,fixed_ridge,Frangieh,0.8,0.20512820512820512,0.20512820512820512
Frangieh_Control_IL2STAT5,1,greedy_ridge,Frangieh,0.6,0.28205128205128205,0.28205128205128205
Frangieh_Control_IL2STAT5,1,greedy_ridge,Frangieh,0.8,0.1282051282051282,0.1794871794871795
Frangieh_Control_IL2STAT5,1,linear_ucb,Frangieh,0.6,0.358974358974359,0.20512820512820512
Frangieh_Control_IL2STAT5,1,linear_ucb,Frangieh,0.8,0.15384615384615385,0.1282051282051282
Frangieh_Control_IL2STAT5,1,diversity,Frangieh,0.6,0.41025641025641024,0.3076923076923077
Frangieh_Control_IL2STAT5,1,diversity,Frangieh,0.8,0.23076923076923078,0.20512820512820512
Frangieh_Control_IL2STAT5,1,extra_trees,Frangieh,0.6,0.38461538461538464,0.2564102564102564
Frangieh_Control_IL2STAT5,1,extra_trees,Frangieh,0.8,0.1794871794871795,0.15384615384615385
Frangieh_Control_IL2STAT5,1,gated_random,Frangieh,0.6,0.46153846153846156,0.38461538461538464
Frangieh_Control_IL2STAT5,1,gated_random,Frangieh,0.8,0.1794871794871795,0.2564102564102564
Frangieh_Control_IL2STAT5,1,old_controller,Frangieh,0.6,0.41025641025641024,0.3076923076923077
Frangieh_Control_IL2STAT5,1,old_controller,Frangieh,0.8,0.23076923076923078,0.20512820512820512
Frangieh_Control_IL2STAT5,2,random,Frangieh,0.6,0.46153846153846156,0.3333333333333333
Frangieh_Control_IL2STAT5,2,random,Frangieh,0.8,0.23076923076923078,0.28205128205128205
Frangieh_Control_IL2STAT5,2,fixed_ridge,Frangieh,0.6,0.4358974358974359,0.358974358974359
Frangieh_Control_IL2STAT5,2,fixed_ridge,Frangieh,0.8,0.20512820512820512,0.28205128205128205
Frangieh_Control_IL2STAT5,2,greedy_ridge,Frangieh,0.6,0.48717948717948717,0.41025641025641024
Frangieh_Control_IL2STAT5,2,greedy_ridge,Frangieh,0.8,0.23076923076923078,0.358974358974359
Frangieh_Control_IL2STAT5,2,linear_ucb,Frangieh,0.6,0.4358974358974359,0.41025641025641024
Frangieh_Control_IL2STAT5,2,linear_ucb,Frangieh,0.8,0.1794871794871795,0.3333333333333333
Frangieh_Control_IL2STAT5,2,diversity,Frangieh,0.6,0.41025641025641024,0.28205128205128205
Frangieh_Control_IL2STAT5,2,diversity,Frangieh,0.8,0.23076923076923078,0.1794871794871795
Frangieh_Control_IL2STAT5,2,extra_trees,Frangieh,0.6,0.46153846153846156,0.38461538461538464
Frangieh_Control_IL2STAT5,2,extra_trees,Frangieh,0.8,0.23076923076923078,0.3076923076923077
Frangieh_Control_IL2STAT5,2,gated_random,Frangieh,0.6,0.46153846153846156,0.3333333333333333
Frangieh_Control_IL2STAT5,2,gated_random,Frangieh,0.8,0.23076923076923078,0.28205128205128205
Frangieh_Control_IL2STAT5,2,old_controller,Frangieh,0.6,0.41025641025641024,0.28205128205128205
Frangieh_Control_IL2STAT5,2,old_controller,Frangieh,0.8,0.23076923076923078,0.1794871794871795
Frangieh_Control_IL2STAT5,3,random,Frangieh,0.6,0.3333333333333333,0.3333333333333333
Frangieh_Control_IL2STAT5,3,random,Frangieh,0.8,0.07692307692307693,0.23076923076923078
Frangieh_Control_IL2STAT5,3,fixed_ridge,Frangieh,0.6,0.358974358974359,0.28205128205128205
Frangieh_Control_IL2STAT5,3,fixed_ridge,Frangieh,0.8,0.15384615384615385,0.20512820512820512
Frangieh_Control_IL2STAT5,3,greedy_ridge,Frangieh,0.6,0.4358974358974359,0.3333333333333333
Frangieh_Control_IL2STAT5,3,greedy_ridge,Frangieh,0.8,0.1794871794871795,0.2564102564102564
Frangieh_Control_IL2STAT5,3,linear_ucb,Frangieh,0.6,0.4358974358974359,0.3333333333333333
Frangieh_Control_IL2STAT5,3,linear_ucb,Frangieh,0.8,0.1794871794871795,0.2564102564102564
Frangieh_Control_IL2STAT5,3,diversity,Frangieh,0.6,0.38461538461538464,0.28205128205128205
Frangieh_Control_IL2STAT5,3,diversity,Frangieh,0.8,0.1282051282051282,0.23076923076923078
Frangieh_Control_IL2STAT5,3,extra_trees,Frangieh,0.6,0.5128205128205128,0.2564102564102564
Frangieh_Control_IL2STAT5,3,extra_trees,Frangieh,0.8,0.1794871794871795,0.2564102564102564
Frangieh_Control_IL2STAT5,3,gated_random,Frangieh,0.6,0.3333333333333333,0.3333333333333333
Frangieh_Control_IL2STAT5,3,gated_random,Frangieh,0.8,0.07692307692307693,0.23076923076923078
Frangieh_Control_IL2STAT5,3,old_controller,Frangieh,0.6,0.38461538461538464,0.28205128205128205
Frangieh_Control_IL2STAT5,3,old_controller,Frangieh,0.8,0.1282051282051282,0.23076923076923078
Frangieh_Control_IL2STAT5,4,random,Frangieh,0.6,0.2564102564102564,0.41025641025641024
Frangieh_Control_IL2STAT5,4,random,Frangieh,0.8,0.10256410256410256,0.20512820512820512
Frangieh_Control_IL2STAT5,4,fixed_ridge,Frangieh,0.6,0.4358974358974359,0.3333333333333333
Frangieh_Control_IL2STAT5,4,fixed_ridge,Frangieh,0.8,0.20512820512820512,0.2564102564102564
Frangieh_Control_IL2STAT5,4,greedy_ridge,Frangieh,0.6,0.41025641025641024,0.41025641025641024
Frangieh_Control_IL2STAT5,4,greedy_ridge,Frangieh,0.8,0.15384615384615385,0.3076923076923077
Frangieh_Control_IL2STAT5,4,linear_ucb,Frangieh,0.6,0.1794871794871795,0.28205128205128205
Frangieh_Control_IL2STAT5,4,linear_ucb,Frangieh,0.8,0.05128205128205128,0.1794871794871795
Frangieh_Control_IL2STAT5,4,diversity,Frangieh,0.6,0.3333333333333333,0.28205128205128205
Frangieh_Control_IL2STAT5,4,diversity,Frangieh,0.8,0.1282051282051282,0.1794871794871795
Frangieh_Control_IL2STAT5,4,extra_trees,Frangieh,0.6,0.48717948717948717,0.46153846153846156
Frangieh_Control_IL2STAT5,4,extra_trees,Frangieh,0.8,0.1794871794871795,0.38461538461538464
Frangieh_Control_IL2STAT5,4,gated_random,Frangieh,0.6,0.38461538461538464,0.38461538461538464
Frangieh_Control_IL2STAT5,4,gated_random,Frangieh,0.8,0.1794871794871795,0.2564102564102564
Frangieh_Control_IL2STAT5,4,old_controller,Frangieh,0.6,0.3333333333333333,0.28205128205128205
Frangieh_Control_IL2STAT5,4,old_controller,Frangieh,0.8,0.1282051282051282,0.1794871794871795
Frangieh_Control_IL2STAT5,5,random,Frangieh,0.6,0.41025641025641024,0.4358974358974359
Frangieh_Control_IL2STAT5,5,random,Frangieh,0.8,0.2564102564102564,0.3076923076923077
Frangieh_Control_IL2STAT5,5,fixed_ridge,Frangieh,0.6,0.38461538461538464,0.358974358974359
Frangieh_Control_IL2STAT5,5,fixed_ridge,Frangieh,0.8,0.20512820512820512,0.2564102564102564
Frangieh_Control_IL2STAT5,5,greedy_ridge,Frangieh,0.6,0.358974358974359,0.3076923076923077
Frangieh_Control_IL2STAT5,5,greedy_ridge,Frangieh,0.8,0.20512820512820512,0.23076923076923078
Frangieh_Control_IL2STAT5,5,linear_ucb,Frangieh,0.6,0.3076923076923077,0.358974358974359
Frangieh_Control_IL2STAT5,5,linear_ucb,Frangieh,0.8,0.1794871794871795,0.2564102564102564
Frangieh_Control_IL2STAT5,5,diversity,Frangieh,0.6,0.358974358974359,0.2564102564102564
Frangieh_Control_IL2STAT5,5,diversity,Frangieh,0.8,0.1794871794871795,0.20512820512820512
Frangieh_Control_IL2STAT5,5,extra_trees,Frangieh,0.6,0.48717948717948717,0.38461538461538464
Frangieh_Control_IL2STAT5,5,extra_trees,Frangieh,0.8,0.2564102564102564,0.3333333333333333
Frangieh_Control_IL2STAT5,5,gated_random,Frangieh,0.6,0.41025641025641024,0.4358974358974359
Frangieh_Control_IL2STAT5,5,gated_random,Frangieh,0.8,0.2564102564102564,0.3076923076923077
Frangieh_Control_IL2STAT5,5,old_controller,Frangieh,0.6,0.358974358974359,0.2564102564102564
Frangieh_Control_IL2STAT5,5,old_controller,Frangieh,0.8,0.1794871794871795,0.20512820512820512
Frangieh_Control_IL2STAT5,6,random,Frangieh,0.6,0.41025641025641024,0.3333333333333333
Frangieh_Control_IL2STAT5,6,random,Frangieh,0.8,0.28205128205128205,0.28205128205128205
Frangieh_Control_IL2STAT5,6,fixed_ridge,Frangieh,0.6,0.4358974358974359,0.28205128205128205
Frangieh_Control_IL2STAT5,6,fixed_ridge,Frangieh,0.8,0.28205128205128205,0.20512820512820512
Frangieh_Control_IL2STAT5,6,greedy_ridge,Frangieh,0.6,0.46153846153846156,0.2564102564102564
Frangieh_Control_IL2STAT5,6,greedy_ridge,Frangieh,0.8,0.2564102564102564,0.2564102564102564
Frangieh_Control_IL2STAT5,6,linear_ucb,Frangieh,0.6,0.38461538461538464,0.2564102564102564
Frangieh_Control_IL2STAT5,6,linear_ucb,Frangieh,0.8,0.23076923076923078,0.2564102564102564
Frangieh_Control_IL2STAT5,6,diversity,Frangieh,0.6,0.38461538461538464,0.2564102564102564
Frangieh_Control_IL2STAT5,6,diversity,Frangieh,0.8,0.28205128205128205,0.1794871794871795
Frangieh_Control_IL2STAT5,6,extra_trees,Frangieh,0.6,0.48717948717948717,0.3333333333333333
Frangieh_Control_IL2STAT5,6,extra_trees,Frangieh,0.8,0.28205128205128205,0.3076923076923077
Frangieh_Control_IL2STAT5,6,gated_random,Frangieh,0.6,0.41025641025641024,0.3333333333333333
Frangieh_Control_IL2STAT5,6,gated_random,Frangieh,0.8,0.28205128205128205,0.28205128205128205
Frangieh_Control_IL2STAT5,6,old_controller,Frangieh,0.6,0.38461538461538464,0.2564102564102564
Frangieh_Control_IL2STAT5,6,old_controller,Frangieh,0.8,0.28205128205128205,0.1794871794871795
Frangieh_Control_IL2STAT5,7,random,Frangieh,0.6,0.38461538461538464,0.38461538461538464
Frangieh_Control_IL2STAT5,7,random,Frangieh,0.8,0.20512820512820512,0.23076923076923078
Frangieh_Control_IL2STAT5,7,fixed_ridge,Frangieh,0.6,0.358974358974359,0.23076923076923078
Frangieh_Control_IL2STAT5,7,fixed_ridge,Frangieh,0.8,0.20512820512820512,0.15384615384615385
Frangieh_Control_IL2STAT5,7,greedy_ridge,Frangieh,0.6,0.3333333333333333,0.28205128205128205
Frangieh_Control_IL2STAT5,7,greedy_ridge,Frangieh,0.8,0.1794871794871795,0.1794871794871795
Frangieh_Control_IL2STAT5,7,linear_ucb,Frangieh,0.6,0.28205128205128205,0.23076923076923078
Frangieh_Control_IL2STAT5,7,linear_ucb,Frangieh,0.8,0.1282051282051282,0.15384615384615385
Frangieh_Control_IL2STAT5,7,diversity,Frangieh,0.6,0.358974358974359,0.2564102564102564
Frangieh_Control_IL2STAT5,7,diversity,Frangieh,0.8,0.20512820512820512,0.1794871794871795
Frangieh_Control_IL2STAT5,7,extra_trees,Frangieh,0.6,0.3333333333333333,0.20512820512820512
Frangieh_Control_IL2STAT5,7,extra_trees,Frangieh,0.8,0.15384615384615385,0.10256410256410256
Frangieh_Control_IL2STAT5,7,gated_random,Frangieh,0.6,0.38461538461538464,0.38461538461538464
Frangieh_Control_IL2STAT5,7,gated_random,Frangieh,0.8,0.20512820512820512,0.23076923076923078
Frangieh_Control_IL2STAT5,7,old_controller,Frangieh,0.6,0.41025641025641024,0.23076923076923078
Frangieh_Control_IL2STAT5,7,old_controller,Frangieh,0.8,0.15384615384615385,0.1794871794871795
Frangieh_Control_IL2STAT5,8,random,Frangieh,0.6,0.41025641025641024,0.3076923076923077
Frangieh_Control_IL2STAT5,8,random,Frangieh,0.8,0.20512820512820512,0.28205128205128205
Frangieh_Control_IL2STAT5,8,fixed_ridge,Frangieh,0.6,0.38461538461538464,0.3076923076923077
Frangieh_Control_IL2STAT5,8,fixed_ridge,Frangieh,0.8,0.07692307692307693,0.20512820512820512
Frangieh_Control_IL2STAT5,8,greedy_ridge,Frangieh,0.6,0.38461538461538464,0.4358974358974359
Frangieh_Control_IL2STAT5,8,greedy_ridge,Frangieh,0.8,0.15384615384615385,0.3333333333333333
Frangieh_Control_IL2STAT5,8,linear_ucb,Frangieh,0.6,0.358974358974359,0.41025641025641024
Frangieh_Control_IL2STAT5,8,linear_ucb,Frangieh,0.8,0.1282051282051282,0.3076923076923077
Frangieh_Control_IL2STAT5,8,diversity,Frangieh,0.6,0.41025641025641024,0.1794871794871795
Frangieh_Control_IL2STAT5,8,diversity,Frangieh,0.8,0.1282051282051282,0.10256410256410256
Frangieh_Control_IL2STAT5,8,extra_trees,Frangieh,0.6,0.38461538461538464,0.28205128205128205
Frangieh_Control_IL2STAT5,8,extra_trees,Frangieh,0.8,0.15384615384615385,0.20512820512820512
Frangieh_Control_IL2STAT5,8,gated_random,Frangieh,0.6,0.41025641025641024,0.3076923076923077
Frangieh_Control_IL2STAT5,8,gated_random,Frangieh,0.8,0.20512820512820512,0.28205128205128205
Frangieh_Control_IL2STAT5,8,old_controller,Frangieh,0.6,0.41025641025641024,0.1794871794871795
Frangieh_Control_IL2STAT5,8,old_controller,Frangieh,0.8,0.1282051282051282,0.10256410256410256
Frangieh_Control_IL2STAT5,9,random,Frangieh,0.6,0.5128205128205128,0.28205128205128205
Frangieh_Control_IL2STAT5,9,random,Frangieh,0.8,0.20512820512820512,0.23076923076923078
Frangieh_Control_IL2STAT5,9,fixed_ridge,Frangieh,0.6,0.38461538461538464,0.358974358974359
Frangieh_Control_IL2STAT5,9,fixed_ridge,Frangieh,0.8,0.20512820512820512,0.3333333333333333
Frangieh_Control_IL2STAT5,9,greedy_ridge,Frangieh,0.6,0.38461538461538464,0.38461538461538464
Frangieh_Control_IL2STAT5,9,greedy_ridge,Frangieh,0.8,0.2564102564102564,0.28205128205128205
Frangieh_Control_IL2STAT5,9,linear_ucb,Frangieh,0.6,0.3333333333333333,0.3076923076923077
Frangieh_Control_IL2STAT5,9,linear_ucb,Frangieh,0.8,0.1794871794871795,0.20512820512820512
Frangieh_Control_IL2STAT5,9,diversity,Frangieh,0.6,0.38461538461538464,0.2564102564102564
Frangieh_Control_IL2STAT5,9,diversity,Frangieh,0.8,0.1794871794871795,0.20512820512820512
Frangieh_Control_IL2STAT5,9,extra_trees,Frangieh,0.6,0.38461538461538464,0.28205128205128205
Frangieh_Control_IL2STAT5,9,extra_trees,Frangieh,0.8,0.20512820512820512,0.2564102564102564
Frangieh_Control_IL2STAT5,9,gated_random,Frangieh,0.6,0.5128205128205128,0.28205128205128205
Frangieh_Control_IL2STAT5,9,gated_random,Frangieh,0.8,0.20512820512820512,0.23076923076923078
Frangieh_Control_IL2STAT5,9,old_controller,Frangieh,0.6,0.38461538461538464,0.2564102564102564
Frangieh_Control_IL2STAT5,9,old_controller,Frangieh,0.8,0.1794871794871795,0.20512820512820512
Frangieh_Control_IL2STAT5,10,random,Frangieh,0.6,0.38461538461538464,0.23076923076923078
Frangieh_Control_IL2STAT5,10,random,Frangieh,0.8,0.20512820512820512,0.20512820512820512
Frangieh_Control_IL2STAT5,10,fixed_ridge,Frangieh,0.6,0.41025641025641024,0.38461538461538464
Frangieh_Control_IL2STAT5,10,fixed_ridge,Frangieh,0.8,0.28205128205128205,0.358974358974359
Frangieh_Control_IL2STAT5,10,greedy_ridge,Frangieh,0.6,0.4358974358974359,0.4358974358974359
Frangieh_Control_IL2STAT5,10,greedy_ridge,Frangieh,0.8,0.20512820512820512,0.41025641025641024
Frangieh_Control_IL2STAT5,10,linear_ucb,Frangieh,0.6,0.41025641025641024,0.2564102564102564
Frangieh_Control_IL2STAT5,10,linear_ucb,Frangieh,0.8,0.1794871794871795,0.23076923076923078
Frangieh_Control_IL2STAT5,10,diversity,Frangieh,0.6,0.3076923076923077,0.2564102564102564
Frangieh_Control_IL2STAT5,10,diversity,Frangieh,0.8,0.1282051282051282,0.1794871794871795
Frangieh_Control_IL2STAT5,10,extra_trees,Frangieh,0.6,0.46153846153846156,0.38461538461538464
Frangieh_Control_IL2STAT5,10,extra_trees,Frangieh,0.8,0.1794871794871795,0.3333333333333333
Frangieh_Control_IL2STAT5,10,gated_random,Frangieh,0.6,0.38461538461538464,0.23076923076923078
Frangieh_Control_IL2STAT5,10,gated_random,Frangieh,0.8,0.20512820512820512,0.20512820512820512
Frangieh_Control_IL2STAT5,10,old_controller,Frangieh,0.6,0.3076923076923077,0.2564102564102564
Frangieh_Control_IL2STAT5,10,old_controller,Frangieh,0.8,0.1282051282051282,0.1794871794871795
Frangieh_Control_IL2STAT5,11,random,Frangieh,0.6,0.28205128205128205,0.3076923076923077
Frangieh_Control_IL2STAT5,11,random,Frangieh,0.8,0.1794871794871795,0.23076923076923078
Frangieh_Control_IL2STAT5,11,fixed_ridge,Frangieh,0.6,0.38461538461538464,0.358974358974359
Frangieh_Control_IL2STAT5,11,fixed_ridge,Frangieh,0.8,0.1282051282051282,0.3333333333333333
Frangieh_Control_IL2STAT5,11,greedy_ridge,Frangieh,0.6,0.38461538461538464,0.358974358974359
Frangieh_Control_IL2STAT5,11,greedy_ridge,Frangieh,0.8,0.1282051282051282,0.3076923076923077
Frangieh_Control_IL2STAT5,11,linear_ucb,Frangieh,0.6,0.4358974358974359,0.2564102564102564
Frangieh_Control_IL2STAT5,11,linear_ucb,Frangieh,0.8,0.15384615384615385,0.23076923076923078
Frangieh_Control_IL2STAT5,11,diversity,Frangieh,0.6,0.358974358974359,0.3076923076923077
Frangieh_Control_IL2STAT5,11,diversity,Frangieh,0.8,0.10256410256410256,0.23076923076923078
Frangieh_Control_IL2STAT5,11,extra_trees,Frangieh,0.6,0.3333333333333333,0.2564102564102564
Frangieh_Control_IL2STAT5,11,extra_trees,Frangieh,0.8,0.1282051282051282,0.23076923076923078
Frangieh_Control_IL2STAT5,11,gated_random,Frangieh,0.6,0.28205128205128205,0.3076923076923077
Frangieh_Control_IL2STAT5,11,gated_random,Frangieh,0.8,0.1794871794871795,0.23076923076923078
Frangieh_Control_IL2STAT5,11,old_controller,Frangieh,0.6,0.358974358974359,0.3076923076923077
Frangieh_Control_IL2STAT5,11,old_controller,Frangieh,0.8,0.10256410256410256,0.23076923076923078
Frangieh_Control_IL2STAT5,12,random,Frangieh,0.6,0.358974358974359,0.3333333333333333
Frangieh_Control_IL2STAT5,12,random,Frangieh,0.8,0.1794871794871795,0.2564102564102564
Frangieh_Control_IL2STAT5,12,fixed_ridge,Frangieh,0.6,0.41025641025641024,0.28205128205128205
Frangieh_Control_IL2STAT5,12,fixed_ridge,Frangieh,0.8,0.20512820512820512,0.20512820512820512
Frangieh_Control_IL2STAT5,12,greedy_ridge,Frangieh,0.6,0.3333333333333333,0.38461538461538464
Frangieh_Control_IL2STAT5,12,greedy_ridge,Frangieh,0.8,0.15384615384615385,0.23076923076923078
Frangieh_Control_IL2STAT5,12,linear_ucb,Frangieh,0.6,0.358974358974359,0.3076923076923077
Frangieh_Control_IL2STAT5,12,linear_ucb,Frangieh,0.8,0.15384615384615385,0.20512820512820512
Frangieh_Control_IL2STAT5,12,diversity,Frangieh,0.6,0.358974358974359,0.3076923076923077
Frangieh_Control_IL2STAT5,12,diversity,Frangieh,0.8,0.15384615384615385,0.20512820512820512
Frangieh_Control_IL2STAT5,12,extra_trees,Frangieh,0.6,0.2564102564102564,0.23076923076923078
Frangieh_Control_IL2STAT5,12,extra_trees,Frangieh,0.8,0.15384615384615385,0.20512820512820512
Frangieh_Control_IL2STAT5,12,gated_random,Frangieh,0.6,0.358974358974359,0.3333333333333333
Frangieh_Control_IL2STAT5,12,gated_random,Frangieh,0.8,0.1794871794871795,0.2564102564102564
Frangieh_Control_IL2STAT5,12,old_controller,Frangieh,0.6,0.358974358974359,0.3076923076923077
Frangieh_Control_IL2STAT5,12,old_controller,Frangieh,0.8,0.15384615384615385,0.20512820512820512
Frangieh_Control_IL2STAT5,13,random,Frangieh,0.6,0.48717948717948717,0.3076923076923077
Frangieh_Control_IL2STAT5,13,random,Frangieh,0.8,0.23076923076923078,0.1794871794871795
Frangieh_Control_IL2STAT5,13,fixed_ridge,Frangieh,0.6,0.38461538461538464,0.46153846153846156
Frangieh_Control_IL2STAT5,13,fixed_ridge,Frangieh,0.8,0.23076923076923078,0.38461538461538464
Frangieh_Control_IL2STAT5,13,greedy_ridge,Frangieh,0.6,0.38461538461538464,0.41025641025641024
Frangieh_Control_IL2STAT5,13,greedy_ridge,Frangieh,0.8,0.20512820512820512,0.3333333333333333
Frangieh_Control_IL2STAT5,13,linear_ucb,Frangieh,0.6,0.38461538461538464,0.46153846153846156
Frangieh_Control_IL2STAT5,13,linear_ucb,Frangieh,0.8,0.1794871794871795,0.358974358974359
Frangieh_Control_IL2STAT5,13,diversity,Frangieh,0.6,0.3333333333333333,0.3076923076923077
Frangieh_Control_IL2STAT5,13,diversity,Frangieh,0.8,0.1282051282051282,0.1794871794871795
Frangieh_Control_IL2STAT5,13,extra_trees,Frangieh,0.6,0.4358974358974359,0.4358974358974359
Frangieh_Control_IL2STAT5,13,extra_trees,Frangieh,0.8,0.20512820512820512,0.3333333333333333
Frangieh_Control_IL2STAT5,13,gated_random,Frangieh,0.6,0.48717948717948717,0.3076923076923077
Frangieh_Control_IL2STAT5,13,gated_random,Frangieh,0.8,0.23076923076923078,0.1794871794871795
Frangieh_Control_IL2STAT5,13,old_controller,Frangieh,0.6,0.3333333333333333,0.3076923076923077
Frangieh_Control_IL2STAT5,13,old_controller,Frangieh,0.8,0.1282051282051282,0.1794871794871795
Frangieh_Control_IL2STAT5,14,random,Frangieh,0.6,0.4358974358974359,0.38461538461538464
Frangieh_Control_IL2STAT5,14,random,Frangieh,0.8,0.23076923076923078,0.3076923076923077
Frangieh_Control_IL2STAT5,14,fixed_ridge,Frangieh,0.6,0.3333333333333333,0.2564102564102564
Frangieh_Control_IL2STAT5,14,fixed_ridge,Frangieh,0.8,0.15384615384615385,0.1282051282051282
Frangieh_Control_IL2STAT5,14,greedy_ridge,Frangieh,0.6,0.38461538461538464,0.38461538461538464
Frangieh_Control_IL2STAT5,14,greedy_ridge,Frangieh,0.8,0.15384615384615385,0.20512820512820512
Frangieh_Control_IL2STAT5,14,linear_ucb,Frangieh,0.6,0.38461538461538464,0.358974358974359
Frangieh_Control_IL2STAT5,14,linear_ucb,Frangieh,0.8,0.20512820512820512,0.23076923076923078
Frangieh_Control_IL2STAT5,14,diversity,Frangieh,0.6,0.3333333333333333,0.28205128205128205
Frangieh_Control_IL2STAT5,14,diversity,Frangieh,0.8,0.1794871794871795,0.1794871794871795
Frangieh_Control_IL2STAT5,14,extra_trees,Frangieh,0.6,0.41025641025641024,0.3076923076923077
Frangieh_Control_IL2STAT5,14,extra_trees,Frangieh,0.8,0.15384615384615385,0.23076923076923078
Frangieh_Control_IL2STAT5,14,gated_random,Frangieh,0.6,0.4358974358974359,0.38461538461538464
Frangieh_Control_IL2STAT5,14,gated_random,Frangieh,0.8,0.23076923076923078,0.3076923076923077
Frangieh_Control_IL2STAT5,14,old_controller,Frangieh,0.6,0.3333333333333333,0.28205128205128205
Frangieh_Control_IL2STAT5,14,old_controller,Frangieh,0.8,0.1794871794871795,0.1794871794871795
Frangieh_Control_IL2STAT5,15,random,Frangieh,0.6,0.46153846153846156,0.2564102564102564
Frangieh_Control_IL2STAT5,15,random,Frangieh,0.8,0.1794871794871795,0.20512820512820512
Frangieh_Control_IL2STAT5,15,fixed_ridge,Frangieh,0.6,0.41025641025641024,0.20512820512820512
Frangieh_Control_IL2STAT5,15,fixed_ridge,Frangieh,0.8,0.1794871794871795,0.1794871794871795
Frangieh_Control_IL2STAT5,15,greedy_ridge,Frangieh,0.6,0.41025641025641024,0.3076923076923077
Frangieh_Control_IL2STAT5,15,greedy_ridge,Frangieh,0.8,0.20512820512820512,0.20512820512820512
Frangieh_Control_IL2STAT5,15,linear_ucb,Frangieh,0.6,0.4358974358974359,0.3076923076923077
Frangieh_Control_IL2STAT5,15,linear_ucb,Frangieh,0.8,0.20512820512820512,0.20512820512820512
Frangieh_Control_IL2STAT5,15,diversity,Frangieh,0.6,0.38461538461538464,0.23076923076923078
Frangieh_Control_IL2STAT5,15,diversity,Frangieh,0.8,0.1794871794871795,0.1282051282051282
Frangieh_Control_IL2STAT5,15,extra_trees,Frangieh,0.6,0.41025641025641024,0.3333333333333333
Frangieh_Control_IL2STAT5,15,extra_trees,Frangieh,0.8,0.1794871794871795,0.28205128205128205
Frangieh_Control_IL2STAT5,15,gated_random,Frangieh,0.6,0.46153846153846156,0.2564102564102564
Frangieh_Control_IL2STAT5,15,gated_random,Frangieh,0.8,0.1794871794871795,0.20512820512820512
Frangieh_Control_IL2STAT5,15,old_controller,Frangieh,0.6,0.38461538461538464,0.23076923076923078
Frangieh_Control_IL2STAT5,15,old_controller,Frangieh,0.8,0.1794871794871795,0.1282051282051282
Frangieh_Control_IL2STAT5,16,random,Frangieh,0.6,0.46153846153846156,0.358974358974359
Frangieh_Control_IL2STAT5,16,random,Frangieh,0.8,0.3076923076923077,0.2564102564102564
Frangieh_Control_IL2STAT5,16,fixed_ridge,Frangieh,0.6,0.358974358974359,0.20512820512820512
Frangieh_Control_IL2STAT5,16,fixed_ridge,Frangieh,0.8,0.23076923076923078,0.15384615384615385
Frangieh_Control_IL2STAT5,16,greedy_ridge,Frangieh,0.6,0.3333333333333333,0.3076923076923077
Frangieh_Control_IL2STAT5,16,greedy_ridge,Frangieh,0.8,0.23076923076923078,0.20512820512820512
Frangieh_Control_IL2STAT5,16,linear_ucb,Frangieh,0.6,0.3076923076923077,0.20512820512820512
Frangieh_Control_IL2STAT5,16,linear_ucb,Frangieh,0.8,0.1794871794871795,0.10256410256410256
Frangieh_Control_IL2STAT5,16,diversity,Frangieh,0.6,0.38461538461538464,0.20512820512820512
Frangieh_Control_IL2STAT5,16,diversity,Frangieh,0.8,0.1794871794871795,0.1282051282051282
Frangieh_Control_IL2STAT5,16,extra_trees,Frangieh,0.6,0.358974358974359,0.358974358974359
Frangieh_Control_IL2STAT5,16,extra_trees,Frangieh,0.8,0.15384615384615385,0.23076923076923078
Frangieh_Control_IL2STAT5,16,gated_random,Frangieh,0.6,0.46153846153846156,0.358974358974359
Frangieh_Control_IL2STAT5,16,gated_random,Frangieh,0.8,0.3076923076923077,0.2564102564102564
Frangieh_Control_IL2STAT5,16,old_controller,Frangieh,0.6,0.38461538461538464,0.20512820512820512
Frangieh_Control_IL2STAT5,16,old_controller,Frangieh,0.8,0.1794871794871795,0.1282051282051282
Frangieh_Control_IL2STAT5,17,random,Frangieh,0.6,0.3333333333333333,0.3333333333333333
Frangieh_Control_IL2STAT5,17,random,Frangieh,0.8,0.2564102564102564,0.28205128205128205
Frangieh_Control_IL2STAT5,17,fixed_ridge,Frangieh,0.6,0.48717948717948717,0.28205128205128205
Frangieh_Control_IL2STAT5,17,fixed_ridge,Frangieh,0.8,0.20512820512820512,0.28205128205128205
Frangieh_Control_IL2STAT5,17,greedy_ridge,Frangieh,0.6,0.48717948717948717,0.20512820512820512
Frangieh_Control_IL2STAT5,17,greedy_ridge,Frangieh,0.8,0.1794871794871795,0.1794871794871795
Frangieh_Control_IL2STAT5,17,linear_ucb,Frangieh,0.6,0.5384615384615384,0.1794871794871795
Frangieh_Control_IL2STAT5,17,linear_ucb,Frangieh,0.8,0.1794871794871795,0.1794871794871795
Frangieh_Control_IL2STAT5,17,diversity,Frangieh,0.6,0.41025641025641024,0.2564102564102564
Frangieh_Control_IL2STAT5,17,diversity,Frangieh,0.8,0.23076923076923078,0.15384615384615385
Frangieh_Control_IL2STAT5,17,extra_trees,Frangieh,0.6,0.48717948717948717,0.28205128205128205
Frangieh_Control_IL2STAT5,17,extra_trees,Frangieh,0.8,0.23076923076923078,0.2564102564102564
Frangieh_Control_IL2STAT5,17,gated_random,Frangieh,0.6,0.48717948717948717,0.358974358974359
Frangieh_Control_IL2STAT5,17,gated_random,Frangieh,0.8,0.3076923076923077,0.3333333333333333
Frangieh_Control_IL2STAT5,17,old_controller,Frangieh,0.6,0.41025641025641024,0.2564102564102564
Frangieh_Control_IL2STAT5,17,old_controller,Frangieh,0.8,0.20512820512820512,0.1794871794871795
Frangieh_Control_IL2STAT5,18,random,Frangieh,0.6,0.3076923076923077,0.358974358974359
Frangieh_Control_IL2STAT5,18,random,Frangieh,0.8,0.20512820512820512,0.23076923076923078
Frangieh_Control_IL2STAT5,18,fixed_ridge,Frangieh,0.6,0.28205128205128205,0.2564102564102564
Frangieh_Control_IL2STAT5,18,fixed_ridge,Frangieh,0.8,0.1794871794871795,0.1794871794871795
Frangieh_Control_IL2STAT5,18,greedy_ridge,Frangieh,0.6,0.358974358974359,0.2564102564102564
Frangieh_Control_IL2STAT5,18,greedy_ridge,Frangieh,0.8,0.15384615384615385,0.1794871794871795
Frangieh_Control_IL2STAT5,18,linear_ucb,Frangieh,0.6,0.3076923076923077,0.23076923076923078
Frangieh_Control_IL2STAT5,18,linear_ucb,Frangieh,0.8,0.15384615384615385,0.15384615384615385
Frangieh_Control_IL2STAT5,18,diversity,Frangieh,0.6,0.358974358974359,0.2564102564102564
Frangieh_Control_IL2STAT5,18,diversity,Frangieh,0.8,0.20512820512820512,0.1282051282051282
Frangieh_Control_IL2STAT5,18,extra_trees,Frangieh,0.6,0.3076923076923077,0.2564102564102564
Frangieh_Control_IL2STAT5,18,extra_trees,Frangieh,0.8,0.23076923076923078,0.1794871794871795
Frangieh_Control_IL2STAT5,18,gated_random,Frangieh,0.6,0.3076923076923077,0.358974358974359
Frangieh_Control_IL2STAT5,18,gated_random,Frangieh,0.8,0.20512820512820512,0.23076923076923078
Frangieh_Control_IL2STAT5,18,old_controller,Frangieh,0.6,0.358974358974359,0.2564102564102564
Frangieh_Control_IL2STAT5,18,old_controller,Frangieh,0.8,0.20512820512820512,0.1282051282051282
Frangieh_Control_IL2STAT5,19,random,Frangieh,0.6,0.5128205128205128,0.3076923076923077
Frangieh_Control_IL2STAT5,19,random,Frangieh,0.8,0.2564102564102564,0.2564102564102564
Frangieh_Control_IL2STAT5,19,fixed_ridge,Frangieh,0.6,0.358974358974359,0.3076923076923077
Frangieh_Control_IL2STAT5,19,fixed_ridge,Frangieh,0.8,0.20512820512820512,0.1794871794871795
Frangieh_Control_IL2STAT5,19,greedy_ridge,Frangieh,0.6,0.358974358974359,0.41025641025641024
Frangieh_Control_IL2STAT5,19,greedy_ridge,Frangieh,0.8,0.1794871794871795,0.3076923076923077
Frangieh_Control_IL2STAT5,19,linear_ucb,Frangieh,0.6,0.38461538461538464,0.38461538461538464
Frangieh_Control_IL2STAT5,19,linear_ucb,Frangieh,0.8,0.1794871794871795,0.28205128205128205
Frangieh_Control_IL2STAT5,19,diversity,Frangieh,0.6,0.358974358974359,0.28205128205128205
Frangieh_Control_IL2STAT5,19,diversity,Frangieh,0.8,0.1794871794871795,0.20512820512820512
Frangieh_Control_IL2STAT5,19,extra_trees,Frangieh,0.6,0.41025641025641024,0.38461538461538464
Frangieh_Control_IL2STAT5,19,extra_trees,Frangieh,0.8,0.23076923076923078,0.3076923076923077
Frangieh_Control_IL2STAT5,19,gated_random,Frangieh,0.6,0.5128205128205128,0.3076923076923077
Frangieh_Control_IL2STAT5,19,gated_random,Frangieh,0.8,0.2564102564102564,0.2564102564102564
Frangieh_Control_IL2STAT5,19,old_controller,Frangieh,0.6,0.358974358974359,0.28205128205128205
Frangieh_Control_IL2STAT5,19,old_controller,Frangieh,0.8,0.1794871794871795,0.20512820512820512
Frangieh_Control_IL2STAT5,20,random,Frangieh,0.6,0.38461538461538464,0.23076923076923078
Frangieh_Control_IL2STAT5,20,random,Frangieh,0.8,0.20512820512820512,0.20512820512820512
Frangieh_Control_IL2STAT5,20,fixed_ridge,Frangieh,0.6,0.3333333333333333,0.3076923076923077
Frangieh_Control_IL2STAT5,20,fixed_ridge,Frangieh,0.8,0.1794871794871795,0.23076923076923078
Frangieh_Control_IL2STAT5,20,greedy_ridge,Frangieh,0.6,0.28205128205128205,0.3333333333333333
Frangieh_Control_IL2STAT5,20,greedy_ridge,Frangieh,0.8,0.1794871794871795,0.20512820512820512
Frangieh_Control_IL2STAT5,20,linear_ucb,Frangieh,0.6,0.28205128205128205,0.38461538461538464
Frangieh_Control_IL2STAT5,20,linear_ucb,Frangieh,0.8,0.15384615384615385,0.2564102564102564
Frangieh_Control_IL2STAT5,20,diversity,Frangieh,0.6,0.3076923076923077,0.1794871794871795
Frangieh_Control_IL2STAT5,20,diversity,Frangieh,0.8,0.1794871794871795,0.07692307692307693
Frangieh_Control_IL2STAT5,20,extra_trees,Frangieh,0.6,0.38461538461538464,0.28205128205128205
Frangieh_Control_IL2STAT5,20,extra_trees,Frangieh,0.8,0.15384615384615385,0.20512820512820512
Frangieh_Control_IL2STAT5,20,gated_random,Frangieh,0.6,0.41025641025641024,0.20512820512820512
Frangieh_Control_IL2STAT5,20,gated_random,Frangieh,0.8,0.23076923076923078,0.15384615384615385
Frangieh_Control_IL2STAT5,20,old_controller,Frangieh,0.6,0.3076923076923077,0.1794871794871795
Frangieh_Control_IL2STAT5,20,old_controller,Frangieh,0.8,0.1794871794871795,0.07692307692307693
Frangieh_Control_IL2STAT5,21,random,Frangieh,0.6,0.3333333333333333,0.358974358974359
Frangieh_Control_IL2STAT5,21,random,Frangieh,0.8,0.20512820512820512,0.2564102564102564
Frangieh_Control_IL2STAT5,21,fixed_ridge,Frangieh,0.6,0.41025641025641024,0.4358974358974359
Frangieh_Control_IL2STAT5,21,fixed_ridge,Frangieh,0.8,0.23076923076923078,0.3333333333333333
Frangieh_Control_IL2STAT5,21,greedy_ridge,Frangieh,0.6,0.38461538461538464,0.41025641025641024
Frangieh_Control_IL2STAT5,21,greedy_ridge,Frangieh,0.8,0.23076923076923078,0.3076923076923077
Frangieh_Control_IL2STAT5,21,linear_ucb,Frangieh,0.6,0.3333333333333333,0.3076923076923077
Frangieh_Control_IL2STAT5,21,linear_ucb,Frangieh,0.8,0.20512820512820512,0.2564102564102564
Frangieh_Control_IL2STAT5,21,diversity,Frangieh,0.6,0.38461538461538464,0.3076923076923077
Frangieh_Control_IL2STAT5,21,diversity,Frangieh,0.8,0.20512820512820512,0.23076923076923078
Frangieh_Control_IL2STAT5,21,extra_trees,Frangieh,0.6,0.4358974358974359,0.4358974358974359
Frangieh_Control_IL2STAT5,21,extra_trees,Frangieh,0.8,0.1794871794871795,0.3076923076923077
Frangieh_Control_IL2STAT5,21,gated_random,Frangieh,0.6,0.3333333333333333,0.358974358974359
Frangieh_Control_IL2STAT5,21,gated_random,Frangieh,0.8,0.20512820512820512,0.2564102564102564
Frangieh_Control_IL2STAT5,21,old_controller,Frangieh,0.6,0.4358974358974359,0.41025641025641024
Frangieh_Control_IL2STAT5,21,old_controller,Frangieh,0.8,0.20512820512820512,0.28205128205128205
Frangieh_Control_IL2STAT5,22,random,Frangieh,0.6,0.41025641025641024,0.38461538461538464
Frangieh_Control_IL2STAT5,22,random,Frangieh,0.8,0.15384615384615385,0.3076923076923077
Frangieh_Control_IL2STAT5,22,fixed_ridge,Frangieh,0.6,0.41025641025641024,0.23076923076923078
Frangieh_Control_IL2STAT5,22,fixed_ridge,Frangieh,0.8,0.1794871794871795,0.20512820512820512
Frangieh_Control_IL2STAT5,22,greedy_ridge,Frangieh,0.6,0.3333333333333333,0.28205128205128205
Frangieh_Control_IL2STAT5,22,greedy_ridge,Frangieh,0.8,0.20512820512820512,0.2564102564102564
Frangieh_Control_IL2STAT5,22,linear_ucb,Frangieh,0.6,0.28205128205128205,0.28205128205128205
Frangieh_Control_IL2STAT5,22,linear_ucb,Frangieh,0.8,0.15384615384615385,0.20512820512820512
Frangieh_Control_IL2STAT5,22,diversity,Frangieh,0.6,0.41025641025641024,0.2564102564102564
Frangieh_Control_IL2STAT5,22,diversity,Frangieh,0.8,0.1794871794871795,0.1794871794871795
Frangieh_Control_IL2STAT5,22,extra_trees,Frangieh,0.6,0.3333333333333333,0.3333333333333333
Frangieh_Control_IL2STAT5,22,extra_trees,Frangieh,0.8,0.23076923076923078,0.28205128205128205
Frangieh_Control_IL2STAT5,22,gated_random,Frangieh,0.6,0.41025641025641024,0.38461538461538464
Frangieh_Control_IL2STAT5,22,gated_random,Frangieh,0.8,0.15384615384615385,0.3076923076923077
Frangieh_Control_IL2STAT5,22,old_controller,Frangieh,0.6,0.46153846153846156,0.28205128205128205
Frangieh_Control_IL2STAT5,22,old_controller,Frangieh,0.8,0.23076923076923078,0.23076923076923078
Frangieh_Control_IL2STAT5,23,random,Frangieh,0.6,0.41025641025641024,0.2564102564102564
Frangieh_Control_IL2STAT5,23,random,Frangieh,0.8,0.23076923076923078,0.15384615384615385
Frangieh_Control_IL2STAT5,23,fixed_ridge,Frangieh,0.6,0.41025641025641024,0.3333333333333333
Frangieh_Control_IL2STAT5,23,fixed_ridge,Frangieh,0.8,0.15384615384615385,0.2564102564102564
Frangieh_Control_IL2STAT5,23,greedy_ridge,Frangieh,0.6,0.3333333333333333,0.28205128205128205
Frangieh_Control_IL2STAT5,23,greedy_ridge,Frangieh,0.8,0.1282051282051282,0.20512820512820512
Frangieh_Control_IL2STAT5,23,linear_ucb,Frangieh,0.6,0.358974358974359,0.23076923076923078
Frangieh_Control_IL2STAT5,23,linear_ucb,Frangieh,0.8,0.15384615384615385,0.15384615384615385
Frangieh_Control_IL2STAT5,23,diversity,Frangieh,0.6,0.4358974358974359,0.23076923076923078
Frangieh_Control_IL2STAT5,23,diversity,Frangieh,0.8,0.20512820512820512,0.1794871794871795
Frangieh_Control_IL2STAT5,23,extra_trees,Frangieh,0.6,0.41025641025641024,0.3333333333333333
Frangieh_Control_IL2STAT5,23,extra_trees,Frangieh,0.8,0.1794871794871795,0.28205128205128205
Frangieh_Control_IL2STAT5,23,gated_random,Frangieh,0.6,0.41025641025641024,0.2564102564102564
Frangieh_Control_IL2STAT5,23,gated_random,Frangieh,0.8,0.23076923076923078,0.15384615384615385
Frangieh_Control_IL2STAT5,23,old_controller,Frangieh,0.6,0.4358974358974359,0.23076923076923078
Frangieh_Control_IL2STAT5,23,old_controller,Frangieh,0.8,0.20512820512820512,0.1794871794871795
Frangieh_Control_IL2STAT5,24,random,Frangieh,0.6,0.48717948717948717,0.358974358974359
Frangieh_Control_IL2STAT5,24,random,Frangieh,0.8,0.20512820512820512,0.2564102564102564
Frangieh_Control_IL2STAT5,24,fixed_ridge,Frangieh,0.6,0.5128205128205128,0.3076923076923077
Frangieh_Control_IL2STAT5,24,fixed_ridge,Frangieh,0.8,0.2564102564102564,0.2564102564102564
Frangieh_Control_IL2STAT5,24,greedy_ridge,Frangieh,0.6,0.4358974358974359,0.3076923076923077
Frangieh_Control_IL2STAT5,24,greedy_ridge,Frangieh,0.8,0.20512820512820512,0.2564102564102564
Frangieh_Control_IL2STAT5,24,linear_ucb,Frangieh,0.6,0.41025641025641024,0.3076923076923077
Frangieh_Control_IL2STAT5,24,linear_ucb,Frangieh,0.8,0.1794871794871795,0.2564102564102564
Frangieh_Control_IL2STAT5,24,diversity,Frangieh,0.6,0.4358974358974359,0.28205128205128205
Frangieh_Control_IL2STAT5,24,diversity,Frangieh,0.8,0.23076923076923078,0.15384615384615385
Frangieh_Control_IL2STAT5,24,extra_trees,Frangieh,0.6,0.358974358974359,0.41025641025641024
Frangieh_Control_IL2STAT5,24,extra_trees,Frangieh,0.8,0.15384615384615385,0.3333333333333333
Frangieh_Control_IL2STAT5,24,gated_random,Frangieh,0.6,0.48717948717948717,0.358974358974359
Frangieh_Control_IL2STAT5,24,gated_random,Frangieh,0.8,0.20512820512820512,0.2564102564102564
Frangieh_Control_IL2STAT5,24,old_controller,Frangieh,0.6,0.4358974358974359,0.28205128205128205
Frangieh_Control_IL2STAT5,24,old_controller,Frangieh,0.8,0.23076923076923078,0.15384615384615385
Frangieh_Control_IL2STAT5,25,random,Frangieh,0.6,0.46153846153846156,0.3333333333333333
Frangieh_Control_IL2STAT5,25,random,Frangieh,0.8,0.2564102564102564,0.23076923076923078
Frangieh_Control_IL2STAT5,25,fixed_ridge,Frangieh,0.6,0.4358974358974359,0.23076923076923078
Frangieh_Control_IL2STAT5,25,fixed_ridge,Frangieh,0.8,0.23076923076923078,0.23076923076923078
Frangieh_Control_IL2STAT5,25,greedy_ridge,Frangieh,0.6,0.38461538461538464,0.28205128205128205
Frangieh_Control_IL2STAT5,25,greedy_ridge,Frangieh,0.8,0.15384615384615385,0.23076923076923078
Frangieh_Control_IL2STAT5,25,linear_ucb,Frangieh,0.6,0.41025641025641024,0.2564102564102564
Frangieh_Control_IL2STAT5,25,linear_ucb,Frangieh,0.8,0.1794871794871795,0.20512820512820512
Frangieh_Control_IL2STAT5,25,diversity,Frangieh,0.6,0.4358974358974359,0.20512820512820512
Frangieh_Control_IL2STAT5,25,diversity,Frangieh,0.8,0.23076923076923078,0.1282051282051282
Frangieh_Control_IL2STAT5,25,extra_trees,Frangieh,0.6,0.5384615384615384,0.3076923076923077
Frangieh_Control_IL2STAT5,25,extra_trees,Frangieh,0.8,0.23076923076923078,0.2564102564102564
Frangieh_Control_IL2STAT5,25,gated_random,Frangieh,0.6,0.5384615384615384,0.23076923076923078
Frangieh_Control_IL2STAT5,25,gated_random,Frangieh,0.8,0.28205128205128205,0.15384615384615385
Frangieh_Control_IL2STAT5,25,old_controller,Frangieh,0.6,0.46153846153846156,0.1794871794871795
Frangieh_Control_IL2STAT5,25,old_controller,Frangieh,0.8,0.20512820512820512,0.1282051282051282
Frangieh_Control_IL2STAT5,26,random,Frangieh,0.6,0.38461538461538464,0.48717948717948717
Frangieh_Control_IL2STAT5,26,random,Frangieh,0.8,0.20512820512820512,0.38461538461538464
Frangieh_Control_IL2STAT5,26,fixed_ridge,Frangieh,0.6,0.46153846153846156,0.4358974358974359
Frangieh_Control_IL2STAT5,26,fixed_ridge,Frangieh,0.8,0.23076923076923078,0.41025641025641024
Frangieh_Control_IL2STAT5,26,greedy_ridge,Frangieh,0.6,0.38461538461538464,0.41025641025641024
Frangieh_Control_IL2STAT5,26,greedy_ridge,Frangieh,0.8,0.1794871794871795,0.358974358974359
Frangieh_Control_IL2STAT5,26,linear_ucb,Frangieh,0.6,0.38461538461538464,0.3076923076923077
Frangieh_Control_IL2STAT5,26,linear_ucb,Frangieh,0.8,0.15384615384615385,0.2564102564102564
Frangieh_Control_IL2STAT5,26,diversity,Frangieh,0.6,0.4358974358974359,0.3076923076923077
Frangieh_Control_IL2STAT5,26,diversity,Frangieh,0.8,0.23076923076923078,0.23076923076923078
Frangieh_Control_IL2STAT5,26,extra_trees,Frangieh,0.6,0.48717948717948717,0.4358974358974359
Frangieh_Control_IL2STAT5,26,extra_trees,Frangieh,0.8,0.20512820512820512,0.3333333333333333
Frangieh_Control_IL2STAT5,26,gated_random,Frangieh,0.6,0.38461538461538464,0.48717948717948717
Frangieh_Control_IL2STAT5,26,gated_random,Frangieh,0.8,0.20512820512820512,0.38461538461538464
Frangieh_Control_IL2STAT5,26,old_controller,Frangieh,0.6,0.4358974358974359,0.3076923076923077
Frangieh_Control_IL2STAT5,26,old_controller,Frangieh,0.8,0.23076923076923078,0.23076923076923078
Frangieh_Control_IL2STAT5,27,random,Frangieh,0.6,0.46153846153846156,0.358974358974359
Frangieh_Control_IL2STAT5,27,random,Frangieh,0.8,0.2564102564102564,0.28205128205128205
Frangieh_Control_IL2STAT5,27,fixed_ridge,Frangieh,0.6,0.358974358974359,0.3076923076923077
Frangieh_Control_IL2STAT5,27,fixed_ridge,Frangieh,0.8,0.23076923076923078,0.2564102564102564
Frangieh_Control_IL2STAT5,27,greedy_ridge,Frangieh,0.6,0.3333333333333333,0.38461538461538464
Frangieh_Control_IL2STAT5,27,greedy_ridge,Frangieh,0.8,0.1794871794871795,0.28205128205128205
Frangieh_Control_IL2STAT5,27,linear_ucb,Frangieh,0.6,0.358974358974359,0.358974358974359
Frangieh_Control_IL2STAT5,27,linear_ucb,Frangieh,0.8,0.23076923076923078,0.20512820512820512
Frangieh_Control_IL2STAT5,27,diversity,Frangieh,0.6,0.38461538461538464,0.23076923076923078
Frangieh_Control_IL2STAT5,27,diversity,Frangieh,0.8,0.20512820512820512,0.1794871794871795
Frangieh_Control_IL2STAT5,27,extra_trees,Frangieh,0.6,0.41025641025641024,0.358974358974359
Frangieh_Control_IL2STAT5,27,extra_trees,Frangieh,0.8,0.1794871794871795,0.3076923076923077
Frangieh_Control_IL2STAT5,27,gated_random,Frangieh,0.6,0.46153846153846156,0.358974358974359
Frangieh_Control_IL2STAT5,27,gated_random,Frangieh,0.8,0.2564102564102564,0.28205128205128205
Frangieh_Control_IL2STAT5,27,old_controller,Frangieh,0.6,0.38461538461538464,0.23076923076923078
Frangieh_Control_IL2STAT5,27,old_controller,Frangieh,0.8,0.20512820512820512,0.1794871794871795
Frangieh_Control_IL2STAT5,28,random,Frangieh,0.6,0.358974358974359,0.23076923076923078
Frangieh_Control_IL2STAT5,28,random,Frangieh,0.8,0.15384615384615385,0.1794871794871795
Frangieh_Control_IL2STAT5,28,fixed_ridge,Frangieh,0.6,0.3076923076923077,0.23076923076923078
Frangieh_Control_IL2STAT5,28,fixed_ridge,Frangieh,0.8,0.15384615384615385,0.15384615384615385
Frangieh_Control_IL2STAT5,28,greedy_ridge,Frangieh,0.6,0.3333333333333333,0.3333333333333333
Frangieh_Control_IL2STAT5,28,greedy_ridge,Frangieh,0.8,0.1794871794871795,0.2564102564102564
Frangieh_Control_IL2STAT5,28,linear_ucb,Frangieh,0.6,0.28205128205128205,0.28205128205128205
Frangieh_Control_IL2STAT5,28,linear_ucb,Frangieh,0.8,0.15384615384615385,0.1794871794871795
Frangieh_Control_IL2STAT5,28,diversity,Frangieh,0.6,0.41025641025641024,0.23076923076923078
Frangieh_Control_IL2STAT5,28,diversity,Frangieh,0.8,0.20512820512820512,0.15384615384615385
Frangieh_Control_IL2STAT5,28,extra_trees,Frangieh,0.6,0.358974358974359,0.23076923076923078
Frangieh_Control_IL2STAT5,28,extra_trees,Frangieh,0.8,0.1794871794871795,0.15384615384615385
Frangieh_Control_IL2STAT5,28,gated_random,Frangieh,0.6,0.358974358974359,0.23076923076923078
Frangieh_Control_IL2STAT5,28,gated_random,Frangieh,0.8,0.15384615384615385,0.1794871794871795
Frangieh_Control_IL2STAT5,28,old_controller,Frangieh,0.6,0.41025641025641024,0.23076923076923078
Frangieh_Control_IL2STAT5,28,old_controller,Frangieh,0.8,0.20512820512820512,0.15384615384615385
Frangieh_Control_IL2STAT5,29,random,Frangieh,0.6,0.5384615384615384,0.358974358974359
Frangieh_Control_IL2STAT5,29,random,Frangieh,0.8,0.2564102564102564,0.3333333333333333
Frangieh_Control_IL2STAT5,29,fixed_ridge,Frangieh,0.6,0.41025641025641024,0.358974358974359
Frangieh_Control_IL2STAT5,29,fixed_ridge,Frangieh,0.8,0.23076923076923078,0.28205128205128205
Frangieh_Control_IL2STAT5,29,greedy_ridge,Frangieh,0.6,0.3333333333333333,0.2564102564102564
Frangieh_Control_IL2STAT5,29,greedy_ridge,Frangieh,0.8,0.1794871794871795,0.20512820512820512
Frangieh_Control_IL2STAT5,29,linear_ucb,Frangieh,0.6,0.38461538461538464,0.3076923076923077
Frangieh_Control_IL2STAT5,29,linear_ucb,Frangieh,0.8,0.1794871794871795,0.23076923076923078
Frangieh_Control_IL2STAT5,29,diversity,Frangieh,0.6,0.4358974358974359,0.2564102564102564
Frangieh_Control_IL2STAT5,29,diversity,Frangieh,0.8,0.20512820512820512,0.15384615384615385
Frangieh_Control_IL2STAT5,29,extra_trees,Frangieh,0.6,0.3076923076923077,0.23076923076923078
Frangieh_Control_IL2STAT5,29,extra_trees,Frangieh,0.8,0.1794871794871795,0.20512820512820512
Frangieh_Control_IL2STAT5,29,gated_random,Frangieh,0.6,0.5384615384615384,0.358974358974359
Frangieh_Control_IL2STAT5,29,gated_random,Frangieh,0.8,0.2564102564102564,0.3333333333333333
Frangieh_Control_IL2STAT5,29,old_controller,Frangieh,0.6,0.4358974358974359,0.2564102564102564
Frangieh_Control_IL2STAT5,29,old_controller,Frangieh,0.8,0.20512820512820512,0.15384615384615385
Frangieh_IFNg_IFNG,0,random,Frangieh,0.6,0.4883720930232558,0.4883720930232558
Frangieh_IFNg_IFNG,0,random,Frangieh,0.8,0.18604651162790697,0.23255813953488372
Frangieh_IFNg_IFNG,0,fixed_ridge,Frangieh,0.6,0.37209302325581395,0.4883720930232558
Frangieh_IFNg_IFNG,0,fixed_ridge,Frangieh,0.8,0.046511627906976744,0.09302325581395349
Frangieh_IFNg_IFNG,0,greedy_ridge,Frangieh,0.6,0.4186046511627907,0.5813953488372093
Frangieh_IFNg_IFNG,0,greedy_ridge,Frangieh,0.8,0.06976744186046512,0.18604651162790697
Frangieh_IFNg_IFNG,0,linear_ucb,Frangieh,0.6,0.4418604651162791,0.46511627906976744
Frangieh_IFNg_IFNG,0,linear_ucb,Frangieh,0.8,0.13953488372093023,0.13953488372093023
Frangieh_IFNg_IFNG,0,diversity,Frangieh,0.6,0.46511627906976744,0.5116279069767442
Frangieh_IFNg_IFNG,0,diversity,Frangieh,0.8,0.09302325581395349,0.18604651162790697
Frangieh_IFNg_IFNG,0,extra_trees,Frangieh,0.6,0.3953488372093023,0.5581395348837209
Frangieh_IFNg_IFNG,0,extra_trees,Frangieh,0.8,0.18604651162790697,0.23255813953488372
Frangieh_IFNg_IFNG,0,gated_random,Frangieh,0.6,0.4883720930232558,0.4883720930232558
Frangieh_IFNg_IFNG,0,gated_random,Frangieh,0.8,0.18604651162790697,0.23255813953488372
Frangieh_IFNg_IFNG,0,old_controller,Frangieh,0.6,0.46511627906976744,0.5116279069767442
Frangieh_IFNg_IFNG,0,old_controller,Frangieh,0.8,0.09302325581395349,0.16279069767441862
Frangieh_IFNg_IFNG,1,random,Frangieh,0.6,0.3953488372093023,0.5348837209302325
Frangieh_IFNg_IFNG,1,random,Frangieh,0.8,0.16279069767441862,0.18604651162790697
Frangieh_IFNg_IFNG,1,fixed_ridge,Frangieh,0.6,0.3488372093023256,0.3953488372093023
Frangieh_IFNg_IFNG,1,fixed_ridge,Frangieh,0.8,0.09302325581395349,0.13953488372093023
Frangieh_IFNg_IFNG,1,greedy_ridge,Frangieh,0.6,0.37209302325581395,0.5348837209302325
Frangieh_IFNg_IFNG,1,greedy_ridge,Frangieh,0.8,0.16279069767441862,0.20930232558139536
Frangieh_IFNg_IFNG,1,linear_ucb,Frangieh,0.6,0.3953488372093023,0.5116279069767442
Frangieh_IFNg_IFNG,1,linear_ucb,Frangieh,0.8,0.16279069767441862,0.20930232558139536
Frangieh_IFNg_IFNG,1,diversity,Frangieh,0.6,0.46511627906976744,0.46511627906976744
Frangieh_IFNg_IFNG,1,diversity,Frangieh,0.8,0.13953488372093023,0.20930232558139536
Frangieh_IFNg_IFNG,1,extra_trees,Frangieh,0.6,0.4883720930232558,0.5116279069767442
Frangieh_IFNg_IFNG,1,extra_trees,Frangieh,0.8,0.20930232558139536,0.20930232558139536
Frangieh_IFNg_IFNG,1,gated_random,Frangieh,0.6,0.3953488372093023,0.5348837209302325
Frangieh_IFNg_IFNG,1,gated_random,Frangieh,0.8,0.16279069767441862,0.18604651162790697
Frangieh_IFNg_IFNG,1,old_controller,Frangieh,0.6,0.46511627906976744,0.46511627906976744
Frangieh_IFNg_IFNG,1,old_controller,Frangieh,0.8,0.13953488372093023,0.20930232558139536
Frangieh_IFNg_IFNG,2,random,Frangieh,0.6,0.4418604651162791,0.5116279069767442
Frangieh_IFNg_IFNG,2,random,Frangieh,0.8,0.13953488372093023,0.13953488372093023
Frangieh_IFNg_IFNG,2,fixed_ridge,Frangieh,0.6,0.5348837209302325,0.3953488372093023
Frangieh_IFNg_IFNG,2,fixed_ridge,Frangieh,0.8,0.20930232558139536,0.16279069767441862
Frangieh_IFNg_IFNG,2,greedy_ridge,Frangieh,0.6,0.5348837209302325,0.4186046511627907
Frangieh_IFNg_IFNG,2,greedy_ridge,Frangieh,0.8,0.23255813953488372,0.18604651162790697
Frangieh_IFNg_IFNG,2,linear_ucb,Frangieh,0.6,0.5581395348837209,0.4418604651162791
Frangieh_IFNg_IFNG,2,linear_ucb,Frangieh,0.8,0.20930232558139536,0.16279069767441862
Frangieh_IFNg_IFNG,2,diversity,Frangieh,0.6,0.46511627906976744,0.4883720930232558
Frangieh_IFNg_IFNG,2,diversity,Frangieh,0.8,0.13953488372093023,0.20930232558139536
Frangieh_IFNg_IFNG,2,extra_trees,Frangieh,0.6,0.46511627906976744,0.4883720930232558
Frangieh_IFNg_IFNG,2,extra_trees,Frangieh,0.8,0.18604651162790697,0.23255813953488372
Frangieh_IFNg_IFNG,2,gated_random,Frangieh,0.6,0.4418604651162791,0.37209302325581395
Frangieh_IFNg_IFNG,2,gated_random,Frangieh,0.8,0.18604651162790697,0.13953488372093023
Frangieh_IFNg_IFNG,2,old_controller,Frangieh,0.6,0.4883720930232558,0.4186046511627907
Frangieh_IFNg_IFNG,2,old_controller,Frangieh,0.8,0.16279069767441862,0.16279069767441862
Frangieh_IFNg_IFNG,3,random,Frangieh,0.6,0.5348837209302325,0.5581395348837209
Frangieh_IFNg_IFNG,3,random,Frangieh,0.8,0.11627906976744186,0.23255813953488372
Frangieh_IFNg_IFNG,3,fixed_ridge,Frangieh,0.6,0.37209302325581395,0.3488372093023256
Frangieh_IFNg_IFNG,3,fixed_ridge,Frangieh,0.8,0.06976744186046512,0.06976744186046512
Frangieh_IFNg_IFNG,3,greedy_ridge,Frangieh,0.6,0.46511627906976744,0.3953488372093023
Frangieh_IFNg_IFNG,3,greedy_ridge,Frangieh,0.8,0.11627906976744186,0.18604651162790697
Frangieh_IFNg_IFNG,3,linear_ucb,Frangieh,0.6,0.46511627906976744,0.4186046511627907
Frangieh_IFNg_IFNG,3,linear_ucb,Frangieh,0.8,0.11627906976744186,0.18604651162790697
Frangieh_IFNg_IFNG,3,diversity,Frangieh,0.6,0.4883720930232558,0.5116279069767442
Frangieh_IFNg_IFNG,3,diversity,Frangieh,0.8,0.13953488372093023,0.20930232558139536
Frangieh_IFNg_IFNG,3,extra_trees,Frangieh,0.6,0.3953488372093023,0.5348837209302325
Frangieh_IFNg_IFNG,3,extra_trees,Frangieh,0.8,0.09302325581395349,0.20930232558139536
Frangieh_IFNg_IFNG,3,gated_random,Frangieh,0.6,0.5348837209302325,0.5581395348837209
Frangieh_IFNg_IFNG,3,gated_random,Frangieh,0.8,0.11627906976744186,0.23255813953488372
Frangieh_IFNg_IFNG,3,old_controller,Frangieh,0.6,0.4883720930232558,0.5116279069767442
Frangieh_IFNg_IFNG,3,old_controller,Frangieh,0.8,0.13953488372093023,0.20930232558139536
Frangieh_IFNg_IFNG,4,random,Frangieh,0.6,0.4186046511627907,0.5116279069767442
Frangieh_IFNg_IFNG,4,random,Frangieh,0.8,0.23255813953488372,0.16279069767441862
Frangieh_IFNg_IFNG,4,fixed_ridge,Frangieh,0.6,0.5348837209302325,0.4883720930232558
Frangieh_IFNg_IFNG,4,fixed_ridge,Frangieh,0.8,0.2558139534883721,0.2558139534883721
Frangieh_IFNg_IFNG,4,greedy_ridge,Frangieh,0.6,0.6046511627906976,0.4883720930232558
Frangieh_IFNg_IFNG,4,greedy_ridge,Frangieh,0.8,0.27906976744186046,0.3023255813953488
Frangieh_IFNg_IFNG,4,linear_ucb,Frangieh,0.6,0.5581395348837209,0.4418604651162791
Frangieh_IFNg_IFNG,4,linear_ucb,Frangieh,0.8,0.23255813953488372,0.27906976744186046
Frangieh_IFNg_IFNG,4,diversity,Frangieh,0.6,0.4883720930232558,0.5581395348837209
Frangieh_IFNg_IFNG,4,diversity,Frangieh,0.8,0.20930232558139536,0.32558139534883723
Frangieh_IFNg_IFNG,4,extra_trees,Frangieh,0.6,0.4883720930232558,0.5348837209302325
Frangieh_IFNg_IFNG,4,extra_trees,Frangieh,0.8,0.23255813953488372,0.3023255813953488
Frangieh_IFNg_IFNG,4,gated_random,Frangieh,0.6,0.4186046511627907,0.5348837209302325
Frangieh_IFNg_IFNG,4,gated_random,Frangieh,0.8,0.23255813953488372,0.2558139534883721
Frangieh_IFNg_IFNG,4,old_controller,Frangieh,0.6,0.4883720930232558,0.5581395348837209
Frangieh_IFNg_IFNG,4,old_controller,Frangieh,0.8,0.20930232558139536,0.32558139534883723
Frangieh_IFNg_IFNG,5,random,Frangieh,0.6,0.4186046511627907,0.5116279069767442
Frangieh_IFNg_IFNG,5,random,Frangieh,0.8,0.16279069767441862,0.16279069767441862
Frangieh_IFNg_IFNG,5,fixed_ridge,Frangieh,0.6,0.5348837209302325,0.46511627906976744
Frangieh_IFNg_IFNG,5,fixed_ridge,Frangieh,0.8,0.18604651162790697,0.23255813953488372
Frangieh_IFNg_IFNG,5,greedy_ridge,Frangieh,0.6,0.4883720930232558,0.4186046511627907
Frangieh_IFNg_IFNG,5,greedy_ridge,Frangieh,0.8,0.18604651162790697,0.18604651162790697
Frangieh_IFNg_IFNG,5,linear_ucb,Frangieh,0.6,0.5581395348837209,0.5116279069767442
Frangieh_IFNg_IFNG,5,linear_ucb,Frangieh,0.8,0.16279069767441862,0.20930232558139536
Frangieh_IFNg_IFNG,5,diversity,Frangieh,0.6,0.46511627906976744,0.5116279069767442
Frangieh_IFNg_IFNG,5,diversity,Frangieh,0.8,0.16279069767441862,0.27906976744186046
Frangieh_IFNg_IFNG,5,extra_trees,Frangieh,0.6,0.5116279069767442,0.4418604651162791
Frangieh_IFNg_IFNG,5,extra_trees,Frangieh,0.8,0.20930232558139536,0.23255813953488372
Frangieh_IFNg_IFNG,5,gated_random,Frangieh,0.6,0.4186046511627907,0.5116279069767442
Frangieh_IFNg_IFNG,5,gated_random,Frangieh,0.8,0.16279069767441862,0.16279069767441862
Frangieh_IFNg_IFNG,5,old_controller,Frangieh,0.6,0.46511627906976744,0.5116279069767442
Frangieh_IFNg_IFNG,5,old_controller,Frangieh,0.8,0.16279069767441862,0.27906976744186046
Frangieh_IFNg_IFNG,6,random,Frangieh,0.6,0.4186046511627907,0.5116279069767442
Frangieh_IFNg_IFNG,6,random,Frangieh,0.8,0.18604651162790697,0.27906976744186046
Frangieh_IFNg_IFNG,6,fixed_ridge,Frangieh,0.6,0.37209302325581395,0.5116279069767442
Frangieh_IFNg_IFNG,6,fixed_ridge,Frangieh,0.8,0.13953488372093023,0.2558139534883721
Frangieh_IFNg_IFNG,6,greedy_ridge,Frangieh,0.6,0.4418604651162791,0.46511627906976744
Frangieh_IFNg_IFNG,6,greedy_ridge,Frangieh,0.8,0.13953488372093023,0.23255813953488372
Frangieh_IFNg_IFNG,6,linear_ucb,Frangieh,0.6,0.46511627906976744,0.4883720930232558
Frangieh_IFNg_IFNG,6,linear_ucb,Frangieh,0.8,0.13953488372093023,0.23255813953488372
Frangieh_IFNg_IFNG,6,diversity,Frangieh,0.6,0.46511627906976744,0.5348837209302325
Frangieh_IFNg_IFNG,6,diversity,Frangieh,0.8,0.13953488372093023,0.2558139534883721
Frangieh_IFNg_IFNG,6,extra_trees,Frangieh,0.6,0.46511627906976744,0.46511627906976744
Frangieh_IFNg_IFNG,6,extra_trees,Frangieh,0.8,0.16279069767441862,0.18604651162790697
Frangieh_IFNg_IFNG,6,gated_random,Frangieh,0.6,0.4186046511627907,0.5116279069767442
Frangieh_IFNg_IFNG,6,gated_random,Frangieh,0.8,0.18604651162790697,0.27906976744186046
Frangieh_IFNg_IFNG,6,old_controller,Frangieh,0.6,0.46511627906976744,0.5348837209302325
Frangieh_IFNg_IFNG,6,old_controller,Frangieh,0.8,0.13953488372093023,0.2558139534883721
Frangieh_IFNg_IFNG,7,random,Frangieh,0.6,0.37209302325581395,0.4883720930232558
Frangieh_IFNg_IFNG,7,random,Frangieh,0.8,0.16279069767441862,0.20930232558139536
Frangieh_IFNg_IFNG,7,fixed_ridge,Frangieh,0.6,0.4186046511627907,0.46511627906976744
Frangieh_IFNg_IFNG,7,fixed_ridge,Frangieh,0.8,0.13953488372093023,0.18604651162790697
Frangieh_IFNg_IFNG,7,greedy_ridge,Frangieh,0.6,0.4883720930232558,0.37209302325581395
Frangieh_IFNg_IFNG,7,greedy_ridge,Frangieh,0.8,0.16279069767441862,0.18604651162790697
Frangieh_IFNg_IFNG,7,linear_ucb,Frangieh,0.6,0.4883720930232558,0.3953488372093023
Frangieh_IFNg_IFNG,7,linear_ucb,Frangieh,0.8,0.18604651162790697,0.18604651162790697
Frangieh_IFNg_IFNG,7,diversity,Frangieh,0.6,0.4883720930232558,0.5348837209302325
Frangieh_IFNg_IFNG,7,diversity,Frangieh,0.8,0.16279069767441862,0.23255813953488372
Frangieh_IFNg_IFNG,7,extra_trees,Frangieh,0.6,0.6046511627906976,0.5116279069767442
Frangieh_IFNg_IFNG,7,extra_trees,Frangieh,0.8,0.20930232558139536,0.23255813953488372
Frangieh_IFNg_IFNG,7,gated_random,Frangieh,0.6,0.37209302325581395,0.4883720930232558
Frangieh_IFNg_IFNG,7,gated_random,Frangieh,0.8,0.16279069767441862,0.20930232558139536
Frangieh_IFNg_IFNG,7,old_controller,Frangieh,0.6,0.4883720930232558,0.4883720930232558
Frangieh_IFNg_IFNG,7,old_controller,Frangieh,0.8,0.18604651162790697,0.20930232558139536
Frangieh_IFNg_IFNG,8,random,Frangieh,0.6,0.4418604651162791,0.4186046511627907
Frangieh_IFNg_IFNG,8,random,Frangieh,0.8,0.18604651162790697,0.23255813953488372
Frangieh_IFNg_IFNG,8,fixed_ridge,Frangieh,0.6,0.4883720930232558,0.4883720930232558
Frangieh_IFNg_IFNG,8,fixed_ridge,Frangieh,0.8,0.18604651162790697,0.20930232558139536
Frangieh_IFNg_IFNG,8,greedy_ridge,Frangieh,0.6,0.5813953488372093,0.4418604651162791
Frangieh_IFNg_IFNG,8,greedy_ridge,Frangieh,0.8,0.20930232558139536,0.23255813953488372
Frangieh_IFNg_IFNG,8,linear_ucb,Frangieh,0.6,0.5813953488372093,0.4186046511627907
Frangieh_IFNg_IFNG,8,linear_ucb,Frangieh,0.8,0.16279069767441862,0.20930232558139536
Frangieh_IFNg_IFNG,8,diversity,Frangieh,0.6,0.4883720930232558,0.5348837209302325
Frangieh_IFNg_IFNG,8,diversity,Frangieh,0.8,0.13953488372093023,0.23255813953488372
Frangieh_IFNg_IFNG,8,extra_trees,Frangieh,0.6,0.5348837209302325,0.4883720930232558
Frangieh_IFNg_IFNG,8,extra_trees,Frangieh,0.8,0.20930232558139536,0.27906976744186046
Frangieh_IFNg_IFNG,8,gated_random,Frangieh,0.6,0.4418604651162791,0.4186046511627907
Frangieh_IFNg_IFNG,8,gated_random,Frangieh,0.8,0.18604651162790697,0.23255813953488372
Frangieh_IFNg_IFNG,8,old_controller,Frangieh,0.6,0.4883720930232558,0.5348837209302325
Frangieh_IFNg_IFNG,8,old_controller,Frangieh,0.8,0.13953488372093023,0.23255813953488372
Frangieh_IFNg_IFNG,9,random,Frangieh,0.6,0.3953488372093023,0.4883720930232558
Frangieh_IFNg_IFNG,9,random,Frangieh,0.8,0.13953488372093023,0.18604651162790697
Frangieh_IFNg_IFNG,9,fixed_ridge,Frangieh,0.6,0.4418604651162791,0.37209302325581395
Frangieh_IFNg_IFNG,9,fixed_ridge,Frangieh,0.8,0.11627906976744186,0.23255813953488372
Frangieh_IFNg_IFNG,9,greedy_ridge,Frangieh,0.6,0.5116279069767442,0.3953488372093023
Frangieh_IFNg_IFNG,9,greedy_ridge,Frangieh,0.8,0.11627906976744186,0.18604651162790697
Frangieh_IFNg_IFNG,9,linear_ucb,Frangieh,0.6,0.4186046511627907,0.32558139534883723
Frangieh_IFNg_IFNG,9,linear_ucb,Frangieh,0.8,0.09302325581395349,0.18604651162790697
Frangieh_IFNg_IFNG,9,diversity,Frangieh,0.6,0.46511627906976744,0.5116279069767442
Frangieh_IFNg_IFNG,9,diversity,Frangieh,0.8,0.09302325581395349,0.23255813953488372
Frangieh_IFNg_IFNG,9,extra_trees,Frangieh,0.6,0.5116279069767442,0.4186046511627907
Frangieh_IFNg_IFNG,9,extra_trees,Frangieh,0.8,0.13953488372093023,0.23255813953488372
Frangieh_IFNg_IFNG,9,gated_random,Frangieh,0.6,0.4418604651162791,0.3953488372093023
Frangieh_IFNg_IFNG,9,gated_random,Frangieh,0.8,0.16279069767441862,0.16279069767441862
Frangieh_IFNg_IFNG,9,old_controller,Frangieh,0.6,0.3953488372093023,0.4418604651162791
Frangieh_IFNg_IFNG,9,old_controller,Frangieh,0.8,0.09302325581395349,0.18604651162790697
Frangieh_IFNg_IFNG,10,random,Frangieh,0.6,0.4883720930232558,0.46511627906976744
Frangieh_IFNg_IFNG,10,random,Frangieh,0.8,0.23255813953488372,0.2558139534883721
Frangieh_IFNg_IFNG,10,fixed_ridge,Frangieh,0.6,0.5116279069767442,0.4186046511627907
Frangieh_IFNg_IFNG,10,fixed_ridge,Frangieh,0.8,0.18604651162790697,0.27906976744186046
Frangieh_IFNg_IFNG,10,greedy_ridge,Frangieh,0.6,0.5348837209302325,0.5348837209302325
Frangieh_IFNg_IFNG,10,greedy_ridge,Frangieh,0.8,0.23255813953488372,0.2558139534883721
Frangieh_IFNg_IFNG,10,linear_ucb,Frangieh,0.6,0.5581395348837209,0.627906976744186
Frangieh_IFNg_IFNG,10,linear_ucb,Frangieh,0.8,0.23255813953488372,0.3023255813953488
Frangieh_IFNg_IFNG,10,diversity,Frangieh,0.6,0.46511627906976744,0.5581395348837209
Frangieh_IFNg_IFNG,10,diversity,Frangieh,0.8,0.18604651162790697,0.23255813953488372
Frangieh_IFNg_IFNG,10,extra_trees,Frangieh,0.6,0.5348837209302325,0.5348837209302325
Frangieh_IFNg_IFNG,10,extra_trees,Frangieh,0.8,0.13953488372093023,0.27906976744186046
Frangieh_IFNg_IFNG,10,gated_random,Frangieh,0.6,0.46511627906976744,0.5348837209302325
Frangieh_IFNg_IFNG,10,gated_random,Frangieh,0.8,0.23255813953488372,0.2558139534883721
Frangieh_IFNg_IFNG,10,old_controller,Frangieh,0.6,0.46511627906976744,0.5581395348837209
Frangieh_IFNg_IFNG,10,old_controller,Frangieh,0.8,0.18604651162790697,0.23255813953488372
Frangieh_IFNg_IFNG,11,random,Frangieh,0.6,0.4186046511627907,0.5116279069767442
Frangieh_IFNg_IFNG,11,random,Frangieh,0.8,0.16279069767441862,0.18604651162790697
Frangieh_IFNg_IFNG,11,fixed_ridge,Frangieh,0.6,0.5581395348837209,0.5116279069767442
Frangieh_IFNg_IFNG,11,fixed_ridge,Frangieh,0.8,0.18604651162790697,0.27906976744186046
Frangieh_IFNg_IFNG,11,greedy_ridge,Frangieh,0.6,0.5813953488372093,0.4883720930232558
Frangieh_IFNg_IFNG,11,greedy_ridge,Frangieh,0.8,0.23255813953488372,0.2558139534883721
Frangieh_IFNg_IFNG,11,linear_ucb,Frangieh,0.6,0.627906976744186,0.46511627906976744
Frangieh_IFNg_IFNG,11,linear_ucb,Frangieh,0.8,0.2558139534883721,0.27906976744186046
Frangieh_IFNg_IFNG,11,diversity,Frangieh,0.6,0.46511627906976744,0.6046511627906976
Frangieh_IFNg_IFNG,11,diversity,Frangieh,0.8,0.20930232558139536,0.2558139534883721
Frangieh_IFNg_IFNG,11,extra_trees,Frangieh,0.6,0.5348837209302325,0.6046511627906976
Frangieh_IFNg_IFNG,11,extra_trees,Frangieh,0.8,0.20930232558139536,0.2558139534883721
Frangieh_IFNg_IFNG,11,gated_random,Frangieh,0.6,0.4186046511627907,0.5116279069767442
Frangieh_IFNg_IFNG,11,gated_random,Frangieh,0.8,0.16279069767441862,0.18604651162790697
Frangieh_IFNg_IFNG,11,old_controller,Frangieh,0.6,0.46511627906976744,0.6046511627906976
Frangieh_IFNg_IFNG,11,old_controller,Frangieh,0.8,0.20930232558139536,0.2558139534883721
Frangieh_IFNg_IFNG,12,random,Frangieh,0.6,0.4883720930232558,0.627906976744186
Frangieh_IFNg_IFNG,12,random,Frangieh,0.8,0.23255813953488372,0.3023255813953488
Frangieh_IFNg_IFNG,12,fixed_ridge,Frangieh,0.6,0.4883720930232558,0.46511627906976744
Frangieh_IFNg_IFNG,12,fixed_ridge,Frangieh,0.8,0.23255813953488372,0.23255813953488372
Frangieh_IFNg_IFNG,12,greedy_ridge,Frangieh,0.6,0.6046511627906976,0.46511627906976744
Frangieh_IFNg_IFNG,12,greedy_ridge,Frangieh,0.8,0.2558139534883721,0.27906976744186046
Frangieh_IFNg_IFNG,12,linear_ucb,Frangieh,0.6,0.6046511627906976,0.5116279069767442
Frangieh_IFNg_IFNG,12,linear_ucb,Frangieh,0.8,0.2558139534883721,0.3023255813953488
Frangieh_IFNg_IFNG,12,diversity,Frangieh,0.6,0.5348837209302325,0.5813953488372093
Frangieh_IFNg_IFNG,12,diversity,Frangieh,0.8,0.18604651162790697,0.27906976744186046
Frangieh_IFNg_IFNG,12,extra_trees,Frangieh,0.6,0.6046511627906976,0.4186046511627907
Frangieh_IFNg_IFNG,12,extra_trees,Frangieh,0.8,0.23255813953488372,0.16279069767441862
Frangieh_IFNg_IFNG,12,gated_random,Frangieh,0.6,0.4883720930232558,0.627906976744186
Frangieh_IFNg_IFNG,12,gated_random,Frangieh,0.8,0.23255813953488372,0.3023255813953488
Frangieh_IFNg_IFNG,12,old_controller,Frangieh,0.6,0.5348837209302325,0.5813953488372093
Frangieh_IFNg_IFNG,12,old_controller,Frangieh,0.8,0.18604651162790697,0.27906976744186046
Frangieh_IFNg_IFNG,13,random,Frangieh,0.6,0.4186046511627907,0.4418604651162791
Frangieh_IFNg_IFNG,13,random,Frangieh,0.8,0.16279069767441862,0.16279069767441862
Frangieh_IFNg_IFNG,13,fixed_ridge,Frangieh,0.6,0.4883720930232558,0.5116279069767442
Frangieh_IFNg_IFNG,13,fixed_ridge,Frangieh,0.8,0.18604651162790697,0.20930232558139536
Frangieh_IFNg_IFNG,13,greedy_ridge,Frangieh,0.6,0.6046511627906976,0.5348837209302325
Frangieh_IFNg_IFNG,13,greedy_ridge,Frangieh,0.8,0.23255813953488372,0.27906976744186046
Frangieh_IFNg_IFNG,13,linear_ucb,Frangieh,0.6,0.5813953488372093,0.5116279069767442
Frangieh_IFNg_IFNG,13,linear_ucb,Frangieh,0.8,0.23255813953488372,0.2558139534883721
Frangieh_IFNg_IFNG,13,diversity,Frangieh,0.6,0.5116279069767442,0.5348837209302325
Frangieh_IFNg_IFNG,13,diversity,Frangieh,0.8,0.16279069767441862,0.2558139534883721
Frangieh_IFNg_IFNG,13,extra_trees,Frangieh,0.6,0.5116279069767442,0.5116279069767442
Frangieh_IFNg_IFNG,13,extra_trees,Frangieh,0.8,0.2558139534883721,0.2558139534883721
Frangieh_IFNg_IFNG,13,gated_random,Frangieh,0.6,0.4186046511627907,0.4418604651162791
Frangieh_IFNg_IFNG,13,gated_random,Frangieh,0.8,0.16279069767441862,0.16279069767441862
Frangieh_IFNg_IFNG,13,old_controller,Frangieh,0.6,0.5116279069767442,0.5348837209302325
Frangieh_IFNg_IFNG,13,old_controller,Frangieh,0.8,0.16279069767441862,0.2558139534883721
Frangieh_IFNg_IFNG,14,random,Frangieh,0.6,0.3488372093023256,0.4883720930232558
Frangieh_IFNg_IFNG,14,random,Frangieh,0.8,0.18604651162790697,0.23255813953488372
Frangieh_IFNg_IFNG,14,fixed_ridge,Frangieh,0.6,0.3953488372093023,0.46511627906976744
Frangieh_IFNg_IFNG,14,fixed_ridge,Frangieh,0.8,0.06976744186046512,0.23255813953488372
Frangieh_IFNg_IFNG,14,greedy_ridge,Frangieh,0.6,0.4186046511627907,0.4418604651162791
Frangieh_IFNg_IFNG,14,greedy_ridge,Frangieh,0.8,0.13953488372093023,0.23255813953488372
Frangieh_IFNg_IFNG,14,linear_ucb,Frangieh,0.6,0.4418604651162791,0.4883720930232558
Frangieh_IFNg_IFNG,14,linear_ucb,Frangieh,0.8,0.13953488372093023,0.27906976744186046
Frangieh_IFNg_IFNG,14,diversity,Frangieh,0.6,0.37209302325581395,0.4418604651162791
Frangieh_IFNg_IFNG,14,diversity,Frangieh,0.8,0.06976744186046512,0.18604651162790697
Frangieh_IFNg_IFNG,14,extra_trees,Frangieh,0.6,0.46511627906976744,0.46511627906976744
Frangieh_IFNg_IFNG,14,extra_trees,Frangieh,0.8,0.20930232558139536,0.27906976744186046
Frangieh_IFNg_IFNG,14,gated_random,Frangieh,0.6,0.3488372093023256,0.4883720930232558
Frangieh_IFNg_IFNG,14,gated_random,Frangieh,0.8,0.18604651162790697,0.23255813953488372
Frangieh_IFNg_IFNG,14,old_controller,Frangieh,0.6,0.37209302325581395,0.4418604651162791
Frangieh_IFNg_IFNG,14,old_controller,Frangieh,0.8,0.06976744186046512,0.18604651162790697
Frangieh_IFNg_IFNG,15,random,Frangieh,0.6,0.37209302325581395,0.5116279069767442
Frangieh_IFNg_IFNG,15,random,Frangieh,0.8,0.18604651162790697,0.2558139534883721
Frangieh_IFNg_IFNG,15,fixed_ridge,Frangieh,0.6,0.46511627906976744,0.5348837209302325
Frangieh_IFNg_IFNG,15,fixed_ridge,Frangieh,0.8,0.16279069767441862,0.18604651162790697
Frangieh_IFNg_IFNG,15,greedy_ridge,Frangieh,0.6,0.3953488372093023,0.4418604651162791
Frangieh_IFNg_IFNG,15,greedy_ridge,Frangieh,0.8,0.11627906976744186,0.16279069767441862
Frangieh_IFNg_IFNG,15,linear_ucb,Frangieh,0.6,0.4186046511627907,0.4883720930232558
Frangieh_IFNg_IFNG,15,linear_ucb,Frangieh,0.8,0.11627906976744186,0.18604651162790697
Frangieh_IFNg_IFNG,15,diversity,Frangieh,0.6,0.4883720930232558,0.5116279069767442
Frangieh_IFNg_IFNG,15,diversity,Frangieh,0.8,0.13953488372093023,0.23255813953488372
Frangieh_IFNg_IFNG,15,extra_trees,Frangieh,0.6,0.4418604651162791,0.4418604651162791
Frangieh_IFNg_IFNG,15,extra_trees,Frangieh,0.8,0.13953488372093023,0.20930232558139536
Frangieh_IFNg_IFNG,15,gated_random,Frangieh,0.6,0.37209302325581395,0.5116279069767442
Frangieh_IFNg_IFNG,15,gated_random,Frangieh,0.8,0.18604651162790697,0.2558139534883721
Frangieh_IFNg_IFNG,15,old_controller,Frangieh,0.6,0.4418604651162791,0.4883720930232558
Frangieh_IFNg_IFNG,15,old_controller,Frangieh,0.8,0.09302325581395349,0.13953488372093023
Frangieh_IFNg_IFNG,16,random,Frangieh,0.6,0.4883720930232558,0.5813953488372093
Frangieh_IFNg_IFNG,16,random,Frangieh,0.8,0.2558139534883721,0.27906976744186046
Frangieh_IFNg_IFNG,16,fixed_ridge,Frangieh,0.6,0.3488372093023256,0.3953488372093023
Frangieh_IFNg_IFNG,16,fixed_ridge,Frangieh,0.8,0.13953488372093023,0.23255813953488372
Frangieh_IFNg_IFNG,16,greedy_ridge,Frangieh,0.6,0.3953488372093023,0.5348837209302325
Frangieh_IFNg_IFNG,16,greedy_ridge,Frangieh,0.8,0.16279069767441862,0.27906976744186046
Frangieh_IFNg_IFNG,16,linear_ucb,Frangieh,0.6,0.4186046511627907,0.5581395348837209
Frangieh_IFNg_IFNG,16,linear_ucb,Frangieh,0.8,0.16279069767441862,0.3023255813953488
Frangieh_IFNg_IFNG,16,diversity,Frangieh,0.6,0.4418604651162791,0.5348837209302325
Frangieh_IFNg_IFNG,16,diversity,Frangieh,0.8,0.18604651162790697,0.27906976744186046
Frangieh_IFNg_IFNG,16,extra_trees,Frangieh,0.6,0.37209302325581395,0.4186046511627907
Frangieh_IFNg_IFNG,16,extra_trees,Frangieh,0.8,0.09302325581395349,0.13953488372093023
Frangieh_IFNg_IFNG,16,gated_random,Frangieh,0.6,0.4883720930232558,0.5813953488372093
Frangieh_IFNg_IFNG,16,gated_random,Frangieh,0.8,0.2558139534883721,0.27906976744186046
Frangieh_IFNg_IFNG,16,old_controller,Frangieh,0.6,0.4418604651162791,0.5348837209302325
Frangieh_IFNg_IFNG,16,old_controller,Frangieh,0.8,0.18604651162790697,0.27906976744186046
Frangieh_IFNg_IFNG,17,random,Frangieh,0.6,0.5116279069767442,0.5348837209302325
Frangieh_IFNg_IFNG,17,random,Frangieh,0.8,0.23255813953488372,0.27906976744186046
Frangieh_IFNg_IFNG,17,fixed_ridge,Frangieh,0.6,0.4883720930232558,0.4883720930232558
Frangieh_IFNg_IFNG,17,fixed_ridge,Frangieh,0.8,0.23255813953488372,0.2558139534883721
Frangieh_IFNg_IFNG,17,greedy_ridge,Frangieh,0.6,0.4883720930232558,0.4186046511627907
Frangieh_IFNg_IFNG,17,greedy_ridge,Frangieh,0.8,0.23255813953488372,0.20930232558139536
Frangieh_IFNg_IFNG,17,linear_ucb,Frangieh,0.6,0.5581395348837209,0.46511627906976744
Frangieh_IFNg_IFNG,17,linear_ucb,Frangieh,0.8,0.2558139534883721,0.23255813953488372
Frangieh_IFNg_IFNG,17,diversity,Frangieh,0.6,0.4883720930232558,0.6046511627906976
Frangieh_IFNg_IFNG,17,diversity,Frangieh,0.8,0.16279069767441862,0.2558139534883721
Frangieh_IFNg_IFNG,17,extra_trees,Frangieh,0.6,0.4883720930232558,0.4186046511627907
Frangieh_IFNg_IFNG,17,extra_trees,Frangieh,0.8,0.20930232558139536,0.20930232558139536
Frangieh_IFNg_IFNG,17,gated_random,Frangieh,0.6,0.5116279069767442,0.5348837209302325
Frangieh_IFNg_IFNG,17,gated_random,Frangieh,0.8,0.23255813953488372,0.27906976744186046
Frangieh_IFNg_IFNG,17,old_controller,Frangieh,0.6,0.4883720930232558,0.6046511627906976
Frangieh_IFNg_IFNG,17,old_controller,Frangieh,0.8,0.16279069767441862,0.2558139534883721
Frangieh_IFNg_IFNG,18,random,Frangieh,0.6,0.32558139534883723,0.5348837209302325
Frangieh_IFNg_IFNG,18,random,Frangieh,0.8,0.16279069767441862,0.13953488372093023
Frangieh_IFNg_IFNG,18,fixed_ridge,Frangieh,0.6,0.4418604651162791,0.4883720930232558
Frangieh_IFNg_IFNG,18,fixed_ridge,Frangieh,0.8,0.18604651162790697,0.23255813953488372
Frangieh_IFNg_IFNG,18,greedy_ridge,Frangieh,0.6,0.4883720930232558,0.4418604651162791
Frangieh_IFNg_IFNG,18,greedy_ridge,Frangieh,0.8,0.18604651162790697,0.2558139534883721
Frangieh_IFNg_IFNG,18,linear_ucb,Frangieh,0.6,0.46511627906976744,0.4186046511627907
Frangieh_IFNg_IFNG,18,linear_ucb,Frangieh,0.8,0.16279069767441862,0.23255813953488372
Frangieh_IFNg_IFNG,18,diversity,Frangieh,0.6,0.3953488372093023,0.5581395348837209
Frangieh_IFNg_IFNG,18,diversity,Frangieh,0.8,0.16279069767441862,0.2558139534883721
Frangieh_IFNg_IFNG,18,extra_trees,Frangieh,0.6,0.46511627906976744,0.4883720930232558
Frangieh_IFNg_IFNG,18,extra_trees,Frangieh,0.8,0.20930232558139536,0.2558139534883721
Frangieh_IFNg_IFNG,18,gated_random,Frangieh,0.6,0.32558139534883723,0.5348837209302325
Frangieh_IFNg_IFNG,18,gated_random,Frangieh,0.8,0.16279069767441862,0.13953488372093023
Frangieh_IFNg_IFNG,18,old_controller,Frangieh,0.6,0.3953488372093023,0.5581395348837209
Frangieh_IFNg_IFNG,18,old_controller,Frangieh,0.8,0.16279069767441862,0.2558139534883721
Frangieh_IFNg_IFNG,19,random,Frangieh,0.6,0.46511627906976744,0.4186046511627907
Frangieh_IFNg_IFNG,19,random,Frangieh,0.8,0.13953488372093023,0.20930232558139536
Frangieh_IFNg_IFNG,19,fixed_ridge,Frangieh,0.6,0.5116279069767442,0.5348837209302325
Frangieh_IFNg_IFNG,19,fixed_ridge,Frangieh,0.8,0.18604651162790697,0.23255813953488372
Frangieh_IFNg_IFNG,19,greedy_ridge,Frangieh,0.6,0.5348837209302325,0.5348837209302325
Frangieh_IFNg_IFNG,19,greedy_ridge,Frangieh,0.8,0.23255813953488372,0.32558139534883723
Frangieh_IFNg_IFNG,19,linear_ucb,Frangieh,0.6,0.5813953488372093,0.5116279069767442
Frangieh_IFNg_IFNG,19,linear_ucb,Frangieh,0.8,0.2558139534883721,0.32558139534883723
Frangieh_IFNg_IFNG,19,diversity,Frangieh,0.6,0.4418604651162791,0.4186046511627907
Frangieh_IFNg_IFNG,19,diversity,Frangieh,0.8,0.11627906976744186,0.16279069767441862
Frangieh_IFNg_IFNG,19,extra_trees,Frangieh,0.6,0.3488372093023256,0.4186046511627907
Frangieh_IFNg_IFNG,19,extra_trees,Frangieh,0.8,0.16279069767441862,0.23255813953488372
Frangieh_IFNg_IFNG,19,gated_random,Frangieh,0.6,0.46511627906976744,0.5348837209302325
Frangieh_IFNg_IFNG,19,gated_random,Frangieh,0.8,0.20930232558139536,0.23255813953488372
Frangieh_IFNg_IFNG,19,old_controller,Frangieh,0.6,0.5581395348837209,0.4186046511627907
Frangieh_IFNg_IFNG,19,old_controller,Frangieh,0.8,0.2558139534883721,0.23255813953488372
Frangieh_IFNg_IFNG,20,random,Frangieh,0.6,0.4418604651162791,0.5581395348837209
Frangieh_IFNg_IFNG,20,random,Frangieh,0.8,0.16279069767441862,0.23255813953488372
Frangieh_IFNg_IFNG,20,fixed_ridge,Frangieh,0.6,0.46511627906976744,0.4418604651162791
Frangieh_IFNg_IFNG,20,fixed_ridge,Frangieh,0.8,0.16279069767441862,0.2558139534883721
Frangieh_IFNg_IFNG,20,greedy_ridge,Frangieh,0.6,0.46511627906976744,0.5348837209302325
Frangieh_IFNg_IFNG,20,greedy_ridge,Frangieh,0.8,0.16279069767441862,0.27906976744186046
Frangieh_IFNg_IFNG,20,linear_ucb,Frangieh,0.6,0.4883720930232558,0.5116279069767442
Frangieh_IFNg_IFNG,20,linear_ucb,Frangieh,0.8,0.16279069767441862,0.27906976744186046
Frangieh_IFNg_IFNG,20,diversity,Frangieh,0.6,0.5348837209302325,0.627906976744186
Frangieh_IFNg_IFNG,20,diversity,Frangieh,0.8,0.23255813953488372,0.3023255813953488
Frangieh_IFNg_IFNG,20,extra_trees,Frangieh,0.6,0.5348837209302325,0.5116279069767442
Frangieh_IFNg_IFNG,20,extra_trees,Frangieh,0.8,0.2558139534883721,0.3023255813953488
Frangieh_IFNg_IFNG,20,gated_random,Frangieh,0.6,0.4418604651162791,0.5581395348837209
Frangieh_IFNg_IFNG,20,gated_random,Frangieh,0.8,0.16279069767441862,0.23255813953488372
Frangieh_IFNg_IFNG,20,old_controller,Frangieh,0.6,0.5348837209302325,0.627906976744186
Frangieh_IFNg_IFNG,20,old_controller,Frangieh,0.8,0.23255813953488372,0.3023255813953488
Frangieh_IFNg_IFNG,21,random,Frangieh,0.6,0.4186046511627907,0.5348837209302325
Frangieh_IFNg_IFNG,21,random,Frangieh,0.8,0.16279069767441862,0.23255813953488372
Frangieh_IFNg_IFNG,21,fixed_ridge,Frangieh,0.6,0.5348837209302325,0.5116279069767442
Frangieh_IFNg_IFNG,21,fixed_ridge,Frangieh,0.8,0.20930232558139536,0.18604651162790697
Frangieh_IFNg_IFNG,21,greedy_ridge,Frangieh,0.6,0.5116279069767442,0.5348837209302325
Frangieh_IFNg_IFNG,21,greedy_ridge,Frangieh,0.8,0.23255813953488372,0.27906976744186046
Frangieh_IFNg_IFNG,21,linear_ucb,Frangieh,0.6,0.4883720930232558,0.5813953488372093
Frangieh_IFNg_IFNG,21,linear_ucb,Frangieh,0.8,0.23255813953488372,0.3023255813953488
Frangieh_IFNg_IFNG,21,diversity,Frangieh,0.6,0.32558139534883723,0.5116279069767442
Frangieh_IFNg_IFNG,21,diversity,Frangieh,0.8,0.13953488372093023,0.2558139534883721
Frangieh_IFNg_IFNG,21,extra_trees,Frangieh,0.6,0.3953488372093023,0.5581395348837209
Frangieh_IFNg_IFNG,21,extra_trees,Frangieh,0.8,0.11627906976744186,0.16279069767441862
Frangieh_IFNg_IFNG,21,gated_random,Frangieh,0.6,0.4186046511627907,0.5348837209302325
Frangieh_IFNg_IFNG,21,gated_random,Frangieh,0.8,0.16279069767441862,0.23255813953488372
Frangieh_IFNg_IFNG,21,old_controller,Frangieh,0.6,0.3488372093023256,0.5116279069767442
Frangieh_IFNg_IFNG,21,old_controller,Frangieh,0.8,0.09302325581395349,0.2558139534883721
Frangieh_IFNg_IFNG,22,random,Frangieh,0.6,0.4186046511627907,0.6046511627906976
Frangieh_IFNg_IFNG,22,random,Frangieh,0.8,0.16279069767441862,0.3023255813953488
Frangieh_IFNg_IFNG,22,fixed_ridge,Frangieh,0.6,0.5116279069767442,0.4418604651162791
Frangieh_IFNg_IFNG,22,fixed_ridge,Frangieh,0.8,0.18604651162790697,0.16279069767441862
Frangieh_IFNg_IFNG,22,greedy_ridge,Frangieh,0.6,0.4186046511627907,0.4418604651162791
Frangieh_IFNg_IFNG,22,greedy_ridge,Frangieh,0.8,0.13953488372093023,0.13953488372093023
Frangieh_IFNg_IFNG,22,linear_ucb,Frangieh,0.6,0.4883720930232558,0.4883720930232558
Frangieh_IFNg_IFNG,22,linear_ucb,Frangieh,0.8,0.16279069767441862,0.20930232558139536
Frangieh_IFNg_IFNG,22,diversity,Frangieh,0.6,0.5116279069767442,0.4883720930232558
Frangieh_IFNg_IFNG,22,diversity,Frangieh,0.8,0.13953488372093023,0.23255813953488372
Frangieh_IFNg_IFNG,22,extra_trees,Frangieh,0.6,0.4186046511627907,0.46511627906976744
Frangieh_IFNg_IFNG,22,extra_trees,Frangieh,0.8,0.16279069767441862,0.16279069767441862
Frangieh_IFNg_IFNG,22,gated_random,Frangieh,0.6,0.4418604651162791,0.4883720930232558
Frangieh_IFNg_IFNG,22,gated_random,Frangieh,0.8,0.18604651162790697,0.27906976744186046
Frangieh_IFNg_IFNG,22,old_controller,Frangieh,0.6,0.4418604651162791,0.5581395348837209
Frangieh_IFNg_IFNG,22,old_controller,Frangieh,0.8,0.13953488372093023,0.2558139534883721
Frangieh_IFNg_IFNG,23,random,Frangieh,0.6,0.3953488372093023,0.5348837209302325
Frangieh_IFNg_IFNG,23,random,Frangieh,0.8,0.20930232558139536,0.18604651162790697
Frangieh_IFNg_IFNG,23,fixed_ridge,Frangieh,0.6,0.4418604651162791,0.4418604651162791
Frangieh_IFNg_IFNG,23,fixed_ridge,Frangieh,0.8,0.20930232558139536,0.2558139534883721
Frangieh_IFNg_IFNG,23,greedy_ridge,Frangieh,0.6,0.3953488372093023,0.5116279069767442
Frangieh_IFNg_IFNG,23,greedy_ridge,Frangieh,0.8,0.18604651162790697,0.2558139534883721
Frangieh_IFNg_IFNG,23,linear_ucb,Frangieh,0.6,0.37209302325581395,0.4883720930232558
Frangieh_IFNg_IFNG,23,linear_ucb,Frangieh,0.8,0.16279069767441862,0.23255813953488372
Frangieh_IFNg_IFNG,23,diversity,Frangieh,0.6,0.4186046511627907,0.6046511627906976
Frangieh_IFNg_IFNG,23,diversity,Frangieh,0.8,0.13953488372093023,0.2558139534883721
Frangieh_IFNg_IFNG,23,extra_trees,Frangieh,0.6,0.4418604651162791,0.5116279069767442
Frangieh_IFNg_IFNG,23,extra_trees,Frangieh,0.8,0.11627906976744186,0.23255813953488372
Frangieh_IFNg_IFNG,23,gated_random,Frangieh,0.6,0.4418604651162791,0.3953488372093023
Frangieh_IFNg_IFNG,23,gated_random,Frangieh,0.8,0.20930232558139536,0.16279069767441862
Frangieh_IFNg_IFNG,23,old_controller,Frangieh,0.6,0.5348837209302325,0.5581395348837209
Frangieh_IFNg_IFNG,23,old_controller,Frangieh,0.8,0.13953488372093023,0.2558139534883721
Frangieh_IFNg_IFNG,24,random,Frangieh,0.6,0.4883720930232558,0.5581395348837209
Frangieh_IFNg_IFNG,24,random,Frangieh,0.8,0.2558139534883721,0.23255813953488372
Frangieh_IFNg_IFNG,24,fixed_ridge,Frangieh,0.6,0.46511627906976744,0.4186046511627907
Frangieh_IFNg_IFNG,24,fixed_ridge,Frangieh,0.8,0.09302325581395349,0.23255813953488372
Frangieh_IFNg_IFNG,24,greedy_ridge,Frangieh,0.6,0.4883720930232558,0.3953488372093023
Frangieh_IFNg_IFNG,24,greedy_ridge,Frangieh,0.8,0.16279069767441862,0.20930232558139536
Frangieh_IFNg_IFNG,24,linear_ucb,Frangieh,0.6,0.5348837209302325,0.4418604651162791
Frangieh_IFNg_IFNG,24,linear_ucb,Frangieh,0.8,0.16279069767441862,0.27906976744186046
Frangieh_IFNg_IFNG,24,diversity,Frangieh,0.6,0.46511627906976744,0.5348837209302325
Frangieh_IFNg_IFNG,24,diversity,Frangieh,0.8,0.13953488372093023,0.27906976744186046
Frangieh_IFNg_IFNG,24,extra_trees,Frangieh,0.6,0.3488372093023256,0.5116279069767442
Frangieh_IFNg_IFNG,24,extra_trees,Frangieh,0.8,0.06976744186046512,0.20930232558139536
Frangieh_IFNg_IFNG,24,gated_random,Frangieh,0.6,0.4883720930232558,0.5581395348837209
Frangieh_IFNg_IFNG,24,gated_random,Frangieh,0.8,0.2558139534883721,0.23255813953488372
Frangieh_IFNg_IFNG,24,old_controller,Frangieh,0.6,0.46511627906976744,0.5348837209302325
Frangieh_IFNg_IFNG,24,old_controller,Frangieh,0.8,0.13953488372093023,0.27906976744186046
Frangieh_IFNg_IFNG,25,random,Frangieh,0.6,0.4186046511627907,0.5116279069767442
Frangieh_IFNg_IFNG,25,random,Frangieh,0.8,0.23255813953488372,0.27906976744186046
Frangieh_IFNg_IFNG,25,fixed_ridge,Frangieh,0.6,0.4883720930232558,0.4883720930232558
Frangieh_IFNg_IFNG,25,fixed_ridge,Frangieh,0.8,0.16279069767441862,0.20930232558139536
Frangieh_IFNg_IFNG,25,greedy_ridge,Frangieh,0.6,0.5581395348837209,0.5813953488372093
Frangieh_IFNg_IFNG,25,greedy_ridge,Frangieh,0.8,0.2558139534883721,0.3023255813953488
Frangieh_IFNg_IFNG,25,linear_ucb,Frangieh,0.6,0.6046511627906976,0.5581395348837209
Frangieh_IFNg_IFNG,25,linear_ucb,Frangieh,0.8,0.23255813953488372,0.27906976744186046
Frangieh_IFNg_IFNG,25,diversity,Frangieh,0.6,0.5116279069767442,0.5581395348837209
Frangieh_IFNg_IFNG,25,diversity,Frangieh,0.8,0.20930232558139536,0.2558139534883721
Frangieh_IFNg_IFNG,25,extra_trees,Frangieh,0.6,0.5116279069767442,0.5813953488372093
Frangieh_IFNg_IFNG,25,extra_trees,Frangieh,0.8,0.20930232558139536,0.2558139534883721
Frangieh_IFNg_IFNG,25,gated_random,Frangieh,0.6,0.4186046511627907,0.5116279069767442
Frangieh_IFNg_IFNG,25,gated_random,Frangieh,0.8,0.23255813953488372,0.27906976744186046
Frangieh_IFNg_IFNG,25,old_controller,Frangieh,0.6,0.5116279069767442,0.5581395348837209
Frangieh_IFNg_IFNG,25,old_controller,Frangieh,0.8,0.20930232558139536,0.2558139534883721
Frangieh_IFNg_IFNG,26,random,Frangieh,0.6,0.5116279069767442,0.5813953488372093
Frangieh_IFNg_IFNG,26,random,Frangieh,0.8,0.20930232558139536,0.2558139534883721
Frangieh_IFNg_IFNG,26,fixed_ridge,Frangieh,0.6,0.46511627906976744,0.5813953488372093
Frangieh_IFNg_IFNG,26,fixed_ridge,Frangieh,0.8,0.13953488372093023,0.16279069767441862
Frangieh_IFNg_IFNG,26,greedy_ridge,Frangieh,0.6,0.5348837209302325,0.627906976744186
Frangieh_IFNg_IFNG,26,greedy_ridge,Frangieh,0.8,0.2558139534883721,0.2558139534883721
Frangieh_IFNg_IFNG,26,linear_ucb,Frangieh,0.6,0.4883720930232558,0.5813953488372093
Frangieh_IFNg_IFNG,26,linear_ucb,Frangieh,0.8,0.20930232558139536,0.23255813953488372
Frangieh_IFNg_IFNG,26,diversity,Frangieh,0.6,0.5116279069767442,0.5581395348837209
Frangieh_IFNg_IFNG,26,diversity,Frangieh,0.8,0.16279069767441862,0.2558139534883721
Frangieh_IFNg_IFNG,26,extra_trees,Frangieh,0.6,0.46511627906976744,0.5581395348837209
Frangieh_IFNg_IFNG,26,extra_trees,Frangieh,0.8,0.20930232558139536,0.3023255813953488
Frangieh_IFNg_IFNG,26,gated_random,Frangieh,0.6,0.5116279069767442,0.5813953488372093
Frangieh_IFNg_IFNG,26,gated_random,Frangieh,0.8,0.20930232558139536,0.2558139534883721
Frangieh_IFNg_IFNG,26,old_controller,Frangieh,0.6,0.5116279069767442,0.5581395348837209
Frangieh_IFNg_IFNG,26,old_controller,Frangieh,0.8,0.16279069767441862,0.2558139534883721
Frangieh_IFNg_IFNG,27,random,Frangieh,0.6,0.5116279069767442,0.4883720930232558
Frangieh_IFNg_IFNG,27,random,Frangieh,0.8,0.23255813953488372,0.23255813953488372
Frangieh_IFNg_IFNG,27,fixed_ridge,Frangieh,0.6,0.3023255813953488,0.5348837209302325
Frangieh_IFNg_IFNG,27,fixed_ridge,Frangieh,0.8,0.13953488372093023,0.23255813953488372
Frangieh_IFNg_IFNG,27,greedy_ridge,Frangieh,0.6,0.32558139534883723,0.4883720930232558
Frangieh_IFNg_IFNG,27,greedy_ridge,Frangieh,0.8,0.16279069767441862,0.23255813953488372
Frangieh_IFNg_IFNG,27,linear_ucb,Frangieh,0.6,0.32558139534883723,0.46511627906976744
Frangieh_IFNg_IFNG,27,linear_ucb,Frangieh,0.8,0.18604651162790697,0.23255813953488372
Frangieh_IFNg_IFNG,27,diversity,Frangieh,0.6,0.46511627906976744,0.5116279069767442
Frangieh_IFNg_IFNG,27,diversity,Frangieh,0.8,0.18604651162790697,0.20930232558139536
Frangieh_IFNg_IFNG,27,extra_trees,Frangieh,0.6,0.37209302325581395,0.46511627906976744
Frangieh_IFNg_IFNG,27,extra_trees,Frangieh,0.8,0.16279069767441862,0.20930232558139536
Frangieh_IFNg_IFNG,27,gated_random,Frangieh,0.6,0.5116279069767442,0.4883720930232558
Frangieh_IFNg_IFNG,27,gated_random,Frangieh,0.8,0.23255813953488372,0.23255813953488372
Frangieh_IFNg_IFNG,27,old_controller,Frangieh,0.6,0.46511627906976744,0.5116279069767442
Frangieh_IFNg_IFNG,27,old_controller,Frangieh,0.8,0.18604651162790697,0.20930232558139536
Frangieh_IFNg_IFNG,28,random,Frangieh,0.6,0.5116279069767442,0.5116279069767442
Frangieh_IFNg_IFNG,28,random,Frangieh,0.8,0.3023255813953488,0.23255813953488372
Frangieh_IFNg_IFNG,28,fixed_ridge,Frangieh,0.6,0.4883720930232558,0.46511627906976744
Frangieh_IFNg_IFNG,28,fixed_ridge,Frangieh,0.8,0.18604651162790697,0.2558139534883721
Frangieh_IFNg_IFNG,28,greedy_ridge,Frangieh,0.6,0.5813953488372093,0.46511627906976744
Frangieh_IFNg_IFNG,28,greedy_ridge,Frangieh,0.8,0.23255813953488372,0.23255813953488372
Frangieh_IFNg_IFNG,28,linear_ucb,Frangieh,0.6,0.6046511627906976,0.4418604651162791
Frangieh_IFNg_IFNG,28,linear_ucb,Frangieh,0.8,0.20930232558139536,0.2558139534883721
Frangieh_IFNg_IFNG,28,diversity,Frangieh,0.6,0.5348837209302325,0.5581395348837209
Frangieh_IFNg_IFNG,28,diversity,Frangieh,0.8,0.20930232558139536,0.2558139534883721
Frangieh_IFNg_IFNG,28,extra_trees,Frangieh,0.6,0.46511627906976744,0.4186046511627907
Frangieh_IFNg_IFNG,28,extra_trees,Frangieh,0.8,0.16279069767441862,0.23255813953488372
Frangieh_IFNg_IFNG,28,gated_random,Frangieh,0.6,0.5116279069767442,0.5116279069767442
Frangieh_IFNg_IFNG,28,gated_random,Frangieh,0.8,0.3023255813953488,0.23255813953488372
Frangieh_IFNg_IFNG,28,old_controller,Frangieh,0.6,0.5348837209302325,0.5581395348837209
Frangieh_IFNg_IFNG,28,old_controller,Frangieh,0.8,0.20930232558139536,0.2558139534883721
Frangieh_IFNg_IFNG,29,random,Frangieh,0.6,0.5116279069767442,0.46511627906976744
Frangieh_IFNg_IFNG,29,random,Frangieh,0.8,0.13953488372093023,0.18604651162790697
Frangieh_IFNg_IFNG,29,fixed_ridge,Frangieh,0.6,0.37209302325581395,0.4418604651162791
Frangieh_IFNg_IFNG,29,fixed_ridge,Frangieh,0.8,0.11627906976744186,0.11627906976744186
Frangieh_IFNg_IFNG,29,greedy_ridge,Frangieh,0.6,0.4883720930232558,0.46511627906976744
Frangieh_IFNg_IFNG,29,greedy_ridge,Frangieh,0.8,0.18604651162790697,0.18604651162790697
Frangieh_IFNg_IFNG,29,linear_ucb,Frangieh,0.6,0.46511627906976744,0.4418604651162791
Frangieh_IFNg_IFNG,29,linear_ucb,Frangieh,0.8,0.13953488372093023,0.16279069767441862
Frangieh_IFNg_IFNG,29,diversity,Frangieh,0.6,0.4418604651162791,0.5348837209302325
Frangieh_IFNg_IFNG,29,diversity,Frangieh,0.8,0.16279069767441862,0.2558139534883721
Frangieh_IFNg_IFNG,29,extra_trees,Frangieh,0.6,0.46511627906976744,0.3953488372093023
Frangieh_IFNg_IFNG,29,extra_trees,Frangieh,0.8,0.16279069767441862,0.16279069767441862
Frangieh_IFNg_IFNG,29,gated_random,Frangieh,0.6,0.5116279069767442,0.46511627906976744
Frangieh_IFNg_IFNG,29,gated_random,Frangieh,0.8,0.13953488372093023,0.18604651162790697
Frangieh_IFNg_IFNG,29,old_controller,Frangieh,0.6,0.4418604651162791,0.5348837209302325
Frangieh_IFNg_IFNG,29,old_controller,Frangieh,0.8,0.16279069767441862,0.2558139534883721
Frangieh_IFNg_TNFA,0,random,Frangieh,0.6,0.5813953488372093,0.2558139534883721
Frangieh_IFNg_TNFA,0,random,Frangieh,0.8,0.3488372093023256,0.20930232558139536
Frangieh_IFNg_TNFA,0,fixed_ridge,Frangieh,0.6,0.46511627906976744,0.18604651162790697
Frangieh_IFNg_TNFA,0,fixed_ridge,Frangieh,0.8,0.23255813953488372,0.13953488372093023
Frangieh_IFNg_TNFA,0,greedy_ridge,Frangieh,0.6,0.4883720930232558,0.27906976744186046
Frangieh_IFNg_TNFA,0,greedy_ridge,Frangieh,0.8,0.27906976744186046,0.18604651162790697
Frangieh_IFNg_TNFA,0,linear_ucb,Frangieh,0.6,0.5116279069767442,0.27906976744186046
Frangieh_IFNg_TNFA,0,linear_ucb,Frangieh,0.8,0.2558139534883721,0.16279069767441862
Frangieh_IFNg_TNFA,0,diversity,Frangieh,0.6,0.5348837209302325,0.3023255813953488
Frangieh_IFNg_TNFA,0,diversity,Frangieh,0.8,0.32558139534883723,0.16279069767441862
Frangieh_IFNg_TNFA,0,extra_trees,Frangieh,0.6,0.5581395348837209,0.27906976744186046
Frangieh_IFNg_TNFA,0,extra_trees,Frangieh,0.8,0.3023255813953488,0.16279069767441862
Frangieh_IFNg_TNFA,0,gated_random,Frangieh,0.6,0.5813953488372093,0.2558139534883721
Frangieh_IFNg_TNFA,0,gated_random,Frangieh,0.8,0.3488372093023256,0.20930232558139536
Frangieh_IFNg_TNFA,0,old_controller,Frangieh,0.6,0.5348837209302325,0.3023255813953488
Frangieh_IFNg_TNFA,0,old_controller,Frangieh,0.8,0.32558139534883723,0.16279069767441862
Frangieh_IFNg_TNFA,1,random,Frangieh,0.6,0.5116279069767442,0.3953488372093023
Frangieh_IFNg_TNFA,1,random,Frangieh,0.8,0.2558139534883721,0.2558139534883721
Frangieh_IFNg_TNFA,1,fixed_ridge,Frangieh,0.6,0.5116279069767442,0.46511627906976744
Frangieh_IFNg_TNFA,1,fixed_ridge,Frangieh,0.8,0.20930232558139536,0.27906976744186046
Frangieh_IFNg_TNFA,1,greedy_ridge,Frangieh,0.6,0.5581395348837209,0.4186046511627907
Frangieh_IFNg_TNFA,1,greedy_ridge,Frangieh,0.8,0.32558139534883723,0.27906976744186046
Frangieh_IFNg_TNFA,1,linear_ucb,Frangieh,0.6,0.5581395348837209,0.3488372093023256
Frangieh_IFNg_TNFA,1,linear_ucb,Frangieh,0.8,0.3023255813953488,0.18604651162790697
Frangieh_IFNg_TNFA,1,diversity,Frangieh,0.6,0.627906976744186,0.27906976744186046
Frangieh_IFNg_TNFA,1,diversity,Frangieh,0.8,0.3488372093023256,0.16279069767441862
Frangieh_IFNg_TNFA,1,extra_trees,Frangieh,0.6,0.5813953488372093,0.3953488372093023
Frangieh_IFNg_TNFA,1,extra_trees,Frangieh,0.8,0.32558139534883723,0.23255813953488372
Frangieh_IFNg_TNFA,1,gated_random,Frangieh,0.6,0.5116279069767442,0.3953488372093023
Frangieh_IFNg_TNFA,1,gated_random,Frangieh,0.8,0.2558139534883721,0.2558139534883721
Frangieh_IFNg_TNFA,1,old_controller,Frangieh,0.6,0.627906976744186,0.27906976744186046
Frangieh_IFNg_TNFA,1,old_controller,Frangieh,0.8,0.3488372093023256,0.16279069767441862
Frangieh_IFNg_TNFA,2,random,Frangieh,0.6,0.6046511627906976,0.4186046511627907
Frangieh_IFNg_TNFA,2,random,Frangieh,0.8,0.27906976744186046,0.20930232558139536
Frangieh_IFNg_TNFA,2,fixed_ridge,Frangieh,0.6,0.5116279069767442,0.37209302325581395
Frangieh_IFNg_TNFA,2,fixed_ridge,Frangieh,0.8,0.27906976744186046,0.18604651162790697
Frangieh_IFNg_TNFA,2,greedy_ridge,Frangieh,0.6,0.4186046511627907,0.3488372093023256
Frangieh_IFNg_TNFA,2,greedy_ridge,Frangieh,0.8,0.23255813953488372,0.16279069767441862
Frangieh_IFNg_TNFA,2,linear_ucb,Frangieh,0.6,0.5116279069767442,0.3488372093023256
Frangieh_IFNg_TNFA,2,linear_ucb,Frangieh,0.8,0.32558139534883723,0.16279069767441862
Frangieh_IFNg_TNFA,2,diversity,Frangieh,0.6,0.5813953488372093,0.3488372093023256
Frangieh_IFNg_TNFA,2,diversity,Frangieh,0.8,0.3953488372093023,0.13953488372093023
Frangieh_IFNg_TNFA,2,extra_trees,Frangieh,0.6,0.6046511627906976,0.4186046511627907
Frangieh_IFNg_TNFA,2,extra_trees,Frangieh,0.8,0.3023255813953488,0.2558139534883721
Frangieh_IFNg_TNFA,2,gated_random,Frangieh,0.6,0.6511627906976745,0.3953488372093023
Frangieh_IFNg_TNFA,2,gated_random,Frangieh,0.8,0.37209302325581395,0.20930232558139536
Frangieh_IFNg_TNFA,2,old_controller,Frangieh,0.6,0.5813953488372093,0.27906976744186046
Frangieh_IFNg_TNFA,2,old_controller,Frangieh,0.8,0.3488372093023256,0.11627906976744186
Frangieh_IFNg_TNFA,3,random,Frangieh,0.6,0.5581395348837209,0.3953488372093023
Frangieh_IFNg_TNFA,3,random,Frangieh,0.8,0.4186046511627907,0.3023255813953488
Frangieh_IFNg_TNFA,3,fixed_ridge,Frangieh,0.6,0.5116279069767442,0.32558139534883723
Frangieh_IFNg_TNFA,3,fixed_ridge,Frangieh,0.8,0.27906976744186046,0.23255813953488372
Frangieh_IFNg_TNFA,3,greedy_ridge,Frangieh,0.6,0.5813953488372093,0.27906976744186046
Frangieh_IFNg_TNFA,3,greedy_ridge,Frangieh,0.8,0.3953488372093023,0.23255813953488372
Frangieh_IFNg_TNFA,3,linear_ucb,Frangieh,0.6,0.5581395348837209,0.3023255813953488
Frangieh_IFNg_TNFA,3,linear_ucb,Frangieh,0.8,0.3488372093023256,0.23255813953488372
Frangieh_IFNg_TNFA,3,diversity,Frangieh,0.6,0.5348837209302325,0.3488372093023256
Frangieh_IFNg_TNFA,3,diversity,Frangieh,0.8,0.32558139534883723,0.18604651162790697
Frangieh_IFNg_TNFA,3,extra_trees,Frangieh,0.6,0.4883720930232558,0.3953488372093023
Frangieh_IFNg_TNFA,3,extra_trees,Frangieh,0.8,0.27906976744186046,0.2558139534883721
Frangieh_IFNg_TNFA,3,gated_random,Frangieh,0.6,0.5348837209302325,0.37209302325581395
Frangieh_IFNg_TNFA,3,gated_random,Frangieh,0.8,0.3953488372093023,0.2558139534883721
Frangieh_IFNg_TNFA,3,old_controller,Frangieh,0.6,0.5348837209302325,0.3488372093023256
Frangieh_IFNg_TNFA,3,old_controller,Frangieh,0.8,0.32558139534883723,0.18604651162790697
Frangieh_IFNg_TNFA,4,random,Frangieh,0.6,0.5581395348837209,0.3953488372093023
Frangieh_IFNg_TNFA,4,random,Frangieh,0.8,0.37209302325581395,0.2558139534883721
Frangieh_IFNg_TNFA,4,fixed_ridge,Frangieh,0.6,0.6046511627906976,0.3488372093023256
Frangieh_IFNg_TNFA,4,fixed_ridge,Frangieh,0.8,0.3953488372093023,0.27906976744186046
Frangieh_IFNg_TNFA,4,greedy_ridge,Frangieh,0.6,0.5116279069767442,0.3488372093023256
Frangieh_IFNg_TNFA,4,greedy_ridge,Frangieh,0.8,0.2558139534883721,0.18604651162790697
Frangieh_IFNg_TNFA,4,linear_ucb,Frangieh,0.6,0.5116279069767442,0.27906976744186046
Frangieh_IFNg_TNFA,4,linear_ucb,Frangieh,0.8,0.32558139534883723,0.16279069767441862
Frangieh_IFNg_TNFA,4,diversity,Frangieh,0.6,0.5581395348837209,0.46511627906976744
Frangieh_IFNg_TNFA,4,diversity,Frangieh,0.8,0.37209302325581395,0.32558139534883723
Frangieh_IFNg_TNFA,4,extra_trees,Frangieh,0.6,0.4883720930232558,0.37209302325581395
Frangieh_IFNg_TNFA,4,extra_trees,Frangieh,0.8,0.2558139534883721,0.20930232558139536
Frangieh_IFNg_TNFA,4,gated_random,Frangieh,0.6,0.627906976744186,0.3953488372093023
Frangieh_IFNg_TNFA,4,gated_random,Frangieh,0.8,0.3953488372093023,0.2558139534883721
Frangieh_IFNg_TNFA,4,old_controller,Frangieh,0.6,0.5813953488372093,0.3953488372093023
Frangieh_IFNg_TNFA,4,old_controller,Frangieh,0.8,0.32558139534883723,0.2558139534883721
Frangieh_IFNg_TNFA,5,random,Frangieh,0.6,0.5116279069767442,0.4883720930232558
Frangieh_IFNg_TNFA,5,random,Frangieh,0.8,0.32558139534883723,0.27906976744186046
Frangieh_IFNg_TNFA,5,fixed_ridge,Frangieh,0.6,0.6744186046511628,0.37209302325581395
Frangieh_IFNg_TNFA,5,fixed_ridge,Frangieh,0.8,0.4418604651162791,0.27906976744186046
Frangieh_IFNg_TNFA,5,greedy_ridge,Frangieh,0.6,0.5581395348837209,0.37209302325581395
Frangieh_IFNg_TNFA,5,greedy_ridge,Frangieh,0.8,0.3023255813953488,0.23255813953488372
Frangieh_IFNg_TNFA,5,linear_ucb,Frangieh,0.6,0.5813953488372093,0.3488372093023256
Frangieh_IFNg_TNFA,5,linear_ucb,Frangieh,0.8,0.3488372093023256,0.20930232558139536
Frangieh_IFNg_TNFA,5,diversity,Frangieh,0.6,0.5813953488372093,0.3023255813953488
Frangieh_IFNg_TNFA,5,diversity,Frangieh,0.8,0.37209302325581395,0.13953488372093023
Frangieh_IFNg_TNFA,5,extra_trees,Frangieh,0.6,0.6046511627906976,0.37209302325581395
Frangieh_IFNg_TNFA,5,extra_trees,Frangieh,0.8,0.3023255813953488,0.20930232558139536
Frangieh_IFNg_TNFA,5,gated_random,Frangieh,0.6,0.5116279069767442,0.46511627906976744
Frangieh_IFNg_TNFA,5,gated_random,Frangieh,0.8,0.32558139534883723,0.27906976744186046
Frangieh_IFNg_TNFA,5,old_controller,Frangieh,0.6,0.5813953488372093,0.3023255813953488
Frangieh_IFNg_TNFA,5,old_controller,Frangieh,0.8,0.37209302325581395,0.13953488372093023
Frangieh_IFNg_TNFA,6,random,Frangieh,0.6,0.5813953488372093,0.27906976744186046
Frangieh_IFNg_TNFA,6,random,Frangieh,0.8,0.32558139534883723,0.16279069767441862
Frangieh_IFNg_TNFA,6,fixed_ridge,Frangieh,0.6,0.5348837209302325,0.32558139534883723
Frangieh_IFNg_TNFA,6,fixed_ridge,Frangieh,0.8,0.32558139534883723,0.18604651162790697
Frangieh_IFNg_TNFA,6,greedy_ridge,Frangieh,0.6,0.6511627906976745,0.32558139534883723
Frangieh_IFNg_TNFA,6,greedy_ridge,Frangieh,0.8,0.3488372093023256,0.11627906976744186
Frangieh_IFNg_TNFA,6,linear_ucb,Frangieh,0.6,0.5581395348837209,0.37209302325581395
Frangieh_IFNg_TNFA,6,linear_ucb,Frangieh,0.8,0.37209302325581395,0.20930232558139536
Frangieh_IFNg_TNFA,6,diversity,Frangieh,0.6,0.6046511627906976,0.3023255813953488
Frangieh_IFNg_TNFA,6,diversity,Frangieh,0.8,0.3953488372093023,0.20930232558139536
Frangieh_IFNg_TNFA,6,extra_trees,Frangieh,0.6,0.6744186046511628,0.3023255813953488
Frangieh_IFNg_TNFA,6,extra_trees,Frangieh,0.8,0.3953488372093023,0.18604651162790697
Frangieh_IFNg_TNFA,6,gated_random,Frangieh,0.6,0.5813953488372093,0.27906976744186046
Frangieh_IFNg_TNFA,6,gated_random,Frangieh,0.8,0.32558139534883723,0.16279069767441862
Frangieh_IFNg_TNFA,6,old_controller,Frangieh,0.6,0.6046511627906976,0.3023255813953488
Frangieh_IFNg_TNFA,6,old_controller,Frangieh,0.8,0.3953488372093023,0.20930232558139536
Frangieh_IFNg_TNFA,7,random,Frangieh,0.6,0.5116279069767442,0.32558139534883723
Frangieh_IFNg_TNFA,7,random,Frangieh,0.8,0.27906976744186046,0.16279069767441862
Frangieh_IFNg_TNFA,7,fixed_ridge,Frangieh,0.6,0.5581395348837209,0.37209302325581395
Frangieh_IFNg_TNFA,7,fixed_ridge,Frangieh,0.8,0.27906976744186046,0.18604651162790697
Frangieh_IFNg_TNFA,7,greedy_ridge,Frangieh,0.6,0.5348837209302325,0.4186046511627907
Frangieh_IFNg_TNFA,7,greedy_ridge,Frangieh,0.8,0.32558139534883723,0.23255813953488372
Frangieh_IFNg_TNFA,7,linear_ucb,Frangieh,0.6,0.6046511627906976,0.3953488372093023
Frangieh_IFNg_TNFA,7,linear_ucb,Frangieh,0.8,0.32558139534883723,0.20930232558139536
Frangieh_IFNg_TNFA,7,diversity,Frangieh,0.6,0.5813953488372093,0.3023255813953488
Frangieh_IFNg_TNFA,7,diversity,Frangieh,0.8,0.3023255813953488,0.13953488372093023
Frangieh_IFNg_TNFA,7,extra_trees,Frangieh,0.6,0.5813953488372093,0.37209302325581395
Frangieh_IFNg_TNFA,7,extra_trees,Frangieh,0.8,0.32558139534883723,0.20930232558139536
Frangieh_IFNg_TNFA,7,gated_random,Frangieh,0.6,0.5116279069767442,0.32558139534883723
Frangieh_IFNg_TNFA,7,gated_random,Frangieh,0.8,0.27906976744186046,0.16279069767441862
Frangieh_IFNg_TNFA,7,old_controller,Frangieh,0.6,0.5813953488372093,0.3023255813953488
Frangieh_IFNg_TNFA,7,old_controller,Frangieh,0.8,0.3023255813953488,0.13953488372093023
Frangieh_IFNg_TNFA,8,random,Frangieh,0.6,0.5581395348837209,0.3023255813953488
Frangieh_IFNg_TNFA,8,random,Frangieh,0.8,0.37209302325581395,0.16279069767441862
Frangieh_IFNg_TNFA,8,fixed_ridge,Frangieh,0.6,0.6976744186046512,0.3488372093023256
Frangieh_IFNg_TNFA,8,fixed_ridge,Frangieh,0.8,0.3953488372093023,0.16279069767441862
Frangieh_IFNg_TNFA,8,greedy_ridge,Frangieh,0.6,0.5813953488372093,0.3023255813953488
Frangieh_IFNg_TNFA,8,greedy_ridge,Frangieh,0.8,0.3023255813953488,0.20930232558139536
Frangieh_IFNg_TNFA,8,linear_ucb,Frangieh,0.6,0.627906976744186,0.32558139534883723
Frangieh_IFNg_TNFA,8,linear_ucb,Frangieh,0.8,0.32558139534883723,0.20930232558139536
Frangieh_IFNg_TNFA,8,diversity,Frangieh,0.6,0.6046511627906976,0.3023255813953488
Frangieh_IFNg_TNFA,8,diversity,Frangieh,0.8,0.32558139534883723,0.13953488372093023
Frangieh_IFNg_TNFA,8,extra_trees,Frangieh,0.6,0.5813953488372093,0.3488372093023256
Frangieh_IFNg_TNFA,8,extra_trees,Frangieh,0.8,0.3023255813953488,0.20930232558139536
Frangieh_IFNg_TNFA,8,gated_random,Frangieh,0.6,0.5581395348837209,0.3023255813953488
Frangieh_IFNg_TNFA,8,gated_random,Frangieh,0.8,0.37209302325581395,0.16279069767441862
Frangieh_IFNg_TNFA,8,old_controller,Frangieh,0.6,0.6046511627906976,0.3023255813953488
Frangieh_IFNg_TNFA,8,old_controller,Frangieh,0.8,0.32558139534883723,0.13953488372093023
Frangieh_IFNg_TNFA,9,random,Frangieh,0.6,0.5581395348837209,0.32558139534883723
Frangieh_IFNg_TNFA,9,random,Frangieh,0.8,0.23255813953488372,0.11627906976744186
Frangieh_IFNg_TNFA,9,fixed_ridge,Frangieh,0.6,0.6046511627906976,0.27906976744186046
Frangieh_IFNg_TNFA,9,fixed_ridge,Frangieh,0.8,0.3023255813953488,0.16279069767441862
Frangieh_IFNg_TNFA,9,greedy_ridge,Frangieh,0.6,0.5116279069767442,0.3023255813953488
Frangieh_IFNg_TNFA,9,greedy_ridge,Frangieh,0.8,0.2558139534883721,0.18604651162790697
Frangieh_IFNg_TNFA,9,linear_ucb,Frangieh,0.6,0.5348837209302325,0.3953488372093023
Frangieh_IFNg_TNFA,9,linear_ucb,Frangieh,0.8,0.2558139534883721,0.2558139534883721
Frangieh_IFNg_TNFA,9,diversity,Frangieh,0.6,0.5813953488372093,0.32558139534883723
Frangieh_IFNg_TNFA,9,diversity,Frangieh,0.8,0.3023255813953488,0.11627906976744186
Frangieh_IFNg_TNFA,9,extra_trees,Frangieh,0.6,0.6511627906976745,0.2558139534883721
Frangieh_IFNg_TNFA,9,extra_trees,Frangieh,0.8,0.2558139534883721,0.11627906976744186
Frangieh_IFNg_TNFA,9,gated_random,Frangieh,0.6,0.5581395348837209,0.32558139534883723
Frangieh_IFNg_TNFA,9,gated_random,Frangieh,0.8,0.23255813953488372,0.11627906976744186
Frangieh_IFNg_TNFA,9,old_controller,Frangieh,0.6,0.5813953488372093,0.32558139534883723
Frangieh_IFNg_TNFA,9,old_controller,Frangieh,0.8,0.3023255813953488,0.11627906976744186
Frangieh_IFNg_TNFA,10,random,Frangieh,0.6,0.5116279069767442,0.37209302325581395
Frangieh_IFNg_TNFA,10,random,Frangieh,0.8,0.37209302325581395,0.23255813953488372
Frangieh_IFNg_TNFA,10,fixed_ridge,Frangieh,0.6,0.5581395348837209,0.4883720930232558
Frangieh_IFNg_TNFA,10,fixed_ridge,Frangieh,0.8,0.3023255813953488,0.3023255813953488
Frangieh_IFNg_TNFA,10,greedy_ridge,Frangieh,0.6,0.4883720930232558,0.3953488372093023
Frangieh_IFNg_TNFA,10,greedy_ridge,Frangieh,0.8,0.27906976744186046,0.23255813953488372
Frangieh_IFNg_TNFA,10,linear_ucb,Frangieh,0.6,0.5581395348837209,0.4418604651162791
Frangieh_IFNg_TNFA,10,linear_ucb,Frangieh,0.8,0.32558139534883723,0.2558139534883721
Frangieh_IFNg_TNFA,10,diversity,Frangieh,0.6,0.5813953488372093,0.27906976744186046
Frangieh_IFNg_TNFA,10,diversity,Frangieh,0.8,0.32558139534883723,0.16279069767441862
Frangieh_IFNg_TNFA,10,extra_trees,Frangieh,0.6,0.6744186046511628,0.3023255813953488
Frangieh_IFNg_TNFA,10,extra_trees,Frangieh,0.8,0.3488372093023256,0.16279069767441862
Frangieh_IFNg_TNFA,10,gated_random,Frangieh,0.6,0.5116279069767442,0.37209302325581395
Frangieh_IFNg_TNFA,10,gated_random,Frangieh,0.8,0.37209302325581395,0.23255813953488372
Frangieh_IFNg_TNFA,10,old_controller,Frangieh,0.6,0.5813953488372093,0.27906976744186046
Frangieh_IFNg_TNFA,10,old_controller,Frangieh,0.8,0.32558139534883723,0.16279069767441862
Frangieh_IFNg_TNFA,11,random,Frangieh,0.6,0.627906976744186,0.3953488372093023
Frangieh_IFNg_TNFA,11,random,Frangieh,0.8,0.27906976744186046,0.23255813953488372
Frangieh_IFNg_TNFA,11,fixed_ridge,Frangieh,0.6,0.4883720930232558,0.4186046511627907
Frangieh_IFNg_TNFA,11,fixed_ridge,Frangieh,0.8,0.2558139534883721,0.27906976744186046
Frangieh_IFNg_TNFA,11,greedy_ridge,Frangieh,0.6,0.6744186046511628,0.46511627906976744
Frangieh_IFNg_TNFA,11,greedy_ridge,Frangieh,0.8,0.4186046511627907,0.23255813953488372
Frangieh_IFNg_TNFA,11,linear_ucb,Frangieh,0.6,0.5581395348837209,0.4418604651162791
Frangieh_IFNg_TNFA,11,linear_ucb,Frangieh,0.8,0.3488372093023256,0.23255813953488372
Frangieh_IFNg_TNFA,11,diversity,Frangieh,0.6,0.627906976744186,0.3488372093023256
Frangieh_IFNg_TNFA,11,diversity,Frangieh,0.8,0.3953488372093023,0.20930232558139536
Frangieh_IFNg_TNFA,11,extra_trees,Frangieh,0.6,0.6511627906976745,0.37209302325581395
Frangieh_IFNg_TNFA,11,extra_trees,Frangieh,0.8,0.4186046511627907,0.20930232558139536
Frangieh_IFNg_TNFA,11,gated_random,Frangieh,0.6,0.6046511627906976,0.3488372093023256
Frangieh_IFNg_TNFA,11,gated_random,Frangieh,0.8,0.3023255813953488,0.16279069767441862
Frangieh_IFNg_TNFA,11,old_controller,Frangieh,0.6,0.6046511627906976,0.3953488372093023
Frangieh_IFNg_TNFA,11,old_controller,Frangieh,0.8,0.3488372093023256,0.20930232558139536
Frangieh_IFNg_TNFA,12,random,Frangieh,0.6,0.5348837209302325,0.32558139534883723
Frangieh_IFNg_TNFA,12,random,Frangieh,0.8,0.3488372093023256,0.20930232558139536
Frangieh_IFNg_TNFA,12,fixed_ridge,Frangieh,0.6,0.5116279069767442,0.32558139534883723
Frangieh_IFNg_TNFA,12,fixed_ridge,Frangieh,0.8,0.32558139534883723,0.20930232558139536
Frangieh_IFNg_TNFA,12,greedy_ridge,Frangieh,0.6,0.5348837209302325,0.27906976744186046
Frangieh_IFNg_TNFA,12,greedy_ridge,Frangieh,0.8,0.32558139534883723,0.16279069767441862
Frangieh_IFNg_TNFA,12,linear_ucb,Frangieh,0.6,0.4883720930232558,0.3023255813953488
Frangieh_IFNg_TNFA,12,linear_ucb,Frangieh,0.8,0.3488372093023256,0.23255813953488372
Frangieh_IFNg_TNFA,12,diversity,Frangieh,0.6,0.5581395348837209,0.27906976744186046
Frangieh_IFNg_TNFA,12,diversity,Frangieh,0.8,0.3953488372093023,0.20930232558139536
Frangieh_IFNg_TNFA,12,extra_trees,Frangieh,0.6,0.5348837209302325,0.37209302325581395
Frangieh_IFNg_TNFA,12,extra_trees,Frangieh,0.8,0.32558139534883723,0.23255813953488372
Frangieh_IFNg_TNFA,12,gated_random,Frangieh,0.6,0.5348837209302325,0.32558139534883723
Frangieh_IFNg_TNFA,12,gated_random,Frangieh,0.8,0.3488372093023256,0.20930232558139536
Frangieh_IFNg_TNFA,12,old_controller,Frangieh,0.6,0.5581395348837209,0.27906976744186046
Frangieh_IFNg_TNFA,12,old_controller,Frangieh,0.8,0.3953488372093023,0.20930232558139536
Frangieh_IFNg_TNFA,13,random,Frangieh,0.6,0.5581395348837209,0.27906976744186046
Frangieh_IFNg_TNFA,13,random,Frangieh,0.8,0.32558139534883723,0.18604651162790697
Frangieh_IFNg_TNFA,13,fixed_ridge,Frangieh,0.6,0.5581395348837209,0.3488372093023256
Frangieh_IFNg_TNFA,13,fixed_ridge,Frangieh,0.8,0.3488372093023256,0.27906976744186046
Frangieh_IFNg_TNFA,13,greedy_ridge,Frangieh,0.6,0.5348837209302325,0.3023255813953488
Frangieh_IFNg_TNFA,13,greedy_ridge,Frangieh,0.8,0.3023255813953488,0.23255813953488372
Frangieh_IFNg_TNFA,13,linear_ucb,Frangieh,0.6,0.5348837209302325,0.27906976744186046
Frangieh_IFNg_TNFA,13,linear_ucb,Frangieh,0.8,0.32558139534883723,0.20930232558139536
Frangieh_IFNg_TNFA,13,diversity,Frangieh,0.6,0.5116279069767442,0.3488372093023256
Frangieh_IFNg_TNFA,13,diversity,Frangieh,0.8,0.3023255813953488,0.23255813953488372
Frangieh_IFNg_TNFA,13,extra_trees,Frangieh,0.6,0.5813953488372093,0.3488372093023256
Frangieh_IFNg_TNFA,13,extra_trees,Frangieh,0.8,0.32558139534883723,0.2558139534883721
Frangieh_IFNg_TNFA,13,gated_random,Frangieh,0.6,0.5348837209302325,0.27906976744186046
Frangieh_IFNg_TNFA,13,gated_random,Frangieh,0.8,0.3023255813953488,0.16279069767441862
Frangieh_IFNg_TNFA,13,old_controller,Frangieh,0.6,0.5813953488372093,0.32558139534883723
Frangieh_IFNg_TNFA,13,old_controller,Frangieh,0.8,0.37209302325581395,0.20930232558139536
Frangieh_IFNg_TNFA,14,random,Frangieh,0.6,0.5348837209302325,0.27906976744186046
Frangieh_IFNg_TNFA,14,random,Frangieh,0.8,0.3023255813953488,0.18604651162790697
Frangieh_IFNg_TNFA,14,fixed_ridge,Frangieh,0.6,0.6046511627906976,0.46511627906976744
Frangieh_IFNg_TNFA,14,fixed_ridge,Frangieh,0.8,0.32558139534883723,0.27906976744186046
Frangieh_IFNg_TNFA,14,greedy_ridge,Frangieh,0.6,0.627906976744186,0.3488372093023256
Frangieh_IFNg_TNFA,14,greedy_ridge,Frangieh,0.8,0.4186046511627907,0.20930232558139536
Frangieh_IFNg_TNFA,14,linear_ucb,Frangieh,0.6,0.5813953488372093,0.32558139534883723
Frangieh_IFNg_TNFA,14,linear_ucb,Frangieh,0.8,0.37209302325581395,0.18604651162790697
Frangieh_IFNg_TNFA,14,diversity,Frangieh,0.6,0.627906976744186,0.2558139534883721
Frangieh_IFNg_TNFA,14,diversity,Frangieh,0.8,0.3953488372093023,0.16279069767441862
Frangieh_IFNg_TNFA,14,extra_trees,Frangieh,0.6,0.627906976744186,0.27906976744186046
Frangieh_IFNg_TNFA,14,extra_trees,Frangieh,0.8,0.3488372093023256,0.09302325581395349
Frangieh_IFNg_TNFA,14,gated_random,Frangieh,0.6,0.5348837209302325,0.27906976744186046
Frangieh_IFNg_TNFA,14,gated_random,Frangieh,0.8,0.3023255813953488,0.18604651162790697
Frangieh_IFNg_TNFA,14,old_controller,Frangieh,0.6,0.627906976744186,0.2558139534883721
Frangieh_IFNg_TNFA,14,old_controller,Frangieh,0.8,0.3953488372093023,0.16279069767441862
Frangieh_IFNg_TNFA,15,random,Frangieh,0.6,0.6046511627906976,0.32558139534883723
Frangieh_IFNg_TNFA,15,random,Frangieh,0.8,0.37209302325581395,0.18604651162790697
Frangieh_IFNg_TNFA,15,fixed_ridge,Frangieh,0.6,0.5348837209302325,0.32558139534883723
Frangieh_IFNg_TNFA,15,fixed_ridge,Frangieh,0.8,0.27906976744186046,0.18604651162790697
Frangieh_IFNg_TNFA,15,greedy_ridge,Frangieh,0.6,0.6046511627906976,0.27906976744186046
Frangieh_IFNg_TNFA,15,greedy_ridge,Frangieh,0.8,0.3023255813953488,0.11627906976744186
Frangieh_IFNg_TNFA,15,linear_ucb,Frangieh,0.6,0.4883720930232558,0.32558139534883723
Frangieh_IFNg_TNFA,15,linear_ucb,Frangieh,0.8,0.27906976744186046,0.16279069767441862
Frangieh_IFNg_TNFA,15,diversity,Frangieh,0.6,0.6046511627906976,0.32558139534883723
Frangieh_IFNg_TNFA,15,diversity,Frangieh,0.8,0.3488372093023256,0.16279069767441862
Frangieh_IFNg_TNFA,15,extra_trees,Frangieh,0.6,0.5813953488372093,0.3488372093023256
Frangieh_IFNg_TNFA,15,extra_trees,Frangieh,0.8,0.32558139534883723,0.2558139534883721
Frangieh_IFNg_TNFA,15,gated_random,Frangieh,0.6,0.6046511627906976,0.32558139534883723
Frangieh_IFNg_TNFA,15,gated_random,Frangieh,0.8,0.37209302325581395,0.18604651162790697
Frangieh_IFNg_TNFA,15,old_controller,Frangieh,0.6,0.6046511627906976,0.32558139534883723
Frangieh_IFNg_TNFA,15,old_controller,Frangieh,0.8,0.3488372093023256,0.16279069767441862
Frangieh_IFNg_TNFA,16,random,Frangieh,0.6,0.5813953488372093,0.3953488372093023
Frangieh_IFNg_TNFA,16,random,Frangieh,0.8,0.3023255813953488,0.3023255813953488
Frangieh_IFNg_TNFA,16,fixed_ridge,Frangieh,0.6,0.7441860465116279,0.32558139534883723
Frangieh_IFNg_TNFA,16,fixed_ridge,Frangieh,0.8,0.4186046511627907,0.20930232558139536
Frangieh_IFNg_TNFA,16,greedy_ridge,Frangieh,0.6,0.627906976744186,0.27906976744186046
Frangieh_IFNg_TNFA,16,greedy_ridge,Frangieh,0.8,0.32558139534883723,0.13953488372093023
Frangieh_IFNg_TNFA,16,linear_ucb,Frangieh,0.6,0.5813953488372093,0.27906976744186046
Frangieh_IFNg_TNFA,16,linear_ucb,Frangieh,0.8,0.27906976744186046,0.13953488372093023
Frangieh_IFNg_TNFA,16,diversity,Frangieh,0.6,0.6744186046511628,0.3023255813953488
Frangieh_IFNg_TNFA,16,diversity,Frangieh,0.8,0.3488372093023256,0.18604651162790697
Frangieh_IFNg_TNFA,16,extra_trees,Frangieh,0.6,0.627906976744186,0.3023255813953488
Frangieh_IFNg_TNFA,16,extra_trees,Frangieh,0.8,0.32558139534883723,0.18604651162790697
Frangieh_IFNg_TNFA,16,gated_random,Frangieh,0.6,0.5813953488372093,0.3953488372093023
Frangieh_IFNg_TNFA,16,gated_random,Frangieh,0.8,0.3023255813953488,0.3023255813953488
Frangieh_IFNg_TNFA,16,old_controller,Frangieh,0.6,0.6744186046511628,0.3023255813953488
Frangieh_IFNg_TNFA,16,old_controller,Frangieh,0.8,0.3488372093023256,0.18604651162790697
Frangieh_IFNg_TNFA,17,random,Frangieh,0.6,0.5813953488372093,0.2558139534883721
Frangieh_IFNg_TNFA,17,random,Frangieh,0.8,0.3023255813953488,0.16279069767441862
Frangieh_IFNg_TNFA,17,fixed_ridge,Frangieh,0.6,0.5116279069767442,0.4186046511627907
Frangieh_IFNg_TNFA,17,fixed_ridge,Frangieh,0.8,0.32558139534883723,0.2558139534883721
Frangieh_IFNg_TNFA,17,greedy_ridge,Frangieh,0.6,0.6046511627906976,0.37209302325581395
Frangieh_IFNg_TNFA,17,greedy_ridge,Frangieh,0.8,0.37209302325581395,0.2558139534883721
Frangieh_IFNg_TNFA,17,linear_ucb,Frangieh,0.6,0.6046511627906976,0.3953488372093023
Frangieh_IFNg_TNFA,17,linear_ucb,Frangieh,0.8,0.3488372093023256,0.2558139534883721
Frangieh_IFNg_TNFA,17,diversity,Frangieh,0.6,0.6046511627906976,0.32558139534883723
Frangieh_IFNg_TNFA,17,diversity,Frangieh,0.8,0.37209302325581395,0.23255813953488372
Frangieh_IFNg_TNFA,17,extra_trees,Frangieh,0.6,0.6046511627906976,0.3953488372093023
Frangieh_IFNg_TNFA,17,extra_trees,Frangieh,0.8,0.37209302325581395,0.23255813953488372
Frangieh_IFNg_TNFA,17,gated_random,Frangieh,0.6,0.5813953488372093,0.2558139534883721
Frangieh_IFNg_TNFA,17,gated_random,Frangieh,0.8,0.3023255813953488,0.16279069767441862
Frangieh_IFNg_TNFA,17,old_controller,Frangieh,0.6,0.6046511627906976,0.32558139534883723
Frangieh_IFNg_TNFA,17,old_controller,Frangieh,0.8,0.37209302325581395,0.23255813953488372
Frangieh_IFNg_TNFA,18,random,Frangieh,0.6,0.5581395348837209,0.3953488372093023
Frangieh_IFNg_TNFA,18,random,Frangieh,0.8,0.27906976744186046,0.3023255813953488
Frangieh_IFNg_TNFA,18,fixed_ridge,Frangieh,0.6,0.5581395348837209,0.32558139534883723
Frangieh_IFNg_TNFA,18,fixed_ridge,Frangieh,0.8,0.3953488372093023,0.2558139534883721
Frangieh_IFNg_TNFA,18,greedy_ridge,Frangieh,0.6,0.5813953488372093,0.3488372093023256
Frangieh_IFNg_TNFA,18,greedy_ridge,Frangieh,0.8,0.3953488372093023,0.23255813953488372
Frangieh_IFNg_TNFA,18,linear_ucb,Frangieh,0.6,0.5581395348837209,0.37209302325581395
Frangieh_IFNg_TNFA,18,linear_ucb,Frangieh,0.8,0.3488372093023256,0.23255813953488372
Frangieh_IFNg_TNFA,18,diversity,Frangieh,0.6,0.5581395348837209,0.37209302325581395
Frangieh_IFNg_TNFA,18,diversity,Frangieh,0.8,0.3488372093023256,0.27906976744186046
Frangieh_IFNg_TNFA,18,extra_trees,Frangieh,0.6,0.627906976744186,0.3488372093023256
Frangieh_IFNg_TNFA,18,extra_trees,Frangieh,0.8,0.37209302325581395,0.2558139534883721
Frangieh_IFNg_TNFA,18,gated_random,Frangieh,0.6,0.5581395348837209,0.3953488372093023
Frangieh_IFNg_TNFA,18,gated_random,Frangieh,0.8,0.27906976744186046,0.3023255813953488
Frangieh_IFNg_TNFA,18,old_controller,Frangieh,0.6,0.5581395348837209,0.37209302325581395
Frangieh_IFNg_TNFA,18,old_controller,Frangieh,0.8,0.3488372093023256,0.27906976744186046
Frangieh_IFNg_TNFA,19,random,Frangieh,0.6,0.6046511627906976,0.3953488372093023
Frangieh_IFNg_TNFA,19,random,Frangieh,0.8,0.3023255813953488,0.11627906976744186
Frangieh_IFNg_TNFA,19,fixed_ridge,Frangieh,0.6,0.6976744186046512,0.27906976744186046
Frangieh_IFNg_TNFA,19,fixed_ridge,Frangieh,0.8,0.32558139534883723,0.13953488372093023
Frangieh_IFNg_TNFA,19,greedy_ridge,Frangieh,0.6,0.627906976744186,0.27906976744186046
Frangieh_IFNg_TNFA,19,greedy_ridge,Frangieh,0.8,0.3488372093023256,0.11627906976744186
Frangieh_IFNg_TNFA,19,linear_ucb,Frangieh,0.6,0.5348837209302325,0.32558139534883723
Frangieh_IFNg_TNFA,19,linear_ucb,Frangieh,0.8,0.23255813953488372,0.16279069767441862
Frangieh_IFNg_TNFA,19,diversity,Frangieh,0.6,0.627906976744186,0.3023255813953488
Frangieh_IFNg_TNFA,19,diversity,Frangieh,0.8,0.27906976744186046,0.11627906976744186
Frangieh_IFNg_TNFA,19,extra_trees,Frangieh,0.6,0.6744186046511628,0.3023255813953488
Frangieh_IFNg_TNFA,19,extra_trees,Frangieh,0.8,0.2558139534883721,0.18604651162790697
Frangieh_IFNg_TNFA,19,gated_random,Frangieh,0.6,0.6511627906976745,0.37209302325581395
Frangieh_IFNg_TNFA,19,gated_random,Frangieh,0.8,0.32558139534883723,0.13953488372093023
Frangieh_IFNg_TNFA,19,old_controller,Frangieh,0.6,0.6511627906976745,0.32558139534883723
Frangieh_IFNg_TNFA,19,old_controller,Frangieh,0.8,0.3488372093023256,0.11627906976744186
Frangieh_IFNg_TNFA,20,random,Frangieh,0.6,0.5116279069767442,0.23255813953488372
Frangieh_IFNg_TNFA,20,random,Frangieh,0.8,0.27906976744186046,0.11627906976744186
Frangieh_IFNg_TNFA,20,fixed_ridge,Frangieh,0.6,0.7674418604651163,0.37209302325581395
Frangieh_IFNg_TNFA,20,fixed_ridge,Frangieh,0.8,0.4883720930232558,0.18604651162790697
Frangieh_IFNg_TNFA,20,greedy_ridge,Frangieh,0.6,0.6511627906976745,0.3023255813953488
Frangieh_IFNg_TNFA,20,greedy_ridge,Frangieh,0.8,0.3953488372093023,0.16279069767441862
Frangieh_IFNg_TNFA,20,linear_ucb,Frangieh,0.6,0.6511627906976745,0.3023255813953488
Frangieh_IFNg_TNFA,20,linear_ucb,Frangieh,0.8,0.3953488372093023,0.13953488372093023
Frangieh_IFNg_TNFA,20,diversity,Frangieh,0.6,0.5813953488372093,0.3488372093023256
Frangieh_IFNg_TNFA,20,diversity,Frangieh,0.8,0.4186046511627907,0.23255813953488372
Frangieh_IFNg_TNFA,20,extra_trees,Frangieh,0.6,0.6511627906976745,0.32558139534883723
Frangieh_IFNg_TNFA,20,extra_trees,Frangieh,0.8,0.3488372093023256,0.16279069767441862
Frangieh_IFNg_TNFA,20,gated_random,Frangieh,0.6,0.627906976744186,0.3953488372093023
Frangieh_IFNg_TNFA,20,gated_random,Frangieh,0.8,0.3488372093023256,0.20930232558139536
Frangieh_IFNg_TNFA,20,old_controller,Frangieh,0.6,0.627906976744186,0.3488372093023256
Frangieh_IFNg_TNFA,20,old_controller,Frangieh,0.8,0.3953488372093023,0.23255813953488372
Frangieh_IFNg_TNFA,21,random,Frangieh,0.6,0.5348837209302325,0.27906976744186046
Frangieh_IFNg_TNFA,21,random,Frangieh,0.8,0.4186046511627907,0.16279069767441862
Frangieh_IFNg_TNFA,21,fixed_ridge,Frangieh,0.6,0.6744186046511628,0.32558139534883723
Frangieh_IFNg_TNFA,21,fixed_ridge,Frangieh,0.8,0.37209302325581395,0.16279069767441862
Frangieh_IFNg_TNFA,21,greedy_ridge,Frangieh,0.6,0.5813953488372093,0.3023255813953488
Frangieh_IFNg_TNFA,21,greedy_ridge,Frangieh,0.8,0.3488372093023256,0.13953488372093023
Frangieh_IFNg_TNFA,21,linear_ucb,Frangieh,0.6,0.627906976744186,0.32558139534883723
Frangieh_IFNg_TNFA,21,linear_ucb,Frangieh,0.8,0.3953488372093023,0.11627906976744186
Frangieh_IFNg_TNFA,21,diversity,Frangieh,0.6,0.6046511627906976,0.3488372093023256
Frangieh_IFNg_TNFA,21,diversity,Frangieh,0.8,0.3953488372093023,0.18604651162790697
Frangieh_IFNg_TNFA,21,extra_trees,Frangieh,0.6,0.6976744186046512,0.4186046511627907
Frangieh_IFNg_TNFA,21,extra_trees,Frangieh,0.8,0.3488372093023256,0.2558139534883721
Frangieh_IFNg_TNFA,21,gated_random,Frangieh,0.6,0.5581395348837209,0.3488372093023256
Frangieh_IFNg_TNFA,21,gated_random,Frangieh,0.8,0.4186046511627907,0.18604651162790697
Frangieh_IFNg_TNFA,21,old_controller,Frangieh,0.6,0.6511627906976745,0.3488372093023256
Frangieh_IFNg_TNFA,21,old_controller,Frangieh,0.8,0.4418604651162791,0.18604651162790697
Frangieh_IFNg_TNFA,22,random,Frangieh,0.6,0.6046511627906976,0.3488372093023256
Frangieh_IFNg_TNFA,22,random,Frangieh,0.8,0.4186046511627907,0.2558139534883721
Frangieh_IFNg_TNFA,22,fixed_ridge,Frangieh,0.6,0.5581395348837209,0.2558139534883721
Frangieh_IFNg_TNFA,22,fixed_ridge,Frangieh,0.8,0.2558139534883721,0.16279069767441862
Frangieh_IFNg_TNFA,22,greedy_ridge,Frangieh,0.6,0.5348837209302325,0.23255813953488372
Frangieh_IFNg_TNFA,22,greedy_ridge,Frangieh,0.8,0.27906976744186046,0.16279069767441862
Frangieh_IFNg_TNFA,22,linear_ucb,Frangieh,0.6,0.46511627906976744,0.23255813953488372
Frangieh_IFNg_TNFA,22,linear_ucb,Frangieh,0.8,0.2558139534883721,0.13953488372093023
Frangieh_IFNg_TNFA,22,diversity,Frangieh,0.6,0.4883720930232558,0.27906976744186046
Frangieh_IFNg_TNFA,22,diversity,Frangieh,0.8,0.27906976744186046,0.16279069767441862
Frangieh_IFNg_TNFA,22,extra_trees,Frangieh,0.6,0.5116279069767442,0.37209302325581395
Frangieh_IFNg_TNFA,22,extra_trees,Frangieh,0.8,0.32558139534883723,0.2558139534883721
Frangieh_IFNg_TNFA,22,gated_random,Frangieh,0.6,0.627906976744186,0.32558139534883723
Frangieh_IFNg_TNFA,22,gated_random,Frangieh,0.8,0.3953488372093023,0.18604651162790697
Frangieh_IFNg_TNFA,22,old_controller,Frangieh,0.6,0.5813953488372093,0.27906976744186046
Frangieh_IFNg_TNFA,22,old_controller,Frangieh,0.8,0.27906976744186046,0.16279069767441862
Frangieh_IFNg_TNFA,23,random,Frangieh,0.6,0.5116279069767442,0.2558139534883721
Frangieh_IFNg_TNFA,23,random,Frangieh,0.8,0.27906976744186046,0.16279069767441862
Frangieh_IFNg_TNFA,23,fixed_ridge,Frangieh,0.6,0.6046511627906976,0.37209302325581395
Frangieh_IFNg_TNFA,23,fixed_ridge,Frangieh,0.8,0.3953488372093023,0.23255813953488372
Frangieh_IFNg_TNFA,23,greedy_ridge,Frangieh,0.6,0.6046511627906976,0.32558139534883723
Frangieh_IFNg_TNFA,23,greedy_ridge,Frangieh,0.8,0.37209302325581395,0.18604651162790697
Frangieh_IFNg_TNFA,23,linear_ucb,Frangieh,0.6,0.627906976744186,0.32558139534883723
Frangieh_IFNg_TNFA,23,linear_ucb,Frangieh,0.8,0.37209302325581395,0.20930232558139536
Frangieh_IFNg_TNFA,23,diversity,Frangieh,0.6,0.6046511627906976,0.27906976744186046
Frangieh_IFNg_TNFA,23,diversity,Frangieh,0.8,0.37209302325581395,0.16279069767441862
Frangieh_IFNg_TNFA,23,extra_trees,Frangieh,0.6,0.6511627906976745,0.3023255813953488
Frangieh_IFNg_TNFA,23,extra_trees,Frangieh,0.8,0.37209302325581395,0.18604651162790697
Frangieh_IFNg_TNFA,23,gated_random,Frangieh,0.6,0.5116279069767442,0.2558139534883721
Frangieh_IFNg_TNFA,23,gated_random,Frangieh,0.8,0.27906976744186046,0.16279069767441862
Frangieh_IFNg_TNFA,23,old_controller,Frangieh,0.6,0.6046511627906976,0.27906976744186046
Frangieh_IFNg_TNFA,23,old_controller,Frangieh,0.8,0.37209302325581395,0.16279069767441862
Frangieh_IFNg_TNFA,24,random,Frangieh,0.6,0.4418604651162791,0.46511627906976744
Frangieh_IFNg_TNFA,24,random,Frangieh,0.8,0.27906976744186046,0.23255813953488372
Frangieh_IFNg_TNFA,24,fixed_ridge,Frangieh,0.6,0.5813953488372093,0.32558139534883723
Frangieh_IFNg_TNFA,24,fixed_ridge,Frangieh,0.8,0.2558139534883721,0.13953488372093023
Frangieh_IFNg_TNFA,24,greedy_ridge,Frangieh,0.6,0.6046511627906976,0.27906976744186046
Frangieh_IFNg_TNFA,24,greedy_ridge,Frangieh,0.8,0.32558139534883723,0.16279069767441862
Frangieh_IFNg_TNFA,24,linear_ucb,Frangieh,0.6,0.627906976744186,0.2558139534883721
Frangieh_IFNg_TNFA,24,linear_ucb,Frangieh,0.8,0.32558139534883723,0.11627906976744186
Frangieh_IFNg_TNFA,24,diversity,Frangieh,0.6,0.5581395348837209,0.27906976744186046
Frangieh_IFNg_TNFA,24,diversity,Frangieh,0.8,0.27906976744186046,0.11627906976744186
Frangieh_IFNg_TNFA,24,extra_trees,Frangieh,0.6,0.627906976744186,0.3953488372093023
Frangieh_IFNg_TNFA,24,extra_trees,Frangieh,0.8,0.32558139534883723,0.20930232558139536
Frangieh_IFNg_TNFA,24,gated_random,Frangieh,0.6,0.4418604651162791,0.37209302325581395
Frangieh_IFNg_TNFA,24,gated_random,Frangieh,0.8,0.20930232558139536,0.23255813953488372
Frangieh_IFNg_TNFA,24,old_controller,Frangieh,0.6,0.5581395348837209,0.27906976744186046
Frangieh_IFNg_TNFA,24,old_controller,Frangieh,0.8,0.27906976744186046,0.11627906976744186
Frangieh_IFNg_TNFA,25,random,Frangieh,0.6,0.5813953488372093,0.3488372093023256
Frangieh_IFNg_TNFA,25,random,Frangieh,0.8,0.3488372093023256,0.18604651162790697
Frangieh_IFNg_TNFA,25,fixed_ridge,Frangieh,0.6,0.6046511627906976,0.4186046511627907
Frangieh_IFNg_TNFA,25,fixed_ridge,Frangieh,0.8,0.37209302325581395,0.20930232558139536
Frangieh_IFNg_TNFA,25,greedy_ridge,Frangieh,0.6,0.5581395348837209,0.4418604651162791
Frangieh_IFNg_TNFA,25,greedy_ridge,Frangieh,0.8,0.27906976744186046,0.27906976744186046
Frangieh_IFNg_TNFA,25,linear_ucb,Frangieh,0.6,0.6046511627906976,0.3953488372093023
Frangieh_IFNg_TNFA,25,linear_ucb,Frangieh,0.8,0.27906976744186046,0.20930232558139536
Frangieh_IFNg_TNFA,25,diversity,Frangieh,0.6,0.5581395348837209,0.32558139534883723
Frangieh_IFNg_TNFA,25,diversity,Frangieh,0.8,0.32558139534883723,0.20930232558139536
Frangieh_IFNg_TNFA,25,extra_trees,Frangieh,0.6,0.5348837209302325,0.46511627906976744
Frangieh_IFNg_TNFA,25,extra_trees,Frangieh,0.8,0.3023255813953488,0.3023255813953488
Frangieh_IFNg_TNFA,25,gated_random,Frangieh,0.6,0.5813953488372093,0.3488372093023256
Frangieh_IFNg_TNFA,25,gated_random,Frangieh,0.8,0.3488372093023256,0.18604651162790697
Frangieh_IFNg_TNFA,25,old_controller,Frangieh,0.6,0.5581395348837209,0.32558139534883723
Frangieh_IFNg_TNFA,25,old_controller,Frangieh,0.8,0.32558139534883723,0.20930232558139536
Frangieh_IFNg_TNFA,26,random,Frangieh,0.6,0.5116279069767442,0.3023255813953488
Frangieh_IFNg_TNFA,26,random,Frangieh,0.8,0.23255813953488372,0.20930232558139536
Frangieh_IFNg_TNFA,26,fixed_ridge,Frangieh,0.6,0.46511627906976744,0.23255813953488372
Frangieh_IFNg_TNFA,26,fixed_ridge,Frangieh,0.8,0.20930232558139536,0.11627906976744186
Frangieh_IFNg_TNFA,26,greedy_ridge,Frangieh,0.6,0.5581395348837209,0.3023255813953488
Frangieh_IFNg_TNFA,26,greedy_ridge,Frangieh,0.8,0.27906976744186046,0.20930232558139536
Frangieh_IFNg_TNFA,26,linear_ucb,Frangieh,0.6,0.4418604651162791,0.27906976744186046
Frangieh_IFNg_TNFA,26,linear_ucb,Frangieh,0.8,0.27906976744186046,0.18604651162790697
Frangieh_IFNg_TNFA,26,diversity,Frangieh,0.6,0.5116279069767442,0.32558139534883723
Frangieh_IFNg_TNFA,26,diversity,Frangieh,0.8,0.3023255813953488,0.16279069767441862
Frangieh_IFNg_TNFA,26,extra_trees,Frangieh,0.6,0.4418604651162791,0.3023255813953488
Frangieh_IFNg_TNFA,26,extra_trees,Frangieh,0.8,0.20930232558139536,0.16279069767441862
Frangieh_IFNg_TNFA,26,gated_random,Frangieh,0.6,0.5813953488372093,0.27906976744186046
Frangieh_IFNg_TNFA,26,gated_random,Frangieh,0.8,0.18604651162790697,0.16279069767441862
Frangieh_IFNg_TNFA,26,old_controller,Frangieh,0.6,0.5116279069767442,0.32558139534883723
Frangieh_IFNg_TNFA,26,old_controller,Frangieh,0.8,0.3023255813953488,0.16279069767441862
Frangieh_IFNg_TNFA,27,random,Frangieh,0.6,0.4883720930232558,0.37209302325581395
Frangieh_IFNg_TNFA,27,random,Frangieh,0.8,0.23255813953488372,0.20930232558139536
Frangieh_IFNg_TNFA,27,fixed_ridge,Frangieh,0.6,0.6511627906976745,0.27906976744186046
Frangieh_IFNg_TNFA,27,fixed_ridge,Frangieh,0.8,0.3953488372093023,0.13953488372093023
Frangieh_IFNg_TNFA,27,greedy_ridge,Frangieh,0.6,0.5348837209302325,0.2558139534883721
Frangieh_IFNg_TNFA,27,greedy_ridge,Frangieh,0.8,0.27906976744186046,0.13953488372093023
Frangieh_IFNg_TNFA,27,linear_ucb,Frangieh,0.6,0.5116279069767442,0.23255813953488372
Frangieh_IFNg_TNFA,27,linear_ucb,Frangieh,0.8,0.2558139534883721,0.11627906976744186
Frangieh_IFNg_TNFA,27,diversity,Frangieh,0.6,0.5348837209302325,0.3023255813953488
Frangieh_IFNg_TNFA,27,diversity,Frangieh,0.8,0.27906976744186046,0.16279069767441862
Frangieh_IFNg_TNFA,27,extra_trees,Frangieh,0.6,0.6511627906976745,0.32558139534883723
Frangieh_IFNg_TNFA,27,extra_trees,Frangieh,0.8,0.32558139534883723,0.18604651162790697
Frangieh_IFNg_TNFA,27,gated_random,Frangieh,0.6,0.4883720930232558,0.37209302325581395
Frangieh_IFNg_TNFA,27,gated_random,Frangieh,0.8,0.23255813953488372,0.20930232558139536
Frangieh_IFNg_TNFA,27,old_controller,Frangieh,0.6,0.5116279069767442,0.3023255813953488
Frangieh_IFNg_TNFA,27,old_controller,Frangieh,0.8,0.27906976744186046,0.13953488372093023
Frangieh_IFNg_TNFA,28,random,Frangieh,0.6,0.6511627906976745,0.23255813953488372
Frangieh_IFNg_TNFA,28,random,Frangieh,0.8,0.20930232558139536,0.18604651162790697
Frangieh_IFNg_TNFA,28,fixed_ridge,Frangieh,0.6,0.5813953488372093,0.3488372093023256
Frangieh_IFNg_TNFA,28,fixed_ridge,Frangieh,0.8,0.3023255813953488,0.18604651162790697
Frangieh_IFNg_TNFA,28,greedy_ridge,Frangieh,0.6,0.5813953488372093,0.32558139534883723
Frangieh_IFNg_TNFA,28,greedy_ridge,Frangieh,0.8,0.3023255813953488,0.18604651162790697
Frangieh_IFNg_TNFA,28,linear_ucb,Frangieh,0.6,0.5813953488372093,0.27906976744186046
Frangieh_IFNg_TNFA,28,linear_ucb,Frangieh,0.8,0.32558139534883723,0.20930232558139536
Frangieh_IFNg_TNFA,28,diversity,Frangieh,0.6,0.5581395348837209,0.27906976744186046
Frangieh_IFNg_TNFA,28,diversity,Frangieh,0.8,0.3023255813953488,0.13953488372093023
Frangieh_IFNg_TNFA,28,extra_trees,Frangieh,0.6,0.5116279069767442,0.27906976744186046
Frangieh_IFNg_TNFA,28,extra_trees,Frangieh,0.8,0.27906976744186046,0.16279069767441862
Frangieh_IFNg_TNFA,28,gated_random,Frangieh,0.6,0.6511627906976745,0.23255813953488372
Frangieh_IFNg_TNFA,28,gated_random,Frangieh,0.8,0.20930232558139536,0.18604651162790697
Frangieh_IFNg_TNFA,28,old_controller,Frangieh,0.6,0.5581395348837209,0.27906976744186046
Frangieh_IFNg_TNFA,28,old_controller,Frangieh,0.8,0.3023255813953488,0.13953488372093023
Frangieh_IFNg_TNFA,29,random,Frangieh,0.6,0.5348837209302325,0.3953488372093023
Frangieh_IFNg_TNFA,29,random,Frangieh,0.8,0.32558139534883723,0.18604651162790697
Frangieh_IFNg_TNFA,29,fixed_ridge,Frangieh,0.6,0.5116279069767442,0.37209302325581395
Frangieh_IFNg_TNFA,29,fixed_ridge,Frangieh,0.8,0.27906976744186046,0.23255813953488372
Frangieh_IFNg_TNFA,29,greedy_ridge,Frangieh,0.6,0.5116279069767442,0.3488372093023256
Frangieh_IFNg_TNFA,29,greedy_ridge,Frangieh,0.8,0.27906976744186046,0.18604651162790697
Frangieh_IFNg_TNFA,29,linear_ucb,Frangieh,0.6,0.5116279069767442,0.3023255813953488
Frangieh_IFNg_TNFA,29,linear_ucb,Frangieh,0.8,0.27906976744186046,0.18604651162790697
Frangieh_IFNg_TNFA,29,diversity,Frangieh,0.6,0.6046511627906976,0.32558139534883723
Frangieh_IFNg_TNFA,29,diversity,Frangieh,0.8,0.37209302325581395,0.20930232558139536
Frangieh_IFNg_TNFA,29,extra_trees,Frangieh,0.6,0.5581395348837209,0.3953488372093023
Frangieh_IFNg_TNFA,29,extra_trees,Frangieh,0.8,0.3488372093023256,0.2558139534883721
Frangieh_IFNg_TNFA,29,gated_random,Frangieh,0.6,0.5348837209302325,0.3953488372093023
Frangieh_IFNg_TNFA,29,gated_random,Frangieh,0.8,0.32558139534883723,0.18604651162790697
Frangieh_IFNg_TNFA,29,old_controller,Frangieh,0.6,0.6046511627906976,0.32558139534883723
Frangieh_IFNg_TNFA,29,old_controller,Frangieh,0.8,0.37209302325581395,0.20930232558139536
Frangieh_IFNg_IL2STAT5,0,random,Frangieh,0.6,0.6744186046511628,0.4418604651162791
Frangieh_IFNg_IL2STAT5,0,random,Frangieh,0.8,0.37209302325581395,0.18604651162790697
Frangieh_IFNg_IL2STAT5,0,fixed_ridge,Frangieh,0.6,0.6046511627906976,0.4186046511627907
Frangieh_IFNg_IL2STAT5,0,fixed_ridge,Frangieh,0.8,0.27906976744186046,0.11627906976744186
Frangieh_IFNg_IL2STAT5,0,greedy_ridge,Frangieh,0.6,0.5348837209302325,0.37209302325581395
Frangieh_IFNg_IL2STAT5,0,greedy_ridge,Frangieh,0.8,0.3488372093023256,0.16279069767441862
Frangieh_IFNg_IL2STAT5,0,linear_ucb,Frangieh,0.6,0.5116279069767442,0.3953488372093023
Frangieh_IFNg_IL2STAT5,0,linear_ucb,Frangieh,0.8,0.3023255813953488,0.13953488372093023
Frangieh_IFNg_IL2STAT5,0,diversity,Frangieh,0.6,0.5581395348837209,0.3953488372093023
Frangieh_IFNg_IL2STAT5,0,diversity,Frangieh,0.8,0.23255813953488372,0.13953488372093023
Frangieh_IFNg_IL2STAT5,0,extra_trees,Frangieh,0.6,0.627906976744186,0.4186046511627907
Frangieh_IFNg_IL2STAT5,0,extra_trees,Frangieh,0.8,0.37209302325581395,0.16279069767441862
Frangieh_IFNg_IL2STAT5,0,gated_random,Frangieh,0.6,0.5581395348837209,0.4186046511627907
Frangieh_IFNg_IL2STAT5,0,gated_random,Frangieh,0.8,0.32558139534883723,0.23255813953488372
Frangieh_IFNg_IL2STAT5,0,old_controller,Frangieh,0.6,0.5348837209302325,0.3953488372093023
Frangieh_IFNg_IL2STAT5,0,old_controller,Frangieh,0.8,0.23255813953488372,0.11627906976744186
Frangieh_IFNg_IL2STAT5,1,random,Frangieh,0.6,0.4883720930232558,0.4883720930232558
Frangieh_IFNg_IL2STAT5,1,random,Frangieh,0.8,0.32558139534883723,0.3023255813953488
Frangieh_IFNg_IL2STAT5,1,fixed_ridge,Frangieh,0.6,0.6046511627906976,0.5581395348837209
Frangieh_IFNg_IL2STAT5,1,fixed_ridge,Frangieh,0.8,0.27906976744186046,0.18604651162790697
Frangieh_IFNg_IL2STAT5,1,greedy_ridge,Frangieh,0.6,0.5348837209302325,0.3488372093023256
Frangieh_IFNg_IL2STAT5,1,greedy_ridge,Frangieh,0.8,0.32558139534883723,0.18604651162790697
Frangieh_IFNg_IL2STAT5,1,linear_ucb,Frangieh,0.6,0.5116279069767442,0.3023255813953488
Frangieh_IFNg_IL2STAT5,1,linear_ucb,Frangieh,0.8,0.27906976744186046,0.09302325581395349
Frangieh_IFNg_IL2STAT5,1,diversity,Frangieh,0.6,0.5348837209302325,0.3488372093023256
Frangieh_IFNg_IL2STAT5,1,diversity,Frangieh,0.8,0.23255813953488372,0.11627906976744186
Frangieh_IFNg_IL2STAT5,1,extra_trees,Frangieh,0.6,0.5348837209302325,0.4418604651162791
Frangieh_IFNg_IL2STAT5,1,extra_trees,Frangieh,0.8,0.3023255813953488,0.16279069767441862
Frangieh_IFNg_IL2STAT5,1,gated_random,Frangieh,0.6,0.4883720930232558,0.4883720930232558
Frangieh_IFNg_IL2STAT5,1,gated_random,Frangieh,0.8,0.32558139534883723,0.3023255813953488
Frangieh_IFNg_IL2STAT5,1,old_controller,Frangieh,0.6,0.5348837209302325,0.3488372093023256
Frangieh_IFNg_IL2STAT5,1,old_controller,Frangieh,0.8,0.23255813953488372,0.11627906976744186
Frangieh_IFNg_IL2STAT5,2,random,Frangieh,0.6,0.627906976744186,0.46511627906976744
Frangieh_IFNg_IL2STAT5,2,random,Frangieh,0.8,0.3488372093023256,0.23255813953488372
Frangieh_IFNg_IL2STAT5,2,fixed_ridge,Frangieh,0.6,0.5581395348837209,0.3953488372093023
Frangieh_IFNg_IL2STAT5,2,fixed_ridge,Frangieh,0.8,0.27906976744186046,0.18604651162790697
Frangieh_IFNg_IL2STAT5,2,greedy_ridge,Frangieh,0.6,0.46511627906976744,0.4186046511627907
Frangieh_IFNg_IL2STAT5,2,greedy_ridge,Frangieh,0.8,0.18604651162790697,0.18604651162790697
Frangieh_IFNg_IL2STAT5,2,linear_ucb,Frangieh,0.6,0.4883720930232558,0.3488372093023256
Frangieh_IFNg_IL2STAT5,2,linear_ucb,Frangieh,0.8,0.23255813953488372,0.18604651162790697
Frangieh_IFNg_IL2STAT5,2,diversity,Frangieh,0.6,0.5581395348837209,0.3488372093023256
Frangieh_IFNg_IL2STAT5,2,diversity,Frangieh,0.8,0.23255813953488372,0.16279069767441862
Frangieh_IFNg_IL2STAT5,2,extra_trees,Frangieh,0.6,0.5581395348837209,0.4883720930232558
Frangieh_IFNg_IL2STAT5,2,extra_trees,Frangieh,0.8,0.27906976744186046,0.20930232558139536
Frangieh_IFNg_IL2STAT5,2,gated_random,Frangieh,0.6,0.6511627906976745,0.3953488372093023
Frangieh_IFNg_IL2STAT5,2,gated_random,Frangieh,0.8,0.3488372093023256,0.16279069767441862
Frangieh_IFNg_IL2STAT5,2,old_controller,Frangieh,0.6,0.4883720930232558,0.37209302325581395
Frangieh_IFNg_IL2STAT5,2,old_controller,Frangieh,0.8,0.18604651162790697,0.20930232558139536
Frangieh_IFNg_IL2STAT5,3,random,Frangieh,0.6,0.6046511627906976,0.5116279069767442
Frangieh_IFNg_IL2STAT5,3,random,Frangieh,0.8,0.3488372093023256,0.23255813953488372
Frangieh_IFNg_IL2STAT5,3,fixed_ridge,Frangieh,0.6,0.46511627906976744,0.4186046511627907
Frangieh_IFNg_IL2STAT5,3,fixed_ridge,Frangieh,0.8,0.23255813953488372,0.23255813953488372
Frangieh_IFNg_IL2STAT5,3,greedy_ridge,Frangieh,0.6,0.46511627906976744,0.4418604651162791
Frangieh_IFNg_IL2STAT5,3,greedy_ridge,Frangieh,0.8,0.18604651162790697,0.13953488372093023
Frangieh_IFNg_IL2STAT5,3,linear_ucb,Frangieh,0.6,0.4418604651162791,0.4883720930232558
Frangieh_IFNg_IL2STAT5,3,linear_ucb,Frangieh,0.8,0.16279069767441862,0.16279069767441862
Frangieh_IFNg_IL2STAT5,3,diversity,Frangieh,0.6,0.5581395348837209,0.3953488372093023
Frangieh_IFNg_IL2STAT5,3,diversity,Frangieh,0.8,0.20930232558139536,0.18604651162790697
Frangieh_IFNg_IL2STAT5,3,extra_trees,Frangieh,0.6,0.5581395348837209,0.3953488372093023
Frangieh_IFNg_IL2STAT5,3,extra_trees,Frangieh,0.8,0.3488372093023256,0.11627906976744186
Frangieh_IFNg_IL2STAT5,3,gated_random,Frangieh,0.6,0.5581395348837209,0.4883720930232558
Frangieh_IFNg_IL2STAT5,3,gated_random,Frangieh,0.8,0.3023255813953488,0.20930232558139536
Frangieh_IFNg_IL2STAT5,3,old_controller,Frangieh,0.6,0.46511627906976744,0.4186046511627907
Frangieh_IFNg_IL2STAT5,3,old_controller,Frangieh,0.8,0.20930232558139536,0.23255813953488372
Frangieh_IFNg_IL2STAT5,4,random,Frangieh,0.6,0.627906976744186,0.37209302325581395
Frangieh_IFNg_IL2STAT5,4,random,Frangieh,0.8,0.3953488372093023,0.16279069767441862
Frangieh_IFNg_IL2STAT5,4,fixed_ridge,Frangieh,0.6,0.5581395348837209,0.32558139534883723
Frangieh_IFNg_IL2STAT5,4,fixed_ridge,Frangieh,0.8,0.3953488372093023,0.13953488372093023
Frangieh_IFNg_IL2STAT5,4,greedy_ridge,Frangieh,0.6,0.6046511627906976,0.3488372093023256
Frangieh_IFNg_IL2STAT5,4,greedy_ridge,Frangieh,0.8,0.3953488372093023,0.16279069767441862
Frangieh_IFNg_IL2STAT5,4,linear_ucb,Frangieh,0.6,0.5348837209302325,0.37209302325581395
Frangieh_IFNg_IL2STAT5,4,linear_ucb,Frangieh,0.8,0.3488372093023256,0.20930232558139536
Frangieh_IFNg_IL2STAT5,4,diversity,Frangieh,0.6,0.5813953488372093,0.4418604651162791
Frangieh_IFNg_IL2STAT5,4,diversity,Frangieh,0.8,0.3023255813953488,0.20930232558139536
Frangieh_IFNg_IL2STAT5,4,extra_trees,Frangieh,0.6,0.6046511627906976,0.3488372093023256
Frangieh_IFNg_IL2STAT5,4,extra_trees,Frangieh,0.8,0.37209302325581395,0.13953488372093023
Frangieh_IFNg_IL2STAT5,4,gated_random,Frangieh,0.6,0.627906976744186,0.37209302325581395
Frangieh_IFNg_IL2STAT5,4,gated_random,Frangieh,0.8,0.3953488372093023,0.16279069767441862
Frangieh_IFNg_IL2STAT5,4,old_controller,Frangieh,0.6,0.5813953488372093,0.4418604651162791
Frangieh_IFNg_IL2STAT5,4,old_controller,Frangieh,0.8,0.3023255813953488,0.20930232558139536
Frangieh_IFNg_IL2STAT5,5,random,Frangieh,0.6,0.5581395348837209,0.5348837209302325
Frangieh_IFNg_IL2STAT5,5,random,Frangieh,0.8,0.3488372093023256,0.20930232558139536
Frangieh_IFNg_IL2STAT5,5,fixed_ridge,Frangieh,0.6,0.627906976744186,0.4418604651162791
Frangieh_IFNg_IL2STAT5,5,fixed_ridge,Frangieh,0.8,0.3488372093023256,0.16279069767441862
Frangieh_IFNg_IL2STAT5,5,greedy_ridge,Frangieh,0.6,0.5581395348837209,0.4883720930232558
Frangieh_IFNg_IL2STAT5,5,greedy_ridge,Frangieh,0.8,0.3023255813953488,0.13953488372093023
Frangieh_IFNg_IL2STAT5,5,linear_ucb,Frangieh,0.6,0.5581395348837209,0.46511627906976744
Frangieh_IFNg_IL2STAT5,5,linear_ucb,Frangieh,0.8,0.27906976744186046,0.11627906976744186
Frangieh_IFNg_IL2STAT5,5,diversity,Frangieh,0.6,0.5813953488372093,0.4418604651162791
Frangieh_IFNg_IL2STAT5,5,diversity,Frangieh,0.8,0.2558139534883721,0.16279069767441862
Frangieh_IFNg_IL2STAT5,5,extra_trees,Frangieh,0.6,0.6511627906976745,0.3953488372093023
Frangieh_IFNg_IL2STAT5,5,extra_trees,Frangieh,0.8,0.3953488372093023,0.13953488372093023
Frangieh_IFNg_IL2STAT5,5,gated_random,Frangieh,0.6,0.5581395348837209,0.5348837209302325
Frangieh_IFNg_IL2STAT5,5,gated_random,Frangieh,0.8,0.3488372093023256,0.20930232558139536
Frangieh_IFNg_IL2STAT5,5,old_controller,Frangieh,0.6,0.5813953488372093,0.4418604651162791
Frangieh_IFNg_IL2STAT5,5,old_controller,Frangieh,0.8,0.2558139534883721,0.16279069767441862
Frangieh_IFNg_IL2STAT5,6,random,Frangieh,0.6,0.6046511627906976,0.5348837209302325
Frangieh_IFNg_IL2STAT5,6,random,Frangieh,0.8,0.37209302325581395,0.20930232558139536
Frangieh_IFNg_IL2STAT5,6,fixed_ridge,Frangieh,0.6,0.5813953488372093,0.5116279069767442
Frangieh_IFNg_IL2STAT5,6,fixed_ridge,Frangieh,0.8,0.4186046511627907,0.18604651162790697
Frangieh_IFNg_IL2STAT5,6,greedy_ridge,Frangieh,0.6,0.6046511627906976,0.4418604651162791
Frangieh_IFNg_IL2STAT5,6,greedy_ridge,Frangieh,0.8,0.4186046511627907,0.23255813953488372
Frangieh_IFNg_IL2STAT5,6,linear_ucb,Frangieh,0.6,0.5813953488372093,0.4186046511627907
Frangieh_IFNg_IL2STAT5,6,linear_ucb,Frangieh,0.8,0.3488372093023256,0.2558139534883721
Frangieh_IFNg_IL2STAT5,6,diversity,Frangieh,0.6,0.6046511627906976,0.3953488372093023
Frangieh_IFNg_IL2STAT5,6,diversity,Frangieh,0.8,0.27906976744186046,0.18604651162790697
Frangieh_IFNg_IL2STAT5,6,extra_trees,Frangieh,0.6,0.6046511627906976,0.46511627906976744
Frangieh_IFNg_IL2STAT5,6,extra_trees,Frangieh,0.8,0.4186046511627907,0.23255813953488372
Frangieh_IFNg_IL2STAT5,6,gated_random,Frangieh,0.6,0.6046511627906976,0.5348837209302325
Frangieh_IFNg_IL2STAT5,6,gated_random,Frangieh,0.8,0.37209302325581395,0.20930232558139536
Frangieh_IFNg_IL2STAT5,6,old_controller,Frangieh,0.6,0.6046511627906976,0.3953488372093023
Frangieh_IFNg_IL2STAT5,6,old_controller,Frangieh,0.8,0.27906976744186046,0.18604651162790697
Frangieh_IFNg_IL2STAT5,7,random,Frangieh,0.6,0.4418604651162791,0.4186046511627907
Frangieh_IFNg_IL2STAT5,7,random,Frangieh,0.8,0.3023255813953488,0.27906976744186046
Frangieh_IFNg_IL2STAT5,7,fixed_ridge,Frangieh,0.6,0.5813953488372093,0.3488372093023256
Frangieh_IFNg_IL2STAT5,7,fixed_ridge,Frangieh,0.8,0.3953488372093023,0.20930232558139536
Frangieh_IFNg_IL2STAT5,7,greedy_ridge,Frangieh,0.6,0.5813953488372093,0.3488372093023256
Frangieh_IFNg_IL2STAT5,7,greedy_ridge,Frangieh,0.8,0.4186046511627907,0.18604651162790697
Frangieh_IFNg_IL2STAT5,7,linear_ucb,Frangieh,0.6,0.5116279069767442,0.3488372093023256
Frangieh_IFNg_IL2STAT5,7,linear_ucb,Frangieh,0.8,0.37209302325581395,0.16279069767441862
Frangieh_IFNg_IL2STAT5,7,diversity,Frangieh,0.6,0.4883720930232558,0.4418604651162791
Frangieh_IFNg_IL2STAT5,7,diversity,Frangieh,0.8,0.23255813953488372,0.20930232558139536
Frangieh_IFNg_IL2STAT5,7,extra_trees,Frangieh,0.6,0.5581395348837209,0.3023255813953488
Frangieh_IFNg_IL2STAT5,7,extra_trees,Frangieh,0.8,0.4418604651162791,0.13953488372093023
Frangieh_IFNg_IL2STAT5,7,gated_random,Frangieh,0.6,0.4418604651162791,0.4186046511627907
Frangieh_IFNg_IL2STAT5,7,gated_random,Frangieh,0.8,0.3023255813953488,0.27906976744186046
Frangieh_IFNg_IL2STAT5,7,old_controller,Frangieh,0.6,0.4883720930232558,0.4418604651162791
Frangieh_IFNg_IL2STAT5,7,old_controller,Frangieh,0.8,0.23255813953488372,0.20930232558139536
Frangieh_IFNg_IL2STAT5,8,random,Frangieh,0.6,0.627906976744186,0.3953488372093023
Frangieh_IFNg_IL2STAT5,8,random,Frangieh,0.8,0.37209302325581395,0.09302325581395349
Frangieh_IFNg_IL2STAT5,8,fixed_ridge,Frangieh,0.6,0.6511627906976745,0.3953488372093023
Frangieh_IFNg_IL2STAT5,8,fixed_ridge,Frangieh,0.8,0.32558139534883723,0.16279069767441862
Frangieh_IFNg_IL2STAT5,8,greedy_ridge,Frangieh,0.6,0.6046511627906976,0.3488372093023256
Frangieh_IFNg_IL2STAT5,8,greedy_ridge,Frangieh,0.8,0.3953488372093023,0.18604651162790697
Frangieh_IFNg_IL2STAT5,8,linear_ucb,Frangieh,0.6,0.6046511627906976,0.4418604651162791
Frangieh_IFNg_IL2STAT5,8,linear_ucb,Frangieh,0.8,0.3488372093023256,0.18604651162790697
Frangieh_IFNg_IL2STAT5,8,diversity,Frangieh,0.6,0.5348837209302325,0.4186046511627907
Frangieh_IFNg_IL2STAT5,8,diversity,Frangieh,0.8,0.23255813953488372,0.16279069767441862
Frangieh_IFNg_IL2STAT5,8,extra_trees,Frangieh,0.6,0.6511627906976745,0.32558139534883723
Frangieh_IFNg_IL2STAT5,8,extra_trees,Frangieh,0.8,0.3953488372093023,0.16279069767441862
Frangieh_IFNg_IL2STAT5,8,gated_random,Frangieh,0.6,0.627906976744186,0.3953488372093023
Frangieh_IFNg_IL2STAT5,8,gated_random,Frangieh,0.8,0.37209302325581395,0.09302325581395349
Frangieh_IFNg_IL2STAT5,8,old_controller,Frangieh,0.6,0.5348837209302325,0.4186046511627907
Frangieh_IFNg_IL2STAT5,8,old_controller,Frangieh,0.8,0.23255813953488372,0.16279069767441862
Frangieh_IFNg_IL2STAT5,9,random,Frangieh,0.6,0.5813953488372093,0.46511627906976744
Frangieh_IFNg_IL2STAT5,9,random,Frangieh,0.8,0.32558139534883723,0.2558139534883721
Frangieh_IFNg_IL2STAT5,9,fixed_ridge,Frangieh,0.6,0.5813953488372093,0.3488372093023256
Frangieh_IFNg_IL2STAT5,9,fixed_ridge,Frangieh,0.8,0.3023255813953488,0.18604651162790697
Frangieh_IFNg_IL2STAT5,9,greedy_ridge,Frangieh,0.6,0.6046511627906976,0.4186046511627907
Frangieh_IFNg_IL2STAT5,9,greedy_ridge,Frangieh,0.8,0.32558139534883723,0.23255813953488372
Frangieh_IFNg_IL2STAT5,9,linear_ucb,Frangieh,0.6,0.5581395348837209,0.37209302325581395
Frangieh_IFNg_IL2STAT5,9,linear_ucb,Frangieh,0.8,0.32558139534883723,0.23255813953488372
Frangieh_IFNg_IL2STAT5,9,diversity,Frangieh,0.6,0.4883720930232558,0.4186046511627907
Frangieh_IFNg_IL2STAT5,9,diversity,Frangieh,0.8,0.23255813953488372,0.18604651162790697
Frangieh_IFNg_IL2STAT5,9,extra_trees,Frangieh,0.6,0.5581395348837209,0.37209302325581395
Frangieh_IFNg_IL2STAT5,9,extra_trees,Frangieh,0.8,0.3023255813953488,0.23255813953488372
Frangieh_IFNg_IL2STAT5,9,gated_random,Frangieh,0.6,0.6046511627906976,0.3023255813953488
Frangieh_IFNg_IL2STAT5,9,gated_random,Frangieh,0.8,0.27906976744186046,0.13953488372093023
Frangieh_IFNg_IL2STAT5,9,old_controller,Frangieh,0.6,0.6046511627906976,0.4418604651162791
Frangieh_IFNg_IL2STAT5,9,old_controller,Frangieh,0.8,0.32558139534883723,0.18604651162790697
Frangieh_IFNg_IL2STAT5,10,random,Frangieh,0.6,0.4883720930232558,0.4883720930232558
Frangieh_IFNg_IL2STAT5,10,random,Frangieh,0.8,0.3023255813953488,0.16279069767441862
Frangieh_IFNg_IL2STAT5,10,fixed_ridge,Frangieh,0.6,0.46511627906976744,0.4883720930232558
Frangieh_IFNg_IL2STAT5,10,fixed_ridge,Frangieh,0.8,0.2558139534883721,0.27906976744186046
Frangieh_IFNg_IL2STAT5,10,greedy_ridge,Frangieh,0.6,0.5116279069767442,0.5116279069767442
Frangieh_IFNg_IL2STAT5,10,greedy_ridge,Frangieh,0.8,0.3488372093023256,0.23255813953488372
Frangieh_IFNg_IL2STAT5,10,linear_ucb,Frangieh,0.6,0.4418604651162791,0.46511627906976744
Frangieh_IFNg_IL2STAT5,10,linear_ucb,Frangieh,0.8,0.2558139534883721,0.2558139534883721
Frangieh_IFNg_IL2STAT5,10,diversity,Frangieh,0.6,0.5813953488372093,0.4418604651162791
Frangieh_IFNg_IL2STAT5,10,diversity,Frangieh,0.8,0.23255813953488372,0.18604651162790697
Frangieh_IFNg_IL2STAT5,10,extra_trees,Frangieh,0.6,0.4186046511627907,0.5116279069767442
Frangieh_IFNg_IL2STAT5,10,extra_trees,Frangieh,0.8,0.23255813953488372,0.23255813953488372
Frangieh_IFNg_IL2STAT5,10,gated_random,Frangieh,0.6,0.4883720930232558,0.4883720930232558
Frangieh_IFNg_IL2STAT5,10,gated_random,Frangieh,0.8,0.3023255813953488,0.16279069767441862
Frangieh_IFNg_IL2STAT5,10,old_controller,Frangieh,0.6,0.5813953488372093,0.4418604651162791
Frangieh_IFNg_IL2STAT5,10,old_controller,Frangieh,0.8,0.23255813953488372,0.18604651162790697
Frangieh_IFNg_IL2STAT5,11,random,Frangieh,0.6,0.627906976744186,0.4418604651162791
Frangieh_IFNg_IL2STAT5,11,random,Frangieh,0.8,0.32558139534883723,0.13953488372093023
Frangieh_IFNg_IL2STAT5,11,fixed_ridge,Frangieh,0.6,0.5348837209302325,0.27906976744186046
Frangieh_IFNg_IL2STAT5,11,fixed_ridge,Frangieh,0.8,0.2558139534883721,0.11627906976744186
Frangieh_IFNg_IL2STAT5,11,greedy_ridge,Frangieh,0.6,0.4883720930232558,0.3488372093023256
Frangieh_IFNg_IL2STAT5,11,greedy_ridge,Frangieh,0.8,0.23255813953488372,0.20930232558139536
Frangieh_IFNg_IL2STAT5,11,linear_ucb,Frangieh,0.6,0.4186046511627907,0.3953488372093023
Frangieh_IFNg_IL2STAT5,11,linear_ucb,Frangieh,0.8,0.18604651162790697,0.20930232558139536
Frangieh_IFNg_IL2STAT5,11,diversity,Frangieh,0.6,0.5348837209302325,0.4186046511627907
Frangieh_IFNg_IL2STAT5,11,diversity,Frangieh,0.8,0.2558139534883721,0.18604651162790697
Frangieh_IFNg_IL2STAT5,11,extra_trees,Frangieh,0.6,0.6511627906976745,0.4883720930232558
Frangieh_IFNg_IL2STAT5,11,extra_trees,Frangieh,0.8,0.32558139534883723,0.18604651162790697
Frangieh_IFNg_IL2STAT5,11,gated_random,Frangieh,0.6,0.627906976744186,0.4418604651162791
Frangieh_IFNg_IL2STAT5,11,gated_random,Frangieh,0.8,0.32558139534883723,0.13953488372093023
Frangieh_IFNg_IL2STAT5,11,old_controller,Frangieh,0.6,0.5348837209302325,0.4186046511627907
Frangieh_IFNg_IL2STAT5,11,old_controller,Frangieh,0.8,0.2558139534883721,0.18604651162790697
Frangieh_IFNg_IL2STAT5,12,random,Frangieh,0.6,0.6511627906976745,0.5116279069767442
Frangieh_IFNg_IL2STAT5,12,random,Frangieh,0.8,0.4186046511627907,0.3023255813953488
Frangieh_IFNg_IL2STAT5,12,fixed_ridge,Frangieh,0.6,0.627906976744186,0.4186046511627907
Frangieh_IFNg_IL2STAT5,12,fixed_ridge,Frangieh,0.8,0.4418604651162791,0.23255813953488372
Frangieh_IFNg_IL2STAT5,12,greedy_ridge,Frangieh,0.6,0.5813953488372093,0.46511627906976744
Frangieh_IFNg_IL2STAT5,12,greedy_ridge,Frangieh,0.8,0.3953488372093023,0.27906976744186046
Frangieh_IFNg_IL2STAT5,12,linear_ucb,Frangieh,0.6,0.5581395348837209,0.4418604651162791
Frangieh_IFNg_IL2STAT5,12,linear_ucb,Frangieh,0.8,0.3488372093023256,0.2558139534883721
Frangieh_IFNg_IL2STAT5,12,diversity,Frangieh,0.6,0.627906976744186,0.4883720930232558
Frangieh_IFNg_IL2STAT5,12,diversity,Frangieh,0.8,0.32558139534883723,0.20930232558139536
Frangieh_IFNg_IL2STAT5,12,extra_trees,Frangieh,0.6,0.6511627906976745,0.4186046511627907
Frangieh_IFNg_IL2STAT5,12,extra_trees,Frangieh,0.8,0.4418604651162791,0.18604651162790697
Frangieh_IFNg_IL2STAT5,12,gated_random,Frangieh,0.6,0.5348837209302325,0.5116279069767442
Frangieh_IFNg_IL2STAT5,12,gated_random,Frangieh,0.8,0.37209302325581395,0.32558139534883723
Frangieh_IFNg_IL2STAT5,12,old_controller,Frangieh,0.6,0.627906976744186,0.4883720930232558
Frangieh_IFNg_IL2STAT5,12,old_controller,Frangieh,0.8,0.32558139534883723,0.20930232558139536
Frangieh_IFNg_IL2STAT5,13,random,Frangieh,0.6,0.46511627906976744,0.4418604651162791
Frangieh_IFNg_IL2STAT5,13,random,Frangieh,0.8,0.27906976744186046,0.13953488372093023
Frangieh_IFNg_IL2STAT5,13,fixed_ridge,Frangieh,0.6,0.4883720930232558,0.4418604651162791
Frangieh_IFNg_IL2STAT5,13,fixed_ridge,Frangieh,0.8,0.3488372093023256,0.18604651162790697
Frangieh_IFNg_IL2STAT5,13,greedy_ridge,Frangieh,0.6,0.4883720930232558,0.46511627906976744
Frangieh_IFNg_IL2STAT5,13,greedy_ridge,Frangieh,0.8,0.3488372093023256,0.20930232558139536
Frangieh_IFNg_IL2STAT5,13,linear_ucb,Frangieh,0.6,0.4883720930232558,0.4186046511627907
Frangieh_IFNg_IL2STAT5,13,linear_ucb,Frangieh,0.8,0.3488372093023256,0.20930232558139536
Frangieh_IFNg_IL2STAT5,13,diversity,Frangieh,0.6,0.5116279069767442,0.4186046511627907
Frangieh_IFNg_IL2STAT5,13,diversity,Frangieh,0.8,0.27906976744186046,0.18604651162790697
Frangieh_IFNg_IL2STAT5,13,extra_trees,Frangieh,0.6,0.4883720930232558,0.4418604651162791
Frangieh_IFNg_IL2STAT5,13,extra_trees,Frangieh,0.8,0.3023255813953488,0.20930232558139536
Frangieh_IFNg_IL2STAT5,13,gated_random,Frangieh,0.6,0.46511627906976744,0.4418604651162791
Frangieh_IFNg_IL2STAT5,13,gated_random,Frangieh,0.8,0.27906976744186046,0.13953488372093023
Frangieh_IFNg_IL2STAT5,13,old_controller,Frangieh,0.6,0.5116279069767442,0.4186046511627907
Frangieh_IFNg_IL2STAT5,13,old_controller,Frangieh,0.8,0.27906976744186046,0.18604651162790697
Frangieh_IFNg_IL2STAT5,14,random,Frangieh,0.6,0.6046511627906976,0.3953488372093023
Frangieh_IFNg_IL2STAT5,14,random,Frangieh,0.8,0.3023255813953488,0.16279069767441862
Frangieh_IFNg_IL2STAT5,14,fixed_ridge,Frangieh,0.6,0.5813953488372093,0.4418604651162791
Frangieh_IFNg_IL2STAT5,14,fixed_ridge,Frangieh,0.8,0.3023255813953488,0.13953488372093023
Frangieh_IFNg_IL2STAT5,14,greedy_ridge,Frangieh,0.6,0.5813953488372093,0.4186046511627907
Frangieh_IFNg_IL2STAT5,14,greedy_ridge,Frangieh,0.8,0.3023255813953488,0.13953488372093023
Frangieh_IFNg_IL2STAT5,14,linear_ucb,Frangieh,0.6,0.5581395348837209,0.4883720930232558
Frangieh_IFNg_IL2STAT5,14,linear_ucb,Frangieh,0.8,0.23255813953488372,0.13953488372093023
Frangieh_IFNg_IL2STAT5,14,diversity,Frangieh,0.6,0.5348837209302325,0.3488372093023256
Frangieh_IFNg_IL2STAT5,14,diversity,Frangieh,0.8,0.27906976744186046,0.09302325581395349
Frangieh_IFNg_IL2STAT5,14,extra_trees,Frangieh,0.6,0.627906976744186,0.3488372093023256
Frangieh_IFNg_IL2STAT5,14,extra_trees,Frangieh,0.8,0.3488372093023256,0.11627906976744186
Frangieh_IFNg_IL2STAT5,14,gated_random,Frangieh,0.6,0.5813953488372093,0.4186046511627907
Frangieh_IFNg_IL2STAT5,14,gated_random,Frangieh,0.8,0.2558139534883721,0.11627906976744186
Frangieh_IFNg_IL2STAT5,14,old_controller,Frangieh,0.6,0.5348837209302325,0.46511627906976744
Frangieh_IFNg_IL2STAT5,14,old_controller,Frangieh,0.8,0.2558139534883721,0.18604651162790697
Frangieh_IFNg_IL2STAT5,15,random,Frangieh,0.6,0.5116279069767442,0.5348837209302325
Frangieh_IFNg_IL2STAT5,15,random,Frangieh,0.8,0.20930232558139536,0.23255813953488372
Frangieh_IFNg_IL2STAT5,15,fixed_ridge,Frangieh,0.6,0.5813953488372093,0.46511627906976744
Frangieh_IFNg_IL2STAT5,15,fixed_ridge,Frangieh,0.8,0.27906976744186046,0.16279069767441862
Frangieh_IFNg_IL2STAT5,15,greedy_ridge,Frangieh,0.6,0.5581395348837209,0.4186046511627907
Frangieh_IFNg_IL2STAT5,15,greedy_ridge,Frangieh,0.8,0.3023255813953488,0.13953488372093023
Frangieh_IFNg_IL2STAT5,15,linear_ucb,Frangieh,0.6,0.5348837209302325,0.3488372093023256
Frangieh_IFNg_IL2STAT5,15,linear_ucb,Frangieh,0.8,0.2558139534883721,0.13953488372093023
Frangieh_IFNg_IL2STAT5,15,diversity,Frangieh,0.6,0.5813953488372093,0.3953488372093023
Frangieh_IFNg_IL2STAT5,15,diversity,Frangieh,0.8,0.2558139534883721,0.18604651162790697
Frangieh_IFNg_IL2STAT5,15,extra_trees,Frangieh,0.6,0.6976744186046512,0.4418604651162791
Frangieh_IFNg_IL2STAT5,15,extra_trees,Frangieh,0.8,0.4186046511627907,0.18604651162790697
Frangieh_IFNg_IL2STAT5,15,gated_random,Frangieh,0.6,0.6046511627906976,0.46511627906976744
Frangieh_IFNg_IL2STAT5,15,gated_random,Frangieh,0.8,0.3023255813953488,0.20930232558139536
Frangieh_IFNg_IL2STAT5,15,old_controller,Frangieh,0.6,0.627906976744186,0.4186046511627907
Frangieh_IFNg_IL2STAT5,15,old_controller,Frangieh,0.8,0.27906976744186046,0.18604651162790697
Frangieh_IFNg_IL2STAT5,16,random,Frangieh,0.6,0.6976744186046512,0.5116279069767442
Frangieh_IFNg_IL2STAT5,16,random,Frangieh,0.8,0.4186046511627907,0.27906976744186046
Frangieh_IFNg_IL2STAT5,16,fixed_ridge,Frangieh,0.6,0.7441860465116279,0.4418604651162791
Frangieh_IFNg_IL2STAT5,16,fixed_ridge,Frangieh,0.8,0.4883720930232558,0.16279069767441862
Frangieh_IFNg_IL2STAT5,16,greedy_ridge,Frangieh,0.6,0.6744186046511628,0.46511627906976744
Frangieh_IFNg_IL2STAT5,16,greedy_ridge,Frangieh,0.8,0.4186046511627907,0.23255813953488372
Frangieh_IFNg_IL2STAT5,16,linear_ucb,Frangieh,0.6,0.6744186046511628,0.4418604651162791
Frangieh_IFNg_IL2STAT5,16,linear_ucb,Frangieh,0.8,0.4186046511627907,0.23255813953488372
Frangieh_IFNg_IL2STAT5,16,diversity,Frangieh,0.6,0.6046511627906976,0.3953488372093023
Frangieh_IFNg_IL2STAT5,16,diversity,Frangieh,0.8,0.27906976744186046,0.23255813953488372
Frangieh_IFNg_IL2STAT5,16,extra_trees,Frangieh,0.6,0.6744186046511628,0.46511627906976744
Frangieh_IFNg_IL2STAT5,16,extra_trees,Frangieh,0.8,0.3488372093023256,0.18604651162790697
Frangieh_IFNg_IL2STAT5,16,gated_random,Frangieh,0.6,0.6976744186046512,0.5116279069767442
Frangieh_IFNg_IL2STAT5,16,gated_random,Frangieh,0.8,0.4186046511627907,0.27906976744186046
Frangieh_IFNg_IL2STAT5,16,old_controller,Frangieh,0.6,0.6046511627906976,0.3953488372093023
Frangieh_IFNg_IL2STAT5,16,old_controller,Frangieh,0.8,0.27906976744186046,0.23255813953488372
Frangieh_IFNg_IL2STAT5,17,random,Frangieh,0.6,0.6511627906976745,0.3953488372093023
Frangieh_IFNg_IL2STAT5,17,random,Frangieh,0.8,0.3023255813953488,0.20930232558139536
Frangieh_IFNg_IL2STAT5,17,fixed_ridge,Frangieh,0.6,0.6744186046511628,0.3953488372093023
Frangieh_IFNg_IL2STAT5,17,fixed_ridge,Frangieh,0.8,0.3953488372093023,0.20930232558139536
Frangieh_IFNg_IL2STAT5,17,greedy_ridge,Frangieh,0.6,0.627906976744186,0.37209302325581395
Frangieh_IFNg_IL2STAT5,17,greedy_ridge,Frangieh,0.8,0.32558139534883723,0.13953488372093023
Frangieh_IFNg_IL2STAT5,17,linear_ucb,Frangieh,0.6,0.6511627906976745,0.3488372093023256
Frangieh_IFNg_IL2STAT5,17,linear_ucb,Frangieh,0.8,0.32558139534883723,0.13953488372093023
Frangieh_IFNg_IL2STAT5,17,diversity,Frangieh,0.6,0.6511627906976745,0.4418604651162791
Frangieh_IFNg_IL2STAT5,17,diversity,Frangieh,0.8,0.27906976744186046,0.18604651162790697
Frangieh_IFNg_IL2STAT5,17,extra_trees,Frangieh,0.6,0.5116279069767442,0.4418604651162791
Frangieh_IFNg_IL2STAT5,17,extra_trees,Frangieh,0.8,0.27906976744186046,0.20930232558139536
Frangieh_IFNg_IL2STAT5,17,gated_random,Frangieh,0.6,0.6511627906976745,0.3953488372093023
Frangieh_IFNg_IL2STAT5,17,gated_random,Frangieh,0.8,0.3023255813953488,0.20930232558139536
Frangieh_IFNg_IL2STAT5,17,old_controller,Frangieh,0.6,0.6511627906976745,0.4418604651162791
Frangieh_IFNg_IL2STAT5,17,old_controller,Frangieh,0.8,0.27906976744186046,0.18604651162790697
Frangieh_IFNg_IL2STAT5,18,random,Frangieh,0.6,0.627906976744186,0.32558139534883723
Frangieh_IFNg_IL2STAT5,18,random,Frangieh,0.8,0.3488372093023256,0.09302325581395349
Frangieh_IFNg_IL2STAT5,18,fixed_ridge,Frangieh,0.6,0.4883720930232558,0.3953488372093023
Frangieh_IFNg_IL2STAT5,18,fixed_ridge,Frangieh,0.8,0.3023255813953488,0.18604651162790697
Frangieh_IFNg_IL2STAT5,18,greedy_ridge,Frangieh,0.6,0.5348837209302325,0.32558139534883723
Frangieh_IFNg_IL2STAT5,18,greedy_ridge,Frangieh,0.8,0.3488372093023256,0.20930232558139536
Frangieh_IFNg_IL2STAT5,18,linear_ucb,Frangieh,0.6,0.4883720930232558,0.32558139534883723
Frangieh_IFNg_IL2STAT5,18,linear_ucb,Frangieh,0.8,0.3023255813953488,0.18604651162790697
Frangieh_IFNg_IL2STAT5,18,diversity,Frangieh,0.6,0.4883720930232558,0.4418604651162791
Frangieh_IFNg_IL2STAT5,18,diversity,Frangieh,0.8,0.23255813953488372,0.18604651162790697
Frangieh_IFNg_IL2STAT5,18,extra_trees,Frangieh,0.6,0.5813953488372093,0.3953488372093023
Frangieh_IFNg_IL2STAT5,18,extra_trees,Frangieh,0.8,0.3488372093023256,0.23255813953488372
Frangieh_IFNg_IL2STAT5,18,gated_random,Frangieh,0.6,0.627906976744186,0.32558139534883723
Frangieh_IFNg_IL2STAT5,18,gated_random,Frangieh,0.8,0.3488372093023256,0.09302325581395349
Frangieh_IFNg_IL2STAT5,18,old_controller,Frangieh,0.6,0.4883720930232558,0.4418604651162791
Frangieh_IFNg_IL2STAT5,18,old_controller,Frangieh,0.8,0.23255813953488372,0.18604651162790697
Frangieh_IFNg_IL2STAT5,19,random,Frangieh,0.6,0.5348837209302325,0.37209302325581395
Frangieh_IFNg_IL2STAT5,19,random,Frangieh,0.8,0.2558139534883721,0.18604651162790697
Frangieh_IFNg_IL2STAT5,19,fixed_ridge,Frangieh,0.6,0.5813953488372093,0.3488372093023256
Frangieh_IFNg_IL2STAT5,19,fixed_ridge,Frangieh,0.8,0.3488372093023256,0.18604651162790697
Frangieh_IFNg_IL2STAT5,19,greedy_ridge,Frangieh,0.6,0.5581395348837209,0.4418604651162791
Frangieh_IFNg_IL2STAT5,19,greedy_ridge,Frangieh,0.8,0.27906976744186046,0.23255813953488372
Frangieh_IFNg_IL2STAT5,19,linear_ucb,Frangieh,0.6,0.5813953488372093,0.4418604651162791
Frangieh_IFNg_IL2STAT5,19,linear_ucb,Frangieh,0.8,0.27906976744186046,0.2558139534883721
Frangieh_IFNg_IL2STAT5,19,diversity,Frangieh,0.6,0.5348837209302325,0.37209302325581395
Frangieh_IFNg_IL2STAT5,19,diversity,Frangieh,0.8,0.20930232558139536,0.11627906976744186
Frangieh_IFNg_IL2STAT5,19,extra_trees,Frangieh,0.6,0.6046511627906976,0.4186046511627907
Frangieh_IFNg_IL2STAT5,19,extra_trees,Frangieh,0.8,0.3488372093023256,0.20930232558139536
Frangieh_IFNg_IL2STAT5,19,gated_random,Frangieh,0.6,0.5348837209302325,0.37209302325581395
Frangieh_IFNg_IL2STAT5,19,gated_random,Frangieh,0.8,0.2558139534883721,0.18604651162790697
Frangieh_IFNg_IL2STAT5,19,old_controller,Frangieh,0.6,0.5348837209302325,0.37209302325581395
Frangieh_IFNg_IL2STAT5,19,old_controller,Frangieh,0.8,0.20930232558139536,0.11627906976744186
Frangieh_IFNg_IL2STAT5,20,random,Frangieh,0.6,0.5813953488372093,0.4186046511627907
Frangieh_IFNg_IL2STAT5,20,random,Frangieh,0.8,0.32558139534883723,0.11627906976744186
Frangieh_IFNg_IL2STAT5,20,fixed_ridge,Frangieh,0.6,0.627906976744186,0.4186046511627907
Frangieh_IFNg_IL2STAT5,20,fixed_ridge,Frangieh,0.8,0.46511627906976744,0.18604651162790697
Frangieh_IFNg_IL2STAT5,20,greedy_ridge,Frangieh,0.6,0.5581395348837209,0.3488372093023256
Frangieh_IFNg_IL2STAT5,20,greedy_ridge,Frangieh,0.8,0.37209302325581395,0.13953488372093023
Frangieh_IFNg_IL2STAT5,20,linear_ucb,Frangieh,0.6,0.5348837209302325,0.3953488372093023
Frangieh_IFNg_IL2STAT5,20,linear_ucb,Frangieh,0.8,0.3488372093023256,0.16279069767441862
Frangieh_IFNg_IL2STAT5,20,diversity,Frangieh,0.6,0.627906976744186,0.4883720930232558
Frangieh_IFNg_IL2STAT5,20,diversity,Frangieh,0.8,0.3023255813953488,0.23255813953488372
Frangieh_IFNg_IL2STAT5,20,extra_trees,Frangieh,0.6,0.627906976744186,0.3488372093023256
Frangieh_IFNg_IL2STAT5,20,extra_trees,Frangieh,0.8,0.37209302325581395,0.13953488372093023
Frangieh_IFNg_IL2STAT5,20,gated_random,Frangieh,0.6,0.5813953488372093,0.4186046511627907
Frangieh_IFNg_IL2STAT5,20,gated_random,Frangieh,0.8,0.32558139534883723,0.11627906976744186
Frangieh_IFNg_IL2STAT5,20,old_controller,Frangieh,0.6,0.627906976744186,0.4883720930232558
Frangieh_IFNg_IL2STAT5,20,old_controller,Frangieh,0.8,0.3023255813953488,0.23255813953488372
Frangieh_IFNg_IL2STAT5,21,random,Frangieh,0.6,0.6744186046511628,0.5581395348837209
Frangieh_IFNg_IL2STAT5,21,random,Frangieh,0.8,0.37209302325581395,0.18604651162790697
Frangieh_IFNg_IL2STAT5,21,fixed_ridge,Frangieh,0.6,0.6744186046511628,0.4883720930232558
Frangieh_IFNg_IL2STAT5,21,fixed_ridge,Frangieh,0.8,0.3953488372093023,0.18604651162790697
Frangieh_IFNg_IL2STAT5,21,greedy_ridge,Frangieh,0.6,0.5813953488372093,0.4883720930232558
Frangieh_IFNg_IL2STAT5,21,greedy_ridge,Frangieh,0.8,0.32558139534883723,0.16279069767441862
Frangieh_IFNg_IL2STAT5,21,linear_ucb,Frangieh,0.6,0.5813953488372093,0.5348837209302325
Frangieh_IFNg_IL2STAT5,21,linear_ucb,Frangieh,0.8,0.3023255813953488,0.2558139534883721
Frangieh_IFNg_IL2STAT5,21,diversity,Frangieh,0.6,0.6046511627906976,0.46511627906976744
Frangieh_IFNg_IL2STAT5,21,diversity,Frangieh,0.8,0.32558139534883723,0.18604651162790697
Frangieh_IFNg_IL2STAT5,21,extra_trees,Frangieh,0.6,0.6976744186046512,0.4418604651162791
Frangieh_IFNg_IL2STAT5,21,extra_trees,Frangieh,0.8,0.3953488372093023,0.13953488372093023
Frangieh_IFNg_IL2STAT5,21,gated_random,Frangieh,0.6,0.6744186046511628,0.5581395348837209
Frangieh_IFNg_IL2STAT5,21,gated_random,Frangieh,0.8,0.37209302325581395,0.18604651162790697
Frangieh_IFNg_IL2STAT5,21,old_controller,Frangieh,0.6,0.6046511627906976,0.46511627906976744
Frangieh_IFNg_IL2STAT5,21,old_controller,Frangieh,0.8,0.32558139534883723,0.18604651162790697
Frangieh_IFNg_IL2STAT5,22,random,Frangieh,0.6,0.6976744186046512,0.4883720930232558
Frangieh_IFNg_IL2STAT5,22,random,Frangieh,0.8,0.4418604651162791,0.23255813953488372
Frangieh_IFNg_IL2STAT5,22,fixed_ridge,Frangieh,0.6,0.6744186046511628,0.46511627906976744
Frangieh_IFNg_IL2STAT5,22,fixed_ridge,Frangieh,0.8,0.4418604651162791,0.18604651162790697
Frangieh_IFNg_IL2STAT5,22,greedy_ridge,Frangieh,0.6,0.5581395348837209,0.3953488372093023
Frangieh_IFNg_IL2STAT5,22,greedy_ridge,Frangieh,0.8,0.3488372093023256,0.18604651162790697
Frangieh_IFNg_IL2STAT5,22,linear_ucb,Frangieh,0.6,0.5581395348837209,0.4186046511627907
Frangieh_IFNg_IL2STAT5,22,linear_ucb,Frangieh,0.8,0.3953488372093023,0.20930232558139536
Frangieh_IFNg_IL2STAT5,22,diversity,Frangieh,0.6,0.5581395348837209,0.4418604651162791
Frangieh_IFNg_IL2STAT5,22,diversity,Frangieh,0.8,0.27906976744186046,0.18604651162790697
Frangieh_IFNg_IL2STAT5,22,extra_trees,Frangieh,0.6,0.6744186046511628,0.4186046511627907
Frangieh_IFNg_IL2STAT5,22,extra_trees,Frangieh,0.8,0.4883720930232558,0.18604651162790697
Frangieh_IFNg_IL2STAT5,22,gated_random,Frangieh,0.6,0.6976744186046512,0.4883720930232558
Frangieh_IFNg_IL2STAT5,22,gated_random,Frangieh,0.8,0.4418604651162791,0.23255813953488372
Frangieh_IFNg_IL2STAT5,22,old_controller,Frangieh,0.6,0.5581395348837209,0.4418604651162791
Frangieh_IFNg_IL2STAT5,22,old_controller,Frangieh,0.8,0.27906976744186046,0.18604651162790697
Frangieh_IFNg_IL2STAT5,23,random,Frangieh,0.6,0.6046511627906976,0.4186046511627907
Frangieh_IFNg_IL2STAT5,23,random,Frangieh,0.8,0.37209302325581395,0.18604651162790697
Frangieh_IFNg_IL2STAT5,23,fixed_ridge,Frangieh,0.6,0.5116279069767442,0.27906976744186046
Frangieh_IFNg_IL2STAT5,23,fixed_ridge,Frangieh,0.8,0.32558139534883723,0.11627906976744186
Frangieh_IFNg_IL2STAT5,23,greedy_ridge,Frangieh,0.6,0.627906976744186,0.3023255813953488
Frangieh_IFNg_IL2STAT5,23,greedy_ridge,Frangieh,0.8,0.3488372093023256,0.13953488372093023
Frangieh_IFNg_IL2STAT5,23,linear_ucb,Frangieh,0.6,0.5813953488372093,0.3488372093023256
Frangieh_IFNg_IL2STAT5,23,linear_ucb,Frangieh,0.8,0.3023255813953488,0.11627906976744186
Frangieh_IFNg_IL2STAT5,23,diversity,Frangieh,0.6,0.5348837209302325,0.4186046511627907
Frangieh_IFNg_IL2STAT5,23,diversity,Frangieh,0.8,0.27906976744186046,0.18604651162790697
Frangieh_IFNg_IL2STAT5,23,extra_trees,Frangieh,0.6,0.627906976744186,0.4418604651162791
Frangieh_IFNg_IL2STAT5,23,extra_trees,Frangieh,0.8,0.37209302325581395,0.13953488372093023
Frangieh_IFNg_IL2STAT5,23,gated_random,Frangieh,0.6,0.6046511627906976,0.4186046511627907
Frangieh_IFNg_IL2STAT5,23,gated_random,Frangieh,0.8,0.37209302325581395,0.18604651162790697
Frangieh_IFNg_IL2STAT5,23,old_controller,Frangieh,0.6,0.5348837209302325,0.4186046511627907
Frangieh_IFNg_IL2STAT5,23,old_controller,Frangieh,0.8,0.27906976744186046,0.18604651162790697
Frangieh_IFNg_IL2STAT5,24,random,Frangieh,0.6,0.5813953488372093,0.5116279069767442
Frangieh_IFNg_IL2STAT5,24,random,Frangieh,0.8,0.3023255813953488,0.2558139534883721
Frangieh_IFNg_IL2STAT5,24,fixed_ridge,Frangieh,0.6,0.6511627906976745,0.4418604651162791
Frangieh_IFNg_IL2STAT5,24,fixed_ridge,Frangieh,0.8,0.4186046511627907,0.20930232558139536
Frangieh_IFNg_IL2STAT5,24,greedy_ridge,Frangieh,0.6,0.5116279069767442,0.32558139534883723
Frangieh_IFNg_IL2STAT5,24,greedy_ridge,Frangieh,0.8,0.2558139534883721,0.11627906976744186
Frangieh_IFNg_IL2STAT5,24,linear_ucb,Frangieh,0.6,0.46511627906976744,0.3488372093023256
Frangieh_IFNg_IL2STAT5,24,linear_ucb,Frangieh,0.8,0.2558139534883721,0.18604651162790697
Frangieh_IFNg_IL2STAT5,24,diversity,Frangieh,0.6,0.5348837209302325,0.4418604651162791
Frangieh_IFNg_IL2STAT5,24,diversity,Frangieh,0.8,0.20930232558139536,0.18604651162790697
Frangieh_IFNg_IL2STAT5,24,extra_trees,Frangieh,0.6,0.6744186046511628,0.4186046511627907
Frangieh_IFNg_IL2STAT5,24,extra_trees,Frangieh,0.8,0.4186046511627907,0.16279069767441862
Frangieh_IFNg_IL2STAT5,24,gated_random,Frangieh,0.6,0.5813953488372093,0.5116279069767442
Frangieh_IFNg_IL2STAT5,24,gated_random,Frangieh,0.8,0.3023255813953488,0.2558139534883721
Frangieh_IFNg_IL2STAT5,24,old_controller,Frangieh,0.6,0.5348837209302325,0.4418604651162791
Frangieh_IFNg_IL2STAT5,24,old_controller,Frangieh,0.8,0.20930232558139536,0.18604651162790697
Frangieh_IFNg_IL2STAT5,25,random,Frangieh,0.6,0.627906976744186,0.5116279069767442
Frangieh_IFNg_IL2STAT5,25,random,Frangieh,0.8,0.4418604651162791,0.20930232558139536
Frangieh_IFNg_IL2STAT5,25,fixed_ridge,Frangieh,0.6,0.6046511627906976,0.4418604651162791
Frangieh_IFNg_IL2STAT5,25,fixed_ridge,Frangieh,0.8,0.3488372093023256,0.20930232558139536
Frangieh_IFNg_IL2STAT5,25,greedy_ridge,Frangieh,0.6,0.5116279069767442,0.4418604651162791
Frangieh_IFNg_IL2STAT5,25,greedy_ridge,Frangieh,0.8,0.27906976744186046,0.18604651162790697
Frangieh_IFNg_IL2STAT5,25,linear_ucb,Frangieh,0.6,0.5116279069767442,0.4186046511627907
Frangieh_IFNg_IL2STAT5,25,linear_ucb,Frangieh,0.8,0.27906976744186046,0.23255813953488372
Frangieh_IFNg_IL2STAT5,25,diversity,Frangieh,0.6,0.5348837209302325,0.4418604651162791
Frangieh_IFNg_IL2STAT5,25,diversity,Frangieh,0.8,0.3023255813953488,0.18604651162790697
Frangieh_IFNg_IL2STAT5,25,extra_trees,Frangieh,0.6,0.6744186046511628,0.5116279069767442
Frangieh_IFNg_IL2STAT5,25,extra_trees,Frangieh,0.8,0.3953488372093023,0.23255813953488372
Frangieh_IFNg_IL2STAT5,25,gated_random,Frangieh,0.6,0.627906976744186,0.5116279069767442
Frangieh_IFNg_IL2STAT5,25,gated_random,Frangieh,0.8,0.4418604651162791,0.20930232558139536
Frangieh_IFNg_IL2STAT5,25,old_controller,Frangieh,0.6,0.5348837209302325,0.4418604651162791
Frangieh_IFNg_IL2STAT5,25,old_controller,Frangieh,0.8,0.3023255813953488,0.18604651162790697
Frangieh_IFNg_IL2STAT5,26,random,Frangieh,0.6,0.5348837209302325,0.46511627906976744
Frangieh_IFNg_IL2STAT5,26,random,Frangieh,0.8,0.3023255813953488,0.16279069767441862
Frangieh_IFNg_IL2STAT5,26,fixed_ridge,Frangieh,0.6,0.627906976744186,0.37209302325581395
Frangieh_IFNg_IL2STAT5,26,fixed_ridge,Frangieh,0.8,0.2558139534883721,0.11627906976744186
Frangieh_IFNg_IL2STAT5,26,greedy_ridge,Frangieh,0.6,0.5581395348837209,0.4186046511627907
Frangieh_IFNg_IL2STAT5,26,greedy_ridge,Frangieh,0.8,0.2558139534883721,0.11627906976744186
Frangieh_IFNg_IL2STAT5,26,linear_ucb,Frangieh,0.6,0.5581395348837209,0.4186046511627907
Frangieh_IFNg_IL2STAT5,26,linear_ucb,Frangieh,0.8,0.2558139534883721,0.16279069767441862
Frangieh_IFNg_IL2STAT5,26,diversity,Frangieh,0.6,0.5581395348837209,0.46511627906976744
Frangieh_IFNg_IL2STAT5,26,diversity,Frangieh,0.8,0.3023255813953488,0.23255813953488372
Frangieh_IFNg_IL2STAT5,26,extra_trees,Frangieh,0.6,0.5813953488372093,0.37209302325581395
Frangieh_IFNg_IL2STAT5,26,extra_trees,Frangieh,0.8,0.3488372093023256,0.18604651162790697
Frangieh_IFNg_IL2STAT5,26,gated_random,Frangieh,0.6,0.5348837209302325,0.46511627906976744
Frangieh_IFNg_IL2STAT5,26,gated_random,Frangieh,0.8,0.3023255813953488,0.16279069767441862
Frangieh_IFNg_IL2STAT5,26,old_controller,Frangieh,0.6,0.5581395348837209,0.46511627906976744
Frangieh_IFNg_IL2STAT5,26,old_controller,Frangieh,0.8,0.3023255813953488,0.23255813953488372
Frangieh_IFNg_IL2STAT5,27,random,Frangieh,0.6,0.6046511627906976,0.4883720930232558
Frangieh_IFNg_IL2STAT5,27,random,Frangieh,0.8,0.32558139534883723,0.18604651162790697
Frangieh_IFNg_IL2STAT5,27,fixed_ridge,Frangieh,0.6,0.5348837209302325,0.3953488372093023
Frangieh_IFNg_IL2STAT5,27,fixed_ridge,Frangieh,0.8,0.23255813953488372,0.11627906976744186
Frangieh_IFNg_IL2STAT5,27,greedy_ridge,Frangieh,0.6,0.3488372093023256,0.3488372093023256
Frangieh_IFNg_IL2STAT5,27,greedy_ridge,Frangieh,0.8,0.16279069767441862,0.13953488372093023
Frangieh_IFNg_IL2STAT5,27,linear_ucb,Frangieh,0.6,0.46511627906976744,0.37209302325581395
Frangieh_IFNg_IL2STAT5,27,linear_ucb,Frangieh,0.8,0.2558139534883721,0.09302325581395349
Frangieh_IFNg_IL2STAT5,27,diversity,Frangieh,0.6,0.46511627906976744,0.4418604651162791
Frangieh_IFNg_IL2STAT5,27,diversity,Frangieh,0.8,0.18604651162790697,0.16279069767441862
Frangieh_IFNg_IL2STAT5,27,extra_trees,Frangieh,0.6,0.5116279069767442,0.4186046511627907
Frangieh_IFNg_IL2STAT5,27,extra_trees,Frangieh,0.8,0.2558139534883721,0.16279069767441862
Frangieh_IFNg_IL2STAT5,27,gated_random,Frangieh,0.6,0.6046511627906976,0.4883720930232558
Frangieh_IFNg_IL2STAT5,27,gated_random,Frangieh,0.8,0.32558139534883723,0.18604651162790697
Frangieh_IFNg_IL2STAT5,27,old_controller,Frangieh,0.6,0.46511627906976744,0.4418604651162791
Frangieh_IFNg_IL2STAT5,27,old_controller,Frangieh,0.8,0.18604651162790697,0.16279069767441862
Frangieh_IFNg_IL2STAT5,28,random,Frangieh,0.6,0.5813953488372093,0.46511627906976744
Frangieh_IFNg_IL2STAT5,28,random,Frangieh,0.8,0.3488372093023256,0.11627906976744186
Frangieh_IFNg_IL2STAT5,28,fixed_ridge,Frangieh,0.6,0.5348837209302325,0.4186046511627907
Frangieh_IFNg_IL2STAT5,28,fixed_ridge,Frangieh,0.8,0.27906976744186046,0.13953488372093023
Frangieh_IFNg_IL2STAT5,28,greedy_ridge,Frangieh,0.6,0.4883720930232558,0.3953488372093023
Frangieh_IFNg_IL2STAT5,28,greedy_ridge,Frangieh,0.8,0.3488372093023256,0.13953488372093023
Frangieh_IFNg_IL2STAT5,28,linear_ucb,Frangieh,0.6,0.46511627906976744,0.37209302325581395
Frangieh_IFNg_IL2STAT5,28,linear_ucb,Frangieh,0.8,0.3023255813953488,0.16279069767441862
Frangieh_IFNg_IL2STAT5,28,diversity,Frangieh,0.6,0.5581395348837209,0.3953488372093023
Frangieh_IFNg_IL2STAT5,28,diversity,Frangieh,0.8,0.23255813953488372,0.11627906976744186
Frangieh_IFNg_IL2STAT5,28,extra_trees,Frangieh,0.6,0.5348837209302325,0.4186046511627907
Frangieh_IFNg_IL2STAT5,28,extra_trees,Frangieh,0.8,0.4186046511627907,0.18604651162790697
Frangieh_IFNg_IL2STAT5,28,gated_random,Frangieh,0.6,0.5813953488372093,0.46511627906976744
Frangieh_IFNg_IL2STAT5,28,gated_random,Frangieh,0.8,0.3488372093023256,0.11627906976744186
Frangieh_IFNg_IL2STAT5,28,old_controller,Frangieh,0.6,0.5581395348837209,0.3953488372093023
Frangieh_IFNg_IL2STAT5,28,old_controller,Frangieh,0.8,0.23255813953488372,0.11627906976744186
Frangieh_IFNg_IL2STAT5,29,random,Frangieh,0.6,0.6976744186046512,0.4186046511627907
Frangieh_IFNg_IL2STAT5,29,random,Frangieh,0.8,0.3023255813953488,0.16279069767441862
Frangieh_IFNg_IL2STAT5,29,fixed_ridge,Frangieh,0.6,0.5813953488372093,0.3953488372093023
Frangieh_IFNg_IL2STAT5,29,fixed_ridge,Frangieh,0.8,0.4186046511627907,0.18604651162790697
Frangieh_IFNg_IL2STAT5,29,greedy_ridge,Frangieh,0.6,0.4883720930232558,0.4186046511627907
Frangieh_IFNg_IL2STAT5,29,greedy_ridge,Frangieh,0.8,0.32558139534883723,0.20930232558139536
Frangieh_IFNg_IL2STAT5,29,linear_ucb,Frangieh,0.6,0.46511627906976744,0.4418604651162791
Frangieh_IFNg_IL2STAT5,29,linear_ucb,Frangieh,0.8,0.27906976744186046,0.20930232558139536
Frangieh_IFNg_IL2STAT5,29,diversity,Frangieh,0.6,0.6046511627906976,0.3953488372093023
Frangieh_IFNg_IL2STAT5,29,diversity,Frangieh,0.8,0.32558139534883723,0.20930232558139536
Frangieh_IFNg_IL2STAT5,29,extra_trees,Frangieh,0.6,0.4883720930232558,0.4418604651162791
Frangieh_IFNg_IL2STAT5,29,extra_trees,Frangieh,0.8,0.3488372093023256,0.18604651162790697
Frangieh_IFNg_IL2STAT5,29,gated_random,Frangieh,0.6,0.6976744186046512,0.4186046511627907
Frangieh_IFNg_IL2STAT5,29,gated_random,Frangieh,0.8,0.3023255813953488,0.16279069767441862
Frangieh_IFNg_IL2STAT5,29,old_controller,Frangieh,0.6,0.6046511627906976,0.3953488372093023
Frangieh_IFNg_IL2STAT5,29,old_controller,Frangieh,0.8,0.32558139534883723,0.20930232558139536
Papalexi_IFNg_IFNG,0,random,Papalexi,0.6,0.3333333333333333,0.6666666666666666
Papalexi_IFNg_IFNG,0,random,Papalexi,0.8,0.3333333333333333,0.16666666666666666
Papalexi_IFNg_IFNG,0,fixed_ridge,Papalexi,0.6,0.5,0.6666666666666666
Papalexi_IFNg_IFNG,0,fixed_ridge,Papalexi,0.8,0.16666666666666666,0.16666666666666666
Papalexi_IFNg_IFNG,0,greedy_ridge,Papalexi,0.6,0.5,0.6666666666666666
Papalexi_IFNg_IFNG,0,greedy_ridge,Papalexi,0.8,0.16666666666666666,0.16666666666666666
Papalexi_IFNg_IFNG,0,linear_ucb,Papalexi,0.6,0.5,0.6666666666666666
Papalexi_IFNg_IFNG,0,linear_ucb,Papalexi,0.8,0.16666666666666666,0.16666666666666666
Papalexi_IFNg_IFNG,0,diversity,Papalexi,0.6,0.3333333333333333,0.8333333333333334
Papalexi_IFNg_IFNG,0,diversity,Papalexi,0.8,0.16666666666666666,0.16666666666666666
Papalexi_IFNg_IFNG,0,extra_trees,Papalexi,0.6,0.16666666666666666,0.5
Papalexi_IFNg_IFNG,0,extra_trees,Papalexi,0.8,0.16666666666666666,0.16666666666666666
Papalexi_IFNg_IFNG,0,gated_random,Papalexi,0.6,0.3333333333333333,0.6666666666666666
Papalexi_IFNg_IFNG,0,gated_random,Papalexi,0.8,0.3333333333333333,0.16666666666666666
Papalexi_IFNg_IFNG,0,old_controller,Papalexi,0.6,0.3333333333333333,0.8333333333333334
Papalexi_IFNg_IFNG,0,old_controller,Papalexi,0.8,0.16666666666666666,0.16666666666666666
Papalexi_IFNg_IFNG,1,random,Papalexi,0.6,0.3333333333333333,0.6666666666666666
Papalexi_IFNg_IFNG,1,random,Papalexi,0.8,0.0,0.0
Papalexi_IFNg_IFNG,1,fixed_ridge,Papalexi,0.6,0.5,0.8333333333333334
Papalexi_IFNg_IFNG,1,fixed_ridge,Papalexi,0.8,0.16666666666666666,0.16666666666666666
Papalexi_IFNg_IFNG,1,greedy_ridge,Papalexi,0.6,0.5,0.8333333333333334
Papalexi_IFNg_IFNG,1,greedy_ridge,Papalexi,0.8,0.16666666666666666,0.16666666666666666
Papalexi_IFNg_IFNG,1,linear_ucb,Papalexi,0.6,0.5,0.8333333333333334
Papalexi_IFNg_IFNG,1,linear_ucb,Papalexi,0.8,0.16666666666666666,0.16666666666666666
Papalexi_IFNg_IFNG,1,diversity,Papalexi,0.6,0.3333333333333333,0.6666666666666666
Papalexi_IFNg_IFNG,1,diversity,Papalexi,0.8,0.0,0.0
Papalexi_IFNg_IFNG,1,extra_trees,Papalexi,0.6,0.3333333333333333,0.6666666666666666
Papalexi_IFNg_IFNG,1,extra_trees,Papalexi,0.8,0.0,0.0
Papalexi_IFNg_IFNG,1,gated_random,Papalexi,0.6,0.3333333333333333,0.6666666666666666
Papalexi_IFNg_IFNG,1,gated_random,Papalexi,0.8,0.0,0.0
Papalexi_IFNg_IFNG,1,old_controller,Papalexi,0.6,0.3333333333333333,0.6666666666666666
Papalexi_IFNg_IFNG,1,old_controller,Papalexi,0.8,0.0,0.0
Papalexi_IFNg_IFNG,2,random,Papalexi,0.6,0.0,0.5
Papalexi_IFNg_IFNG,2,random,Papalexi,0.8,0.0,0.0
Papalexi_IFNg_IFNG,2,fixed_ridge,Papalexi,0.6,0.16666666666666666,0.6666666666666666
Papalexi_IFNg_IFNG,2,fixed_ridge,Papalexi,0.8,0.16666666666666666,0.0
Papalexi_IFNg_IFNG,2,greedy_ridge,Papalexi,0.6,0.16666666666666666,0.6666666666666666
Papalexi_IFNg_IFNG,2,greedy_ridge,Papalexi,0.8,0.16666666666666666,0.0
Papalexi_IFNg_IFNG,2,linear_ucb,Papalexi,0.6,0.16666666666666666,0.6666666666666666
Papalexi_IFNg_IFNG,2,linear_ucb,Papalexi,0.8,0.0,0.0
Papalexi_IFNg_IFNG,2,diversity,Papalexi,0.6,0.3333333333333333,0.8333333333333334
Papalexi_IFNg_IFNG,2,diversity,Papalexi,0.8,0.0,0.0
Papalexi_IFNg_IFNG,2,extra_trees,Papalexi,0.6,0.0,0.5
Papalexi_IFNg_IFNG,2,extra_trees,Papalexi,0.8,0.0,0.0
Papalexi_IFNg_IFNG,2,gated_random,Papalexi,0.6,0.0,0.5
Papalexi_IFNg_IFNG,2,gated_random,Papalexi,0.8,0.0,0.0
Papalexi_IFNg_IFNG,2,old_controller,Papalexi,0.6,0.3333333333333333,0.8333333333333334
Papalexi_IFNg_IFNG,2,old_controller,Papalexi,0.8,0.0,0.0
Papalexi_IFNg_IFNG,3,random,Papalexi,0.6,0.3333333333333333,0.6666666666666666
Papalexi_IFNg_IFNG,3,random,Papalexi,0.8,0.3333333333333333,0.16666666666666666
Papalexi_IFNg_IFNG,3,fixed_ridge,Papalexi,0.6,0.16666666666666666,0.5
Papalexi_IFNg_IFNG,3,fixed_ridge,Papalexi,0.8,0.16666666666666666,0.0
Papalexi_IFNg_IFNG,3,greedy_ridge,Papalexi,0.6,0.16666666666666666,0.5
Papalexi_IFNg_IFNG,3,greedy_ridge,Papalexi,0.8,0.16666666666666666,0.0
Papalexi_IFNg_IFNG,3,linear_ucb,Papalexi,0.6,0.3333333333333333,0.6666666666666666
Papalexi_IFNg_IFNG,3,linear_ucb,Papalexi,0.8,0.16666666666666666,0.0
Papalexi_IFNg_IFNG,3,diversity,Papalexi,0.6,0.3333333333333333,0.8333333333333334
Papalexi_IFNg_IFNG,3,diversity,Papalexi,0.8,0.16666666666666666,0.16666666666666666
Papalexi_IFNg_IFNG,3,extra_trees,Papalexi,0.6,0.0,0.5
Papalexi_IFNg_IFNG,3,extra_trees,Papalexi,0.8,0.0,0.0
Papalexi_IFNg_IFNG,3,gated_random,Papalexi,0.6,0.3333333333333333,0.6666666666666666
Papalexi_IFNg_IFNG,3,gated_random,Papalexi,0.8,0.3333333333333333,0.16666666666666666
Papalexi_IFNg_IFNG,3,old_controller,Papalexi,0.6,0.3333333333333333,0.8333333333333334
Papalexi_IFNg_IFNG,3,old_controller,Papalexi,0.8,0.16666666666666666,0.16666666666666666
Papalexi_IFNg_IFNG,4,random,Papalexi,0.6,0.3333333333333333,0.5
Papalexi_IFNg_IFNG,4,random,Papalexi,0.8,0.0,0.0
Papalexi_IFNg_IFNG,4,fixed_ridge,Papalexi,0.6,0.16666666666666666,0.3333333333333333
Papalexi_IFNg_IFNG,4,fixed_ridge,Papalexi,0.8,0.16666666666666666,0.16666666666666666
Papalexi_IFNg_IFNG,4,greedy_ridge,Papalexi,0.6,0.16666666666666666,0.3333333333333333
Papalexi_IFNg_IFNG,4,greedy_ridge,Papalexi,0.8,0.16666666666666666,0.16666666666666666
Papalexi_IFNg_IFNG,4,linear_ucb,Papalexi,0.6,0.3333333333333333,0.6666666666666666
Papalexi_IFNg_IFNG,4,linear_ucb,Papalexi,0.8,0.16666666666666666,0.16666666666666666
Papalexi_IFNg_IFNG,4,diversity,Papalexi,0.6,0.3333333333333333,0.6666666666666666
Papalexi_IFNg_IFNG,4,diversity,Papalexi,0.8,0.0,0.0
Papalexi_IFNg_IFNG,4,extra_trees,Papalexi,0.6,0.0,0.3333333333333333
Papalexi_IFNg_IFNG,4,extra_trees,Papalexi,0.8,0.0,0.0
Papalexi_IFNg_IFNG,4,gated_random,Papalexi,0.6,0.3333333333333333,0.5
Papalexi_IFNg_IFNG,4,gated_random,Papalexi,0.8,0.0,0.0
Papalexi_IFNg_IFNG,4,old_controller,Papalexi,0.6,0.3333333333333333,0.6666666666666666
Papalexi_IFNg_IFNG,4,old_controller,Papalexi,0.8,0.0,0.0
Papalexi_IFNg_IFNG,5,random,Papalexi,0.6,0.16666666666666666,0.5
Papalexi_IFNg_IFNG,5,random,Papalexi,0.8,0.0,0.0
Papalexi_IFNg_IFNG,5,fixed_ridge,Papalexi,0.6,0.5,0.6666666666666666
Papalexi_IFNg_IFNG,5,fixed_ridge,Papalexi,0.8,0.16666666666666666,0.16666666666666666
Papalexi_IFNg_IFNG,5,greedy_ridge,Papalexi,0.6,0.5,0.6666666666666666
Papalexi_IFNg_IFNG,5,greedy_ridge,Papalexi,0.8,0.16666666666666666,0.16666666666666666
Papalexi_IFNg_IFNG,5,linear_ucb,Papalexi,0.6,0.5,0.6666666666666666
Papalexi_IFNg_IFNG,5,linear_ucb,Papalexi,0.8,0.16666666666666666,0.16666666666666666
Papalexi_IFNg_IFNG,5,diversity,Papalexi,0.6,0.3333333333333333,0.6666666666666666
Papalexi_IFNg_IFNG,5,diversity,Papalexi,0.8,0.16666666666666666,0.0
Papalexi_IFNg_IFNG,5,extra_trees,Papalexi,0.6,0.16666666666666666,0.5
Papalexi_IFNg_IFNG,5,extra_trees,Papalexi,0.8,0.0,0.0
Papalexi_IFNg_IFNG,5,gated_random,Papalexi,0.6,0.16666666666666666,0.5
Papalexi_IFNg_IFNG,5,gated_random,Papalexi,0.8,0.0,0.0
Papalexi_IFNg_IFNG,5,old_controller,Papalexi,0.6,0.3333333333333333,0.6666666666666666
Papalexi_IFNg_IFNG,5,old_controller,Papalexi,0.8,0.16666666666666666,0.0
Papalexi_IFNg_IFNG,6,random,Papalexi,0.6,0.3333333333333333,0.6666666666666666
Papalexi_IFNg_IFNG,6,random,Papalexi,0.8,0.16666666666666666,0.16666666666666666
Papalexi_IFNg_IFNG,6,fixed_ridge,Papalexi,0.6,0.5,0.6666666666666666
Papalexi_IFNg_IFNG,6,fixed_ridge,Papalexi,0.8,0.3333333333333333,0.16666666666666666
Papalexi_IFNg_IFNG,6,greedy_ridge,Papalexi,0.6,0.5,0.6666666666666666
Papalexi_IFNg_IFNG,6,greedy_ridge,Papalexi,0.8,0.3333333333333333,0.16666666666666666
Papalexi_IFNg_IFNG,6,linear_ucb,Papalexi,0.6,0.5,0.6666666666666666
Papalexi_IFNg_IFNG,6,linear_ucb,Papalexi,0.8,0.3333333333333333,0.16666666666666666
Papalexi_IFNg_IFNG,6,diversity,Papalexi,0.6,0.5,0.8333333333333334
Papalexi_IFNg_IFNG,6,diversity,Papalexi,0.8,0.16666666666666666,0.16666666666666666
Papalexi_IFNg_IFNG,6,extra_trees,Papalexi,0.6,0.3333333333333333,0.5
Papalexi_IFNg_IFNG,6,extra_trees,Papalexi,0.8,0.16666666666666666,0.16666666666666666
Papalexi_IFNg_IFNG,6,gated_random,Papalexi,0.6,0.3333333333333333,0.6666666666666666
Papalexi_IFNg_IFNG,6,gated_random,Papalexi,0.8,0.16666666666666666,0.16666666666666666
Papalexi_IFNg_IFNG,6,old_controller,Papalexi,0.6,0.5,0.8333333333333334
Papalexi_IFNg_IFNG,6,old_controller,Papalexi,0.8,0.16666666666666666,0.16666666666666666
Papalexi_IFNg_IFNG,7,random,Papalexi,0.6,0.5,0.6666666666666666
Papalexi_IFNg_IFNG,7,random,Papalexi,0.8,0.3333333333333333,0.16666666666666666
Papalexi_IFNg_IFNG,7,fixed_ridge,Papalexi,0.6,0.3333333333333333,0.6666666666666666
Papalexi_IFNg_IFNG,7,fixed_ridge,Papalexi,0.8,0.3333333333333333,0.16666666666666666
Papalexi_IFNg_IFNG,7,greedy_ridge,Papalexi,0.6,0.3333333333333333,0.6666666666666666
Papalexi_IFNg_IFNG,7,greedy_ridge,Papalexi,0.8,0.3333333333333333,0.16666666666666666
Papalexi_IFNg_IFNG,7,linear_ucb,Papalexi,0.6,0.3333333333333333,0.6666666666666666
Papalexi_IFNg_IFNG,7,linear_ucb,Papalexi,0.8,0.16666666666666666,0.0
Papalexi_IFNg_IFNG,7,diversity,Papalexi,0.6,0.5,0.6666666666666666
Papalexi_IFNg_IFNG,7,diversity,Papalexi,0.8,0.16666666666666666,0.0
Papalexi_IFNg_IFNG,7,extra_trees,Papalexi,0.6,0.16666666666666666,0.3333333333333333
Papalexi_IFNg_IFNG,7,extra_trees,Papalexi,0.8,0.16666666666666666,0.0
Papalexi_IFNg_IFNG,7,gated_random,Papalexi,0.6,0.5,0.6666666666666666
Papalexi_IFNg_IFNG,7,gated_random,Papalexi,0.8,0.3333333333333333,0.16666666666666666
Papalexi_IFNg_IFNG,7,old_controller,Papalexi,0.6,0.5,0.6666666666666666
Papalexi_IFNg_IFNG,7,old_controller,Papalexi,0.8,0.16666666666666666,0.0
Papalexi_IFNg_IFNG,8,random,Papalexi,0.6,0.0,0.5
Papalexi_IFNg_IFNG,8,random,Papalexi,0.8,0.0,0.0
Papalexi_IFNg_IFNG,8,fixed_ridge,Papalexi,0.6,0.16666666666666666,0.5
Papalexi_IFNg_IFNG,8,fixed_ridge,Papalexi,0.8,0.16666666666666666,0.0
Papalexi_IFNg_IFNG,8,greedy_ridge,Papalexi,0.6,0.16666666666666666,0.5
Papalexi_IFNg_IFNG,8,greedy_ridge,Papalexi,0.8,0.16666666666666666,0.0
Papalexi_IFNg_IFNG,8,linear_ucb,Papalexi,0.6,0.16666666666666666,0.6666666666666666
Papalexi_IFNg_IFNG,8,linear_ucb,Papalexi,0.8,0.16666666666666666,0.0
Papalexi_IFNg_IFNG,8,diversity,Papalexi,0.6,0.16666666666666666,0.6666666666666666
Papalexi_IFNg_IFNG,8,diversity,Papalexi,0.8,0.0,0.0
Papalexi_IFNg_IFNG,8,extra_trees,Papalexi,0.6,0.0,0.3333333333333333
Papalexi_IFNg_IFNG,8,extra_trees,Papalexi,0.8,0.0,0.0
Papalexi_IFNg_IFNG,8,gated_random,Papalexi,0.6,0.0,0.5
Papalexi_IFNg_IFNG,8,gated_random,Papalexi,0.8,0.0,0.0
Papalexi_IFNg_IFNG,8,old_controller,Papalexi,0.6,0.16666666666666666,0.6666666666666666
Papalexi_IFNg_IFNG,8,old_controller,Papalexi,0.8,0.0,0.0
Papalexi_IFNg_IFNG,9,random,Papalexi,0.6,0.3333333333333333,0.5
Papalexi_IFNg_IFNG,9,random,Papalexi,0.8,0.3333333333333333,0.16666666666666666
Papalexi_IFNg_IFNG,9,fixed_ridge,Papalexi,0.6,0.3333333333333333,0.5
Papalexi_IFNg_IFNG,9,fixed_ridge,Papalexi,0.8,0.3333333333333333,0.16666666666666666
Papalexi_IFNg_IFNG,9,greedy_ridge,Papalexi,0.6,0.3333333333333333,0.5
Papalexi_IFNg_IFNG,9,greedy_ridge,Papalexi,0.8,0.3333333333333333,0.16666666666666666
Papalexi_IFNg_IFNG,9,linear_ucb,Papalexi,0.6,0.5,0.6666666666666666
Papalexi_IFNg_IFNG,9,linear_ucb,Papalexi,0.8,0.3333333333333333,0.16666666666666666
Papalexi_IFNg_IFNG,9,diversity,Papalexi,0.6,0.6666666666666666,0.8333333333333334
Papalexi_IFNg_IFNG,9,diversity,Papalexi,0.8,0.3333333333333333,0.16666666666666666
Papalexi_IFNg_IFNG,9,extra_trees,Papalexi,0.6,0.3333333333333333,0.5
Papalexi_IFNg_IFNG,9,extra_trees,Papalexi,0.8,0.3333333333333333,0.16666666666666666
Papalexi_IFNg_IFNG,9,gated_random,Papalexi,0.6,0.3333333333333333,0.5
Papalexi_IFNg_IFNG,9,gated_random,Papalexi,0.8,0.3333333333333333,0.16666666666666666
Papalexi_IFNg_IFNG,9,old_controller,Papalexi,0.6,0.6666666666666666,0.8333333333333334
Papalexi_IFNg_IFNG,9,old_controller,Papalexi,0.8,0.3333333333333333,0.16666666666666666
Papalexi_IFNg_IFNG,10,random,Papalexi,0.6,0.16666666666666666,0.5
Papalexi_IFNg_IFNG,10,random,Papalexi,0.8,0.0,0.0
Papalexi_IFNg_IFNG,10,fixed_ridge,Papalexi,0.6,0.16666666666666666,0.5
Papalexi_IFNg_IFNG,10,fixed_ridge,Papalexi,0.8,0.16666666666666666,0.0
Papalexi_IFNg_IFNG,10,greedy_ridge,Papalexi,0.6,0.16666666666666666,0.5
Papalexi_IFNg_IFNG,10,greedy_ridge,Papalexi,0.8,0.16666666666666666,0.0
Papalexi_IFNg_IFNG,10,linear_ucb,Papalexi,0.6,0.3333333333333333,0.6666666666666666
Papalexi_IFNg_IFNG,10,linear_ucb,Papalexi,0.8,0.16666666666666666,0.16666666666666666
Papalexi_IFNg_IFNG,10,diversity,Papalexi,0.6,0.3333333333333333,0.6666666666666666
Papalexi_IFNg_IFNG,10,diversity,Papalexi,0.8,0.16666666666666666,0.16666666666666666
Papalexi_IFNg_IFNG,10,extra_trees,Papalexi,0.6,0.0,0.3333333333333333
Papalexi_IFNg_IFNG,10,extra_trees,Papalexi,0.8,0.0,0.0
Papalexi_IFNg_IFNG,10,gated_random,Papalexi,0.6,0.16666666666666666,0.5
Papalexi_IFNg_IFNG,10,gated_random,Papalexi,0.8,0.0,0.0
Papalexi_IFNg_IFNG,10,old_controller,Papalexi,0.6,0.3333333333333333,0.6666666666666666
Papalexi_IFNg_IFNG,10,old_controller,Papalexi,0.8,0.16666666666666666,0.16666666666666666
Papalexi_IFNg_IFNG,11,random,Papalexi,0.6,0.16666666666666666,0.6666666666666666
Papalexi_IFNg_IFNG,11,random,Papalexi,0.8,0.0,0.0
Papalexi_IFNg_IFNG,11,fixed_ridge,Papalexi,0.6,0.3333333333333333,0.6666666666666666
Papalexi_IFNg_IFNG,11,fixed_ridge,Papalexi,0.8,0.0,0.0
Papalexi_IFNg_IFNG,11,greedy_ridge,Papalexi,0.6,0.3333333333333333,0.6666666666666666
Papalexi_IFNg_IFNG,11,greedy_ridge,Papalexi,0.8,0.0,0.0
Papalexi_IFNg_IFNG,11,linear_ucb,Papalexi,0.6,0.3333333333333333,0.6666666666666666
Papalexi_IFNg_IFNG,11,linear_ucb,Papalexi,0.8,0.0,0.0
Papalexi_IFNg_IFNG,11,diversity,Papalexi,0.6,0.3333333333333333,0.6666666666666666
Papalexi_IFNg_IFNG,11,diversity,Papalexi,0.8,0.16666666666666666,0.16666666666666666
Papalexi_IFNg_IFNG,11,extra_trees,Papalexi,0.6,0.16666666666666666,0.6666666666666666
Papalexi_IFNg_IFNG,11,extra_trees,Papalexi,0.8,0.0,0.0
Papalexi_IFNg_IFNG,11,gated_random,Papalexi,0.6,0.16666666666666666,0.6666666666666666
Papalexi_IFNg_IFNG,11,gated_random,Papalexi,0.8,0.0,0.0
Papalexi_IFNg_IFNG,11,old_controller,Papalexi,0.6,0.3333333333333333,0.6666666666666666
Papalexi_IFNg_IFNG,11,old_controller,Papalexi,0.8,0.16666666666666666,0.16666666666666666
Papalexi_IFNg_IFNG,12,random,Papalexi,0.6,0.16666666666666666,0.6666666666666666
Papalexi_IFNg_IFNG,12,random,Papalexi,0.8,0.16666666666666666,0.16666666666666666
Papalexi_IFNg_IFNG,12,fixed_ridge,Papalexi,0.6,0.16666666666666666,0.5
Papalexi_IFNg_IFNG,12,fixed_ridge,Papalexi,0.8,0.16666666666666666,0.16666666666666666
Papalexi_IFNg_IFNG,12,greedy_ridge,Papalexi,0.6,0.16666666666666666,0.5
Papalexi_IFNg_IFNG,12,greedy_ridge,Papalexi,0.8,0.16666666666666666,0.16666666666666666
Papalexi_IFNg_IFNG,12,linear_ucb,Papalexi,0.6,0.3333333333333333,0.8333333333333334
Papalexi_IFNg_IFNG,12,linear_ucb,Papalexi,0.8,0.16666666666666666,0.16666666666666666
Papalexi_IFNg_IFNG,12,diversity,Papalexi,0.6,0.3333333333333333,0.8333333333333334
Papalexi_IFNg_IFNG,12,diversity,Papalexi,0.8,0.16666666666666666,0.16666666666666666
Papalexi_IFNg_IFNG,12,extra_trees,Papalexi,0.6,0.16666666666666666,0.5
Papalexi_IFNg_IFNG,12,extra_trees,Papalexi,0.8,0.16666666666666666,0.16666666666666666
Papalexi_IFNg_IFNG,12,gated_random,Papalexi,0.6,0.16666666666666666,0.6666666666666666
Papalexi_IFNg_IFNG,12,gated_random,Papalexi,0.8,0.16666666666666666,0.16666666666666666
Papalexi_IFNg_IFNG,12,old_controller,Papalexi,0.6,0.3333333333333333,0.8333333333333334
Papalexi_IFNg_IFNG,12,old_controller,Papalexi,0.8,0.16666666666666666,0.16666666666666666
Papalexi_IFNg_IFNG,13,random,Papalexi,0.6,0.3333333333333333,0.8333333333333334
Papalexi_IFNg_IFNG,13,random,Papalexi,0.8,0.16666666666666666,0.0
Papalexi_IFNg_IFNG,13,fixed_ridge,Papalexi,0.6,0.5,0.8333333333333334
Papalexi_IFNg_IFNG,13,fixed_ridge,Papalexi,0.8,0.3333333333333333,0.16666666666666666
Papalexi_IFNg_IFNG,13,greedy_ridge,Papalexi,0.6,0.5,0.8333333333333334
Papalexi_IFNg_IFNG,13,greedy_ridge,Papalexi,0.8,0.3333333333333333,0.16666666666666666
Papalexi_IFNg_IFNG,13,linear_ucb,Papalexi,0.6,0.5,0.8333333333333334
Papalexi_IFNg_IFNG,13,linear_ucb,Papalexi,0.8,0.3333333333333333,0.16666666666666666
Papalexi_IFNg_IFNG,13,diversity,Papalexi,0.6,0.5,1.0
Papalexi_IFNg_IFNG,13,diversity,Papalexi,0.8,0.3333333333333333,0.16666666666666666
Papalexi_IFNg_IFNG,13,extra_trees,Papalexi,0.6,0.3333333333333333,0.6666666666666666
Papalexi_IFNg_IFNG,13,extra_trees,Papalexi,0.8,0.16666666666666666,0.0
Papalexi_IFNg_IFNG,13,gated_random,Papalexi,0.6,0.3333333333333333,0.8333333333333334
Papalexi_IFNg_IFNG,13,gated_random,Papalexi,0.8,0.16666666666666666,0.0
Papalexi_IFNg_IFNG,13,old_controller,Papalexi,0.6,0.5,1.0
Papalexi_IFNg_IFNG,13,old_controller,Papalexi,0.8,0.3333333333333333,0.16666666666666666
Papalexi_IFNg_IFNG,14,random,Papalexi,0.6,0.3333333333333333,0.6666666666666666
Papalexi_IFNg_IFNG,14,random,Papalexi,0.8,0.16666666666666666,0.16666666666666666
Papalexi_IFNg_IFNG,14,fixed_ridge,Papalexi,0.6,0.3333333333333333,0.5
Papalexi_IFNg_IFNG,14,fixed_ridge,Papalexi,0.8,0.16666666666666666,0.16666666666666666
Papalexi_IFNg_IFNG,14,greedy_ridge,Papalexi,0.6,0.3333333333333333,0.5
Papalexi_IFNg_IFNG,14,greedy_ridge,Papalexi,0.8,0.16666666666666666,0.16666666666666666
Papalexi_IFNg_IFNG,14,linear_ucb,Papalexi,0.6,0.16666666666666666,0.3333333333333333
Papalexi_IFNg_IFNG,14,linear_ucb,Papalexi,0.8,0.0,0.0
Papalexi_IFNg_IFNG,14,diversity,Papalexi,0.6,0.3333333333333333,0.6666666666666666
Papalexi_IFNg_IFNG,14,diversity,Papalexi,0.8,0.16666666666666666,0.16666666666666666
Papalexi_IFNg_IFNG,14,extra_trees,Papalexi,0.6,0.16666666666666666,0.5
Papalexi_IFNg_IFNG,14,extra_trees,Papalexi,0.8,0.0,0.0
Papalexi_IFNg_IFNG,14,gated_random,Papalexi,0.6,0.3333333333333333,0.6666666666666666
Papalexi_IFNg_IFNG,14,gated_random,Papalexi,0.8,0.16666666666666666,0.16666666666666666
Papalexi_IFNg_IFNG,14,old_controller,Papalexi,0.6,0.3333333333333333,0.6666666666666666
Papalexi_IFNg_IFNG,14,old_controller,Papalexi,0.8,0.16666666666666666,0.16666666666666666
Papalexi_IFNg_IFNG,15,random,Papalexi,0.6,0.16666666666666666,0.5
Papalexi_IFNg_IFNG,15,random,Papalexi,0.8,0.16666666666666666,0.0
Papalexi_IFNg_IFNG,15,fixed_ridge,Papalexi,0.6,0.16666666666666666,0.8333333333333334
Papalexi_IFNg_IFNG,15,fixed_ridge,Papalexi,0.8,0.16666666666666666,0.0
Papalexi_IFNg_IFNG,15,greedy_ridge,Papalexi,0.6,0.16666666666666666,0.8333333333333334
Papalexi_IFNg_IFNG,15,greedy_ridge,Papalexi,0.8,0.16666666666666666,0.0
Papalexi_IFNg_IFNG,15,linear_ucb,Papalexi,0.6,0.16666666666666666,0.8333333333333334
Papalexi_IFNg_IFNG,15,linear_ucb,Papalexi,0.8,0.16666666666666666,0.0
Papalexi_IFNg_IFNG,15,diversity,Papalexi,0.6,0.5,0.8333333333333334
Papalexi_IFNg_IFNG,15,diversity,Papalexi,0.8,0.16666666666666666,0.0
Papalexi_IFNg_IFNG,15,extra_trees,Papalexi,0.6,0.16666666666666666,0.5
Papalexi_IFNg_IFNG,15,extra_trees,Papalexi,0.8,0.16666666666666666,0.0
Papalexi_IFNg_IFNG,15,gated_random,Papalexi,0.6,0.16666666666666666,0.5
Papalexi_IFNg_IFNG,15,gated_random,Papalexi,0.8,0.16666666666666666,0.0
Papalexi_IFNg_IFNG,15,old_controller,Papalexi,0.6,0.5,0.8333333333333334
Papalexi_IFNg_IFNG,15,old_controller,Papalexi,0.8,0.16666666666666666,0.0
Papalexi_IFNg_IFNG,16,random,Papalexi,0.6,0.5,0.6666666666666666
Papalexi_IFNg_IFNG,16,random,Papalexi,0.8,0.3333333333333333,0.16666666666666666
Papalexi_IFNg_IFNG,16,fixed_ridge,Papalexi,0.6,0.3333333333333333,0.6666666666666666
Papalexi_IFNg_IFNG,16,fixed_ridge,Papalexi,0.8,0.3333333333333333,0.16666666666666666
Papalexi_IFNg_IFNG,16,greedy_ridge,Papalexi,0.6,0.3333333333333333,0.6666666666666666
Papalexi_IFNg_IFNG,16,greedy_ridge,Papalexi,0.8,0.3333333333333333,0.16666666666666666
Papalexi_IFNg_IFNG,16,linear_ucb,Papalexi,0.6,0.5,0.6666666666666666
Papalexi_IFNg_IFNG,16,linear_ucb,Papalexi,0.8,0.3333333333333333,0.16666666666666666
Papalexi_IFNg_IFNG,16,diversity,Papalexi,0.6,0.5,1.0
Papalexi_IFNg_IFNG,16,diversity,Papalexi,0.8,0.3333333333333333,0.16666666666666666
Papalexi_IFNg_IFNG,16,extra_trees,Papalexi,0.6,0.3333333333333333,0.6666666666666666
Papalexi_IFNg_IFNG,16,extra_trees,Papalexi,0.8,0.3333333333333333,0.16666666666666666
Papalexi_IFNg_IFNG,16,gated_random,Papalexi,0.6,0.5,0.6666666666666666
Papalexi_IFNg_IFNG,16,gated_random,Papalexi,0.8,0.3333333333333333,0.16666666666666666
Papalexi_IFNg_IFNG,16,old_controller,Papalexi,0.6,0.5,1.0
Papalexi_IFNg_IFNG,16,old_controller,Papalexi,0.8,0.3333333333333333,0.16666666666666666
Papalexi_IFNg_IFNG,17,random,Papalexi,0.6,0.3333333333333333,0.3333333333333333
Papalexi_IFNg_IFNG,17,random,Papalexi,0.8,0.16666666666666666,0.16666666666666666
Papalexi_IFNg_IFNG,17,fixed_ridge,Papalexi,0.6,0.3333333333333333,0.5
Papalexi_IFNg_IFNG,17,fixed_ridge,Papalexi,0.8,0.0,0.0
Papalexi_IFNg_IFNG,17,greedy_ridge,Papalexi,0.6,0.3333333333333333,0.5
Papalexi_IFNg_IFNG,17,greedy_ridge,Papalexi,0.8,0.0,0.0
Papalexi_IFNg_IFNG,17,linear_ucb,Papalexi,0.6,0.3333333333333333,0.6666666666666666
Papalexi_IFNg_IFNG,17,linear_ucb,Papalexi,0.8,0.0,0.0
Papalexi_IFNg_IFNG,17,diversity,Papalexi,0.6,0.16666666666666666,0.6666666666666666
Papalexi_IFNg_IFNG,17,diversity,Papalexi,0.8,0.0,0.0
Papalexi_IFNg_IFNG,17,extra_trees,Papalexi,0.6,0.16666666666666666,0.5
Papalexi_IFNg_IFNG,17,extra_trees,Papalexi,0.8,0.0,0.0
Papalexi_IFNg_IFNG,17,gated_random,Papalexi,0.6,0.3333333333333333,0.3333333333333333
Papalexi_IFNg_IFNG,17,gated_random,Papalexi,0.8,0.16666666666666666,0.16666666666666666
Papalexi_IFNg_IFNG,17,old_controller,Papalexi,0.6,0.16666666666666666,0.6666666666666666
Papalexi_IFNg_IFNG,17,old_controller,Papalexi,0.8,0.0,0.0
Papalexi_IFNg_IFNG,18,random,Papalexi,0.6,0.3333333333333333,0.5
Papalexi_IFNg_IFNG,18,random,Papalexi,0.8,0.16666666666666666,0.16666666666666666
Papalexi_IFNg_IFNG,18,fixed_ridge,Papalexi,0.6,0.3333333333333333,0.8333333333333334
Papalexi_IFNg_IFNG,18,fixed_ridge,Papalexi,0.8,0.16666666666666666,0.16666666666666666
Papalexi_IFNg_IFNG,18,greedy_ridge,Papalexi,0.6,0.3333333333333333,0.8333333333333334
Papalexi_IFNg_IFNG,18,greedy_ridge,Papalexi,0.8,0.16666666666666666,0.16666666666666666
Papalexi_IFNg_IFNG,18,linear_ucb,Papalexi,0.6,0.3333333333333333,0.8333333333333334
Papalexi_IFNg_IFNG,18,linear_ucb,Papalexi,0.8,0.16666666666666666,0.16666666666666666
Papalexi_IFNg_IFNG,18,diversity,Papalexi,0.6,0.3333333333333333,1.0
Papalexi_IFNg_IFNG,18,diversity,Papalexi,0.8,0.16666666666666666,0.16666666666666666
Papalexi_IFNg_IFNG,18,extra_trees,Papalexi,0.6,0.3333333333333333,0.6666666666666666
Papalexi_IFNg_IFNG,18,extra_trees,Papalexi,0.8,0.16666666666666666,0.16666666666666666
Papalexi_IFNg_IFNG,18,gated_random,Papalexi,0.6,0.3333333333333333,0.5
Papalexi_IFNg_IFNG,18,gated_random,Papalexi,0.8,0.16666666666666666,0.16666666666666666
Papalexi_IFNg_IFNG,18,old_controller,Papalexi,0.6,0.3333333333333333,1.0
Papalexi_IFNg_IFNG,18,old_controller,Papalexi,0.8,0.16666666666666666,0.16666666666666666
Papalexi_IFNg_IFNG,19,random,Papalexi,0.6,0.5,1.0
Papalexi_IFNg_IFNG,19,random,Papalexi,0.8,0.3333333333333333,0.3333333333333333
Papalexi_IFNg_IFNG,19,fixed_ridge,Papalexi,0.6,0.6666666666666666,0.8333333333333334
Papalexi_IFNg_IFNG,19,fixed_ridge,Papalexi,0.8,0.5,0.3333333333333333
Papalexi_IFNg_IFNG,19,greedy_ridge,Papalexi,0.6,0.6666666666666666,0.8333333333333334
Papalexi_IFNg_IFNG,19,greedy_ridge,Papalexi,0.8,0.5,0.3333333333333333
Papalexi_IFNg_IFNG,19,linear_ucb,Papalexi,0.6,0.6666666666666666,0.8333333333333334
Papalexi_IFNg_IFNG,19,linear_ucb,Papalexi,0.8,0.5,0.3333333333333333
Papalexi_IFNg_IFNG,19,diversity,Papalexi,0.6,0.6666666666666666,1.0
Papalexi_IFNg_IFNG,19,diversity,Papalexi,0.8,0.3333333333333333,0.3333333333333333
Papalexi_IFNg_IFNG,19,extra_trees,Papalexi,0.6,0.5,0.6666666666666666
Papalexi_IFNg_IFNG,19,extra_trees,Papalexi,0.8,0.3333333333333333,0.3333333333333333
Papalexi_IFNg_IFNG,19,gated_random,Papalexi,0.6,0.5,1.0
Papalexi_IFNg_IFNG,19,gated_random,Papalexi,0.8,0.3333333333333333,0.3333333333333333
Papalexi_IFNg_IFNG,19,old_controller,Papalexi,0.6,0.6666666666666666,1.0
Papalexi_IFNg_IFNG,19,old_controller,Papalexi,0.8,0.3333333333333333,0.3333333333333333
Papalexi_IFNg_IFNG,20,random,Papalexi,0.6,0.3333333333333333,0.6666666666666666
Papalexi_IFNg_IFNG,20,random,Papalexi,0.8,0.0,0.0
Papalexi_IFNg_IFNG,20,fixed_ridge,Papalexi,0.6,0.16666666666666666,0.5
Papalexi_IFNg_IFNG,20,fixed_ridge,Papalexi,0.8,0.0,0.0
Papalexi_IFNg_IFNG,20,greedy_ridge,Papalexi,0.6,0.16666666666666666,0.5
Papalexi_IFNg_IFNG,20,greedy_ridge,Papalexi,0.8,0.0,0.0
Papalexi_IFNg_IFNG,20,linear_ucb,Papalexi,0.6,0.16666666666666666,0.5
Papalexi_IFNg_IFNG,20,linear_ucb,Papalexi,0.8,0.0,0.0
Papalexi_IFNg_IFNG,20,diversity,Papalexi,0.6,0.16666666666666666,0.6666666666666666
Papalexi_IFNg_IFNG,20,diversity,Papalexi,0.8,0.0,0.0
Papalexi_IFNg_IFNG,20,extra_trees,Papalexi,0.6,0.16666666666666666,0.3333333333333333
Papalexi_IFNg_IFNG,20,extra_trees,Papalexi,0.8,0.0,0.0
Papalexi_IFNg_IFNG,20,gated_random,Papalexi,0.6,0.3333333333333333,0.6666666666666666
Papalexi_IFNg_IFNG,20,gated_random,Papalexi,0.8,0.0,0.0
Papalexi_IFNg_IFNG,20,old_controller,Papalexi,0.6,0.16666666666666666,0.6666666666666666
Papalexi_IFNg_IFNG,20,old_controller,Papalexi,0.8,0.0,0.0
Papalexi_IFNg_IFNG,21,random,Papalexi,0.6,0.16666666666666666,0.5
Papalexi_IFNg_IFNG,21,random,Papalexi,0.8,0.0,0.0
Papalexi_IFNg_IFNG,21,fixed_ridge,Papalexi,0.6,0.3333333333333333,0.6666666666666666
Papalexi_IFNg_IFNG,21,fixed_ridge,Papalexi,0.8,0.0,0.0
Papalexi_IFNg_IFNG,21,greedy_ridge,Papalexi,0.6,0.3333333333333333,0.6666666666666666
Papalexi_IFNg_IFNG,21,greedy_ridge,Papalexi,0.8,0.0,0.0
Papalexi_IFNg_IFNG,21,linear_ucb,Papalexi,0.6,0.3333333333333333,0.8333333333333334
Papalexi_IFNg_IFNG,21,linear_ucb,Papalexi,0.8,0.0,0.0
Papalexi_IFNg_IFNG,21,diversity,Papalexi,0.6,0.5,0.8333333333333334
Papalexi_IFNg_IFNG,21,diversity,Papalexi,0.8,0.16666666666666666,0.16666666666666666
Papalexi_IFNg_IFNG,21,extra_trees,Papalexi,0.6,0.16666666666666666,0.5
Papalexi_IFNg_IFNG,21,extra_trees,Papalexi,0.8,0.0,0.0
Papalexi_IFNg_IFNG,21,gated_random,Papalexi,0.6,0.16666666666666666,0.5
Papalexi_IFNg_IFNG,21,gated_random,Papalexi,0.8,0.0,0.0
Papalexi_IFNg_IFNG,21,old_controller,Papalexi,0.6,0.5,0.8333333333333334
Papalexi_IFNg_IFNG,21,old_controller,Papalexi,0.8,0.16666666666666666,0.16666666666666666
Papalexi_IFNg_IFNG,22,random,Papalexi,0.6,0.3333333333333333,0.6666666666666666
Papalexi_IFNg_IFNG,22,random,Papalexi,0.8,0.16666666666666666,0.16666666666666666
Papalexi_IFNg_IFNG,22,fixed_ridge,Papalexi,0.6,0.16666666666666666,0.3333333333333333
Papalexi_IFNg_IFNG,22,fixed_ridge,Papalexi,0.8,0.16666666666666666,0.16666666666666666
Papalexi_IFNg_IFNG,22,greedy_ridge,Papalexi,0.6,0.16666666666666666,0.3333333333333333
Papalexi_IFNg_IFNG,22,greedy_ridge,Papalexi,0.8,0.16666666666666666,0.16666666666666666
Papalexi_IFNg_IFNG,22,linear_ucb,Papalexi,0.6,0.3333333333333333,0.5
Papalexi_IFNg_IFNG,22,linear_ucb,Papalexi,0.8,0.16666666666666666,0.16666666666666666
Papalexi_IFNg_IFNG,22,diversity,Papalexi,0.6,0.3333333333333333,0.6666666666666666
Papalexi_IFNg_IFNG,22,diversity,Papalexi,0.8,0.16666666666666666,0.16666666666666666
Papalexi_IFNg_IFNG,22,extra_trees,Papalexi,0.6,0.16666666666666666,0.3333333333333333
Papalexi_IFNg_IFNG,22,extra_trees,Papalexi,0.8,0.16666666666666666,0.16666666666666666
Papalexi_IFNg_IFNG,22,gated_random,Papalexi,0.6,0.3333333333333333,0.6666666666666666
Papalexi_IFNg_IFNG,22,gated_random,Papalexi,0.8,0.16666666666666666,0.16666666666666666
Papalexi_IFNg_IFNG,22,old_controller,Papalexi,0.6,0.3333333333333333,0.6666666666666666
Papalexi_IFNg_IFNG,22,old_controller,Papalexi,0.8,0.16666666666666666,0.16666666666666666
Papalexi_IFNg_IFNG,23,random,Papalexi,0.6,0.16666666666666666,0.5
Papalexi_IFNg_IFNG,23,random,Papalexi,0.8,0.0,0.0
Papalexi_IFNg_IFNG,23,fixed_ridge,Papalexi,0.6,0.3333333333333333,0.5
Papalexi_IFNg_IFNG,23,fixed_ridge,Papalexi,0.8,0.0,0.0
Papalexi_IFNg_IFNG,23,greedy_ridge,Papalexi,0.6,0.3333333333333333,0.5
Papalexi_IFNg_IFNG,23,greedy_ridge,Papalexi,0.8,0.0,0.0
Papalexi_IFNg_IFNG,23,linear_ucb,Papalexi,0.6,0.3333333333333333,0.6666666666666666
Papalexi_IFNg_IFNG,23,linear_ucb,Papalexi,0.8,0.0,0.0
Papalexi_IFNg_IFNG,23,diversity,Papalexi,0.6,0.3333333333333333,0.6666666666666666
Papalexi_IFNg_IFNG,23,diversity,Papalexi,0.8,0.0,0.0
Papalexi_IFNg_IFNG,23,extra_trees,Papalexi,0.6,0.16666666666666666,0.5
Papalexi_IFNg_IFNG,23,extra_trees,Papalexi,0.8,0.0,0.0
Papalexi_IFNg_IFNG,23,gated_random,Papalexi,0.6,0.16666666666666666,0.5
Papalexi_IFNg_IFNG,23,gated_random,Papalexi,0.8,0.0,0.0
Papalexi_IFNg_IFNG,23,old_controller,Papalexi,0.6,0.3333333333333333,0.6666666666666666
Papalexi_IFNg_IFNG,23,old_controller,Papalexi,0.8,0.0,0.0
Papalexi_IFNg_IFNG,24,random,Papalexi,0.6,0.5,0.5
Papalexi_IFNg_IFNG,24,random,Papalexi,0.8,0.16666666666666666,0.16666666666666666
Papalexi_IFNg_IFNG,24,fixed_ridge,Papalexi,0.6,0.3333333333333333,0.5
Papalexi_IFNg_IFNG,24,fixed_ridge,Papalexi,0.8,0.16666666666666666,0.16666666666666666
Papalexi_IFNg_IFNG,24,greedy_ridge,Papalexi,0.6,0.3333333333333333,0.5
Papalexi_IFNg_IFNG,24,greedy_ridge,Papalexi,0.8,0.16666666666666666,0.16666666666666666
Papalexi_IFNg_IFNG,24,linear_ucb,Papalexi,0.6,0.3333333333333333,0.8333333333333334
Papalexi_IFNg_IFNG,24,linear_ucb,Papalexi,0.8,0.16666666666666666,0.16666666666666666
Papalexi_IFNg_IFNG,24,diversity,Papalexi,0.6,0.3333333333333333,0.8333333333333334
Papalexi_IFNg_IFNG,24,diversity,Papalexi,0.8,0.16666666666666666,0.16666666666666666
Papalexi_IFNg_IFNG,24,extra_trees,Papalexi,0.6,0.3333333333333333,0.5
Papalexi_IFNg_IFNG,24,extra_trees,Papalexi,0.8,0.16666666666666666,0.16666666666666666
Papalexi_IFNg_IFNG,24,gated_random,Papalexi,0.6,0.5,0.5
Papalexi_IFNg_IFNG,24,gated_random,Papalexi,0.8,0.16666666666666666,0.16666666666666666
Papalexi_IFNg_IFNG,24,old_controller,Papalexi,0.6,0.3333333333333333,0.8333333333333334
Papalexi_IFNg_IFNG,24,old_controller,Papalexi,0.8,0.16666666666666666,0.16666666666666666
Papalexi_IFNg_IFNG,25,random,Papalexi,0.6,0.16666666666666666,0.5
Papalexi_IFNg_IFNG,25,random,Papalexi,0.8,0.16666666666666666,0.0
Papalexi_IFNg_IFNG,25,fixed_ridge,Papalexi,0.6,0.16666666666666666,0.6666666666666666
Papalexi_IFNg_IFNG,25,fixed_ridge,Papalexi,0.8,0.16666666666666666,0.0
Papalexi_IFNg_IFNG,25,greedy_ridge,Papalexi,0.6,0.16666666666666666,0.6666666666666666
Papalexi_IFNg_IFNG,25,greedy_ridge,Papalexi,0.8,0.16666666666666666,0.0
Papalexi_IFNg_IFNG,25,linear_ucb,Papalexi,0.6,0.3333333333333333,0.8333333333333334
Papalexi_IFNg_IFNG,25,linear_ucb,Papalexi,0.8,0.16666666666666666,0.0
Papalexi_IFNg_IFNG,25,diversity,Papalexi,0.6,0.5,0.8333333333333334
Papalexi_IFNg_IFNG,25,diversity,Papalexi,0.8,0.3333333333333333,0.16666666666666666
Papalexi_IFNg_IFNG,25,extra_trees,Papalexi,0.6,0.16666666666666666,0.6666666666666666
Papalexi_IFNg_IFNG,25,extra_trees,Papalexi,0.8,0.16666666666666666,0.0
Papalexi_IFNg_IFNG,25,gated_random,Papalexi,0.6,0.16666666666666666,0.5
Papalexi_IFNg_IFNG,25,gated_random,Papalexi,0.8,0.16666666666666666,0.0
Papalexi_IFNg_IFNG,25,old_controller,Papalexi,0.6,0.5,0.8333333333333334
Papalexi_IFNg_IFNG,25,old_controller,Papalexi,0.8,0.3333333333333333,0.16666666666666666
Papalexi_IFNg_IFNG,26,random,Papalexi,0.6,0.6666666666666666,0.8333333333333334
Papalexi_IFNg_IFNG,26,random,Papalexi,0.8,0.3333333333333333,0.3333333333333333
Papalexi_IFNg_IFNG,26,fixed_ridge,Papalexi,0.6,0.3333333333333333,0.6666666666666666
Papalexi_IFNg_IFNG,26,fixed_ridge,Papalexi,0.8,0.16666666666666666,0.16666666666666666
Papalexi_IFNg_IFNG,26,greedy_ridge,Papalexi,0.6,0.3333333333333333,0.6666666666666666
Papalexi_IFNg_IFNG,26,greedy_ridge,Papalexi,0.8,0.16666666666666666,0.16666666666666666
Papalexi_IFNg_IFNG,26,linear_ucb,Papalexi,0.6,0.3333333333333333,0.6666666666666666
Papalexi_IFNg_IFNG,26,linear_ucb,Papalexi,0.8,0.16666666666666666,0.16666666666666666
Papalexi_IFNg_IFNG,26,diversity,Papalexi,0.6,0.5,1.0
Papalexi_IFNg_IFNG,26,diversity,Papalexi,0.8,0.3333333333333333,0.3333333333333333
Papalexi_IFNg_IFNG,26,extra_trees,Papalexi,0.6,0.3333333333333333,0.6666666666666666
Papalexi_IFNg_IFNG,26,extra_trees,Papalexi,0.8,0.16666666666666666,0.16666666666666666
Papalexi_IFNg_IFNG,26,gated_random,Papalexi,0.6,0.6666666666666666,0.8333333333333334
Papalexi_IFNg_IFNG,26,gated_random,Papalexi,0.8,0.3333333333333333,0.3333333333333333
Papalexi_IFNg_IFNG,26,old_controller,Papalexi,0.6,0.5,1.0
Papalexi_IFNg_IFNG,26,old_controller,Papalexi,0.8,0.3333333333333333,0.3333333333333333
Papalexi_IFNg_IFNG,27,random,Papalexi,0.6,0.16666666666666666,0.5
Papalexi_IFNg_IFNG,27,random,Papalexi,0.8,0.16666666666666666,0.16666666666666666
Papalexi_IFNg_IFNG,27,fixed_ridge,Papalexi,0.6,0.3333333333333333,0.5
Papalexi_IFNg_IFNG,27,fixed_ridge,Papalexi,0.8,0.16666666666666666,0.0
Papalexi_IFNg_IFNG,27,greedy_ridge,Papalexi,0.6,0.3333333333333333,0.5
Papalexi_IFNg_IFNG,27,greedy_ridge,Papalexi,0.8,0.16666666666666666,0.0
Papalexi_IFNg_IFNG,27,linear_ucb,Papalexi,0.6,0.16666666666666666,0.5
Papalexi_IFNg_IFNG,27,linear_ucb,Papalexi,0.8,0.0,0.0
Papalexi_IFNg_IFNG,27,diversity,Papalexi,0.6,0.16666666666666666,0.6666666666666666
Papalexi_IFNg_IFNG,27,diversity,Papalexi,0.8,0.0,0.0
Papalexi_IFNg_IFNG,27,extra_trees,Papalexi,0.6,0.0,0.3333333333333333
Papalexi_IFNg_IFNG,27,extra_trees,Papalexi,0.8,0.0,0.0
Papalexi_IFNg_IFNG,27,gated_random,Papalexi,0.6,0.16666666666666666,0.5
Papalexi_IFNg_IFNG,27,gated_random,Papalexi,0.8,0.16666666666666666,0.16666666666666666
Papalexi_IFNg_IFNG,27,old_controller,Papalexi,0.6,0.16666666666666666,0.6666666666666666
Papalexi_IFNg_IFNG,27,old_controller,Papalexi,0.8,0.0,0.0
Papalexi_IFNg_IFNG,28,random,Papalexi,0.6,0.16666666666666666,0.6666666666666666
Papalexi_IFNg_IFNG,28,random,Papalexi,0.8,0.0,0.0
Papalexi_IFNg_IFNG,28,fixed_ridge,Papalexi,0.6,0.5,0.6666666666666666
Papalexi_IFNg_IFNG,28,fixed_ridge,Papalexi,0.8,0.16666666666666666,0.16666666666666666
Papalexi_IFNg_IFNG,28,greedy_ridge,Papalexi,0.6,0.5,0.6666666666666666
Papalexi_IFNg_IFNG,28,greedy_ridge,Papalexi,0.8,0.16666666666666666,0.16666666666666666
Papalexi_IFNg_IFNG,28,linear_ucb,Papalexi,0.6,0.5,0.8333333333333334
Papalexi_IFNg_IFNG,28,linear_ucb,Papalexi,0.8,0.16666666666666666,0.16666666666666666
Papalexi_IFNg_IFNG,28,diversity,Papalexi,0.6,0.16666666666666666,0.8333333333333334
Papalexi_IFNg_IFNG,28,diversity,Papalexi,0.8,0.0,0.0
Papalexi_IFNg_IFNG,28,extra_trees,Papalexi,0.6,0.16666666666666666,0.5
Papalexi_IFNg_IFNG,28,extra_trees,Papalexi,0.8,0.0,0.0
Papalexi_IFNg_IFNG,28,gated_random,Papalexi,0.6,0.16666666666666666,0.6666666666666666
Papalexi_IFNg_IFNG,28,gated_random,Papalexi,0.8,0.0,0.0
Papalexi_IFNg_IFNG,28,old_controller,Papalexi,0.6,0.16666666666666666,0.8333333333333334
Papalexi_IFNg_IFNG,28,old_controller,Papalexi,0.8,0.0,0.0
Papalexi_IFNg_IFNG,29,random,Papalexi,0.6,0.5,0.6666666666666666
Papalexi_IFNg_IFNG,29,random,Papalexi,0.8,0.3333333333333333,0.16666666666666666
Papalexi_IFNg_IFNG,29,fixed_ridge,Papalexi,0.6,0.3333333333333333,0.5
Papalexi_IFNg_IFNG,29,fixed_ridge,Papalexi,0.8,0.3333333333333333,0.16666666666666666
Papalexi_IFNg_IFNG,29,greedy_ridge,Papalexi,0.6,0.3333333333333333,0.5
Papalexi_IFNg_IFNG,29,greedy_ridge,Papalexi,0.8,0.3333333333333333,0.16666666666666666
Papalexi_IFNg_IFNG,29,linear_ucb,Papalexi,0.6,0.3333333333333333,0.5
Papalexi_IFNg_IFNG,29,linear_ucb,Papalexi,0.8,0.16666666666666666,0.0
Papalexi_IFNg_IFNG,29,diversity,Papalexi,0.6,0.5,0.6666666666666666
Papalexi_IFNg_IFNG,29,diversity,Papalexi,0.8,0.16666666666666666,0.0
Papalexi_IFNg_IFNG,29,extra_trees,Papalexi,0.6,0.16666666666666666,0.5
Papalexi_IFNg_IFNG,29,extra_trees,Papalexi,0.8,0.16666666666666666,0.0
Papalexi_IFNg_IFNG,29,gated_random,Papalexi,0.6,0.5,0.6666666666666666
Papalexi_IFNg_IFNG,29,gated_random,Papalexi,0.8,0.3333333333333333,0.16666666666666666
Papalexi_IFNg_IFNG,29,old_controller,Papalexi,0.6,0.5,0.6666666666666666
Papalexi_IFNg_IFNG,29,old_controller,Papalexi,0.8,0.16666666666666666,0.0
Papalexi_IFNg_TNFA,0,random,Papalexi,0.6,0.16666666666666666,0.5
Papalexi_IFNg_TNFA,0,random,Papalexi,0.8,0.16666666666666666,0.16666666666666666
Papalexi_IFNg_TNFA,0,fixed_ridge,Papalexi,0.6,0.3333333333333333,0.3333333333333333
Papalexi_IFNg_TNFA,0,fixed_ridge,Papalexi,0.8,0.3333333333333333,0.3333333333333333
Papalexi_IFNg_TNFA,0,greedy_ridge,Papalexi,0.6,0.3333333333333333,0.3333333333333333
Papalexi_IFNg_TNFA,0,greedy_ridge,Papalexi,0.8,0.3333333333333333,0.3333333333333333
Papalexi_IFNg_TNFA,0,linear_ucb,Papalexi,0.6,0.3333333333333333,0.3333333333333333
Papalexi_IFNg_TNFA,0,linear_ucb,Papalexi,0.8,0.3333333333333333,0.3333333333333333
Papalexi_IFNg_TNFA,0,diversity,Papalexi,0.6,0.3333333333333333,0.3333333333333333
Papalexi_IFNg_TNFA,0,diversity,Papalexi,0.8,0.3333333333333333,0.3333333333333333
Papalexi_IFNg_TNFA,0,extra_trees,Papalexi,0.6,0.16666666666666666,0.16666666666666666
Papalexi_IFNg_TNFA,0,extra_trees,Papalexi,0.8,0.16666666666666666,0.16666666666666666
Papalexi_IFNg_TNFA,0,gated_random,Papalexi,0.6,0.16666666666666666,0.5
Papalexi_IFNg_TNFA,0,gated_random,Papalexi,0.8,0.16666666666666666,0.16666666666666666
Papalexi_IFNg_TNFA,0,old_controller,Papalexi,0.6,0.3333333333333333,0.3333333333333333
Papalexi_IFNg_TNFA,0,old_controller,Papalexi,0.8,0.3333333333333333,0.3333333333333333
Papalexi_IFNg_TNFA,1,random,Papalexi,0.6,0.16666666666666666,0.3333333333333333
Papalexi_IFNg_TNFA,1,random,Papalexi,0.8,0.16666666666666666,0.16666666666666666
Papalexi_IFNg_TNFA,1,fixed_ridge,Papalexi,0.6,0.16666666666666666,0.16666666666666666
Papalexi_IFNg_TNFA,1,fixed_ridge,Papalexi,0.8,0.16666666666666666,0.16666666666666666
Papalexi_IFNg_TNFA,1,greedy_ridge,Papalexi,0.6,0.16666666666666666,0.16666666666666666
Papalexi_IFNg_TNFA,1,greedy_ridge,Papalexi,0.8,0.16666666666666666,0.16666666666666666
Papalexi_IFNg_TNFA,1,linear_ucb,Papalexi,0.6,0.16666666666666666,0.16666666666666666
Papalexi_IFNg_TNFA,1,linear_ucb,Papalexi,0.8,0.16666666666666666,0.16666666666666666
Papalexi_IFNg_TNFA,1,diversity,Papalexi,0.6,0.16666666666666666,0.16666666666666666
Papalexi_IFNg_TNFA,1,diversity,Papalexi,0.8,0.16666666666666666,0.16666666666666666
Papalexi_IFNg_TNFA,1,extra_trees,Papalexi,0.6,0.16666666666666666,0.16666666666666666
Papalexi_IFNg_TNFA,1,extra_trees,Papalexi,0.8,0.16666666666666666,0.16666666666666666
Papalexi_IFNg_TNFA,1,gated_random,Papalexi,0.6,0.16666666666666666,0.3333333333333333
Papalexi_IFNg_TNFA,1,gated_random,Papalexi,0.8,0.16666666666666666,0.16666666666666666
Papalexi_IFNg_TNFA,1,old_controller,Papalexi,0.6,0.16666666666666666,0.16666666666666666
Papalexi_IFNg_TNFA,1,old_controller,Papalexi,0.8,0.16666666666666666,0.16666666666666666
Papalexi_IFNg_TNFA,2,random,Papalexi,0.6,0.0,0.16666666666666666
Papalexi_IFNg_TNFA,2,random,Papalexi,0.8,0.0,0.0
Papalexi_IFNg_TNFA,2,fixed_ridge,Papalexi,0.6,0.0,0.0
Papalexi_IFNg_TNFA,2,fixed_ridge,Papalexi,0.8,0.0,0.0
Papalexi_IFNg_TNFA,2,greedy_ridge,Papalexi,0.6,0.0,0.0
Papalexi_IFNg_TNFA,2,greedy_ridge,Papalexi,0.8,0.0,0.0
Papalexi_IFNg_TNFA,2,linear_ucb,Papalexi,0.6,0.16666666666666666,0.16666666666666666
Papalexi_IFNg_TNFA,2,linear_ucb,Papalexi,0.8,0.16666666666666666,0.16666666666666666
Papalexi_IFNg_TNFA,2,diversity,Papalexi,0.6,0.16666666666666666,0.16666666666666666
Papalexi_IFNg_TNFA,2,diversity,Papalexi,0.8,0.16666666666666666,0.16666666666666666
Papalexi_IFNg_TNFA,2,extra_trees,Papalexi,0.6,0.0,0.0
Papalexi_IFNg_TNFA,2,extra_trees,Papalexi,0.8,0.0,0.0
Papalexi_IFNg_TNFA,2,gated_random,Papalexi,0.6,0.0,0.16666666666666666
Papalexi_IFNg_TNFA,2,gated_random,Papalexi,0.8,0.0,0.0
Papalexi_IFNg_TNFA,2,old_controller,Papalexi,0.6,0.16666666666666666,0.16666666666666666
Papalexi_IFNg_TNFA,2,old_controller,Papalexi,0.8,0.16666666666666666,0.16666666666666666
Papalexi_IFNg_TNFA,3,random,Papalexi,0.6,0.16666666666666666,0.3333333333333333
Papalexi_IFNg_TNFA,3,random,Papalexi,0.8,0.16666666666666666,0.16666666666666666
Papalexi_IFNg_TNFA,3,fixed_ridge,Papalexi,0.6,0.0,0.0
Papalexi_IFNg_TNFA,3,fixed_ridge,Papalexi,0.8,0.0,0.0
Papalexi_IFNg_TNFA,3,greedy_ridge,Papalexi,0.6,0.0,0.0
Papalexi_IFNg_TNFA,3,greedy_ridge,Papalexi,0.8,0.0,0.0
Papalexi_IFNg_TNFA,3,linear_ucb,Papalexi,0.6,0.16666666666666666,0.16666666666666666
Papalexi_IFNg_TNFA,3,linear_ucb,Papalexi,0.8,0.16666666666666666,0.16666666666666666
Papalexi_IFNg_TNFA,3,diversity,Papalexi,0.6,0.3333333333333333,0.3333333333333333
Papalexi_IFNg_TNFA,3,diversity,Papalexi,0.8,0.3333333333333333,0.3333333333333333
Papalexi_IFNg_TNFA,3,extra_trees,Papalexi,0.6,0.0,0.0
Papalexi_IFNg_TNFA,3,extra_trees,Papalexi,0.8,0.0,0.0
Papalexi_IFNg_TNFA,3,gated_random,Papalexi,0.6,0.16666666666666666,0.3333333333333333
Papalexi_IFNg_TNFA,3,gated_random,Papalexi,0.8,0.16666666666666666,0.16666666666666666
Papalexi_IFNg_TNFA,3,old_controller,Papalexi,0.6,0.3333333333333333,0.3333333333333333
Papalexi_IFNg_TNFA,3,old_controller,Papalexi,0.8,0.3333333333333333,0.3333333333333333
Papalexi_IFNg_TNFA,4,random,Papalexi,0.6,0.16666666666666666,0.5
Papalexi_IFNg_TNFA,4,random,Papalexi,0.8,0.16666666666666666,0.16666666666666666
Papalexi_IFNg_TNFA,4,fixed_ridge,Papalexi,0.6,0.16666666666666666,0.5
Papalexi_IFNg_TNFA,4,fixed_ridge,Papalexi,0.8,0.16666666666666666,0.16666666666666666
Papalexi_IFNg_TNFA,4,greedy_ridge,Papalexi,0.6,0.16666666666666666,0.5
Papalexi_IFNg_TNFA,4,greedy_ridge,Papalexi,0.8,0.16666666666666666,0.16666666666666666
Papalexi_IFNg_TNFA,4,linear_ucb,Papalexi,0.6,0.3333333333333333,0.6666666666666666
Papalexi_IFNg_TNFA,4,linear_ucb,Papalexi,0.8,0.3333333333333333,0.3333333333333333
Papalexi_IFNg_TNFA,4,diversity,Papalexi,0.6,0.16666666666666666,0.5
Papalexi_IFNg_TNFA,4,diversity,Papalexi,0.8,0.16666666666666666,0.16666666666666666
Papalexi_IFNg_TNFA,4,extra_trees,Papalexi,0.6,0.0,0.3333333333333333
Papalexi_IFNg_TNFA,4,extra_trees,Papalexi,0.8,0.0,0.0
Papalexi_IFNg_TNFA,4,gated_random,Papalexi,0.6,0.16666666666666666,0.5
Papalexi_IFNg_TNFA,4,gated_random,Papalexi,0.8,0.16666666666666666,0.16666666666666666
Papalexi_IFNg_TNFA,4,old_controller,Papalexi,0.6,0.16666666666666666,0.5
Papalexi_IFNg_TNFA,4,old_controller,Papalexi,0.8,0.16666666666666666,0.16666666666666666
Papalexi_IFNg_TNFA,5,random,Papalexi,0.6,0.16666666666666666,0.3333333333333333
Papalexi_IFNg_TNFA,5,random,Papalexi,0.8,0.16666666666666666,0.16666666666666666
Papalexi_IFNg_TNFA,5,fixed_ridge,Papalexi,0.6,0.3333333333333333,0.3333333333333333
Papalexi_IFNg_TNFA,5,fixed_ridge,Papalexi,0.8,0.3333333333333333,0.3333333333333333
Papalexi_IFNg_TNFA,5,greedy_ridge,Papalexi,0.6,0.3333333333333333,0.3333333333333333
Papalexi_IFNg_TNFA,5,greedy_ridge,Papalexi,0.8,0.3333333333333333,0.3333333333333333
Papalexi_IFNg_TNFA,5,linear_ucb,Papalexi,0.6,0.3333333333333333,0.3333333333333333
Papalexi_IFNg_TNFA,5,linear_ucb,Papalexi,0.8,0.3333333333333333,0.3333333333333333
Papalexi_IFNg_TNFA,5,diversity,Papalexi,0.6,0.16666666666666666,0.3333333333333333
Papalexi_IFNg_TNFA,5,diversity,Papalexi,0.8,0.16666666666666666,0.16666666666666666
Papalexi_IFNg_TNFA,5,extra_trees,Papalexi,0.6,0.16666666666666666,0.16666666666666666
Papalexi_IFNg_TNFA,5,extra_trees,Papalexi,0.8,0.16666666666666666,0.16666666666666666
Papalexi_IFNg_TNFA,5,gated_random,Papalexi,0.6,0.16666666666666666,0.3333333333333333
Papalexi_IFNg_TNFA,5,gated_random,Papalexi,0.8,0.16666666666666666,0.16666666666666666
Papalexi_IFNg_TNFA,5,old_controller,Papalexi,0.6,0.16666666666666666,0.3333333333333333
Papalexi_IFNg_TNFA,5,old_controller,Papalexi,0.8,0.16666666666666666,0.16666666666666666
Papalexi_IFNg_TNFA,6,random,Papalexi,0.6,0.16666666666666666,0.3333333333333333
Papalexi_IFNg_TNFA,6,random,Papalexi,0.8,0.16666666666666666,0.16666666666666666
Papalexi_IFNg_TNFA,6,fixed_ridge,Papalexi,0.6,0.16666666666666666,0.3333333333333333
Papalexi_IFNg_TNFA,6,fixed_ridge,Papalexi,0.8,0.16666666666666666,0.16666666666666666
Papalexi_IFNg_TNFA,6,greedy_ridge,Papalexi,0.6,0.16666666666666666,0.3333333333333333
Papalexi_IFNg_TNFA,6,greedy_ridge,Papalexi,0.8,0.16666666666666666,0.16666666666666666
Papalexi_IFNg_TNFA,6,linear_ucb,Papalexi,0.6,0.16666666666666666,0.3333333333333333
Papalexi_IFNg_TNFA,6,linear_ucb,Papalexi,0.8,0.16666666666666666,0.16666666666666666
Papalexi_IFNg_TNFA,6,diversity,Papalexi,0.6,0.3333333333333333,0.6666666666666666
Papalexi_IFNg_TNFA,6,diversity,Papalexi,0.8,0.3333333333333333,0.3333333333333333
Papalexi_IFNg_TNFA,6,extra_trees,Papalexi,0.6,0.16666666666666666,0.3333333333333333
Papalexi_IFNg_TNFA,6,extra_trees,Papalexi,0.8,0.16666666666666666,0.16666666666666666
Papalexi_IFNg_TNFA,6,gated_random,Papalexi,0.6,0.16666666666666666,0.3333333333333333
Papalexi_IFNg_TNFA,6,gated_random,Papalexi,0.8,0.16666666666666666,0.16666666666666666
Papalexi_IFNg_TNFA,6,old_controller,Papalexi,0.6,0.3333333333333333,0.6666666666666666
Papalexi_IFNg_TNFA,6,old_controller,Papalexi,0.8,0.3333333333333333,0.3333333333333333
Papalexi_IFNg_TNFA,7,random,Papalexi,0.6,0.16666666666666666,0.3333333333333333
Papalexi_IFNg_TNFA,7,random,Papalexi,0.8,0.16666666666666666,0.16666666666666666
Papalexi_IFNg_TNFA,7,fixed_ridge,Papalexi,0.6,0.3333333333333333,0.3333333333333333
Papalexi_IFNg_TNFA,7,fixed_ridge,Papalexi,0.8,0.3333333333333333,0.3333333333333333
Papalexi_IFNg_TNFA,7,greedy_ridge,Papalexi,0.6,0.3333333333333333,0.3333333333333333
Papalexi_IFNg_TNFA,7,greedy_ridge,Papalexi,0.8,0.3333333333333333,0.3333333333333333
Papalexi_IFNg_TNFA,7,linear_ucb,Papalexi,0.6,0.3333333333333333,0.3333333333333333
Papalexi_IFNg_TNFA,7,linear_ucb,Papalexi,0.8,0.3333333333333333,0.3333333333333333
Papalexi_IFNg_TNFA,7,diversity,Papalexi,0.6,0.16666666666666666,0.16666666666666666
Papalexi_IFNg_TNFA,7,diversity,Papalexi,0.8,0.16666666666666666,0.16666666666666666
Papalexi_IFNg_TNFA,7,extra_trees,Papalexi,0.6,0.0,0.0
Papalexi_IFNg_TNFA,7,extra_trees,Papalexi,0.8,0.0,0.0
Papalexi_IFNg_TNFA,7,gated_random,Papalexi,0.6,0.16666666666666666,0.3333333333333333
Papalexi_IFNg_TNFA,7,gated_random,Papalexi,0.8,0.16666666666666666,0.16666666666666666
Papalexi_IFNg_TNFA,7,old_controller,Papalexi,0.6,0.16666666666666666,0.16666666666666666
Papalexi_IFNg_TNFA,7,old_controller,Papalexi,0.8,0.16666666666666666,0.16666666666666666
Papalexi_IFNg_TNFA,8,random,Papalexi,0.6,0.0,0.0
Papalexi_IFNg_TNFA,8,random,Papalexi,0.8,0.0,0.0
Papalexi_IFNg_TNFA,8,fixed_ridge,Papalexi,0.6,0.16666666666666666,0.16666666666666666
Papalexi_IFNg_TNFA,8,fixed_ridge,Papalexi,0.8,0.16666666666666666,0.16666666666666666
Papalexi_IFNg_TNFA,8,greedy_ridge,Papalexi,0.6,0.16666666666666666,0.16666666666666666
Papalexi_IFNg_TNFA,8,greedy_ridge,Papalexi,0.8,0.16666666666666666,0.16666666666666666
Papalexi_IFNg_TNFA,8,linear_ucb,Papalexi,0.6,0.16666666666666666,0.3333333333333333
Papalexi_IFNg_TNFA,8,linear_ucb,Papalexi,0.8,0.16666666666666666,0.16666666666666666
Papalexi_IFNg_TNFA,8,diversity,Papalexi,0.6,0.16666666666666666,0.3333333333333333
Papalexi_IFNg_TNFA,8,diversity,Papalexi,0.8,0.16666666666666666,0.16666666666666666
Papalexi_IFNg_TNFA,8,extra_trees,Papalexi,0.6,0.0,0.0
Papalexi_IFNg_TNFA,8,extra_trees,Papalexi,0.8,0.0,0.0
Papalexi_IFNg_TNFA,8,gated_random,Papalexi,0.6,0.0,0.0
Papalexi_IFNg_TNFA,8,gated_random,Papalexi,0.8,0.0,0.0
Papalexi_IFNg_TNFA,8,old_controller,Papalexi,0.6,0.16666666666666666,0.3333333333333333
Papalexi_IFNg_TNFA,8,old_controller,Papalexi,0.8,0.16666666666666666,0.16666666666666666
Papalexi_IFNg_TNFA,9,random,Papalexi,0.6,0.16666666666666666,0.3333333333333333
Papalexi_IFNg_TNFA,9,random,Papalexi,0.8,0.16666666666666666,0.16666666666666666
Papalexi_IFNg_TNFA,9,fixed_ridge,Papalexi,0.6,0.16666666666666666,0.3333333333333333
Papalexi_IFNg_TNFA,9,fixed_ridge,Papalexi,0.8,0.16666666666666666,0.16666666666666666
Papalexi_IFNg_TNFA,9,greedy_ridge,Papalexi,0.6,0.16666666666666666,0.3333333333333333
Papalexi_IFNg_TNFA,9,greedy_ridge,Papalexi,0.8,0.16666666666666666,0.16666666666666666
Papalexi_IFNg_TNFA,9,linear_ucb,Papalexi,0.6,0.3333333333333333,0.5
Papalexi_IFNg_TNFA,9,linear_ucb,Papalexi,0.8,0.3333333333333333,0.3333333333333333
Papalexi_IFNg_TNFA,9,diversity,Papalexi,0.6,0.3333333333333333,0.5
Papalexi_IFNg_TNFA,9,diversity,Papalexi,0.8,0.3333333333333333,0.3333333333333333
Papalexi_IFNg_TNFA,9,extra_trees,Papalexi,0.6,0.16666666666666666,0.3333333333333333
Papalexi_IFNg_TNFA,9,extra_trees,Papalexi,0.8,0.16666666666666666,0.16666666666666666
Papalexi_IFNg_TNFA,9,gated_random,Papalexi,0.6,0.16666666666666666,0.3333333333333333
Papalexi_IFNg_TNFA,9,gated_random,Papalexi,0.8,0.16666666666666666,0.16666666666666666
Papalexi_IFNg_TNFA,9,old_controller,Papalexi,0.6,0.3333333333333333,0.5
Papalexi_IFNg_TNFA,9,old_controller,Papalexi,0.8,0.3333333333333333,0.3333333333333333
Papalexi_IFNg_TNFA,10,random,Papalexi,0.6,0.16666666666666666,0.5
Papalexi_IFNg_TNFA,10,random,Papalexi,0.8,0.16666666666666666,0.16666666666666666
Papalexi_IFNg_TNFA,10,fixed_ridge,Papalexi,0.6,0.0,0.16666666666666666
Papalexi_IFNg_TNFA,10,fixed_ridge,Papalexi,0.8,0.0,0.0
Papalexi_IFNg_TNFA,10,greedy_ridge,Papalexi,0.6,0.0,0.16666666666666666
Papalexi_IFNg_TNFA,10,greedy_ridge,Papalexi,0.8,0.0,0.0
Papalexi_IFNg_TNFA,10,linear_ucb,Papalexi,0.6,0.16666666666666666,0.3333333333333333
Papalexi_IFNg_TNFA,10,linear_ucb,Papalexi,0.8,0.16666666666666666,0.16666666666666666
Papalexi_IFNg_TNFA,10,diversity,Papalexi,0.6,0.3333333333333333,0.5
Papalexi_IFNg_TNFA,10,diversity,Papalexi,0.8,0.3333333333333333,0.3333333333333333
Papalexi_IFNg_TNFA,10,extra_trees,Papalexi,0.6,0.0,0.16666666666666666
Papalexi_IFNg_TNFA,10,extra_trees,Papalexi,0.8,0.0,0.0
Papalexi_IFNg_TNFA,10,gated_random,Papalexi,0.6,0.16666666666666666,0.5
Papalexi_IFNg_TNFA,10,gated_random,Papalexi,0.8,0.16666666666666666,0.16666666666666666
Papalexi_IFNg_TNFA,10,old_controller,Papalexi,0.6,0.3333333333333333,0.5
Papalexi_IFNg_TNFA,10,old_controller,Papalexi,0.8,0.3333333333333333,0.3333333333333333
Papalexi_IFNg_TNFA,11,random,Papalexi,0.6,0.16666666666666666,0.3333333333333333
Papalexi_IFNg_TNFA,11,random,Papalexi,0.8,0.16666666666666666,0.16666666666666666
Papalexi_IFNg_TNFA,11,fixed_ridge,Papalexi,0.6,0.16666666666666666,0.3333333333333333
Papalexi_IFNg_TNFA,11,fixed_ridge,Papalexi,0.8,0.16666666666666666,0.16666666666666666
Papalexi_IFNg_TNFA,11,greedy_ridge,Papalexi,0.6,0.16666666666666666,0.3333333333333333
Papalexi_IFNg_TNFA,11,greedy_ridge,Papalexi,0.8,0.16666666666666666,0.16666666666666666
Papalexi_IFNg_TNFA,11,linear_ucb,Papalexi,0.6,0.16666666666666666,0.3333333333333333
Papalexi_IFNg_TNFA,11,linear_ucb,Papalexi,0.8,0.16666666666666666,0.16666666666666666
Papalexi_IFNg_TNFA,11,diversity,Papalexi,0.6,0.3333333333333333,0.5
Papalexi_IFNg_TNFA,11,diversity,Papalexi,0.8,0.3333333333333333,0.3333333333333333
Papalexi_IFNg_TNFA,11,extra_trees,Papalexi,0.6,0.16666666666666666,0.3333333333333333
Papalexi_IFNg_TNFA,11,extra_trees,Papalexi,0.8,0.16666666666666666,0.16666666666666666
Papalexi_IFNg_TNFA,11,gated_random,Papalexi,0.6,0.16666666666666666,0.3333333333333333
Papalexi_IFNg_TNFA,11,gated_random,Papalexi,0.8,0.16666666666666666,0.16666666666666666
Papalexi_IFNg_TNFA,11,old_controller,Papalexi,0.6,0.3333333333333333,0.5
Papalexi_IFNg_TNFA,11,old_controller,Papalexi,0.8,0.3333333333333333,0.3333333333333333
Papalexi_IFNg_TNFA,12,random,Papalexi,0.6,0.16666666666666666,0.3333333333333333
Papalexi_IFNg_TNFA,12,random,Papalexi,0.8,0.16666666666666666,0.16666666666666666
Papalexi_IFNg_TNFA,12,fixed_ridge,Papalexi,0.6,0.16666666666666666,0.3333333333333333
Papalexi_IFNg_TNFA,12,fixed_ridge,Papalexi,0.8,0.16666666666666666,0.16666666666666666
Papalexi_IFNg_TNFA,12,greedy_ridge,Papalexi,0.6,0.16666666666666666,0.3333333333333333
Papalexi_IFNg_TNFA,12,greedy_ridge,Papalexi,0.8,0.16666666666666666,0.16666666666666666
Papalexi_IFNg_TNFA,12,linear_ucb,Papalexi,0.6,0.3333333333333333,0.5
Papalexi_IFNg_TNFA,12,linear_ucb,Papalexi,0.8,0.3333333333333333,0.3333333333333333
Papalexi_IFNg_TNFA,12,diversity,Papalexi,0.6,0.3333333333333333,0.6666666666666666
Papalexi_IFNg_TNFA,12,diversity,Papalexi,0.8,0.3333333333333333,0.3333333333333333
Papalexi_IFNg_TNFA,12,extra_trees,Papalexi,0.6,0.16666666666666666,0.3333333333333333
Papalexi_IFNg_TNFA,12,extra_trees,Papalexi,0.8,0.16666666666666666,0.16666666666666666
Papalexi_IFNg_TNFA,12,gated_random,Papalexi,0.6,0.16666666666666666,0.3333333333333333
Papalexi_IFNg_TNFA,12,gated_random,Papalexi,0.8,0.16666666666666666,0.16666666666666666
Papalexi_IFNg_TNFA,12,old_controller,Papalexi,0.6,0.3333333333333333,0.6666666666666666
Papalexi_IFNg_TNFA,12,old_controller,Papalexi,0.8,0.3333333333333333,0.3333333333333333
Papalexi_IFNg_TNFA,13,random,Papalexi,0.6,0.16666666666666666,0.3333333333333333
Papalexi_IFNg_TNFA,13,random,Papalexi,0.8,0.16666666666666666,0.16666666666666666
Papalexi_IFNg_TNFA,13,fixed_ridge,Papalexi,0.6,0.16666666666666666,0.3333333333333333
Papalexi_IFNg_TNFA,13,fixed_ridge,Papalexi,0.8,0.16666666666666666,0.16666666666666666
Papalexi_IFNg_TNFA,13,greedy_ridge,Papalexi,0.6,0.16666666666666666,0.3333333333333333
Papalexi_IFNg_TNFA,13,greedy_ridge,Papalexi,0.8,0.16666666666666666,0.16666666666666666
Papalexi_IFNg_TNFA,13,linear_ucb,Papalexi,0.6,0.3333333333333333,0.5
Papalexi_IFNg_TNFA,13,linear_ucb,Papalexi,0.8,0.3333333333333333,0.3333333333333333
Papalexi_IFNg_TNFA,13,diversity,Papalexi,0.6,0.3333333333333333,0.5
Papalexi_IFNg_TNFA,13,diversity,Papalexi,0.8,0.3333333333333333,0.3333333333333333
Papalexi_IFNg_TNFA,13,extra_trees,Papalexi,0.6,0.16666666666666666,0.3333333333333333
Papalexi_IFNg_TNFA,13,extra_trees,Papalexi,0.8,0.16666666666666666,0.16666666666666666
Papalexi_IFNg_TNFA,13,gated_random,Papalexi,0.6,0.16666666666666666,0.3333333333333333
Papalexi_IFNg_TNFA,13,gated_random,Papalexi,0.8,0.16666666666666666,0.16666666666666666
Papalexi_IFNg_TNFA,13,old_controller,Papalexi,0.6,0.3333333333333333,0.5
Papalexi_IFNg_TNFA,13,old_controller,Papalexi,0.8,0.3333333333333333,0.3333333333333333
Papalexi_IFNg_TNFA,14,random,Papalexi,0.6,0.3333333333333333,0.5
Papalexi_IFNg_TNFA,14,random,Papalexi,0.8,0.3333333333333333,0.3333333333333333
Papalexi_IFNg_TNFA,14,fixed_ridge,Papalexi,0.6,0.16666666666666666,0.16666666666666666
Papalexi_IFNg_TNFA,14,fixed_ridge,Papalexi,0.8,0.16666666666666666,0.16666666666666666
Papalexi_IFNg_TNFA,14,greedy_ridge,Papalexi,0.6,0.16666666666666666,0.16666666666666666
Papalexi_IFNg_TNFA,14,greedy_ridge,Papalexi,0.8,0.16666666666666666,0.16666666666666666
Papalexi_IFNg_TNFA,14,linear_ucb,Papalexi,0.6,0.16666666666666666,0.16666666666666666
Papalexi_IFNg_TNFA,14,linear_ucb,Papalexi,0.8,0.16666666666666666,0.16666666666666666
Papalexi_IFNg_TNFA,14,diversity,Papalexi,0.6,0.3333333333333333,0.3333333333333333
Papalexi_IFNg_TNFA,14,diversity,Papalexi,0.8,0.3333333333333333,0.3333333333333333
Papalexi_IFNg_TNFA,14,extra_trees,Papalexi,0.6,0.16666666666666666,0.16666666666666666
Papalexi_IFNg_TNFA,14,extra_trees,Papalexi,0.8,0.16666666666666666,0.16666666666666666
Papalexi_IFNg_TNFA,14,gated_random,Papalexi,0.6,0.3333333333333333,0.5
Papalexi_IFNg_TNFA,14,gated_random,Papalexi,0.8,0.3333333333333333,0.3333333333333333
Papalexi_IFNg_TNFA,14,old_controller,Papalexi,0.6,0.3333333333333333,0.3333333333333333
Papalexi_IFNg_TNFA,14,old_controller,Papalexi,0.8,0.3333333333333333,0.3333333333333333
Papalexi_IFNg_TNFA,15,random,Papalexi,0.6,0.0,0.0
Papalexi_IFNg_TNFA,15,random,Papalexi,0.8,0.0,0.0
Papalexi_IFNg_TNFA,15,fixed_ridge,Papalexi,0.6,0.0,0.16666666666666666
Papalexi_IFNg_TNFA,15,fixed_ridge,Papalexi,0.8,0.0,0.0
Papalexi_IFNg_TNFA,15,greedy_ridge,Papalexi,0.6,0.0,0.16666666666666666
Papalexi_IFNg_TNFA,15,greedy_ridge,Papalexi,0.8,0.0,0.0
Papalexi_IFNg_TNFA,15,linear_ucb,Papalexi,0.6,0.16666666666666666,0.16666666666666666
Papalexi_IFNg_TNFA,15,linear_ucb,Papalexi,0.8,0.16666666666666666,0.16666666666666666
Papalexi_IFNg_TNFA,15,diversity,Papalexi,0.6,0.16666666666666666,0.16666666666666666
Papalexi_IFNg_TNFA,15,diversity,Papalexi,0.8,0.16666666666666666,0.16666666666666666
Papalexi_IFNg_TNFA,15,extra_trees,Papalexi,0.6,0.0,0.0
Papalexi_IFNg_TNFA,15,extra_trees,Papalexi,0.8,0.0,0.0
Papalexi_IFNg_TNFA,15,gated_random,Papalexi,0.6,0.0,0.0
Papalexi_IFNg_TNFA,15,gated_random,Papalexi,0.8,0.0,0.0
Papalexi_IFNg_TNFA,15,old_controller,Papalexi,0.6,0.16666666666666666,0.16666666666666666
Papalexi_IFNg_TNFA,15,old_controller,Papalexi,0.8,0.16666666666666666,0.16666666666666666
Papalexi_IFNg_TNFA,16,random,Papalexi,0.6,0.16666666666666666,0.3333333333333333
Papalexi_IFNg_TNFA,16,random,Papalexi,0.8,0.16666666666666666,0.16666666666666666
Papalexi_IFNg_TNFA,16,fixed_ridge,Papalexi,0.6,0.3333333333333333,0.3333333333333333
Papalexi_IFNg_TNFA,16,fixed_ridge,Papalexi,0.8,0.3333333333333333,0.3333333333333333
Papalexi_IFNg_TNFA,16,greedy_ridge,Papalexi,0.6,0.3333333333333333,0.3333333333333333
Papalexi_IFNg_TNFA,16,greedy_ridge,Papalexi,0.8,0.3333333333333333,0.3333333333333333
Papalexi_IFNg_TNFA,16,linear_ucb,Papalexi,0.6,0.3333333333333333,0.3333333333333333
Papalexi_IFNg_TNFA,16,linear_ucb,Papalexi,0.8,0.3333333333333333,0.3333333333333333
Papalexi_IFNg_TNFA,16,diversity,Papalexi,0.6,0.3333333333333333,0.3333333333333333
Papalexi_IFNg_TNFA,16,diversity,Papalexi,0.8,0.3333333333333333,0.3333333333333333
Papalexi_IFNg_TNFA,16,extra_trees,Papalexi,0.6,0.16666666666666666,0.16666666666666666
Papalexi_IFNg_TNFA,16,extra_trees,Papalexi,0.8,0.16666666666666666,0.16666666666666666
Papalexi_IFNg_TNFA,16,gated_random,Papalexi,0.6,0.16666666666666666,0.3333333333333333
Papalexi_IFNg_TNFA,16,gated_random,Papalexi,0.8,0.16666666666666666,0.16666666666666666
Papalexi_IFNg_TNFA,16,old_controller,Papalexi,0.6,0.3333333333333333,0.3333333333333333
Papalexi_IFNg_TNFA,16,old_controller,Papalexi,0.8,0.3333333333333333,0.3333333333333333
Papalexi_IFNg_TNFA,17,random,Papalexi,0.6,0.3333333333333333,0.5
Papalexi_IFNg_TNFA,17,random,Papalexi,0.8,0.3333333333333333,0.3333333333333333
Papalexi_IFNg_TNFA,17,fixed_ridge,Papalexi,0.6,0.16666666666666666,0.16666666666666666
Papalexi_IFNg_TNFA,17,fixed_ridge,Papalexi,0.8,0.16666666666666666,0.16666666666666666
Papalexi_IFNg_TNFA,17,greedy_ridge,Papalexi,0.6,0.16666666666666666,0.16666666666666666
Papalexi_IFNg_TNFA,17,greedy_ridge,Papalexi,0.8,0.16666666666666666,0.16666666666666666
Papalexi_IFNg_TNFA,17,linear_ucb,Papalexi,0.6,0.16666666666666666,0.16666666666666666
Papalexi_IFNg_TNFA,17,linear_ucb,Papalexi,0.8,0.16666666666666666,0.16666666666666666
Papalexi_IFNg_TNFA,17,diversity,Papalexi,0.6,0.16666666666666666,0.3333333333333333
Papalexi_IFNg_TNFA,17,diversity,Papalexi,0.8,0.16666666666666666,0.16666666666666666
Papalexi_IFNg_TNFA,17,extra_trees,Papalexi,0.6,0.16666666666666666,0.16666666666666666
Papalexi_IFNg_TNFA,17,extra_trees,Papalexi,0.8,0.16666666666666666,0.16666666666666666
Papalexi_IFNg_TNFA,17,gated_random,Papalexi,0.6,0.3333333333333333,0.5
Papalexi_IFNg_TNFA,17,gated_random,Papalexi,0.8,0.3333333333333333,0.3333333333333333
Papalexi_IFNg_TNFA,17,old_controller,Papalexi,0.6,0.16666666666666666,0.3333333333333333
Papalexi_IFNg_TNFA,17,old_controller,Papalexi,0.8,0.16666666666666666,0.16666666666666666
Papalexi_IFNg_TNFA,18,random,Papalexi,0.6,0.3333333333333333,0.5
Papalexi_IFNg_TNFA,18,random,Papalexi,0.8,0.3333333333333333,0.3333333333333333
Papalexi_IFNg_TNFA,18,fixed_ridge,Papalexi,0.6,0.3333333333333333,0.3333333333333333
Papalexi_IFNg_TNFA,18,fixed_ridge,Papalexi,0.8,0.3333333333333333,0.3333333333333333
Papalexi_IFNg_TNFA,18,greedy_ridge,Papalexi,0.6,0.3333333333333333,0.3333333333333333
Papalexi_IFNg_TNFA,18,greedy_ridge,Papalexi,0.8,0.3333333333333333,0.3333333333333333
Papalexi_IFNg_TNFA,18,linear_ucb,Papalexi,0.6,0.3333333333333333,0.3333333333333333
Papalexi_IFNg_TNFA,18,linear_ucb,Papalexi,0.8,0.3333333333333333,0.3333333333333333
Papalexi_IFNg_TNFA,18,diversity,Papalexi,0.6,0.3333333333333333,0.5
Papalexi_IFNg_TNFA,18,diversity,Papalexi,0.8,0.3333333333333333,0.3333333333333333
Papalexi_IFNg_TNFA,18,extra_trees,Papalexi,0.6,0.3333333333333333,0.3333333333333333
Papalexi_IFNg_TNFA,18,extra_trees,Papalexi,0.8,0.3333333333333333,0.3333333333333333
Papalexi_IFNg_TNFA,18,gated_random,Papalexi,0.6,0.3333333333333333,0.5
Papalexi_IFNg_TNFA,18,gated_random,Papalexi,0.8,0.3333333333333333,0.3333333333333333
Papalexi_IFNg_TNFA,18,old_controller,Papalexi,0.6,0.3333333333333333,0.5
Papalexi_IFNg_TNFA,18,old_controller,Papalexi,0.8,0.3333333333333333,0.3333333333333333
Papalexi_IFNg_TNFA,19,random,Papalexi,0.6,0.3333333333333333,0.3333333333333333
Papalexi_IFNg_TNFA,19,random,Papalexi,0.8,0.3333333333333333,0.3333333333333333
Papalexi_IFNg_TNFA,19,fixed_ridge,Papalexi,0.6,0.3333333333333333,0.3333333333333333
Papalexi_IFNg_TNFA,19,fixed_ridge,Papalexi,0.8,0.3333333333333333,0.3333333333333333
Papalexi_IFNg_TNFA,19,greedy_ridge,Papalexi,0.6,0.3333333333333333,0.3333333333333333
Papalexi_IFNg_TNFA,19,greedy_ridge,Papalexi,0.8,0.3333333333333333,0.3333333333333333
Papalexi_IFNg_TNFA,19,linear_ucb,Papalexi,0.6,0.3333333333333333,0.3333333333333333
Papalexi_IFNg_TNFA,19,linear_ucb,Papalexi,0.8,0.3333333333333333,0.3333333333333333
Papalexi_IFNg_TNFA,19,diversity,Papalexi,0.6,0.5,0.6666666666666666
Papalexi_IFNg_TNFA,19,diversity,Papalexi,0.8,0.5,0.5
Papalexi_IFNg_TNFA,19,extra_trees,Papalexi,0.6,0.3333333333333333,0.3333333333333333
Papalexi_IFNg_TNFA,19,extra_trees,Papalexi,0.8,0.3333333333333333,0.3333333333333333
Papalexi_IFNg_TNFA,19,gated_random,Papalexi,0.6,0.3333333333333333,0.3333333333333333
Papalexi_IFNg_TNFA,19,gated_random,Papalexi,0.8,0.3333333333333333,0.3333333333333333
Papalexi_IFNg_TNFA,19,old_controller,Papalexi,0.6,0.5,0.6666666666666666
Papalexi_IFNg_TNFA,19,old_controller,Papalexi,0.8,0.5,0.5
Papalexi_IFNg_TNFA,20,random,Papalexi,0.6,0.16666666666666666,0.3333333333333333
Papalexi_IFNg_TNFA,20,random,Papalexi,0.8,0.16666666666666666,0.16666666666666666
Papalexi_IFNg_TNFA,20,fixed_ridge,Papalexi,0.6,0.3333333333333333,0.5
Papalexi_IFNg_TNFA,20,fixed_ridge,Papalexi,0.8,0.3333333333333333,0.3333333333333333
Papalexi_IFNg_TNFA,20,greedy_ridge,Papalexi,0.6,0.3333333333333333,0.5
Papalexi_IFNg_TNFA,20,greedy_ridge,Papalexi,0.8,0.3333333333333333,0.3333333333333333
Papalexi_IFNg_TNFA,20,linear_ucb,Papalexi,0.6,0.16666666666666666,0.5
Papalexi_IFNg_TNFA,20,linear_ucb,Papalexi,0.8,0.16666666666666666,0.16666666666666666
Papalexi_IFNg_TNFA,20,diversity,Papalexi,0.6,0.16666666666666666,0.5
Papalexi_IFNg_TNFA,20,diversity,Papalexi,0.8,0.16666666666666666,0.16666666666666666
Papalexi_IFNg_TNFA,20,extra_trees,Papalexi,0.6,0.16666666666666666,0.3333333333333333
Papalexi_IFNg_TNFA,20,extra_trees,Papalexi,0.8,0.16666666666666666,0.16666666666666666
Papalexi_IFNg_TNFA,20,gated_random,Papalexi,0.6,0.16666666666666666,0.3333333333333333
Papalexi_IFNg_TNFA,20,gated_random,Papalexi,0.8,0.16666666666666666,0.16666666666666666
Papalexi_IFNg_TNFA,20,old_controller,Papalexi,0.6,0.16666666666666666,0.5
Papalexi_IFNg_TNFA,20,old_controller,Papalexi,0.8,0.16666666666666666,0.16666666666666666
Papalexi_IFNg_TNFA,21,random,Papalexi,0.6,0.0,0.0
Papalexi_IFNg_TNFA,21,random,Papalexi,0.8,0.0,0.0
Papalexi_IFNg_TNFA,21,fixed_ridge,Papalexi,0.6,0.0,0.16666666666666666
Papalexi_IFNg_TNFA,21,fixed_ridge,Papalexi,0.8,0.0,0.0
Papalexi_IFNg_TNFA,21,greedy_ridge,Papalexi,0.6,0.0,0.16666666666666666
Papalexi_IFNg_TNFA,21,greedy_ridge,Papalexi,0.8,0.0,0.0
Papalexi_IFNg_TNFA,21,linear_ucb,Papalexi,0.6,0.16666666666666666,0.3333333333333333
Papalexi_IFNg_TNFA,21,linear_ucb,Papalexi,0.8,0.16666666666666666,0.16666666666666666
Papalexi_IFNg_TNFA,21,diversity,Papalexi,0.6,0.3333333333333333,0.5
Papalexi_IFNg_TNFA,21,diversity,Papalexi,0.8,0.3333333333333333,0.3333333333333333
Papalexi_IFNg_TNFA,21,extra_trees,Papalexi,0.6,0.0,0.0
Papalexi_IFNg_TNFA,21,extra_trees,Papalexi,0.8,0.0,0.0
Papalexi_IFNg_TNFA,21,gated_random,Papalexi,0.6,0.0,0.0
Papalexi_IFNg_TNFA,21,gated_random,Papalexi,0.8,0.0,0.0
Papalexi_IFNg_TNFA,21,old_controller,Papalexi,0.6,0.3333333333333333,0.5
Papalexi_IFNg_TNFA,21,old_controller,Papalexi,0.8,0.3333333333333333,0.3333333333333333
Papalexi_IFNg_TNFA,22,random,Papalexi,0.6,0.16666666666666666,0.5
Papalexi_IFNg_TNFA,22,random,Papalexi,0.8,0.16666666666666666,0.16666666666666666
Papalexi_IFNg_TNFA,22,fixed_ridge,Papalexi,0.6,0.16666666666666666,0.3333333333333333
Papalexi_IFNg_TNFA,22,fixed_ridge,Papalexi,0.8,0.16666666666666666,0.16666666666666666
Papalexi_IFNg_TNFA,22,greedy_ridge,Papalexi,0.6,0.16666666666666666,0.3333333333333333
Papalexi_IFNg_TNFA,22,greedy_ridge,Papalexi,0.8,0.16666666666666666,0.16666666666666666
Papalexi_IFNg_TNFA,22,linear_ucb,Papalexi,0.6,0.3333333333333333,0.5
Papalexi_IFNg_TNFA,22,linear_ucb,Papalexi,0.8,0.3333333333333333,0.3333333333333333
Papalexi_IFNg_TNFA,22,diversity,Papalexi,0.6,0.3333333333333333,0.6666666666666666
Papalexi_IFNg_TNFA,22,diversity,Papalexi,0.8,0.3333333333333333,0.3333333333333333
Papalexi_IFNg_TNFA,22,extra_trees,Papalexi,0.6,0.16666666666666666,0.3333333333333333
Papalexi_IFNg_TNFA,22,extra_trees,Papalexi,0.8,0.16666666666666666,0.16666666666666666
Papalexi_IFNg_TNFA,22,gated_random,Papalexi,0.6,0.16666666666666666,0.5
Papalexi_IFNg_TNFA,22,gated_random,Papalexi,0.8,0.16666666666666666,0.16666666666666666
Papalexi_IFNg_TNFA,22,old_controller,Papalexi,0.6,0.3333333333333333,0.6666666666666666
Papalexi_IFNg_TNFA,22,old_controller,Papalexi,0.8,0.3333333333333333,0.3333333333333333
Papalexi_IFNg_TNFA,23,random,Papalexi,0.6,0.0,0.0
Papalexi_IFNg_TNFA,23,random,Papalexi,0.8,0.0,0.0
Papalexi_IFNg_TNFA,23,fixed_ridge,Papalexi,0.6,0.16666666666666666,0.16666666666666666
Papalexi_IFNg_TNFA,23,fixed_ridge,Papalexi,0.8,0.16666666666666666,0.16666666666666666
Papalexi_IFNg_TNFA,23,greedy_ridge,Papalexi,0.6,0.16666666666666666,0.16666666666666666
Papalexi_IFNg_TNFA,23,greedy_ridge,Papalexi,0.8,0.16666666666666666,0.16666666666666666
Papalexi_IFNg_TNFA,23,linear_ucb,Papalexi,0.6,0.16666666666666666,0.16666666666666666
Papalexi_IFNg_TNFA,23,linear_ucb,Papalexi,0.8,0.16666666666666666,0.16666666666666666
Papalexi_IFNg_TNFA,23,diversity,Papalexi,0.6,0.16666666666666666,0.3333333333333333
Papalexi_IFNg_TNFA,23,diversity,Papalexi,0.8,0.16666666666666666,0.16666666666666666
Papalexi_IFNg_TNFA,23,extra_trees,Papalexi,0.6,0.0,0.0
Papalexi_IFNg_TNFA,23,extra_trees,Papalexi,0.8,0.0,0.0
Papalexi_IFNg_TNFA,23,gated_random,Papalexi,0.6,0.0,0.0
Papalexi_IFNg_TNFA,23,gated_random,Papalexi,0.8,0.0,0.0
Papalexi_IFNg_TNFA,23,old_controller,Papalexi,0.6,0.16666666666666666,0.3333333333333333
Papalexi_IFNg_TNFA,23,old_controller,Papalexi,0.8,0.16666666666666666,0.16666666666666666
Papalexi_IFNg_TNFA,24,random,Papalexi,0.6,0.3333333333333333,0.3333333333333333
Papalexi_IFNg_TNFA,24,random,Papalexi,0.8,0.3333333333333333,0.3333333333333333
Papalexi_IFNg_TNFA,24,fixed_ridge,Papalexi,0.6,0.3333333333333333,0.3333333333333333
Papalexi_IFNg_TNFA,24,fixed_ridge,Papalexi,0.8,0.3333333333333333,0.3333333333333333
Papalexi_IFNg_TNFA,24,greedy_ridge,Papalexi,0.6,0.3333333333333333,0.3333333333333333
Papalexi_IFNg_TNFA,24,greedy_ridge,Papalexi,0.8,0.3333333333333333,0.3333333333333333
Papalexi_IFNg_TNFA,24,linear_ucb,Papalexi,0.6,0.3333333333333333,0.3333333333333333
Papalexi_IFNg_TNFA,24,linear_ucb,Papalexi,0.8,0.3333333333333333,0.3333333333333333
Papalexi_IFNg_TNFA,24,diversity,Papalexi,0.6,0.3333333333333333,0.5
Papalexi_IFNg_TNFA,24,diversity,Papalexi,0.8,0.3333333333333333,0.3333333333333333
Papalexi_IFNg_TNFA,24,extra_trees,Papalexi,0.6,0.3333333333333333,0.3333333333333333
Papalexi_IFNg_TNFA,24,extra_trees,Papalexi,0.8,0.3333333333333333,0.3333333333333333
Papalexi_IFNg_TNFA,24,gated_random,Papalexi,0.6,0.3333333333333333,0.3333333333333333
Papalexi_IFNg_TNFA,24,gated_random,Papalexi,0.8,0.3333333333333333,0.3333333333333333
Papalexi_IFNg_TNFA,24,old_controller,Papalexi,0.6,0.3333333333333333,0.5
Papalexi_IFNg_TNFA,24,old_controller,Papalexi,0.8,0.3333333333333333,0.3333333333333333
Papalexi_IFNg_TNFA,25,random,Papalexi,0.6,0.0,0.16666666666666666
Papalexi_IFNg_TNFA,25,random,Papalexi,0.8,0.0,0.0
Papalexi_IFNg_TNFA,25,fixed_ridge,Papalexi,0.6,0.3333333333333333,0.5
Papalexi_IFNg_TNFA,25,fixed_ridge,Papalexi,0.8,0.3333333333333333,0.3333333333333333
Papalexi_IFNg_TNFA,25,greedy_ridge,Papalexi,0.6,0.3333333333333333,0.5
Papalexi_IFNg_TNFA,25,greedy_ridge,Papalexi,0.8,0.3333333333333333,0.3333333333333333
Papalexi_IFNg_TNFA,25,linear_ucb,Papalexi,0.6,0.3333333333333333,0.5
Papalexi_IFNg_TNFA,25,linear_ucb,Papalexi,0.8,0.3333333333333333,0.3333333333333333
Papalexi_IFNg_TNFA,25,diversity,Papalexi,0.6,0.3333333333333333,0.3333333333333333
Papalexi_IFNg_TNFA,25,diversity,Papalexi,0.8,0.3333333333333333,0.3333333333333333
Papalexi_IFNg_TNFA,25,extra_trees,Papalexi,0.6,0.0,0.0
Papalexi_IFNg_TNFA,25,extra_trees,Papalexi,0.8,0.0,0.0
Papalexi_IFNg_TNFA,25,gated_random,Papalexi,0.6,0.0,0.16666666666666666
Papalexi_IFNg_TNFA,25,gated_random,Papalexi,0.8,0.0,0.0
Papalexi_IFNg_TNFA,25,old_controller,Papalexi,0.6,0.3333333333333333,0.3333333333333333
Papalexi_IFNg_TNFA,25,old_controller,Papalexi,0.8,0.3333333333333333,0.3333333333333333
Papalexi_IFNg_TNFA,26,random,Papalexi,0.6,0.5,0.5
Papalexi_IFNg_TNFA,26,random,Papalexi,0.8,0.5,0.5
Papalexi_IFNg_TNFA,26,fixed_ridge,Papalexi,0.6,0.3333333333333333,0.3333333333333333
Papalexi_IFNg_TNFA,26,fixed_ridge,Papalexi,0.8,0.3333333333333333,0.3333333333333333
Papalexi_IFNg_TNFA,26,greedy_ridge,Papalexi,0.6,0.3333333333333333,0.3333333333333333
Papalexi_IFNg_TNFA,26,greedy_ridge,Papalexi,0.8,0.3333333333333333,0.3333333333333333
Papalexi_IFNg_TNFA,26,linear_ucb,Papalexi,0.6,0.3333333333333333,0.3333333333333333
Papalexi_IFNg_TNFA,26,linear_ucb,Papalexi,0.8,0.3333333333333333,0.3333333333333333
Papalexi_IFNg_TNFA,26,diversity,Papalexi,0.6,0.5,0.5
Papalexi_IFNg_TNFA,26,diversity,Papalexi,0.8,0.5,0.5
Papalexi_IFNg_TNFA,26,extra_trees,Papalexi,0.6,0.3333333333333333,0.3333333333333333
Papalexi_IFNg_TNFA,26,extra_trees,Papalexi,0.8,0.3333333333333333,0.3333333333333333
Papalexi_IFNg_TNFA,26,gated_random,Papalexi,0.6,0.5,0.5
Papalexi_IFNg_TNFA,26,gated_random,Papalexi,0.8,0.5,0.5
Papalexi_IFNg_TNFA,26,old_controller,Papalexi,0.6,0.5,0.5
Papalexi_IFNg_TNFA,26,old_controller,Papalexi,0.8,0.5,0.5
Papalexi_IFNg_TNFA,27,random,Papalexi,0.6,0.16666666666666666,0.3333333333333333
Papalexi_IFNg_TNFA,27,random,Papalexi,0.8,0.16666666666666666,0.16666666666666666
Papalexi_IFNg_TNFA,27,fixed_ridge,Papalexi,0.6,0.3333333333333333,0.3333333333333333
Papalexi_IFNg_TNFA,27,fixed_ridge,Papalexi,0.8,0.3333333333333333,0.3333333333333333
Papalexi_IFNg_TNFA,27,greedy_ridge,Papalexi,0.6,0.3333333333333333,0.3333333333333333
Papalexi_IFNg_TNFA,27,greedy_ridge,Papalexi,0.8,0.3333333333333333,0.3333333333333333
Papalexi_IFNg_TNFA,27,linear_ucb,Papalexi,0.6,0.3333333333333333,0.5
Papalexi_IFNg_TNFA,27,linear_ucb,Papalexi,0.8,0.3333333333333333,0.3333333333333333
Papalexi_IFNg_TNFA,27,diversity,Papalexi,0.6,0.16666666666666666,0.3333333333333333
Papalexi_IFNg_TNFA,27,diversity,Papalexi,0.8,0.16666666666666666,0.16666666666666666
Papalexi_IFNg_TNFA,27,extra_trees,Papalexi,0.6,0.0,0.0
Papalexi_IFNg_TNFA,27,extra_trees,Papalexi,0.8,0.0,0.0
Papalexi_IFNg_TNFA,27,gated_random,Papalexi,0.6,0.16666666666666666,0.3333333333333333
Papalexi_IFNg_TNFA,27,gated_random,Papalexi,0.8,0.16666666666666666,0.16666666666666666
Papalexi_IFNg_TNFA,27,old_controller,Papalexi,0.6,0.16666666666666666,0.3333333333333333
Papalexi_IFNg_TNFA,27,old_controller,Papalexi,0.8,0.16666666666666666,0.16666666666666666
Papalexi_IFNg_TNFA,28,random,Papalexi,0.6,0.16666666666666666,0.3333333333333333
Papalexi_IFNg_TNFA,28,random,Papalexi,0.8,0.16666666666666666,0.16666666666666666
Papalexi_IFNg_TNFA,28,fixed_ridge,Papalexi,0.6,0.3333333333333333,0.3333333333333333
Papalexi_IFNg_TNFA,28,fixed_ridge,Papalexi,0.8,0.3333333333333333,0.3333333333333333
Papalexi_IFNg_TNFA,28,greedy_ridge,Papalexi,0.6,0.3333333333333333,0.3333333333333333
Papalexi_IFNg_TNFA,28,greedy_ridge,Papalexi,0.8,0.3333333333333333,0.3333333333333333
Papalexi_IFNg_TNFA,28,linear_ucb,Papalexi,0.6,0.3333333333333333,0.3333333333333333
Papalexi_IFNg_TNFA,28,linear_ucb,Papalexi,0.8,0.3333333333333333,0.3333333333333333
Papalexi_IFNg_TNFA,28,diversity,Papalexi,0.6,0.16666666666666666,0.3333333333333333
Papalexi_IFNg_TNFA,28,diversity,Papalexi,0.8,0.16666666666666666,0.16666666666666666
Papalexi_IFNg_TNFA,28,extra_trees,Papalexi,0.6,0.16666666666666666,0.16666666666666666
Papalexi_IFNg_TNFA,28,extra_trees,Papalexi,0.8,0.16666666666666666,0.16666666666666666
Papalexi_IFNg_TNFA,28,gated_random,Papalexi,0.6,0.16666666666666666,0.3333333333333333
Papalexi_IFNg_TNFA,28,gated_random,Papalexi,0.8,0.16666666666666666,0.16666666666666666
Papalexi_IFNg_TNFA,28,old_controller,Papalexi,0.6,0.16666666666666666,0.3333333333333333
Papalexi_IFNg_TNFA,28,old_controller,Papalexi,0.8,0.16666666666666666,0.16666666666666666
Papalexi_IFNg_TNFA,29,random,Papalexi,0.6,0.3333333333333333,0.3333333333333333
Papalexi_IFNg_TNFA,29,random,Papalexi,0.8,0.3333333333333333,0.3333333333333333
Papalexi_IFNg_TNFA,29,fixed_ridge,Papalexi,0.6,0.3333333333333333,0.3333333333333333
Papalexi_IFNg_TNFA,29,fixed_ridge,Papalexi,0.8,0.3333333333333333,0.3333333333333333
Papalexi_IFNg_TNFA,29,greedy_ridge,Papalexi,0.6,0.3333333333333333,0.3333333333333333
Papalexi_IFNg_TNFA,29,greedy_ridge,Papalexi,0.8,0.3333333333333333,0.3333333333333333
Papalexi_IFNg_TNFA,29,linear_ucb,Papalexi,0.6,0.3333333333333333,0.3333333333333333
Papalexi_IFNg_TNFA,29,linear_ucb,Papalexi,0.8,0.3333333333333333,0.3333333333333333
Papalexi_IFNg_TNFA,29,diversity,Papalexi,0.6,0.16666666666666666,0.16666666666666666
Papalexi_IFNg_TNFA,29,diversity,Papalexi,0.8,0.16666666666666666,0.16666666666666666
Papalexi_IFNg_TNFA,29,extra_trees,Papalexi,0.6,0.0,0.0
Papalexi_IFNg_TNFA,29,extra_trees,Papalexi,0.8,0.0,0.0
Papalexi_IFNg_TNFA,29,gated_random,Papalexi,0.6,0.3333333333333333,0.3333333333333333
Papalexi_IFNg_TNFA,29,gated_random,Papalexi,0.8,0.3333333333333333,0.3333333333333333
Papalexi_IFNg_TNFA,29,old_controller,Papalexi,0.6,0.16666666666666666,0.16666666666666666
Papalexi_IFNg_TNFA,29,old_controller,Papalexi,0.8,0.16666666666666666,0.16666666666666666
Papalexi_IFNg_IL2STAT5,0,random,Papalexi,0.6,0.3333333333333333,0.3333333333333333
Papalexi_IFNg_IL2STAT5,0,random,Papalexi,0.8,0.16666666666666666,0.16666666666666666
Papalexi_IFNg_IL2STAT5,0,fixed_ridge,Papalexi,0.6,0.5,0.5
Papalexi_IFNg_IL2STAT5,0,fixed_ridge,Papalexi,0.8,0.5,0.5
Papalexi_IFNg_IL2STAT5,0,greedy_ridge,Papalexi,0.6,0.5,0.5
Papalexi_IFNg_IL2STAT5,0,greedy_ridge,Papalexi,0.8,0.5,0.5
Papalexi_IFNg_IL2STAT5,0,linear_ucb,Papalexi,0.6,0.5,0.5
Papalexi_IFNg_IL2STAT5,0,linear_ucb,Papalexi,0.8,0.5,0.5
Papalexi_IFNg_IL2STAT5,0,diversity,Papalexi,0.6,0.3333333333333333,0.3333333333333333
Papalexi_IFNg_IL2STAT5,0,diversity,Papalexi,0.8,0.3333333333333333,0.3333333333333333
Papalexi_IFNg_IL2STAT5,0,extra_trees,Papalexi,0.6,0.3333333333333333,0.3333333333333333
Papalexi_IFNg_IL2STAT5,0,extra_trees,Papalexi,0.8,0.3333333333333333,0.3333333333333333
Papalexi_IFNg_IL2STAT5,0,gated_random,Papalexi,0.6,0.3333333333333333,0.3333333333333333
Papalexi_IFNg_IL2STAT5,0,gated_random,Papalexi,0.8,0.16666666666666666,0.16666666666666666
Papalexi_IFNg_IL2STAT5,0,old_controller,Papalexi,0.6,0.3333333333333333,0.3333333333333333
Papalexi_IFNg_IL2STAT5,0,old_controller,Papalexi,0.8,0.3333333333333333,0.3333333333333333
Papalexi_IFNg_IL2STAT5,1,random,Papalexi,0.6,0.16666666666666666,0.16666666666666666
Papalexi_IFNg_IL2STAT5,1,random,Papalexi,0.8,0.16666666666666666,0.16666666666666666
Papalexi_IFNg_IL2STAT5,1,fixed_ridge,Papalexi,0.6,0.3333333333333333,0.3333333333333333
Papalexi_IFNg_IL2STAT5,1,fixed_ridge,Papalexi,0.8,0.3333333333333333,0.3333333333333333
Papalexi_IFNg_IL2STAT5,1,greedy_ridge,Papalexi,0.6,0.3333333333333333,0.3333333333333333
Papalexi_IFNg_IL2STAT5,1,greedy_ridge,Papalexi,0.8,0.3333333333333333,0.3333333333333333
Papalexi_IFNg_IL2STAT5,1,linear_ucb,Papalexi,0.6,0.3333333333333333,0.3333333333333333
Papalexi_IFNg_IL2STAT5,1,linear_ucb,Papalexi,0.8,0.3333333333333333,0.3333333333333333
Papalexi_IFNg_IL2STAT5,1,diversity,Papalexi,0.6,0.3333333333333333,0.3333333333333333
Papalexi_IFNg_IL2STAT5,1,diversity,Papalexi,0.8,0.3333333333333333,0.3333333333333333
Papalexi_IFNg_IL2STAT5,1,extra_trees,Papalexi,0.6,0.3333333333333333,0.3333333333333333
Papalexi_IFNg_IL2STAT5,1,extra_trees,Papalexi,0.8,0.3333333333333333,0.3333333333333333
Papalexi_IFNg_IL2STAT5,1,gated_random,Papalexi,0.6,0.16666666666666666,0.16666666666666666
Papalexi_IFNg_IL2STAT5,1,gated_random,Papalexi,0.8,0.16666666666666666,0.16666666666666666
Papalexi_IFNg_IL2STAT5,1,old_controller,Papalexi,0.6,0.3333333333333333,0.3333333333333333
Papalexi_IFNg_IL2STAT5,1,old_controller,Papalexi,0.8,0.3333333333333333,0.3333333333333333
Papalexi_IFNg_IL2STAT5,2,random,Papalexi,0.6,0.16666666666666666,0.3333333333333333
Papalexi_IFNg_IL2STAT5,2,random,Papalexi,0.8,0.16666666666666666,0.16666666666666666
Papalexi_IFNg_IL2STAT5,2,fixed_ridge,Papalexi,0.6,0.3333333333333333,0.3333333333333333
Papalexi_IFNg_IL2STAT5,2,fixed_ridge,Papalexi,0.8,0.3333333333333333,0.3333333333333333
Papalexi_IFNg_IL2STAT5,2,greedy_ridge,Papalexi,0.6,0.3333333333333333,0.3333333333333333
Papalexi_IFNg_IL2STAT5,2,greedy_ridge,Papalexi,0.8,0.3333333333333333,0.3333333333333333
Papalexi_IFNg_IL2STAT5,2,linear_ucb,Papalexi,0.6,0.3333333333333333,0.3333333333333333
Papalexi_IFNg_IL2STAT5,2,linear_ucb,Papalexi,0.8,0.3333333333333333,0.3333333333333333
Papalexi_IFNg_IL2STAT5,2,diversity,Papalexi,0.6,0.3333333333333333,0.3333333333333333
Papalexi_IFNg_IL2STAT5,2,diversity,Papalexi,0.8,0.3333333333333333,0.3333333333333333
Papalexi_IFNg_IL2STAT5,2,extra_trees,Papalexi,0.6,0.16666666666666666,0.16666666666666666
Papalexi_IFNg_IL2STAT5,2,extra_trees,Papalexi,0.8,0.16666666666666666,0.16666666666666666
Papalexi_IFNg_IL2STAT5,2,gated_random,Papalexi,0.6,0.16666666666666666,0.3333333333333333
Papalexi_IFNg_IL2STAT5,2,gated_random,Papalexi,0.8,0.16666666666666666,0.16666666666666666
Papalexi_IFNg_IL2STAT5,2,old_controller,Papalexi,0.6,0.3333333333333333,0.3333333333333333
Papalexi_IFNg_IL2STAT5,2,old_controller,Papalexi,0.8,0.3333333333333333,0.3333333333333333
Papalexi_IFNg_IL2STAT5,3,random,Papalexi,0.6,0.5,0.3333333333333333
Papalexi_IFNg_IL2STAT5,3,random,Papalexi,0.8,0.3333333333333333,0.3333333333333333
Papalexi_IFNg_IL2STAT5,3,fixed_ridge,Papalexi,0.6,0.16666666666666666,0.16666666666666666
Papalexi_IFNg_IL2STAT5,3,fixed_ridge,Papalexi,0.8,0.16666666666666666,0.16666666666666666
Papalexi_IFNg_IL2STAT5,3,greedy_ridge,Papalexi,0.6,0.16666666666666666,0.16666666666666666
Papalexi_IFNg_IL2STAT5,3,greedy_ridge,Papalexi,0.8,0.16666666666666666,0.16666666666666666
Papalexi_IFNg_IL2STAT5,3,linear_ucb,Papalexi,0.6,0.3333333333333333,0.3333333333333333
Papalexi_IFNg_IL2STAT5,3,linear_ucb,Papalexi,0.8,0.3333333333333333,0.3333333333333333
Papalexi_IFNg_IL2STAT5,3,diversity,Papalexi,0.6,0.5,0.5
Papalexi_IFNg_IL2STAT5,3,diversity,Papalexi,0.8,0.5,0.5
Papalexi_IFNg_IL2STAT5,3,extra_trees,Papalexi,0.6,0.16666666666666666,0.16666666666666666
Papalexi_IFNg_IL2STAT5,3,extra_trees,Papalexi,0.8,0.16666666666666666,0.16666666666666666
Papalexi_IFNg_IL2STAT5,3,gated_random,Papalexi,0.6,0.5,0.3333333333333333
Papalexi_IFNg_IL2STAT5,3,gated_random,Papalexi,0.8,0.3333333333333333,0.3333333333333333
Papalexi_IFNg_IL2STAT5,3,old_controller,Papalexi,0.6,0.5,0.5
Papalexi_IFNg_IL2STAT5,3,old_controller,Papalexi,0.8,0.5,0.5
Papalexi_IFNg_IL2STAT5,4,random,Papalexi,0.6,0.3333333333333333,0.5
Papalexi_IFNg_IL2STAT5,4,random,Papalexi,0.8,0.3333333333333333,0.3333333333333333
Papalexi_IFNg_IL2STAT5,4,fixed_ridge,Papalexi,0.6,0.16666666666666666,0.3333333333333333
Papalexi_IFNg_IL2STAT5,4,fixed_ridge,Papalexi,0.8,0.16666666666666666,0.16666666666666666
Papalexi_IFNg_IL2STAT5,4,greedy_ridge,Papalexi,0.6,0.16666666666666666,0.3333333333333333
Papalexi_IFNg_IL2STAT5,4,greedy_ridge,Papalexi,0.8,0.16666666666666666,0.16666666666666666
Papalexi_IFNg_IL2STAT5,4,linear_ucb,Papalexi,0.6,0.16666666666666666,0.3333333333333333
Papalexi_IFNg_IL2STAT5,4,linear_ucb,Papalexi,0.8,0.16666666666666666,0.16666666666666666
Papalexi_IFNg_IL2STAT5,4,diversity,Papalexi,0.6,0.16666666666666666,0.3333333333333333
Papalexi_IFNg_IL2STAT5,4,diversity,Papalexi,0.8,0.16666666666666666,0.16666666666666666
Papalexi_IFNg_IL2STAT5,4,extra_trees,Papalexi,0.6,0.16666666666666666,0.3333333333333333
Papalexi_IFNg_IL2STAT5,4,extra_trees,Papalexi,0.8,0.16666666666666666,0.16666666666666666
Papalexi_IFNg_IL2STAT5,4,gated_random,Papalexi,0.6,0.3333333333333333,0.5
Papalexi_IFNg_IL2STAT5,4,gated_random,Papalexi,0.8,0.3333333333333333,0.3333333333333333
Papalexi_IFNg_IL2STAT5,4,old_controller,Papalexi,0.6,0.16666666666666666,0.3333333333333333
Papalexi_IFNg_IL2STAT5,4,old_controller,Papalexi,0.8,0.16666666666666666,0.16666666666666666
Papalexi_IFNg_IL2STAT5,5,random,Papalexi,0.6,0.16666666666666666,0.16666666666666666
Papalexi_IFNg_IL2STAT5,5,random,Papalexi,0.8,0.16666666666666666,0.16666666666666666
Papalexi_IFNg_IL2STAT5,5,fixed_ridge,Papalexi,0.6,0.3333333333333333,0.3333333333333333
Papalexi_IFNg_IL2STAT5,5,fixed_ridge,Papalexi,0.8,0.3333333333333333,0.3333333333333333
Papalexi_IFNg_IL2STAT5,5,greedy_ridge,Papalexi,0.6,0.3333333333333333,0.3333333333333333
Papalexi_IFNg_IL2STAT5,5,greedy_ridge,Papalexi,0.8,0.3333333333333333,0.3333333333333333
Papalexi_IFNg_IL2STAT5,5,linear_ucb,Papalexi,0.6,0.3333333333333333,0.3333333333333333
Papalexi_IFNg_IL2STAT5,5,linear_ucb,Papalexi,0.8,0.3333333333333333,0.3333333333333333
Papalexi_IFNg_IL2STAT5,5,diversity,Papalexi,0.6,0.3333333333333333,0.3333333333333333
Papalexi_IFNg_IL2STAT5,5,diversity,Papalexi,0.8,0.16666666666666666,0.16666666666666666
Papalexi_IFNg_IL2STAT5,5,extra_trees,Papalexi,0.6,0.3333333333333333,0.3333333333333333
Papalexi_IFNg_IL2STAT5,5,extra_trees,Papalexi,0.8,0.3333333333333333,0.3333333333333333
Papalexi_IFNg_IL2STAT5,5,gated_random,Papalexi,0.6,0.16666666666666666,0.16666666666666666
Papalexi_IFNg_IL2STAT5,5,gated_random,Papalexi,0.8,0.16666666666666666,0.16666666666666666
Papalexi_IFNg_IL2STAT5,5,old_controller,Papalexi,0.6,0.3333333333333333,0.3333333333333333
Papalexi_IFNg_IL2STAT5,5,old_controller,Papalexi,0.8,0.16666666666666666,0.16666666666666666
Papalexi_IFNg_IL2STAT5,6,random,Papalexi,0.6,0.16666666666666666,0.16666666666666666
Papalexi_IFNg_IL2STAT5,6,random,Papalexi,0.8,0.16666666666666666,0.16666666666666666
Papalexi_IFNg_IL2STAT5,6,fixed_ridge,Papalexi,0.6,0.3333333333333333,0.16666666666666666
Papalexi_IFNg_IL2STAT5,6,fixed_ridge,Papalexi,0.8,0.16666666666666666,0.16666666666666666
Papalexi_IFNg_IL2STAT5,6,greedy_ridge,Papalexi,0.6,0.3333333333333333,0.16666666666666666
Papalexi_IFNg_IL2STAT5,6,greedy_ridge,Papalexi,0.8,0.16666666666666666,0.16666666666666666
Papalexi_IFNg_IL2STAT5,6,linear_ucb,Papalexi,0.6,0.3333333333333333,0.16666666666666666
Papalexi_IFNg_IL2STAT5,6,linear_ucb,Papalexi,0.8,0.16666666666666666,0.16666666666666666
Papalexi_IFNg_IL2STAT5,6,diversity,Papalexi,0.6,0.3333333333333333,0.5
Papalexi_IFNg_IL2STAT5,6,diversity,Papalexi,0.8,0.3333333333333333,0.3333333333333333
Papalexi_IFNg_IL2STAT5,6,extra_trees,Papalexi,0.6,0.3333333333333333,0.3333333333333333
Papalexi_IFNg_IL2STAT5,6,extra_trees,Papalexi,0.8,0.3333333333333333,0.3333333333333333
Papalexi_IFNg_IL2STAT5,6,gated_random,Papalexi,0.6,0.16666666666666666,0.16666666666666666
Papalexi_IFNg_IL2STAT5,6,gated_random,Papalexi,0.8,0.16666666666666666,0.16666666666666666
Papalexi_IFNg_IL2STAT5,6,old_controller,Papalexi,0.6,0.3333333333333333,0.5
Papalexi_IFNg_IL2STAT5,6,old_controller,Papalexi,0.8,0.3333333333333333,0.3333333333333333
Papalexi_IFNg_IL2STAT5,7,random,Papalexi,0.6,0.3333333333333333,0.3333333333333333
Papalexi_IFNg_IL2STAT5,7,random,Papalexi,0.8,0.16666666666666666,0.16666666666666666
Papalexi_IFNg_IL2STAT5,7,fixed_ridge,Papalexi,0.6,0.3333333333333333,0.3333333333333333
Papalexi_IFNg_IL2STAT5,7,fixed_ridge,Papalexi,0.8,0.16666666666666666,0.16666666666666666
Papalexi_IFNg_IL2STAT5,7,greedy_ridge,Papalexi,0.6,0.3333333333333333,0.3333333333333333
Papalexi_IFNg_IL2STAT5,7,greedy_ridge,Papalexi,0.8,0.16666666666666666,0.16666666666666666
Papalexi_IFNg_IL2STAT5,7,linear_ucb,Papalexi,0.6,0.3333333333333333,0.3333333333333333
Papalexi_IFNg_IL2STAT5,7,linear_ucb,Papalexi,0.8,0.16666666666666666,0.16666666666666666
Papalexi_IFNg_IL2STAT5,7,diversity,Papalexi,0.6,0.3333333333333333,0.16666666666666666
Papalexi_IFNg_IL2STAT5,7,diversity,Papalexi,0.8,0.16666666666666666,0.16666666666666666
Papalexi_IFNg_IL2STAT5,7,extra_trees,Papalexi,0.6,0.3333333333333333,0.16666666666666666
Papalexi_IFNg_IL2STAT5,7,extra_trees,Papalexi,0.8,0.16666666666666666,0.16666666666666666
Papalexi_IFNg_IL2STAT5,7,gated_random,Papalexi,0.6,0.3333333333333333,0.3333333333333333
Papalexi_IFNg_IL2STAT5,7,gated_random,Papalexi,0.8,0.16666666666666666,0.16666666666666666
Papalexi_IFNg_IL2STAT5,7,old_controller,Papalexi,0.6,0.3333333333333333,0.16666666666666666
Papalexi_IFNg_IL2STAT5,7,old_controller,Papalexi,0.8,0.16666666666666666,0.16666666666666666
Papalexi_IFNg_IL2STAT5,8,random,Papalexi,0.6,0.0,0.0
Papalexi_IFNg_IL2STAT5,8,random,Papalexi,0.8,0.0,0.0
Papalexi_IFNg_IL2STAT5,8,fixed_ridge,Papalexi,0.6,0.16666666666666666,0.16666666666666666
Papalexi_IFNg_IL2STAT5,8,fixed_ridge,Papalexi,0.8,0.16666666666666666,0.16666666666666666
Papalexi_IFNg_IL2STAT5,8,greedy_ridge,Papalexi,0.6,0.16666666666666666,0.16666666666666666
Papalexi_IFNg_IL2STAT5,8,greedy_ridge,Papalexi,0.8,0.16666666666666666,0.16666666666666666
Papalexi_IFNg_IL2STAT5,8,linear_ucb,Papalexi,0.6,0.3333333333333333,0.5
Papalexi_IFNg_IL2STAT5,8,linear_ucb,Papalexi,0.8,0.3333333333333333,0.3333333333333333
Papalexi_IFNg_IL2STAT5,8,diversity,Papalexi,0.6,0.16666666666666666,0.3333333333333333
Papalexi_IFNg_IL2STAT5,8,diversity,Papalexi,0.8,0.16666666666666666,0.16666666666666666
Papalexi_IFNg_IL2STAT5,8,extra_trees,Papalexi,0.6,0.16666666666666666,0.16666666666666666
Papalexi_IFNg_IL2STAT5,8,extra_trees,Papalexi,0.8,0.16666666666666666,0.16666666666666666
Papalexi_IFNg_IL2STAT5,8,gated_random,Papalexi,0.6,0.0,0.0
Papalexi_IFNg_IL2STAT5,8,gated_random,Papalexi,0.8,0.0,0.0
Papalexi_IFNg_IL2STAT5,8,old_controller,Papalexi,0.6,0.16666666666666666,0.3333333333333333
Papalexi_IFNg_IL2STAT5,8,old_controller,Papalexi,0.8,0.16666666666666666,0.16666666666666666
Papalexi_IFNg_IL2STAT5,9,random,Papalexi,0.6,0.5,0.3333333333333333
Papalexi_IFNg_IL2STAT5,9,random,Papalexi,0.8,0.3333333333333333,0.3333333333333333
Papalexi_IFNg_IL2STAT5,9,fixed_ridge,Papalexi,0.6,0.3333333333333333,0.16666666666666666
Papalexi_IFNg_IL2STAT5,9,fixed_ridge,Papalexi,0.8,0.16666666666666666,0.16666666666666666
Papalexi_IFNg_IL2STAT5,9,greedy_ridge,Papalexi,0.6,0.3333333333333333,0.16666666666666666
Papalexi_IFNg_IL2STAT5,9,greedy_ridge,Papalexi,0.8,0.16666666666666666,0.16666666666666666
Papalexi_IFNg_IL2STAT5,9,linear_ucb,Papalexi,0.6,0.5,0.3333333333333333
Papalexi_IFNg_IL2STAT5,9,linear_ucb,Papalexi,0.8,0.3333333333333333,0.3333333333333333
Papalexi_IFNg_IL2STAT5,9,diversity,Papalexi,0.6,0.5,0.3333333333333333
Papalexi_IFNg_IL2STAT5,9,diversity,Papalexi,0.8,0.3333333333333333,0.3333333333333333
Papalexi_IFNg_IL2STAT5,9,extra_trees,Papalexi,0.6,0.5,0.3333333333333333
Papalexi_IFNg_IL2STAT5,9,extra_trees,Papalexi,0.8,0.3333333333333333,0.3333333333333333
Papalexi_IFNg_IL2STAT5,9,gated_random,Papalexi,0.6,0.5,0.3333333333333333
Papalexi_IFNg_IL2STAT5,9,gated_random,Papalexi,0.8,0.3333333333333333,0.3333333333333333
Papalexi_IFNg_IL2STAT5,9,old_controller,Papalexi,0.6,0.5,0.3333333333333333
Papalexi_IFNg_IL2STAT5,9,old_controller,Papalexi,0.8,0.3333333333333333,0.3333333333333333
Papalexi_IFNg_IL2STAT5,10,random,Papalexi,0.6,0.16666666666666666,0.3333333333333333
Papalexi_IFNg_IL2STAT5,10,random,Papalexi,0.8,0.16666666666666666,0.16666666666666666
Papalexi_IFNg_IL2STAT5,10,fixed_ridge,Papalexi,0.6,0.16666666666666666,0.3333333333333333
Papalexi_IFNg_IL2STAT5,10,fixed_ridge,Papalexi,0.8,0.16666666666666666,0.16666666666666666
Papalexi_IFNg_IL2STAT5,10,greedy_ridge,Papalexi,0.6,0.16666666666666666,0.3333333333333333
Papalexi_IFNg_IL2STAT5,10,greedy_ridge,Papalexi,0.8,0.16666666666666666,0.16666666666666666
Papalexi_IFNg_IL2STAT5,10,linear_ucb,Papalexi,0.6,0.16666666666666666,0.3333333333333333
Papalexi_IFNg_IL2STAT5,10,linear_ucb,Papalexi,0.8,0.16666666666666666,0.16666666666666666
Papalexi_IFNg_IL2STAT5,10,diversity,Papalexi,0.6,0.3333333333333333,0.5
Papalexi_IFNg_IL2STAT5,10,diversity,Papalexi,0.8,0.3333333333333333,0.3333333333333333
Papalexi_IFNg_IL2STAT5,10,extra_trees,Papalexi,0.6,0.16666666666666666,0.3333333333333333
Papalexi_IFNg_IL2STAT5,10,extra_trees,Papalexi,0.8,0.16666666666666666,0.16666666666666666
Papalexi_IFNg_IL2STAT5,10,gated_random,Papalexi,0.6,0.16666666666666666,0.3333333333333333
Papalexi_IFNg_IL2STAT5,10,gated_random,Papalexi,0.8,0.16666666666666666,0.16666666666666666
Papalexi_IFNg_IL2STAT5,10,old_controller,Papalexi,0.6,0.3333333333333333,0.5
Papalexi_IFNg_IL2STAT5,10,old_controller,Papalexi,0.8,0.3333333333333333,0.3333333333333333
Papalexi_IFNg_IL2STAT5,11,random,Papalexi,0.6,0.3333333333333333,0.5
Papalexi_IFNg_IL2STAT5,11,random,Papalexi,0.8,0.3333333333333333,0.3333333333333333
Papalexi_IFNg_IL2STAT5,11,fixed_ridge,Papalexi,0.6,0.3333333333333333,0.5
Papalexi_IFNg_IL2STAT5,11,fixed_ridge,Papalexi,0.8,0.3333333333333333,0.3333333333333333
Papalexi_IFNg_IL2STAT5,11,greedy_ridge,Papalexi,0.6,0.3333333333333333,0.5
Papalexi_IFNg_IL2STAT5,11,greedy_ridge,Papalexi,0.8,0.3333333333333333,0.3333333333333333
Papalexi_IFNg_IL2STAT5,11,linear_ucb,Papalexi,0.6,0.5,0.6666666666666666
Papalexi_IFNg_IL2STAT5,11,linear_ucb,Papalexi,0.8,0.5,0.5
Papalexi_IFNg_IL2STAT5,11,diversity,Papalexi,0.6,0.5,0.6666666666666666
Papalexi_IFNg_IL2STAT5,11,diversity,Papalexi,0.8,0.5,0.5
Papalexi_IFNg_IL2STAT5,11,extra_trees,Papalexi,0.6,0.3333333333333333,0.5
Papalexi_IFNg_IL2STAT5,11,extra_trees,Papalexi,0.8,0.3333333333333333,0.3333333333333333
Papalexi_IFNg_IL2STAT5,11,gated_random,Papalexi,0.6,0.3333333333333333,0.5
Papalexi_IFNg_IL2STAT5,11,gated_random,Papalexi,0.8,0.3333333333333333,0.3333333333333333
Papalexi_IFNg_IL2STAT5,11,old_controller,Papalexi,0.6,0.5,0.6666666666666666
Papalexi_IFNg_IL2STAT5,11,old_controller,Papalexi,0.8,0.5,0.5
Papalexi_IFNg_IL2STAT5,12,random,Papalexi,0.6,0.16666666666666666,0.16666666666666666
Papalexi_IFNg_IL2STAT5,12,random,Papalexi,0.8,0.16666666666666666,0.16666666666666666
Papalexi_IFNg_IL2STAT5,12,fixed_ridge,Papalexi,0.6,0.3333333333333333,0.3333333333333333
Papalexi_IFNg_IL2STAT5,12,fixed_ridge,Papalexi,0.8,0.3333333333333333,0.3333333333333333
Papalexi_IFNg_IL2STAT5,12,greedy_ridge,Papalexi,0.6,0.3333333333333333,0.3333333333333333
Papalexi_IFNg_IL2STAT5,12,greedy_ridge,Papalexi,0.8,0.3333333333333333,0.3333333333333333
Papalexi_IFNg_IL2STAT5,12,linear_ucb,Papalexi,0.6,0.3333333333333333,0.3333333333333333
Papalexi_IFNg_IL2STAT5,12,linear_ucb,Papalexi,0.8,0.3333333333333333,0.3333333333333333
Papalexi_IFNg_IL2STAT5,12,diversity,Papalexi,0.6,0.3333333333333333,0.5
Papalexi_IFNg_IL2STAT5,12,diversity,Papalexi,0.8,0.3333333333333333,0.3333333333333333
Papalexi_IFNg_IL2STAT5,12,extra_trees,Papalexi,0.6,0.3333333333333333,0.3333333333333333
Papalexi_IFNg_IL2STAT5,12,extra_trees,Papalexi,0.8,0.3333333333333333,0.3333333333333333
Papalexi_IFNg_IL2STAT5,12,gated_random,Papalexi,0.6,0.16666666666666666,0.16666666666666666
Papalexi_IFNg_IL2STAT5,12,gated_random,Papalexi,0.8,0.16666666666666666,0.16666666666666666
Papalexi_IFNg_IL2STAT5,12,old_controller,Papalexi,0.6,0.3333333333333333,0.5
Papalexi_IFNg_IL2STAT5,12,old_controller,Papalexi,0.8,0.3333333333333333,0.3333333333333333
Papalexi_IFNg_IL2STAT5,13,random,Papalexi,0.6,0.3333333333333333,0.3333333333333333
Papalexi_IFNg_IL2STAT5,13,random,Papalexi,0.8,0.16666666666666666,0.16666666666666666
Papalexi_IFNg_IL2STAT5,13,fixed_ridge,Papalexi,0.6,0.3333333333333333,0.3333333333333333
Papalexi_IFNg_IL2STAT5,13,fixed_ridge,Papalexi,0.8,0.16666666666666666,0.16666666666666666
Papalexi_IFNg_IL2STAT5,13,greedy_ridge,Papalexi,0.6,0.3333333333333333,0.3333333333333333
Papalexi_IFNg_IL2STAT5,13,greedy_ridge,Papalexi,0.8,0.16666666666666666,0.16666666666666666
Papalexi_IFNg_IL2STAT5,13,linear_ucb,Papalexi,0.6,0.5,0.5
Papalexi_IFNg_IL2STAT5,13,linear_ucb,Papalexi,0.8,0.3333333333333333,0.3333333333333333
Papalexi_IFNg_IL2STAT5,13,diversity,Papalexi,0.6,0.5,0.5
Papalexi_IFNg_IL2STAT5,13,diversity,Papalexi,0.8,0.3333333333333333,0.3333333333333333
Papalexi_IFNg_IL2STAT5,13,extra_trees,Papalexi,0.6,0.5,0.5
Papalexi_IFNg_IL2STAT5,13,extra_trees,Papalexi,0.8,0.3333333333333333,0.3333333333333333
Papalexi_IFNg_IL2STAT5,13,gated_random,Papalexi,0.6,0.3333333333333333,0.3333333333333333
Papalexi_IFNg_IL2STAT5,13,gated_random,Papalexi,0.8,0.16666666666666666,0.16666666666666666
Papalexi_IFNg_IL2STAT5,13,old_controller,Papalexi,0.6,0.5,0.5
Papalexi_IFNg_IL2STAT5,13,old_controller,Papalexi,0.8,0.3333333333333333,0.3333333333333333
Papalexi_IFNg_IL2STAT5,14,random,Papalexi,0.6,0.5,0.6666666666666666
Papalexi_IFNg_IL2STAT5,14,random,Papalexi,0.8,0.5,0.5
Papalexi_IFNg_IL2STAT5,14,fixed_ridge,Papalexi,0.6,0.16666666666666666,0.16666666666666666
Papalexi_IFNg_IL2STAT5,14,fixed_ridge,Papalexi,0.8,0.16666666666666666,0.16666666666666666
Papalexi_IFNg_IL2STAT5,14,greedy_ridge,Papalexi,0.6,0.16666666666666666,0.16666666666666666
Papalexi_IFNg_IL2STAT5,14,greedy_ridge,Papalexi,0.8,0.16666666666666666,0.16666666666666666
Papalexi_IFNg_IL2STAT5,14,linear_ucb,Papalexi,0.6,0.3333333333333333,0.3333333333333333
Papalexi_IFNg_IL2STAT5,14,linear_ucb,Papalexi,0.8,0.3333333333333333,0.3333333333333333
Papalexi_IFNg_IL2STAT5,14,diversity,Papalexi,0.6,0.5,0.5
Papalexi_IFNg_IL2STAT5,14,diversity,Papalexi,0.8,0.5,0.5
Papalexi_IFNg_IL2STAT5,14,extra_trees,Papalexi,0.6,0.3333333333333333,0.3333333333333333
Papalexi_IFNg_IL2STAT5,14,extra_trees,Papalexi,0.8,0.3333333333333333,0.3333333333333333
Papalexi_IFNg_IL2STAT5,14,gated_random,Papalexi,0.6,0.5,0.6666666666666666
Papalexi_IFNg_IL2STAT5,14,gated_random,Papalexi,0.8,0.5,0.5
Papalexi_IFNg_IL2STAT5,14,old_controller,Papalexi,0.6,0.5,0.5
Papalexi_IFNg_IL2STAT5,14,old_controller,Papalexi,0.8,0.5,0.5
Papalexi_IFNg_IL2STAT5,15,random,Papalexi,0.6,0.16666666666666666,0.0
Papalexi_IFNg_IL2STAT5,15,random,Papalexi,0.8,0.0,0.0
Papalexi_IFNg_IL2STAT5,15,fixed_ridge,Papalexi,0.6,0.16666666666666666,0.16666666666666666
Papalexi_IFNg_IL2STAT5,15,fixed_ridge,Papalexi,0.8,0.0,0.0
Papalexi_IFNg_IL2STAT5,15,greedy_ridge,Papalexi,0.6,0.16666666666666666,0.16666666666666666
Papalexi_IFNg_IL2STAT5,15,greedy_ridge,Papalexi,0.8,0.0,0.0
Papalexi_IFNg_IL2STAT5,15,linear_ucb,Papalexi,0.6,0.16666666666666666,0.16666666666666666
Papalexi_IFNg_IL2STAT5,15,linear_ucb,Papalexi,0.8,0.0,0.0
Papalexi_IFNg_IL2STAT5,15,diversity,Papalexi,0.6,0.3333333333333333,0.16666666666666666
Papalexi_IFNg_IL2STAT5,15,diversity,Papalexi,0.8,0.16666666666666666,0.16666666666666666
Papalexi_IFNg_IL2STAT5,15,extra_trees,Papalexi,0.6,0.3333333333333333,0.16666666666666666
Papalexi_IFNg_IL2STAT5,15,extra_trees,Papalexi,0.8,0.16666666666666666,0.16666666666666666
Papalexi_IFNg_IL2STAT5,15,gated_random,Papalexi,0.6,0.16666666666666666,0.0
Papalexi_IFNg_IL2STAT5,15,gated_random,Papalexi,0.8,0.0,0.0
Papalexi_IFNg_IL2STAT5,15,old_controller,Papalexi,0.6,0.3333333333333333,0.16666666666666666
Papalexi_IFNg_IL2STAT5,15,old_controller,Papalexi,0.8,0.16666666666666666,0.16666666666666666
Papalexi_IFNg_IL2STAT5,16,random,Papalexi,0.6,0.3333333333333333,0.16666666666666666
Papalexi_IFNg_IL2STAT5,16,random,Papalexi,0.8,0.16666666666666666,0.16666666666666666
Papalexi_IFNg_IL2STAT5,16,fixed_ridge,Papalexi,0.6,0.6666666666666666,0.5
Papalexi_IFNg_IL2STAT5,16,fixed_ridge,Papalexi,0.8,0.5,0.5
Papalexi_IFNg_IL2STAT5,16,greedy_ridge,Papalexi,0.6,0.6666666666666666,0.5
Papalexi_IFNg_IL2STAT5,16,greedy_ridge,Papalexi,0.8,0.5,0.5
Papalexi_IFNg_IL2STAT5,16,linear_ucb,Papalexi,0.6,0.6666666666666666,0.5
Papalexi_IFNg_IL2STAT5,16,linear_ucb,Papalexi,0.8,0.5,0.5
Papalexi_IFNg_IL2STAT5,16,diversity,Papalexi,0.6,0.5,0.3333333333333333
Papalexi_IFNg_IL2STAT5,16,diversity,Papalexi,0.8,0.3333333333333333,0.3333333333333333
Papalexi_IFNg_IL2STAT5,16,extra_trees,Papalexi,0.6,0.5,0.3333333333333333
Papalexi_IFNg_IL2STAT5,16,extra_trees,Papalexi,0.8,0.3333333333333333,0.3333333333333333
Papalexi_IFNg_IL2STAT5,16,gated_random,Papalexi,0.6,0.3333333333333333,0.16666666666666666
Papalexi_IFNg_IL2STAT5,16,gated_random,Papalexi,0.8,0.16666666666666666,0.16666666666666666
Papalexi_IFNg_IL2STAT5,16,old_controller,Papalexi,0.6,0.5,0.3333333333333333
Papalexi_IFNg_IL2STAT5,16,old_controller,Papalexi,0.8,0.3333333333333333,0.3333333333333333
Papalexi_IFNg_IL2STAT5,17,random,Papalexi,0.6,0.5,0.5
Papalexi_IFNg_IL2STAT5,17,random,Papalexi,0.8,0.5,0.5
Papalexi_IFNg_IL2STAT5,17,fixed_ridge,Papalexi,0.6,0.3333333333333333,0.3333333333333333
Papalexi_IFNg_IL2STAT5,17,fixed_ridge,Papalexi,0.8,0.3333333333333333,0.3333333333333333
Papalexi_IFNg_IL2STAT5,17,greedy_ridge,Papalexi,0.6,0.3333333333333333,0.3333333333333333
Papalexi_IFNg_IL2STAT5,17,greedy_ridge,Papalexi,0.8,0.3333333333333333,0.3333333333333333
Papalexi_IFNg_IL2STAT5,17,linear_ucb,Papalexi,0.6,0.3333333333333333,0.3333333333333333
Papalexi_IFNg_IL2STAT5,17,linear_ucb,Papalexi,0.8,0.3333333333333333,0.3333333333333333
Papalexi_IFNg_IL2STAT5,17,diversity,Papalexi,0.6,0.3333333333333333,0.5
Papalexi_IFNg_IL2STAT5,17,diversity,Papalexi,0.8,0.3333333333333333,0.3333333333333333
Papalexi_IFNg_IL2STAT5,17,extra_trees,Papalexi,0.6,0.3333333333333333,0.3333333333333333
Papalexi_IFNg_IL2STAT5,17,extra_trees,Papalexi,0.8,0.3333333333333333,0.3333333333333333
Papalexi_IFNg_IL2STAT5,17,gated_random,Papalexi,0.6,0.5,0.5
Papalexi_IFNg_IL2STAT5,17,gated_random,Papalexi,0.8,0.5,0.5
Papalexi_IFNg_IL2STAT5,17,old_controller,Papalexi,0.6,0.3333333333333333,0.5
Papalexi_IFNg_IL2STAT5,17,old_controller,Papalexi,0.8,0.3333333333333333,0.3333333333333333
Papalexi_IFNg_IL2STAT5,18,random,Papalexi,0.6,0.3333333333333333,0.3333333333333333
Papalexi_IFNg_IL2STAT5,18,random,Papalexi,0.8,0.3333333333333333,0.3333333333333333
Papalexi_IFNg_IL2STAT5,18,fixed_ridge,Papalexi,0.6,0.5,0.5
Papalexi_IFNg_IL2STAT5,18,fixed_ridge,Papalexi,0.8,0.5,0.5
Papalexi_IFNg_IL2STAT5,18,greedy_ridge,Papalexi,0.6,0.5,0.5
Papalexi_IFNg_IL2STAT5,18,greedy_ridge,Papalexi,0.8,0.5,0.5
Papalexi_IFNg_IL2STAT5,18,linear_ucb,Papalexi,0.6,0.5,0.5
Papalexi_IFNg_IL2STAT5,18,linear_ucb,Papalexi,0.8,0.5,0.5
Papalexi_IFNg_IL2STAT5,18,diversity,Papalexi,0.6,0.3333333333333333,0.5
Papalexi_IFNg_IL2STAT5,18,diversity,Papalexi,0.8,0.3333333333333333,0.3333333333333333
Papalexi_IFNg_IL2STAT5,18,extra_trees,Papalexi,0.6,0.5,0.5
Papalexi_IFNg_IL2STAT5,18,extra_trees,Papalexi,0.8,0.5,0.5
Papalexi_IFNg_IL2STAT5,18,gated_random,Papalexi,0.6,0.3333333333333333,0.3333333333333333
Papalexi_IFNg_IL2STAT5,18,gated_random,Papalexi,0.8,0.3333333333333333,0.3333333333333333
Papalexi_IFNg_IL2STAT5,18,old_controller,Papalexi,0.6,0.3333333333333333,0.5
Papalexi_IFNg_IL2STAT5,18,old_controller,Papalexi,0.8,0.3333333333333333,0.3333333333333333
Papalexi_IFNg_IL2STAT5,19,random,Papalexi,0.6,0.3333333333333333,0.3333333333333333
Papalexi_IFNg_IL2STAT5,19,random,Papalexi,0.8,0.3333333333333333,0.3333333333333333
Papalexi_IFNg_IL2STAT5,19,fixed_ridge,Papalexi,0.6,0.5,0.3333333333333333
Papalexi_IFNg_IL2STAT5,19,fixed_ridge,Papalexi,0.8,0.3333333333333333,0.3333333333333333
Papalexi_IFNg_IL2STAT5,19,greedy_ridge,Papalexi,0.6,0.5,0.3333333333333333
Papalexi_IFNg_IL2STAT5,19,greedy_ridge,Papalexi,0.8,0.3333333333333333,0.3333333333333333
Papalexi_IFNg_IL2STAT5,19,linear_ucb,Papalexi,0.6,0.5,0.3333333333333333
Papalexi_IFNg_IL2STAT5,19,linear_ucb,Papalexi,0.8,0.3333333333333333,0.3333333333333333
Papalexi_IFNg_IL2STAT5,19,diversity,Papalexi,0.6,0.5,0.6666666666666666
Papalexi_IFNg_IL2STAT5,19,diversity,Papalexi,0.8,0.5,0.5
Papalexi_IFNg_IL2STAT5,19,extra_trees,Papalexi,0.6,0.5,0.5
Papalexi_IFNg_IL2STAT5,19,extra_trees,Papalexi,0.8,0.5,0.5
Papalexi_IFNg_IL2STAT5,19,gated_random,Papalexi,0.6,0.3333333333333333,0.3333333333333333
Papalexi_IFNg_IL2STAT5,19,gated_random,Papalexi,0.8,0.3333333333333333,0.3333333333333333
Papalexi_IFNg_IL2STAT5,19,old_controller,Papalexi,0.6,0.5,0.6666666666666666
Papalexi_IFNg_IL2STAT5,19,old_controller,Papalexi,0.8,0.5,0.5
Papalexi_IFNg_IL2STAT5,20,random,Papalexi,0.6,0.16666666666666666,0.16666666666666666
Papalexi_IFNg_IL2STAT5,20,random,Papalexi,0.8,0.16666666666666666,0.16666666666666666
Papalexi_IFNg_IL2STAT5,20,fixed_ridge,Papalexi,0.6,0.3333333333333333,0.3333333333333333
Papalexi_IFNg_IL2STAT5,20,fixed_ridge,Papalexi,0.8,0.3333333333333333,0.3333333333333333
Papalexi_IFNg_IL2STAT5,20,greedy_ridge,Papalexi,0.6,0.3333333333333333,0.3333333333333333
Papalexi_IFNg_IL2STAT5,20,greedy_ridge,Papalexi,0.8,0.3333333333333333,0.3333333333333333
Papalexi_IFNg_IL2STAT5,20,linear_ucb,Papalexi,0.6,0.16666666666666666,0.16666666666666666
Papalexi_IFNg_IL2STAT5,20,linear_ucb,Papalexi,0.8,0.16666666666666666,0.16666666666666666
Papalexi_IFNg_IL2STAT5,20,diversity,Papalexi,0.6,0.16666666666666666,0.3333333333333333
Papalexi_IFNg_IL2STAT5,20,diversity,Papalexi,0.8,0.16666666666666666,0.16666666666666666
Papalexi_IFNg_IL2STAT5,20,extra_trees,Papalexi,0.6,0.3333333333333333,0.3333333333333333
Papalexi_IFNg_IL2STAT5,20,extra_trees,Papalexi,0.8,0.3333333333333333,0.3333333333333333
Papalexi_IFNg_IL2STAT5,20,gated_random,Papalexi,0.6,0.16666666666666666,0.16666666666666666
Papalexi_IFNg_IL2STAT5,20,gated_random,Papalexi,0.8,0.16666666666666666,0.16666666666666666
Papalexi_IFNg_IL2STAT5,20,old_controller,Papalexi,0.6,0.16666666666666666,0.3333333333333333
Papalexi_IFNg_IL2STAT5,20,old_controller,Papalexi,0.8,0.16666666666666666,0.16666666666666666
Papalexi_IFNg_IL2STAT5,21,random,Papalexi,0.6,0.0,0.0
Papalexi_IFNg_IL2STAT5,21,random,Papalexi,0.8,0.0,0.0
Papalexi_IFNg_IL2STAT5,21,fixed_ridge,Papalexi,0.6,0.16666666666666666,0.16666666666666666
Papalexi_IFNg_IL2STAT5,21,fixed_ridge,Papalexi,0.8,0.16666666666666666,0.16666666666666666
Papalexi_IFNg_IL2STAT5,21,greedy_ridge,Papalexi,0.6,0.16666666666666666,0.16666666666666666
Papalexi_IFNg_IL2STAT5,21,greedy_ridge,Papalexi,0.8,0.16666666666666666,0.16666666666666666
Papalexi_IFNg_IL2STAT5,21,linear_ucb,Papalexi,0.6,0.16666666666666666,0.16666666666666666
Papalexi_IFNg_IL2STAT5,21,linear_ucb,Papalexi,0.8,0.16666666666666666,0.16666666666666666
Papalexi_IFNg_IL2STAT5,21,diversity,Papalexi,0.6,0.3333333333333333,0.5
Papalexi_IFNg_IL2STAT5,21,diversity,Papalexi,0.8,0.3333333333333333,0.3333333333333333
Papalexi_IFNg_IL2STAT5,21,extra_trees,Papalexi,0.6,0.16666666666666666,0.16666666666666666
Papalexi_IFNg_IL2STAT5,21,extra_trees,Papalexi,0.8,0.16666666666666666,0.16666666666666666
Papalexi_IFNg_IL2STAT5,21,gated_random,Papalexi,0.6,0.0,0.0
Papalexi_IFNg_IL2STAT5,21,gated_random,Papalexi,0.8,0.0,0.0
Papalexi_IFNg_IL2STAT5,21,old_controller,Papalexi,0.6,0.3333333333333333,0.5
Papalexi_IFNg_IL2STAT5,21,old_controller,Papalexi,0.8,0.3333333333333333,0.3333333333333333
Papalexi_IFNg_IL2STAT5,22,random,Papalexi,0.6,0.16666666666666666,0.3333333333333333
Papalexi_IFNg_IL2STAT5,22,random,Papalexi,0.8,0.16666666666666666,0.16666666666666666
Papalexi_IFNg_IL2STAT5,22,fixed_ridge,Papalexi,0.6,0.16666666666666666,0.16666666666666666
Papalexi_IFNg_IL2STAT5,22,fixed_ridge,Papalexi,0.8,0.16666666666666666,0.16666666666666666
Papalexi_IFNg_IL2STAT5,22,greedy_ridge,Papalexi,0.6,0.16666666666666666,0.16666666666666666
Papalexi_IFNg_IL2STAT5,22,greedy_ridge,Papalexi,0.8,0.16666666666666666,0.16666666666666666
Papalexi_IFNg_IL2STAT5,22,linear_ucb,Papalexi,0.6,0.3333333333333333,0.3333333333333333
Papalexi_IFNg_IL2STAT5,22,linear_ucb,Papalexi,0.8,0.3333333333333333,0.3333333333333333
Papalexi_IFNg_IL2STAT5,22,diversity,Papalexi,0.6,0.3333333333333333,0.5
Papalexi_IFNg_IL2STAT5,22,diversity,Papalexi,0.8,0.3333333333333333,0.3333333333333333
Papalexi_IFNg_IL2STAT5,22,extra_trees,Papalexi,0.6,0.3333333333333333,0.3333333333333333
Papalexi_IFNg_IL2STAT5,22,extra_trees,Papalexi,0.8,0.3333333333333333,0.3333333333333333
Papalexi_IFNg_IL2STAT5,22,gated_random,Papalexi,0.6,0.16666666666666666,0.3333333333333333
Papalexi_IFNg_IL2STAT5,22,gated_random,Papalexi,0.8,0.16666666666666666,0.16666666666666666
Papalexi_IFNg_IL2STAT5,22,old_controller,Papalexi,0.6,0.3333333333333333,0.5
Papalexi_IFNg_IL2STAT5,22,old_controller,Papalexi,0.8,0.3333333333333333,0.3333333333333333
Papalexi_IFNg_IL2STAT5,23,random,Papalexi,0.6,0.16666666666666666,0.16666666666666666
Papalexi_IFNg_IL2STAT5,23,random,Papalexi,0.8,0.16666666666666666,0.16666666666666666
Papalexi_IFNg_IL2STAT5,23,fixed_ridge,Papalexi,0.6,0.3333333333333333,0.3333333333333333
Papalexi_IFNg_IL2STAT5,23,fixed_ridge,Papalexi,0.8,0.3333333333333333,0.3333333333333333
Papalexi_IFNg_IL2STAT5,23,greedy_ridge,Papalexi,0.6,0.3333333333333333,0.3333333333333333
Papalexi_IFNg_IL2STAT5,23,greedy_ridge,Papalexi,0.8,0.3333333333333333,0.3333333333333333
Papalexi_IFNg_IL2STAT5,23,linear_ucb,Papalexi,0.6,0.16666666666666666,0.3333333333333333
Papalexi_IFNg_IL2STAT5,23,linear_ucb,Papalexi,0.8,0.16666666666666666,0.16666666666666666
Papalexi_IFNg_IL2STAT5,23,diversity,Papalexi,0.6,0.16666666666666666,0.3333333333333333
Papalexi_IFNg_IL2STAT5,23,diversity,Papalexi,0.8,0.16666666666666666,0.16666666666666666
Papalexi_IFNg_IL2STAT5,23,extra_trees,Papalexi,0.6,0.16666666666666666,0.16666666666666666
Papalexi_IFNg_IL2STAT5,23,extra_trees,Papalexi,0.8,0.16666666666666666,0.16666666666666666
Papalexi_IFNg_IL2STAT5,23,gated_random,Papalexi,0.6,0.16666666666666666,0.16666666666666666
Papalexi_IFNg_IL2STAT5,23,gated_random,Papalexi,0.8,0.16666666666666666,0.16666666666666666
Papalexi_IFNg_IL2STAT5,23,old_controller,Papalexi,0.6,0.16666666666666666,0.3333333333333333
Papalexi_IFNg_IL2STAT5,23,old_controller,Papalexi,0.8,0.16666666666666666,0.16666666666666666
Papalexi_IFNg_IL2STAT5,24,random,Papalexi,0.6,0.3333333333333333,0.3333333333333333
Papalexi_IFNg_IL2STAT5,24,random,Papalexi,0.8,0.3333333333333333,0.3333333333333333
Papalexi_IFNg_IL2STAT5,24,fixed_ridge,Papalexi,0.6,0.3333333333333333,0.3333333333333333
Papalexi_IFNg_IL2STAT5,24,fixed_ridge,Papalexi,0.8,0.3333333333333333,0.3333333333333333
Papalexi_IFNg_IL2STAT5,24,greedy_ridge,Papalexi,0.6,0.3333333333333333,0.3333333333333333
Papalexi_IFNg_IL2STAT5,24,greedy_ridge,Papalexi,0.8,0.3333333333333333,0.3333333333333333
Papalexi_IFNg_IL2STAT5,24,linear_ucb,Papalexi,0.6,0.3333333333333333,0.3333333333333333
Papalexi_IFNg_IL2STAT5,24,linear_ucb,Papalexi,0.8,0.3333333333333333,0.3333333333333333
Papalexi_IFNg_IL2STAT5,24,diversity,Papalexi,0.6,0.3333333333333333,0.5
Papalexi_IFNg_IL2STAT5,24,diversity,Papalexi,0.8,0.3333333333333333,0.3333333333333333
Papalexi_IFNg_IL2STAT5,24,extra_trees,Papalexi,0.6,0.5,0.5
Papalexi_IFNg_IL2STAT5,24,extra_trees,Papalexi,0.8,0.5,0.5
Papalexi_IFNg_IL2STAT5,24,gated_random,Papalexi,0.6,0.3333333333333333,0.3333333333333333
Papalexi_IFNg_IL2STAT5,24,gated_random,Papalexi,0.8,0.3333333333333333,0.3333333333333333
Papalexi_IFNg_IL2STAT5,24,old_controller,Papalexi,0.6,0.3333333333333333,0.5
Papalexi_IFNg_IL2STAT5,24,old_controller,Papalexi,0.8,0.3333333333333333,0.3333333333333333
Papalexi_IFNg_IL2STAT5,25,random,Papalexi,0.6,0.16666666666666666,0.0
Papalexi_IFNg_IL2STAT5,25,random,Papalexi,0.8,0.0,0.0
Papalexi_IFNg_IL2STAT5,25,fixed_ridge,Papalexi,0.6,0.3333333333333333,0.16666666666666666
Papalexi_IFNg_IL2STAT5,25,fixed_ridge,Papalexi,0.8,0.16666666666666666,0.16666666666666666
Papalexi_IFNg_IL2STAT5,25,greedy_ridge,Papalexi,0.6,0.3333333333333333,0.16666666666666666
Papalexi_IFNg_IL2STAT5,25,greedy_ridge,Papalexi,0.8,0.16666666666666666,0.16666666666666666
Papalexi_IFNg_IL2STAT5,25,linear_ucb,Papalexi,0.6,0.5,0.3333333333333333
Papalexi_IFNg_IL2STAT5,25,linear_ucb,Papalexi,0.8,0.3333333333333333,0.3333333333333333
Papalexi_IFNg_IL2STAT5,25,diversity,Papalexi,0.6,0.6666666666666666,0.5
Papalexi_IFNg_IL2STAT5,25,diversity,Papalexi,0.8,0.5,0.5
Papalexi_IFNg_IL2STAT5,25,extra_trees,Papalexi,0.6,0.3333333333333333,0.16666666666666666
Papalexi_IFNg_IL2STAT5,25,extra_trees,Papalexi,0.8,0.16666666666666666,0.16666666666666666
Papalexi_IFNg_IL2STAT5,25,gated_random,Papalexi,0.6,0.16666666666666666,0.0
Papalexi_IFNg_IL2STAT5,25,gated_random,Papalexi,0.8,0.0,0.0
Papalexi_IFNg_IL2STAT5,25,old_controller,Papalexi,0.6,0.6666666666666666,0.5
Papalexi_IFNg_IL2STAT5,25,old_controller,Papalexi,0.8,0.5,0.5
Papalexi_IFNg_IL2STAT5,26,random,Papalexi,0.6,0.5,0.5
Papalexi_IFNg_IL2STAT5,26,random,Papalexi,0.8,0.5,0.5
Papalexi_IFNg_IL2STAT5,26,fixed_ridge,Papalexi,0.6,0.5,0.5
Papalexi_IFNg_IL2STAT5,26,fixed_ridge,Papalexi,0.8,0.5,0.5
Papalexi_IFNg_IL2STAT5,26,greedy_ridge,Papalexi,0.6,0.5,0.5
Papalexi_IFNg_IL2STAT5,26,greedy_ridge,Papalexi,0.8,0.5,0.5
Papalexi_IFNg_IL2STAT5,26,linear_ucb,Papalexi,0.6,0.5,0.5
Papalexi_IFNg_IL2STAT5,26,linear_ucb,Papalexi,0.8,0.5,0.5
Papalexi_IFNg_IL2STAT5,26,diversity,Papalexi,0.6,0.5,0.5
Papalexi_IFNg_IL2STAT5,26,diversity,Papalexi,0.8,0.5,0.5
Papalexi_IFNg_IL2STAT5,26,extra_trees,Papalexi,0.6,0.5,0.5
Papalexi_IFNg_IL2STAT5,26,extra_trees,Papalexi,0.8,0.5,0.5
Papalexi_IFNg_IL2STAT5,26,gated_random,Papalexi,0.6,0.5,0.5
Papalexi_IFNg_IL2STAT5,26,gated_random,Papalexi,0.8,0.5,0.5
Papalexi_IFNg_IL2STAT5,26,old_controller,Papalexi,0.6,0.5,0.5
Papalexi_IFNg_IL2STAT5,26,old_controller,Papalexi,0.8,0.5,0.5
Papalexi_IFNg_IL2STAT5,27,random,Papalexi,0.6,0.16666666666666666,0.16666666666666666
Papalexi_IFNg_IL2STAT5,27,random,Papalexi,0.8,0.16666666666666666,0.16666666666666666
Papalexi_IFNg_IL2STAT5,27,fixed_ridge,Papalexi,0.6,0.5,0.5
Papalexi_IFNg_IL2STAT5,27,fixed_ridge,Papalexi,0.8,0.5,0.5
Papalexi_IFNg_IL2STAT5,27,greedy_ridge,Papalexi,0.6,0.5,0.5
Papalexi_IFNg_IL2STAT5,27,greedy_ridge,Papalexi,0.8,0.5,0.5
Papalexi_IFNg_IL2STAT5,27,linear_ucb,Papalexi,0.6,0.3333333333333333,0.5
Papalexi_IFNg_IL2STAT5,27,linear_ucb,Papalexi,0.8,0.3333333333333333,0.3333333333333333
Papalexi_IFNg_IL2STAT5,27,diversity,Papalexi,0.6,0.16666666666666666,0.3333333333333333
Papalexi_IFNg_IL2STAT5,27,diversity,Papalexi,0.8,0.16666666666666666,0.16666666666666666
Papalexi_IFNg_IL2STAT5,27,extra_trees,Papalexi,0.6,0.16666666666666666,0.16666666666666666
Papalexi_IFNg_IL2STAT5,27,extra_trees,Papalexi,0.8,0.16666666666666666,0.16666666666666666
Papalexi_IFNg_IL2STAT5,27,gated_random,Papalexi,0.6,0.16666666666666666,0.16666666666666666
Papalexi_IFNg_IL2STAT5,27,gated_random,Papalexi,0.8,0.16666666666666666,0.16666666666666666
Papalexi_IFNg_IL2STAT5,27,old_controller,Papalexi,0.6,0.16666666666666666,0.3333333333333333
Papalexi_IFNg_IL2STAT5,27,old_controller,Papalexi,0.8,0.16666666666666666,0.16666666666666666
Papalexi_IFNg_IL2STAT5,28,random,Papalexi,0.6,0.16666666666666666,0.3333333333333333
Papalexi_IFNg_IL2STAT5,28,random,Papalexi,0.8,0.16666666666666666,0.16666666666666666
Papalexi_IFNg_IL2STAT5,28,fixed_ridge,Papalexi,0.6,0.3333333333333333,0.3333333333333333
Papalexi_IFNg_IL2STAT5,28,fixed_ridge,Papalexi,0.8,0.3333333333333333,0.3333333333333333
Papalexi_IFNg_IL2STAT5,28,greedy_ridge,Papalexi,0.6,0.3333333333333333,0.3333333333333333
Papalexi_IFNg_IL2STAT5,28,greedy_ridge,Papalexi,0.8,0.3333333333333333,0.3333333333333333
Papalexi_IFNg_IL2STAT5,28,linear_ucb,Papalexi,0.6,0.3333333333333333,0.3333333333333333
Papalexi_IFNg_IL2STAT5,28,linear_ucb,Papalexi,0.8,0.3333333333333333,0.3333333333333333
Papalexi_IFNg_IL2STAT5,28,diversity,Papalexi,0.6,0.16666666666666666,0.3333333333333333
Papalexi_IFNg_IL2STAT5,28,diversity,Papalexi,0.8,0.16666666666666666,0.16666666666666666
Papalexi_IFNg_IL2STAT5,28,extra_trees,Papalexi,0.6,0.3333333333333333,0.3333333333333333
Papalexi_IFNg_IL2STAT5,28,extra_trees,Papalexi,0.8,0.3333333333333333,0.3333333333333333
Papalexi_IFNg_IL2STAT5,28,gated_random,Papalexi,0.6,0.16666666666666666,0.3333333333333333
Papalexi_IFNg_IL2STAT5,28,gated_random,Papalexi,0.8,0.16666666666666666,0.16666666666666666
Papalexi_IFNg_IL2STAT5,28,old_controller,Papalexi,0.6,0.16666666666666666,0.3333333333333333
Papalexi_IFNg_IL2STAT5,28,old_controller,Papalexi,0.8,0.16666666666666666,0.16666666666666666
Papalexi_IFNg_IL2STAT5,29,random,Papalexi,0.6,0.5,0.3333333333333333
Papalexi_IFNg_IL2STAT5,29,random,Papalexi,0.8,0.3333333333333333,0.3333333333333333
Papalexi_IFNg_IL2STAT5,29,fixed_ridge,Papalexi,0.6,0.3333333333333333,0.16666666666666666
Papalexi_IFNg_IL2STAT5,29,fixed_ridge,Papalexi,0.8,0.16666666666666666,0.16666666666666666
Papalexi_IFNg_IL2STAT5,29,greedy_ridge,Papalexi,0.6,0.3333333333333333,0.16666666666666666
Papalexi_IFNg_IL2STAT5,29,greedy_ridge,Papalexi,0.8,0.16666666666666666,0.16666666666666666
Papalexi_IFNg_IL2STAT5,29,linear_ucb,Papalexi,0.6,0.3333333333333333,0.16666666666666666
Papalexi_IFNg_IL2STAT5,29,linear_ucb,Papalexi,0.8,0.16666666666666666,0.16666666666666666
Papalexi_IFNg_IL2STAT5,29,diversity,Papalexi,0.6,0.3333333333333333,0.16666666666666666
Papalexi_IFNg_IL2STAT5,29,diversity,Papalexi,0.8,0.16666666666666666,0.16666666666666666
Papalexi_IFNg_IL2STAT5,29,extra_trees,Papalexi,0.6,0.3333333333333333,0.16666666666666666
Papalexi_IFNg_IL2STAT5,29,extra_trees,Papalexi,0.8,0.16666666666666666,0.16666666666666666
Papalexi_IFNg_IL2STAT5,29,gated_random,Papalexi,0.6,0.5,0.3333333333333333
Papalexi_IFNg_IL2STAT5,29,gated_random,Papalexi,0.8,0.3333333333333333,0.3333333333333333
Papalexi_IFNg_IL2STAT5,29,old_controller,Papalexi,0.6,0.3333333333333333,0.16666666666666666
Papalexi_IFNg_IL2STAT5,29,old_controller,Papalexi,0.8,0.16666666666666666,0.16666666666666666
Tian_all_IFNG,0,random,Tian,0.6,0.21428571428571427,0.40476190476190477
Tian_all_IFNG,0,random,Tian,0.8,0.047619047619047616,0.19047619047619047
Tian_all_IFNG,0,fixed_ridge,Tian,0.6,0.14285714285714285,0.38095238095238093
Tian_all_IFNG,0,fixed_ridge,Tian,0.8,0.09523809523809523,0.16666666666666666
Tian_all_IFNG,0,greedy_ridge,Tian,0.6,0.19047619047619047,0.35714285714285715
Tian_all_IFNG,0,greedy_ridge,Tian,0.8,0.16666666666666666,0.14285714285714285
Tian_all_IFNG,0,linear_ucb,Tian,0.6,0.21428571428571427,0.38095238095238093
Tian_all_IFNG,0,linear_ucb,Tian,0.8,0.14285714285714285,0.11904761904761904
Tian_all_IFNG,0,diversity,Tian,0.6,0.23809523809523808,0.35714285714285715
Tian_all_IFNG,0,diversity,Tian,0.8,0.11904761904761904,0.16666666666666666
Tian_all_IFNG,0,extra_trees,Tian,0.6,0.21428571428571427,0.35714285714285715
Tian_all_IFNG,0,extra_trees,Tian,0.8,0.16666666666666666,0.16666666666666666
Tian_all_IFNG,0,gated_random,Tian,0.6,0.21428571428571427,0.40476190476190477
Tian_all_IFNG,0,gated_random,Tian,0.8,0.047619047619047616,0.19047619047619047
Tian_all_IFNG,0,old_controller,Tian,0.6,0.23809523809523808,0.35714285714285715
Tian_all_IFNG,0,old_controller,Tian,0.8,0.11904761904761904,0.16666666666666666
Tian_all_IFNG,1,random,Tian,0.6,0.30952380952380953,0.42857142857142855
Tian_all_IFNG,1,random,Tian,0.8,0.19047619047619047,0.19047619047619047
Tian_all_IFNG,1,fixed_ridge,Tian,0.6,0.21428571428571427,0.2619047619047619
Tian_all_IFNG,1,fixed_ridge,Tian,0.8,0.11904761904761904,0.16666666666666666
Tian_all_IFNG,1,greedy_ridge,Tian,0.6,0.2619047619047619,0.3333333333333333
Tian_all_IFNG,1,greedy_ridge,Tian,0.8,0.16666666666666666,0.16666666666666666
Tian_all_IFNG,1,linear_ucb,Tian,0.6,0.2857142857142857,0.2857142857142857
Tian_all_IFNG,1,linear_ucb,Tian,0.8,0.16666666666666666,0.14285714285714285
Tian_all_IFNG,1,diversity,Tian,0.6,0.3333333333333333,0.40476190476190477
Tian_all_IFNG,1,diversity,Tian,0.8,0.19047619047619047,0.23809523809523808
Tian_all_IFNG,1,extra_trees,Tian,0.6,0.3333333333333333,0.30952380952380953
Tian_all_IFNG,1,extra_trees,Tian,0.8,0.19047619047619047,0.16666666666666666
Tian_all_IFNG,1,gated_random,Tian,0.6,0.30952380952380953,0.42857142857142855
Tian_all_IFNG,1,gated_random,Tian,0.8,0.19047619047619047,0.19047619047619047
Tian_all_IFNG,1,old_controller,Tian,0.6,0.3333333333333333,0.40476190476190477
Tian_all_IFNG,1,old_controller,Tian,0.8,0.19047619047619047,0.23809523809523808
Tian_all_IFNG,2,random,Tian,0.6,0.19047619047619047,0.40476190476190477
Tian_all_IFNG,2,random,Tian,0.8,0.11904761904761904,0.16666666666666666
Tian_all_IFNG,2,fixed_ridge,Tian,0.6,0.21428571428571427,0.40476190476190477
Tian_all_IFNG,2,fixed_ridge,Tian,0.8,0.07142857142857142,0.16666666666666666
Tian_all_IFNG,2,greedy_ridge,Tian,0.6,0.21428571428571427,0.40476190476190477
Tian_all_IFNG,2,greedy_ridge,Tian,0.8,0.11904761904761904,0.19047619047619047
Tian_all_IFNG,2,linear_ucb,Tian,0.6,0.23809523809523808,0.38095238095238093
Tian_all_IFNG,2,linear_ucb,Tian,0.8,0.11904761904761904,0.19047619047619047
Tian_all_IFNG,2,diversity,Tian,0.6,0.2619047619047619,0.40476190476190477
Tian_all_IFNG,2,diversity,Tian,0.8,0.19047619047619047,0.23809523809523808
Tian_all_IFNG,2,extra_trees,Tian,0.6,0.2857142857142857,0.40476190476190477
Tian_all_IFNG,2,extra_trees,Tian,0.8,0.19047619047619047,0.2619047619047619
Tian_all_IFNG,2,gated_random,Tian,0.6,0.16666666666666666,0.40476190476190477
Tian_all_IFNG,2,gated_random,Tian,0.8,0.09523809523809523,0.23809523809523808
Tian_all_IFNG,2,old_controller,Tian,0.6,0.21428571428571427,0.38095238095238093
Tian_all_IFNG,2,old_controller,Tian,0.8,0.09523809523809523,0.19047619047619047
Tian_all_IFNG,3,random,Tian,0.6,0.2619047619047619,0.42857142857142855
Tian_all_IFNG,3,random,Tian,0.8,0.11904761904761904,0.16666666666666666
Tian_all_IFNG,3,fixed_ridge,Tian,0.6,0.19047619047619047,0.3333333333333333
Tian_all_IFNG,3,fixed_ridge,Tian,0.8,0.11904761904761904,0.11904761904761904
Tian_all_IFNG,3,greedy_ridge,Tian,0.6,0.2619047619047619,0.42857142857142855
Tian_all_IFNG,3,greedy_ridge,Tian,0.8,0.11904761904761904,0.19047619047619047
Tian_all_IFNG,3,linear_ucb,Tian,0.6,0.23809523809523808,0.42857142857142855
Tian_all_IFNG,3,linear_ucb,Tian,0.8,0.11904761904761904,0.16666666666666666
Tian_all_IFNG,3,diversity,Tian,0.6,0.3333333333333333,0.40476190476190477
Tian_all_IFNG,3,diversity,Tian,0.8,0.16666666666666666,0.16666666666666666
Tian_all_IFNG,3,extra_trees,Tian,0.6,0.2619047619047619,0.42857142857142855
Tian_all_IFNG,3,extra_trees,Tian,0.8,0.16666666666666666,0.21428571428571427
Tian_all_IFNG,3,gated_random,Tian,0.6,0.2619047619047619,0.42857142857142855
Tian_all_IFNG,3,gated_random,Tian,0.8,0.11904761904761904,0.16666666666666666
Tian_all_IFNG,3,old_controller,Tian,0.6,0.3333333333333333,0.40476190476190477
Tian_all_IFNG,3,old_controller,Tian,0.8,0.16666666666666666,0.16666666666666666
Tian_all_IFNG,4,random,Tian,0.6,0.2619047619047619,0.42857142857142855
Tian_all_IFNG,4,random,Tian,0.8,0.14285714285714285,0.23809523809523808
Tian_all_IFNG,4,fixed_ridge,Tian,0.6,0.16666666666666666,0.4523809523809524
Tian_all_IFNG,4,fixed_ridge,Tian,0.8,0.11904761904761904,0.2619047619047619
Tian_all_IFNG,4,greedy_ridge,Tian,0.6,0.16666666666666666,0.38095238095238093
Tian_all_IFNG,4,greedy_ridge,Tian,0.8,0.09523809523809523,0.23809523809523808
Tian_all_IFNG,4,linear_ucb,Tian,0.6,0.19047619047619047,0.38095238095238093
Tian_all_IFNG,4,linear_ucb,Tian,0.8,0.11904761904761904,0.21428571428571427
Tian_all_IFNG,4,diversity,Tian,0.6,0.2619047619047619,0.38095238095238093
Tian_all_IFNG,4,diversity,Tian,0.8,0.16666666666666666,0.21428571428571427
Tian_all_IFNG,4,extra_trees,Tian,0.6,0.21428571428571427,0.3333333333333333
Tian_all_IFNG,4,extra_trees,Tian,0.8,0.14285714285714285,0.21428571428571427
Tian_all_IFNG,4,gated_random,Tian,0.6,0.2857142857142857,0.35714285714285715
Tian_all_IFNG,4,gated_random,Tian,0.8,0.19047619047619047,0.21428571428571427
Tian_all_IFNG,4,old_controller,Tian,0.6,0.2619047619047619,0.35714285714285715
Tian_all_IFNG,4,old_controller,Tian,0.8,0.11904761904761904,0.14285714285714285
Tian_all_IFNG,5,random,Tian,0.6,0.23809523809523808,0.42857142857142855
Tian_all_IFNG,5,random,Tian,0.8,0.16666666666666666,0.30952380952380953
Tian_all_IFNG,5,fixed_ridge,Tian,0.6,0.2857142857142857,0.3333333333333333
Tian_all_IFNG,5,fixed_ridge,Tian,0.8,0.19047619047619047,0.16666666666666666
Tian_all_IFNG,5,greedy_ridge,Tian,0.6,0.21428571428571427,0.40476190476190477
Tian_all_IFNG,5,greedy_ridge,Tian,0.8,0.14285714285714285,0.21428571428571427
Tian_all_IFNG,5,linear_ucb,Tian,0.6,0.2857142857142857,0.38095238095238093
Tian_all_IFNG,5,linear_ucb,Tian,0.8,0.19047619047619047,0.16666666666666666
Tian_all_IFNG,5,diversity,Tian,0.6,0.30952380952380953,0.38095238095238093
Tian_all_IFNG,5,diversity,Tian,0.8,0.21428571428571427,0.21428571428571427
Tian_all_IFNG,5,extra_trees,Tian,0.6,0.2857142857142857,0.35714285714285715
Tian_all_IFNG,5,extra_trees,Tian,0.8,0.19047619047619047,0.21428571428571427
Tian_all_IFNG,5,gated_random,Tian,0.6,0.2857142857142857,0.42857142857142855
Tian_all_IFNG,5,gated_random,Tian,0.8,0.19047619047619047,0.30952380952380953
Tian_all_IFNG,5,old_controller,Tian,0.6,0.35714285714285715,0.35714285714285715
Tian_all_IFNG,5,old_controller,Tian,0.8,0.23809523809523808,0.23809523809523808
Tian_all_IFNG,6,random,Tian,0.6,0.21428571428571427,0.35714285714285715
Tian_all_IFNG,6,random,Tian,0.8,0.14285714285714285,0.07142857142857142
Tian_all_IFNG,6,fixed_ridge,Tian,0.6,0.3333333333333333,0.3333333333333333
Tian_all_IFNG,6,fixed_ridge,Tian,0.8,0.21428571428571427,0.14285714285714285
Tian_all_IFNG,6,greedy_ridge,Tian,0.6,0.2619047619047619,0.38095238095238093
Tian_all_IFNG,6,greedy_ridge,Tian,0.8,0.19047619047619047,0.19047619047619047
Tian_all_IFNG,6,linear_ucb,Tian,0.6,0.30952380952380953,0.3333333333333333
Tian_all_IFNG,6,linear_ucb,Tian,0.8,0.23809523809523808,0.16666666666666666
Tian_all_IFNG,6,diversity,Tian,0.6,0.23809523809523808,0.3333333333333333
Tian_all_IFNG,6,diversity,Tian,0.8,0.14285714285714285,0.14285714285714285
Tian_all_IFNG,6,extra_trees,Tian,0.6,0.30952380952380953,0.38095238095238093
Tian_all_IFNG,6,extra_trees,Tian,0.8,0.21428571428571427,0.19047619047619047
Tian_all_IFNG,6,gated_random,Tian,0.6,0.30952380952380953,0.35714285714285715
Tian_all_IFNG,6,gated_random,Tian,0.8,0.21428571428571427,0.14285714285714285
Tian_all_IFNG,6,old_controller,Tian,0.6,0.2619047619047619,0.40476190476190477
Tian_all_IFNG,6,old_controller,Tian,0.8,0.14285714285714285,0.16666666666666666
Tian_all_IFNG,7,random,Tian,0.6,0.23809523809523808,0.2857142857142857
Tian_all_IFNG,7,random,Tian,0.8,0.11904761904761904,0.11904761904761904
Tian_all_IFNG,7,fixed_ridge,Tian,0.6,0.14285714285714285,0.30952380952380953
Tian_all_IFNG,7,fixed_ridge,Tian,0.8,0.07142857142857142,0.16666666666666666
Tian_all_IFNG,7,greedy_ridge,Tian,0.6,0.16666666666666666,0.30952380952380953
Tian_all_IFNG,7,greedy_ridge,Tian,0.8,0.07142857142857142,0.16666666666666666
Tian_all_IFNG,7,linear_ucb,Tian,0.6,0.19047619047619047,0.30952380952380953
Tian_all_IFNG,7,linear_ucb,Tian,0.8,0.09523809523809523,0.19047619047619047
Tian_all_IFNG,7,diversity,Tian,0.6,0.30952380952380953,0.42857142857142855
Tian_all_IFNG,7,diversity,Tian,0.8,0.19047619047619047,0.21428571428571427
Tian_all_IFNG,7,extra_trees,Tian,0.6,0.09523809523809523,0.3333333333333333
Tian_all_IFNG,7,extra_trees,Tian,0.8,0.047619047619047616,0.21428571428571427
Tian_all_IFNG,7,gated_random,Tian,0.6,0.23809523809523808,0.2857142857142857
Tian_all_IFNG,7,gated_random,Tian,0.8,0.11904761904761904,0.11904761904761904
Tian_all_IFNG,7,old_controller,Tian,0.6,0.30952380952380953,0.42857142857142855
Tian_all_IFNG,7,old_controller,Tian,0.8,0.19047619047619047,0.21428571428571427
Tian_all_IFNG,8,random,Tian,0.6,0.30952380952380953,0.38095238095238093
Tian_all_IFNG,8,random,Tian,0.8,0.23809523809523808,0.2857142857142857
Tian_all_IFNG,8,fixed_ridge,Tian,0.6,0.2619047619047619,0.35714285714285715
Tian_all_IFNG,8,fixed_ridge,Tian,0.8,0.14285714285714285,0.21428571428571427
Tian_all_IFNG,8,greedy_ridge,Tian,0.6,0.35714285714285715,0.3333333333333333
Tian_all_IFNG,8,greedy_ridge,Tian,0.8,0.23809523809523808,0.16666666666666666
Tian_all_IFNG,8,linear_ucb,Tian,0.6,0.38095238095238093,0.35714285714285715
Tian_all_IFNG,8,linear_ucb,Tian,0.8,0.23809523809523808,0.16666666666666666
Tian_all_IFNG,8,diversity,Tian,0.6,0.30952380952380953,0.40476190476190477
Tian_all_IFNG,8,diversity,Tian,0.8,0.21428571428571427,0.21428571428571427
Tian_all_IFNG,8,extra_trees,Tian,0.6,0.30952380952380953,0.4523809523809524
Tian_all_IFNG,8,extra_trees,Tian,0.8,0.16666666666666666,0.19047619047619047
Tian_all_IFNG,8,gated_random,Tian,0.6,0.30952380952380953,0.38095238095238093
Tian_all_IFNG,8,gated_random,Tian,0.8,0.23809523809523808,0.2857142857142857
Tian_all_IFNG,8,old_controller,Tian,0.6,0.30952380952380953,0.40476190476190477
Tian_all_IFNG,8,old_controller,Tian,0.8,0.21428571428571427,0.21428571428571427
Tian_all_IFNG,9,random,Tian,0.6,0.2857142857142857,0.40476190476190477
Tian_all_IFNG,9,random,Tian,0.8,0.19047619047619047,0.16666666666666666
Tian_all_IFNG,9,fixed_ridge,Tian,0.6,0.23809523809523808,0.35714285714285715
Tian_all_IFNG,9,fixed_ridge,Tian,0.8,0.14285714285714285,0.19047619047619047
Tian_all_IFNG,9,greedy_ridge,Tian,0.6,0.11904761904761904,0.38095238095238093
Tian_all_IFNG,9,greedy_ridge,Tian,0.8,0.09523809523809523,0.19047619047619047
Tian_all_IFNG,9,linear_ucb,Tian,0.6,0.16666666666666666,0.38095238095238093
Tian_all_IFNG,9,linear_ucb,Tian,0.8,0.14285714285714285,0.19047619047619047
Tian_all_IFNG,9,diversity,Tian,0.6,0.23809523809523808,0.38095238095238093
Tian_all_IFNG,9,diversity,Tian,0.8,0.16666666666666666,0.16666666666666666
Tian_all_IFNG,9,extra_trees,Tian,0.6,0.3333333333333333,0.42857142857142855
Tian_all_IFNG,9,extra_trees,Tian,0.8,0.21428571428571427,0.19047619047619047
Tian_all_IFNG,9,gated_random,Tian,0.6,0.2857142857142857,0.40476190476190477
Tian_all_IFNG,9,gated_random,Tian,0.8,0.19047619047619047,0.16666666666666666
Tian_all_IFNG,9,old_controller,Tian,0.6,0.2619047619047619,0.40476190476190477
Tian_all_IFNG,9,old_controller,Tian,0.8,0.16666666666666666,0.23809523809523808
Tian_all_IFNG,10,random,Tian,0.6,0.23809523809523808,0.40476190476190477
Tian_all_IFNG,10,random,Tian,0.8,0.14285714285714285,0.21428571428571427
Tian_all_IFNG,10,fixed_ridge,Tian,0.6,0.23809523809523808,0.38095238095238093
Tian_all_IFNG,10,fixed_ridge,Tian,0.8,0.14285714285714285,0.23809523809523808
Tian_all_IFNG,10,greedy_ridge,Tian,0.6,0.19047619047619047,0.38095238095238093
Tian_all_IFNG,10,greedy_ridge,Tian,0.8,0.11904761904761904,0.19047619047619047
Tian_all_IFNG,10,linear_ucb,Tian,0.6,0.2619047619047619,0.42857142857142855
Tian_all_IFNG,10,linear_ucb,Tian,0.8,0.16666666666666666,0.21428571428571427
Tian_all_IFNG,10,diversity,Tian,0.6,0.23809523809523808,0.42857142857142855
Tian_all_IFNG,10,diversity,Tian,0.8,0.14285714285714285,0.23809523809523808
Tian_all_IFNG,10,extra_trees,Tian,0.6,0.23809523809523808,0.4523809523809524
Tian_all_IFNG,10,extra_trees,Tian,0.8,0.11904761904761904,0.21428571428571427
Tian_all_IFNG,10,gated_random,Tian,0.6,0.23809523809523808,0.40476190476190477
Tian_all_IFNG,10,gated_random,Tian,0.8,0.14285714285714285,0.21428571428571427
Tian_all_IFNG,10,old_controller,Tian,0.6,0.2619047619047619,0.47619047619047616
Tian_all_IFNG,10,old_controller,Tian,0.8,0.19047619047619047,0.30952380952380953
Tian_all_IFNG,11,random,Tian,0.6,0.35714285714285715,0.30952380952380953
Tian_all_IFNG,11,random,Tian,0.8,0.2857142857142857,0.16666666666666666
Tian_all_IFNG,11,fixed_ridge,Tian,0.6,0.30952380952380953,0.3333333333333333
Tian_all_IFNG,11,fixed_ridge,Tian,0.8,0.19047619047619047,0.16666666666666666
Tian_all_IFNG,11,greedy_ridge,Tian,0.6,0.35714285714285715,0.38095238095238093
Tian_all_IFNG,11,greedy_ridge,Tian,0.8,0.2619047619047619,0.21428571428571427
Tian_all_IFNG,11,linear_ucb,Tian,0.6,0.35714285714285715,0.42857142857142855
Tian_all_IFNG,11,linear_ucb,Tian,0.8,0.23809523809523808,0.23809523809523808
Tian_all_IFNG,11,diversity,Tian,0.6,0.2619047619047619,0.35714285714285715
Tian_all_IFNG,11,diversity,Tian,0.8,0.14285714285714285,0.14285714285714285
Tian_all_IFNG,11,extra_trees,Tian,0.6,0.2857142857142857,0.3333333333333333
Tian_all_IFNG,11,extra_trees,Tian,0.8,0.23809523809523808,0.14285714285714285
Tian_all_IFNG,11,gated_random,Tian,0.6,0.2857142857142857,0.30952380952380953
Tian_all_IFNG,11,gated_random,Tian,0.8,0.16666666666666666,0.09523809523809523
Tian_all_IFNG,11,old_controller,Tian,0.6,0.2619047619047619,0.35714285714285715
Tian_all_IFNG,11,old_controller,Tian,0.8,0.14285714285714285,0.14285714285714285
Tian_all_IFNG,12,random,Tian,0.6,0.30952380952380953,0.47619047619047616
Tian_all_IFNG,12,random,Tian,0.8,0.19047619047619047,0.19047619047619047
Tian_all_IFNG,12,fixed_ridge,Tian,0.6,0.2619047619047619,0.38095238095238093
Tian_all_IFNG,12,fixed_ridge,Tian,0.8,0.19047619047619047,0.23809523809523808
Tian_all_IFNG,12,greedy_ridge,Tian,0.6,0.2619047619047619,0.3333333333333333
Tian_all_IFNG,12,greedy_ridge,Tian,0.8,0.19047619047619047,0.21428571428571427
Tian_all_IFNG,12,linear_ucb,Tian,0.6,0.21428571428571427,0.38095238095238093
Tian_all_IFNG,12,linear_ucb,Tian,0.8,0.14285714285714285,0.23809523809523808
Tian_all_IFNG,12,diversity,Tian,0.6,0.2857142857142857,0.38095238095238093
Tian_all_IFNG,12,diversity,Tian,0.8,0.16666666666666666,0.14285714285714285
Tian_all_IFNG,12,extra_trees,Tian,0.6,0.2619047619047619,0.42857142857142855
Tian_all_IFNG,12,extra_trees,Tian,0.8,0.23809523809523808,0.2857142857142857
Tian_all_IFNG,12,gated_random,Tian,0.6,0.3333333333333333,0.4523809523809524
Tian_all_IFNG,12,gated_random,Tian,0.8,0.21428571428571427,0.23809523809523808
Tian_all_IFNG,12,old_controller,Tian,0.6,0.2857142857142857,0.38095238095238093
Tian_all_IFNG,12,old_controller,Tian,0.8,0.16666666666666666,0.14285714285714285
Tian_all_IFNG,13,random,Tian,0.6,0.30952380952380953,0.5238095238095238
Tian_all_IFNG,13,random,Tian,0.8,0.16666666666666666,0.21428571428571427
Tian_all_IFNG,13,fixed_ridge,Tian,0.6,0.23809523809523808,0.4523809523809524
Tian_all_IFNG,13,fixed_ridge,Tian,0.8,0.16666666666666666,0.23809523809523808
Tian_all_IFNG,13,greedy_ridge,Tian,0.6,0.30952380952380953,0.40476190476190477
Tian_all_IFNG,13,greedy_ridge,Tian,0.8,0.23809523809523808,0.19047619047619047
Tian_all_IFNG,13,linear_ucb,Tian,0.6,0.2857142857142857,0.42857142857142855
Tian_all_IFNG,13,linear_ucb,Tian,0.8,0.21428571428571427,0.21428571428571427
Tian_all_IFNG,13,diversity,Tian,0.6,0.30952380952380953,0.47619047619047616
Tian_all_IFNG,13,diversity,Tian,0.8,0.19047619047619047,0.21428571428571427
Tian_all_IFNG,13,extra_trees,Tian,0.6,0.21428571428571427,0.3333333333333333
Tian_all_IFNG,13,extra_trees,Tian,0.8,0.11904761904761904,0.11904761904761904
Tian_all_IFNG,13,gated_random,Tian,0.6,0.30952380952380953,0.5238095238095238
Tian_all_IFNG,13,gated_random,Tian,0.8,0.16666666666666666,0.21428571428571427
Tian_all_IFNG,13,old_controller,Tian,0.6,0.30952380952380953,0.47619047619047616
Tian_all_IFNG,13,old_controller,Tian,0.8,0.19047619047619047,0.21428571428571427
Tian_all_IFNG,14,random,Tian,0.6,0.23809523809523808,0.35714285714285715
Tian_all_IFNG,14,random,Tian,0.8,0.14285714285714285,0.16666666666666666
Tian_all_IFNG,14,fixed_ridge,Tian,0.6,0.30952380952380953,0.40476190476190477
Tian_all_IFNG,14,fixed_ridge,Tian,0.8,0.21428571428571427,0.19047619047619047
Tian_all_IFNG,14,greedy_ridge,Tian,0.6,0.2857142857142857,0.35714285714285715
Tian_all_IFNG,14,greedy_ridge,Tian,0.8,0.19047619047619047,0.19047619047619047
Tian_all_IFNG,14,linear_ucb,Tian,0.6,0.21428571428571427,0.38095238095238093
Tian_all_IFNG,14,linear_ucb,Tian,0.8,0.16666666666666666,0.21428571428571427
Tian_all_IFNG,14,diversity,Tian,0.6,0.21428571428571427,0.4523809523809524
Tian_all_IFNG,14,diversity,Tian,0.8,0.11904761904761904,0.21428571428571427
Tian_all_IFNG,14,extra_trees,Tian,0.6,0.30952380952380953,0.42857142857142855
Tian_all_IFNG,14,extra_trees,Tian,0.8,0.19047619047619047,0.2857142857142857
Tian_all_IFNG,14,gated_random,Tian,0.6,0.23809523809523808,0.35714285714285715
Tian_all_IFNG,14,gated_random,Tian,0.8,0.14285714285714285,0.16666666666666666
Tian_all_IFNG,14,old_controller,Tian,0.6,0.21428571428571427,0.4523809523809524
Tian_all_IFNG,14,old_controller,Tian,0.8,0.11904761904761904,0.21428571428571427
Tian_all_IFNG,15,random,Tian,0.6,0.19047619047619047,0.3333333333333333
Tian_all_IFNG,15,random,Tian,0.8,0.07142857142857142,0.16666666666666666
Tian_all_IFNG,15,fixed_ridge,Tian,0.6,0.19047619047619047,0.2619047619047619
Tian_all_IFNG,15,fixed_ridge,Tian,0.8,0.11904761904761904,0.11904761904761904
Tian_all_IFNG,15,greedy_ridge,Tian,0.6,0.23809523809523808,0.2857142857142857
Tian_all_IFNG,15,greedy_ridge,Tian,0.8,0.09523809523809523,0.16666666666666666
Tian_all_IFNG,15,linear_ucb,Tian,0.6,0.2619047619047619,0.2857142857142857
Tian_all_IFNG,15,linear_ucb,Tian,0.8,0.14285714285714285,0.16666666666666666
Tian_all_IFNG,15,diversity,Tian,0.6,0.2857142857142857,0.38095238095238093
Tian_all_IFNG,15,diversity,Tian,0.8,0.14285714285714285,0.16666666666666666
Tian_all_IFNG,15,extra_trees,Tian,0.6,0.21428571428571427,0.23809523809523808
Tian_all_IFNG,15,extra_trees,Tian,0.8,0.09523809523809523,0.14285714285714285
Tian_all_IFNG,15,gated_random,Tian,0.6,0.19047619047619047,0.3333333333333333
Tian_all_IFNG,15,gated_random,Tian,0.8,0.07142857142857142,0.16666666666666666
Tian_all_IFNG,15,old_controller,Tian,0.6,0.2857142857142857,0.38095238095238093
Tian_all_IFNG,15,old_controller,Tian,0.8,0.14285714285714285,0.16666666666666666
Tian_all_IFNG,16,random,Tian,0.6,0.21428571428571427,0.40476190476190477
Tian_all_IFNG,16,random,Tian,0.8,0.11904761904761904,0.16666666666666666
Tian_all_IFNG,16,fixed_ridge,Tian,0.6,0.23809523809523808,0.42857142857142855
Tian_all_IFNG,16,fixed_ridge,Tian,0.8,0.14285714285714285,0.19047619047619047
Tian_all_IFNG,16,greedy_ridge,Tian,0.6,0.2619047619047619,0.4523809523809524
Tian_all_IFNG,16,greedy_ridge,Tian,0.8,0.16666666666666666,0.21428571428571427
Tian_all_IFNG,16,linear_ucb,Tian,0.6,0.23809523809523808,0.40476190476190477
Tian_all_IFNG,16,linear_ucb,Tian,0.8,0.16666666666666666,0.21428571428571427
Tian_all_IFNG,16,diversity,Tian,0.6,0.2857142857142857,0.5
Tian_all_IFNG,16,diversity,Tian,0.8,0.16666666666666666,0.23809523809523808
Tian_all_IFNG,16,extra_trees,Tian,0.6,0.2857142857142857,0.35714285714285715
Tian_all_IFNG,16,extra_trees,Tian,0.8,0.21428571428571427,0.16666666666666666
Tian_all_IFNG,16,gated_random,Tian,0.6,0.21428571428571427,0.40476190476190477
Tian_all_IFNG,16,gated_random,Tian,0.8,0.11904761904761904,0.16666666666666666
Tian_all_IFNG,16,old_controller,Tian,0.6,0.2857142857142857,0.5
Tian_all_IFNG,16,old_controller,Tian,0.8,0.16666666666666666,0.23809523809523808
Tian_all_IFNG,17,random,Tian,0.6,0.19047619047619047,0.21428571428571427
Tian_all_IFNG,17,random,Tian,0.8,0.09523809523809523,0.11904761904761904
Tian_all_IFNG,17,fixed_ridge,Tian,0.6,0.3333333333333333,0.3333333333333333
Tian_all_IFNG,17,fixed_ridge,Tian,0.8,0.16666666666666666,0.16666666666666666
Tian_all_IFNG,17,greedy_ridge,Tian,0.6,0.3333333333333333,0.3333333333333333
Tian_all_IFNG,17,greedy_ridge,Tian,0.8,0.21428571428571427,0.19047619047619047
Tian_all_IFNG,17,linear_ucb,Tian,0.6,0.2619047619047619,0.35714285714285715
Tian_all_IFNG,17,linear_ucb,Tian,0.8,0.16666666666666666,0.23809523809523808
Tian_all_IFNG,17,diversity,Tian,0.6,0.30952380952380953,0.3333333333333333
Tian_all_IFNG,17,diversity,Tian,0.8,0.19047619047619047,0.16666666666666666
Tian_all_IFNG,17,extra_trees,Tian,0.6,0.23809523809523808,0.2857142857142857
Tian_all_IFNG,17,extra_trees,Tian,0.8,0.16666666666666666,0.14285714285714285
Tian_all_IFNG,17,gated_random,Tian,0.6,0.19047619047619047,0.21428571428571427
Tian_all_IFNG,17,gated_random,Tian,0.8,0.09523809523809523,0.11904761904761904
Tian_all_IFNG,17,old_controller,Tian,0.6,0.38095238095238093,0.3333333333333333
Tian_all_IFNG,17,old_controller,Tian,0.8,0.2619047619047619,0.21428571428571427
Tian_all_IFNG,18,random,Tian,0.6,0.2857142857142857,0.30952380952380953
Tian_all_IFNG,18,random,Tian,0.8,0.14285714285714285,0.16666666666666666
Tian_all_IFNG,18,fixed_ridge,Tian,0.6,0.23809523809523808,0.5
Tian_all_IFNG,18,fixed_ridge,Tian,0.8,0.14285714285714285,0.23809523809523808
Tian_all_IFNG,18,greedy_ridge,Tian,0.6,0.23809523809523808,0.40476190476190477
Tian_all_IFNG,18,greedy_ridge,Tian,0.8,0.19047619047619047,0.23809523809523808
Tian_all_IFNG,18,linear_ucb,Tian,0.6,0.2857142857142857,0.47619047619047616
Tian_all_IFNG,18,linear_ucb,Tian,0.8,0.21428571428571427,0.21428571428571427
Tian_all_IFNG,18,diversity,Tian,0.6,0.35714285714285715,0.40476190476190477
Tian_all_IFNG,18,diversity,Tian,0.8,0.21428571428571427,0.21428571428571427
Tian_all_IFNG,18,extra_trees,Tian,0.6,0.19047619047619047,0.4523809523809524
Tian_all_IFNG,18,extra_trees,Tian,0.8,0.09523809523809523,0.23809523809523808
Tian_all_IFNG,18,gated_random,Tian,0.6,0.2857142857142857,0.30952380952380953
Tian_all_IFNG,18,gated_random,Tian,0.8,0.14285714285714285,0.16666666666666666
Tian_all_IFNG,18,old_controller,Tian,0.6,0.35714285714285715,0.40476190476190477
Tian_all_IFNG,18,old_controller,Tian,0.8,0.21428571428571427,0.21428571428571427
Tian_all_IFNG,19,random,Tian,0.6,0.19047619047619047,0.40476190476190477
Tian_all_IFNG,19,random,Tian,0.8,0.14285714285714285,0.23809523809523808
Tian_all_IFNG,19,fixed_ridge,Tian,0.6,0.23809523809523808,0.2857142857142857
Tian_all_IFNG,19,fixed_ridge,Tian,0.8,0.16666666666666666,0.19047619047619047
Tian_all_IFNG,19,greedy_ridge,Tian,0.6,0.16666666666666666,0.2619047619047619
Tian_all_IFNG,19,greedy_ridge,Tian,0.8,0.09523809523809523,0.14285714285714285
Tian_all_IFNG,19,linear_ucb,Tian,0.6,0.16666666666666666,0.3333333333333333
Tian_all_IFNG,19,linear_ucb,Tian,0.8,0.11904761904761904,0.16666666666666666
Tian_all_IFNG,19,diversity,Tian,0.6,0.35714285714285715,0.40476190476190477
Tian_all_IFNG,19,diversity,Tian,0.8,0.21428571428571427,0.19047619047619047
Tian_all_IFNG,19,extra_trees,Tian,0.6,0.19047619047619047,0.3333333333333333
Tian_all_IFNG,19,extra_trees,Tian,0.8,0.09523809523809523,0.19047619047619047
Tian_all_IFNG,19,gated_random,Tian,0.6,0.19047619047619047,0.40476190476190477
Tian_all_IFNG,19,gated_random,Tian,0.8,0.14285714285714285,0.23809523809523808
Tian_all_IFNG,19,old_controller,Tian,0.6,0.35714285714285715,0.40476190476190477
Tian_all_IFNG,19,old_controller,Tian,0.8,0.21428571428571427,0.19047619047619047
Tian_all_IFNG,20,random,Tian,0.6,0.2619047619047619,0.30952380952380953
Tian_all_IFNG,20,random,Tian,0.8,0.14285714285714285,0.16666666666666666
Tian_all_IFNG,20,fixed_ridge,Tian,0.6,0.30952380952380953,0.40476190476190477
Tian_all_IFNG,20,fixed_ridge,Tian,0.8,0.16666666666666666,0.23809523809523808
Tian_all_IFNG,20,greedy_ridge,Tian,0.6,0.2857142857142857,0.38095238095238093
Tian_all_IFNG,20,greedy_ridge,Tian,0.8,0.19047619047619047,0.21428571428571427
Tian_all_IFNG,20,linear_ucb,Tian,0.6,0.30952380952380953,0.38095238095238093
Tian_all_IFNG,20,linear_ucb,Tian,0.8,0.21428571428571427,0.21428571428571427
Tian_all_IFNG,20,diversity,Tian,0.6,0.2857142857142857,0.38095238095238093
Tian_all_IFNG,20,diversity,Tian,0.8,0.16666666666666666,0.19047619047619047
Tian_all_IFNG,20,extra_trees,Tian,0.6,0.21428571428571427,0.40476190476190477
Tian_all_IFNG,20,extra_trees,Tian,0.8,0.14285714285714285,0.30952380952380953
Tian_all_IFNG,20,gated_random,Tian,0.6,0.2619047619047619,0.30952380952380953
Tian_all_IFNG,20,gated_random,Tian,0.8,0.14285714285714285,0.16666666666666666
Tian_all_IFNG,20,old_controller,Tian,0.6,0.30952380952380953,0.38095238095238093
Tian_all_IFNG,20,old_controller,Tian,0.8,0.21428571428571427,0.21428571428571427
Tian_all_IFNG,21,random,Tian,0.6,0.30952380952380953,0.3333333333333333
Tian_all_IFNG,21,random,Tian,0.8,0.16666666666666666,0.14285714285714285
Tian_all_IFNG,21,fixed_ridge,Tian,0.6,0.2619047619047619,0.30952380952380953
Tian_all_IFNG,21,fixed_ridge,Tian,0.8,0.11904761904761904,0.14285714285714285
Tian_all_IFNG,21,greedy_ridge,Tian,0.6,0.2857142857142857,0.3333333333333333
Tian_all_IFNG,21,greedy_ridge,Tian,0.8,0.16666666666666666,0.19047619047619047
Tian_all_IFNG,21,linear_ucb,Tian,0.6,0.30952380952380953,0.3333333333333333
Tian_all_IFNG,21,linear_ucb,Tian,0.8,0.14285714285714285,0.14285714285714285
Tian_all_IFNG,21,diversity,Tian,0.6,0.3333333333333333,0.42857142857142855
Tian_all_IFNG,21,diversity,Tian,0.8,0.19047619047619047,0.21428571428571427
Tian_all_IFNG,21,extra_trees,Tian,0.6,0.23809523809523808,0.4523809523809524
Tian_all_IFNG,21,extra_trees,Tian,0.8,0.16666666666666666,0.2857142857142857
Tian_all_IFNG,21,gated_random,Tian,0.6,0.30952380952380953,0.3333333333333333
Tian_all_IFNG,21,gated_random,Tian,0.8,0.16666666666666666,0.14285714285714285
Tian_all_IFNG,21,old_controller,Tian,0.6,0.2857142857142857,0.42857142857142855
Tian_all_IFNG,21,old_controller,Tian,0.8,0.16666666666666666,0.2619047619047619
Tian_all_IFNG,22,random,Tian,0.6,0.35714285714285715,0.35714285714285715
Tian_all_IFNG,22,random,Tian,0.8,0.23809523809523808,0.16666666666666666
Tian_all_IFNG,22,fixed_ridge,Tian,0.6,0.2619047619047619,0.3333333333333333
Tian_all_IFNG,22,fixed_ridge,Tian,0.8,0.19047619047619047,0.19047619047619047
Tian_all_IFNG,22,greedy_ridge,Tian,0.6,0.2857142857142857,0.3333333333333333
Tian_all_IFNG,22,greedy_ridge,Tian,0.8,0.19047619047619047,0.19047619047619047
Tian_all_IFNG,22,linear_ucb,Tian,0.6,0.30952380952380953,0.3333333333333333
Tian_all_IFNG,22,linear_ucb,Tian,0.8,0.21428571428571427,0.19047619047619047
Tian_all_IFNG,22,diversity,Tian,0.6,0.2857142857142857,0.38095238095238093
Tian_all_IFNG,22,diversity,Tian,0.8,0.21428571428571427,0.16666666666666666
Tian_all_IFNG,22,extra_trees,Tian,0.6,0.35714285714285715,0.3333333333333333
Tian_all_IFNG,22,extra_trees,Tian,0.8,0.2619047619047619,0.16666666666666666
Tian_all_IFNG,22,gated_random,Tian,0.6,0.35714285714285715,0.35714285714285715
Tian_all_IFNG,22,gated_random,Tian,0.8,0.23809523809523808,0.16666666666666666
Tian_all_IFNG,22,old_controller,Tian,0.6,0.2857142857142857,0.38095238095238093
Tian_all_IFNG,22,old_controller,Tian,0.8,0.21428571428571427,0.16666666666666666
Tian_all_IFNG,23,random,Tian,0.6,0.38095238095238093,0.4523809523809524
Tian_all_IFNG,23,random,Tian,0.8,0.21428571428571427,0.19047619047619047
Tian_all_IFNG,23,fixed_ridge,Tian,0.6,0.2619047619047619,0.40476190476190477
Tian_all_IFNG,23,fixed_ridge,Tian,0.8,0.11904761904761904,0.19047619047619047
Tian_all_IFNG,23,greedy_ridge,Tian,0.6,0.30952380952380953,0.38095238095238093
Tian_all_IFNG,23,greedy_ridge,Tian,0.8,0.16666666666666666,0.23809523809523808
Tian_all_IFNG,23,linear_ucb,Tian,0.6,0.3333333333333333,0.40476190476190477
Tian_all_IFNG,23,linear_ucb,Tian,0.8,0.19047619047619047,0.21428571428571427
Tian_all_IFNG,23,diversity,Tian,0.6,0.2619047619047619,0.40476190476190477
Tian_all_IFNG,23,diversity,Tian,0.8,0.11904761904761904,0.16666666666666666
Tian_all_IFNG,23,extra_trees,Tian,0.6,0.2619047619047619,0.40476190476190477
Tian_all_IFNG,23,extra_trees,Tian,0.8,0.11904761904761904,0.19047619047619047
Tian_all_IFNG,23,gated_random,Tian,0.6,0.38095238095238093,0.4523809523809524
Tian_all_IFNG,23,gated_random,Tian,0.8,0.21428571428571427,0.19047619047619047
Tian_all_IFNG,23,old_controller,Tian,0.6,0.2857142857142857,0.42857142857142855
Tian_all_IFNG,23,old_controller,Tian,0.8,0.14285714285714285,0.19047619047619047
Tian_all_IFNG,24,random,Tian,0.6,0.35714285714285715,0.3333333333333333
Tian_all_IFNG,24,random,Tian,0.8,0.19047619047619047,0.09523809523809523
Tian_all_IFNG,24,fixed_ridge,Tian,0.6,0.3333333333333333,0.3333333333333333
Tian_all_IFNG,24,fixed_ridge,Tian,0.8,0.16666666666666666,0.16666666666666666
Tian_all_IFNG,24,greedy_ridge,Tian,0.6,0.23809523809523808,0.35714285714285715
Tian_all_IFNG,24,greedy_ridge,Tian,0.8,0.16666666666666666,0.21428571428571427
Tian_all_IFNG,24,linear_ucb,Tian,0.6,0.2619047619047619,0.35714285714285715
Tian_all_IFNG,24,linear_ucb,Tian,0.8,0.16666666666666666,0.19047619047619047
Tian_all_IFNG,24,diversity,Tian,0.6,0.23809523809523808,0.35714285714285715
Tian_all_IFNG,24,diversity,Tian,0.8,0.16666666666666666,0.14285714285714285
Tian_all_IFNG,24,extra_trees,Tian,0.6,0.2619047619047619,0.30952380952380953
Tian_all_IFNG,24,extra_trees,Tian,0.8,0.19047619047619047,0.16666666666666666
Tian_all_IFNG,24,gated_random,Tian,0.6,0.16666666666666666,0.2857142857142857
Tian_all_IFNG,24,gated_random,Tian,0.8,0.11904761904761904,0.11904761904761904
Tian_all_IFNG,24,old_controller,Tian,0.6,0.2619047619047619,0.38095238095238093
Tian_all_IFNG,24,old_controller,Tian,0.8,0.19047619047619047,0.19047619047619047
Tian_all_IFNG,25,random,Tian,0.6,0.2619047619047619,0.35714285714285715
Tian_all_IFNG,25,random,Tian,0.8,0.16666666666666666,0.16666666666666666
Tian_all_IFNG,25,fixed_ridge,Tian,0.6,0.23809523809523808,0.2857142857142857
Tian_all_IFNG,25,fixed_ridge,Tian,0.8,0.19047619047619047,0.19047619047619047
Tian_all_IFNG,25,greedy_ridge,Tian,0.6,0.2619047619047619,0.30952380952380953
Tian_all_IFNG,25,greedy_ridge,Tian,0.8,0.19047619047619047,0.16666666666666666
Tian_all_IFNG,25,linear_ucb,Tian,0.6,0.30952380952380953,0.23809523809523808
Tian_all_IFNG,25,linear_ucb,Tian,0.8,0.19047619047619047,0.09523809523809523
Tian_all_IFNG,25,diversity,Tian,0.6,0.2619047619047619,0.40476190476190477
Tian_all_IFNG,25,diversity,Tian,0.8,0.16666666666666666,0.21428571428571427
Tian_all_IFNG,25,extra_trees,Tian,0.6,0.14285714285714285,0.35714285714285715
Tian_all_IFNG,25,extra_trees,Tian,0.8,0.09523809523809523,0.21428571428571427
Tian_all_IFNG,25,gated_random,Tian,0.6,0.2619047619047619,0.35714285714285715
Tian_all_IFNG,25,gated_random,Tian,0.8,0.16666666666666666,0.16666666666666666
Tian_all_IFNG,25,old_controller,Tian,0.6,0.21428571428571427,0.35714285714285715
Tian_all_IFNG,25,old_controller,Tian,0.8,0.14285714285714285,0.21428571428571427
Tian_all_IFNG,26,random,Tian,0.6,0.2619047619047619,0.23809523809523808
Tian_all_IFNG,26,random,Tian,0.8,0.16666666666666666,0.14285714285714285
Tian_all_IFNG,26,fixed_ridge,Tian,0.6,0.23809523809523808,0.21428571428571427
Tian_all_IFNG,26,fixed_ridge,Tian,0.8,0.19047619047619047,0.16666666666666666
Tian_all_IFNG,26,greedy_ridge,Tian,0.6,0.2619047619047619,0.2857142857142857
Tian_all_IFNG,26,greedy_ridge,Tian,0.8,0.16666666666666666,0.21428571428571427
Tian_all_IFNG,26,linear_ucb,Tian,0.6,0.21428571428571427,0.35714285714285715
Tian_all_IFNG,26,linear_ucb,Tian,0.8,0.14285714285714285,0.23809523809523808
Tian_all_IFNG,26,diversity,Tian,0.6,0.2619047619047619,0.30952380952380953
Tian_all_IFNG,26,diversity,Tian,0.8,0.16666666666666666,0.16666666666666666
Tian_all_IFNG,26,extra_trees,Tian,0.6,0.2857142857142857,0.21428571428571427
Tian_all_IFNG,26,extra_trees,Tian,0.8,0.21428571428571427,0.14285714285714285
Tian_all_IFNG,26,gated_random,Tian,0.6,0.2619047619047619,0.23809523809523808
Tian_all_IFNG,26,gated_random,Tian,0.8,0.16666666666666666,0.14285714285714285
Tian_all_IFNG,26,old_controller,Tian,0.6,0.2619047619047619,0.30952380952380953
Tian_all_IFNG,26,old_controller,Tian,0.8,0.16666666666666666,0.16666666666666666
Tian_all_IFNG,27,random,Tian,0.6,0.21428571428571427,0.2857142857142857
Tian_all_IFNG,27,random,Tian,0.8,0.11904761904761904,0.11904761904761904
Tian_all_IFNG,27,fixed_ridge,Tian,0.6,0.3333333333333333,0.38095238095238093
Tian_all_IFNG,27,fixed_ridge,Tian,0.8,0.21428571428571427,0.19047619047619047
Tian_all_IFNG,27,greedy_ridge,Tian,0.6,0.35714285714285715,0.35714285714285715
Tian_all_IFNG,27,greedy_ridge,Tian,0.8,0.2619047619047619,0.19047619047619047
Tian_all_IFNG,27,linear_ucb,Tian,0.6,0.30952380952380953,0.38095238095238093
Tian_all_IFNG,27,linear_ucb,Tian,0.8,0.21428571428571427,0.16666666666666666
Tian_all_IFNG,27,diversity,Tian,0.6,0.3333333333333333,0.38095238095238093
Tian_all_IFNG,27,diversity,Tian,0.8,0.19047619047619047,0.23809523809523808
Tian_all_IFNG,27,extra_trees,Tian,0.6,0.2619047619047619,0.30952380952380953
Tian_all_IFNG,27,extra_trees,Tian,0.8,0.16666666666666666,0.16666666666666666
Tian_all_IFNG,27,gated_random,Tian,0.6,0.23809523809523808,0.2857142857142857
Tian_all_IFNG,27,gated_random,Tian,0.8,0.14285714285714285,0.14285714285714285
Tian_all_IFNG,27,old_controller,Tian,0.6,0.2857142857142857,0.35714285714285715
Tian_all_IFNG,27,old_controller,Tian,0.8,0.16666666666666666,0.23809523809523808
Tian_all_IFNG,28,random,Tian,0.6,0.21428571428571427,0.3333333333333333
Tian_all_IFNG,28,random,Tian,0.8,0.11904761904761904,0.16666666666666666
Tian_all_IFNG,28,fixed_ridge,Tian,0.6,0.19047619047619047,0.35714285714285715
Tian_all_IFNG,28,fixed_ridge,Tian,0.8,0.11904761904761904,0.19047619047619047
Tian_all_IFNG,28,greedy_ridge,Tian,0.6,0.21428571428571427,0.38095238095238093
Tian_all_IFNG,28,greedy_ridge,Tian,0.8,0.14285714285714285,0.23809523809523808
Tian_all_IFNG,28,linear_ucb,Tian,0.6,0.21428571428571427,0.2857142857142857
Tian_all_IFNG,28,linear_ucb,Tian,0.8,0.09523809523809523,0.16666666666666666
Tian_all_IFNG,28,diversity,Tian,0.6,0.3333333333333333,0.4523809523809524
Tian_all_IFNG,28,diversity,Tian,0.8,0.23809523809523808,0.23809523809523808
Tian_all_IFNG,28,extra_trees,Tian,0.6,0.2619047619047619,0.35714285714285715
Tian_all_IFNG,28,extra_trees,Tian,0.8,0.16666666666666666,0.16666666666666666
Tian_all_IFNG,28,gated_random,Tian,0.6,0.21428571428571427,0.3333333333333333
Tian_all_IFNG,28,gated_random,Tian,0.8,0.11904761904761904,0.16666666666666666
Tian_all_IFNG,28,old_controller,Tian,0.6,0.23809523809523808,0.3333333333333333
Tian_all_IFNG,28,old_controller,Tian,0.8,0.16666666666666666,0.16666666666666666
Tian_all_IFNG,29,random,Tian,0.6,0.2619047619047619,0.40476190476190477
Tian_all_IFNG,29,random,Tian,0.8,0.11904761904761904,0.19047619047619047
Tian_all_IFNG,29,fixed_ridge,Tian,0.6,0.16666666666666666,0.42857142857142855
Tian_all_IFNG,29,fixed_ridge,Tian,0.8,0.11904761904761904,0.23809523809523808
Tian_all_IFNG,29,greedy_ridge,Tian,0.6,0.2619047619047619,0.38095238095238093
Tian_all_IFNG,29,greedy_ridge,Tian,0.8,0.16666666666666666,0.16666666666666666
Tian_all_IFNG,29,linear_ucb,Tian,0.6,0.23809523809523808,0.35714285714285715
Tian_all_IFNG,29,linear_ucb,Tian,0.8,0.14285714285714285,0.14285714285714285
Tian_all_IFNG,29,diversity,Tian,0.6,0.30952380952380953,0.38095238095238093
Tian_all_IFNG,29,diversity,Tian,0.8,0.21428571428571427,0.21428571428571427
Tian_all_IFNG,29,extra_trees,Tian,0.6,0.21428571428571427,0.30952380952380953
Tian_all_IFNG,29,extra_trees,Tian,0.8,0.07142857142857142,0.11904761904761904
Tian_all_IFNG,29,gated_random,Tian,0.6,0.2619047619047619,0.40476190476190477
Tian_all_IFNG,29,gated_random,Tian,0.8,0.11904761904761904,0.19047619047619047
Tian_all_IFNG,29,old_controller,Tian,0.6,0.2857142857142857,0.40476190476190477
Tian_all_IFNG,29,old_controller,Tian,0.8,0.21428571428571427,0.21428571428571427
Tian_all_TNFA,0,random,Tian,0.6,0.40476190476190477,0.38095238095238093
Tian_all_TNFA,0,random,Tian,0.8,0.16666666666666666,0.2857142857142857
Tian_all_TNFA,0,fixed_ridge,Tian,0.6,0.2857142857142857,0.30952380952380953
Tian_all_TNFA,0,fixed_ridge,Tian,0.8,0.07142857142857142,0.2857142857142857
Tian_all_TNFA,0,greedy_ridge,Tian,0.6,0.42857142857142855,0.3333333333333333
Tian_all_TNFA,0,greedy_ridge,Tian,0.8,0.11904761904761904,0.30952380952380953
Tian_all_TNFA,0,linear_ucb,Tian,0.6,0.42857142857142855,0.40476190476190477
Tian_all_TNFA,0,linear_ucb,Tian,0.8,0.14285714285714285,0.38095238095238093
Tian_all_TNFA,0,diversity,Tian,0.6,0.42857142857142855,0.35714285714285715
Tian_all_TNFA,0,diversity,Tian,0.8,0.19047619047619047,0.2619047619047619
Tian_all_TNFA,0,extra_trees,Tian,0.6,0.40476190476190477,0.4523809523809524
Tian_all_TNFA,0,extra_trees,Tian,0.8,0.11904761904761904,0.35714285714285715
Tian_all_TNFA,0,gated_random,Tian,0.6,0.40476190476190477,0.38095238095238093
Tian_all_TNFA,0,gated_random,Tian,0.8,0.16666666666666666,0.2857142857142857
Tian_all_TNFA,0,old_controller,Tian,0.6,0.42857142857142855,0.35714285714285715
Tian_all_TNFA,0,old_controller,Tian,0.8,0.19047619047619047,0.2619047619047619
Tian_all_TNFA,1,random,Tian,0.6,0.42857142857142855,0.42857142857142855
Tian_all_TNFA,1,random,Tian,0.8,0.23809523809523808,0.3333333333333333
Tian_all_TNFA,1,fixed_ridge,Tian,0.6,0.35714285714285715,0.38095238095238093
Tian_all_TNFA,1,fixed_ridge,Tian,0.8,0.14285714285714285,0.2857142857142857
Tian_all_TNFA,1,greedy_ridge,Tian,0.6,0.40476190476190477,0.40476190476190477
Tian_all_TNFA,1,greedy_ridge,Tian,0.8,0.14285714285714285,0.3333333333333333
Tian_all_TNFA,1,linear_ucb,Tian,0.6,0.47619047619047616,0.35714285714285715
Tian_all_TNFA,1,linear_ucb,Tian,0.8,0.21428571428571427,0.30952380952380953
Tian_all_TNFA,1,diversity,Tian,0.6,0.4523809523809524,0.4523809523809524
Tian_all_TNFA,1,diversity,Tian,0.8,0.19047619047619047,0.35714285714285715
Tian_all_TNFA,1,extra_trees,Tian,0.6,0.42857142857142855,0.42857142857142855
Tian_all_TNFA,1,extra_trees,Tian,0.8,0.16666666666666666,0.3333333333333333
Tian_all_TNFA,1,gated_random,Tian,0.6,0.42857142857142855,0.42857142857142855
Tian_all_TNFA,1,gated_random,Tian,0.8,0.23809523809523808,0.3333333333333333
Tian_all_TNFA,1,old_controller,Tian,0.6,0.4523809523809524,0.4523809523809524
Tian_all_TNFA,1,old_controller,Tian,0.8,0.19047619047619047,0.35714285714285715
Tian_all_TNFA,2,random,Tian,0.6,0.3333333333333333,0.35714285714285715
Tian_all_TNFA,2,random,Tian,0.8,0.09523809523809523,0.2619047619047619
Tian_all_TNFA,2,fixed_ridge,Tian,0.6,0.3333333333333333,0.3333333333333333
Tian_all_TNFA,2,fixed_ridge,Tian,0.8,0.14285714285714285,0.23809523809523808
Tian_all_TNFA,2,greedy_ridge,Tian,0.6,0.40476190476190477,0.38095238095238093
Tian_all_TNFA,2,greedy_ridge,Tian,0.8,0.16666666666666666,0.2857142857142857
Tian_all_TNFA,2,linear_ucb,Tian,0.6,0.35714285714285715,0.35714285714285715
Tian_all_TNFA,2,linear_ucb,Tian,0.8,0.21428571428571427,0.30952380952380953
Tian_all_TNFA,2,diversity,Tian,0.6,0.40476190476190477,0.40476190476190477
Tian_all_TNFA,2,diversity,Tian,0.8,0.16666666666666666,0.3333333333333333
Tian_all_TNFA,2,extra_trees,Tian,0.6,0.35714285714285715,0.40476190476190477
Tian_all_TNFA,2,extra_trees,Tian,0.8,0.14285714285714285,0.3333333333333333
Tian_all_TNFA,2,gated_random,Tian,0.6,0.3333333333333333,0.38095238095238093
Tian_all_TNFA,2,gated_random,Tian,0.8,0.09523809523809523,0.2857142857142857
Tian_all_TNFA,2,old_controller,Tian,0.6,0.40476190476190477,0.40476190476190477
Tian_all_TNFA,2,old_controller,Tian,0.8,0.16666666666666666,0.3333333333333333
Tian_all_TNFA,3,random,Tian,0.6,0.47619047619047616,0.47619047619047616
Tian_all_TNFA,3,random,Tian,0.8,0.16666666666666666,0.40476190476190477
Tian_all_TNFA,3,fixed_ridge,Tian,0.6,0.35714285714285715,0.35714285714285715
Tian_all_TNFA,3,fixed_ridge,Tian,0.8,0.11904761904761904,0.23809523809523808
Tian_all_TNFA,3,greedy_ridge,Tian,0.6,0.3333333333333333,0.4523809523809524
Tian_all_TNFA,3,greedy_ridge,Tian,0.8,0.09523809523809523,0.3333333333333333
Tian_all_TNFA,3,linear_ucb,Tian,0.6,0.40476190476190477,0.4523809523809524
Tian_all_TNFA,3,linear_ucb,Tian,0.8,0.11904761904761904,0.35714285714285715
Tian_all_TNFA,3,diversity,Tian,0.6,0.42857142857142855,0.42857142857142855
Tian_all_TNFA,3,diversity,Tian,0.8,0.21428571428571427,0.38095238095238093
Tian_all_TNFA,3,extra_trees,Tian,0.6,0.4523809523809524,0.38095238095238093
Tian_all_TNFA,3,extra_trees,Tian,0.8,0.14285714285714285,0.2857142857142857
Tian_all_TNFA,3,gated_random,Tian,0.6,0.5238095238095238,0.2857142857142857
Tian_all_TNFA,3,gated_random,Tian,0.8,0.21428571428571427,0.21428571428571427
Tian_all_TNFA,3,old_controller,Tian,0.6,0.3333333333333333,0.4523809523809524
Tian_all_TNFA,3,old_controller,Tian,0.8,0.19047619047619047,0.35714285714285715
Tian_all_TNFA,4,random,Tian,0.6,0.42857142857142855,0.38095238095238093
Tian_all_TNFA,4,random,Tian,0.8,0.11904761904761904,0.3333333333333333
Tian_all_TNFA,4,fixed_ridge,Tian,0.6,0.38095238095238093,0.35714285714285715
Tian_all_TNFA,4,fixed_ridge,Tian,0.8,0.09523809523809523,0.2619047619047619
Tian_all_TNFA,4,greedy_ridge,Tian,0.6,0.40476190476190477,0.42857142857142855
Tian_all_TNFA,4,greedy_ridge,Tian,0.8,0.14285714285714285,0.35714285714285715
Tian_all_TNFA,4,linear_ucb,Tian,0.6,0.38095238095238093,0.40476190476190477
Tian_all_TNFA,4,linear_ucb,Tian,0.8,0.14285714285714285,0.3333333333333333
Tian_all_TNFA,4,diversity,Tian,0.6,0.4523809523809524,0.40476190476190477
Tian_all_TNFA,4,diversity,Tian,0.8,0.16666666666666666,0.3333333333333333
Tian_all_TNFA,4,extra_trees,Tian,0.6,0.47619047619047616,0.38095238095238093
Tian_all_TNFA,4,extra_trees,Tian,0.8,0.16666666666666666,0.30952380952380953
Tian_all_TNFA,4,gated_random,Tian,0.6,0.42857142857142855,0.38095238095238093
Tian_all_TNFA,4,gated_random,Tian,0.8,0.11904761904761904,0.3333333333333333
Tian_all_TNFA,4,old_controller,Tian,0.6,0.5238095238095238,0.40476190476190477
Tian_all_TNFA,4,old_controller,Tian,0.8,0.19047619047619047,0.35714285714285715
Tian_all_TNFA,5,random,Tian,0.6,0.38095238095238093,0.40476190476190477
Tian_all_TNFA,5,random,Tian,0.8,0.09523809523809523,0.3333333333333333
Tian_all_TNFA,5,fixed_ridge,Tian,0.6,0.30952380952380953,0.47619047619047616
Tian_all_TNFA,5,fixed_ridge,Tian,0.8,0.09523809523809523,0.38095238095238093
Tian_all_TNFA,5,greedy_ridge,Tian,0.6,0.2857142857142857,0.5
Tian_all_TNFA,5,greedy_ridge,Tian,0.8,0.09523809523809523,0.4523809523809524
Tian_all_TNFA,5,linear_ucb,Tian,0.6,0.38095238095238093,0.4523809523809524
Tian_all_TNFA,5,linear_ucb,Tian,0.8,0.16666666666666666,0.42857142857142855
Tian_all_TNFA,5,diversity,Tian,0.6,0.38095238095238093,0.35714285714285715
Tian_all_TNFA,5,diversity,Tian,0.8,0.19047619047619047,0.2857142857142857
Tian_all_TNFA,5,extra_trees,Tian,0.6,0.35714285714285715,0.42857142857142855
Tian_all_TNFA,5,extra_trees,Tian,0.8,0.14285714285714285,0.38095238095238093
Tian_all_TNFA,5,gated_random,Tian,0.6,0.38095238095238093,0.40476190476190477
Tian_all_TNFA,5,gated_random,Tian,0.8,0.09523809523809523,0.3333333333333333
Tian_all_TNFA,5,old_controller,Tian,0.6,0.42857142857142855,0.40476190476190477
Tian_all_TNFA,5,old_controller,Tian,0.8,0.16666666666666666,0.3333333333333333
Tian_all_TNFA,6,random,Tian,0.6,0.35714285714285715,0.47619047619047616
Tian_all_TNFA,6,random,Tian,0.8,0.21428571428571427,0.40476190476190477
Tian_all_TNFA,6,fixed_ridge,Tian,0.6,0.30952380952380953,0.42857142857142855
Tian_all_TNFA,6,fixed_ridge,Tian,0.8,0.11904761904761904,0.3333333333333333
Tian_all_TNFA,6,greedy_ridge,Tian,0.6,0.3333333333333333,0.35714285714285715
Tian_all_TNFA,6,greedy_ridge,Tian,0.8,0.11904761904761904,0.23809523809523808
Tian_all_TNFA,6,linear_ucb,Tian,0.6,0.3333333333333333,0.42857142857142855
Tian_all_TNFA,6,linear_ucb,Tian,0.8,0.19047619047619047,0.3333333333333333
Tian_all_TNFA,6,diversity,Tian,0.6,0.38095238095238093,0.42857142857142855
Tian_all_TNFA,6,diversity,Tian,0.8,0.19047619047619047,0.35714285714285715
Tian_all_TNFA,6,extra_trees,Tian,0.6,0.30952380952380953,0.4523809523809524
Tian_all_TNFA,6,extra_trees,Tian,0.8,0.16666666666666666,0.35714285714285715
Tian_all_TNFA,6,gated_random,Tian,0.6,0.35714285714285715,0.47619047619047616
Tian_all_TNFA,6,gated_random,Tian,0.8,0.21428571428571427,0.40476190476190477
Tian_all_TNFA,6,old_controller,Tian,0.6,0.38095238095238093,0.4523809523809524
Tian_all_TNFA,6,old_controller,Tian,0.8,0.11904761904761904,0.35714285714285715
Tian_all_TNFA,7,random,Tian,0.6,0.42857142857142855,0.40476190476190477
Tian_all_TNFA,7,random,Tian,0.8,0.14285714285714285,0.35714285714285715
Tian_all_TNFA,7,fixed_ridge,Tian,0.6,0.38095238095238093,0.42857142857142855
Tian_all_TNFA,7,fixed_ridge,Tian,0.8,0.047619047619047616,0.2619047619047619
Tian_all_TNFA,7,greedy_ridge,Tian,0.6,0.40476190476190477,0.4523809523809524
Tian_all_TNFA,7,greedy_ridge,Tian,0.8,0.07142857142857142,0.3333333333333333
Tian_all_TNFA,7,linear_ucb,Tian,0.6,0.4523809523809524,0.38095238095238093
Tian_all_TNFA,7,linear_ucb,Tian,0.8,0.14285714285714285,0.2857142857142857
Tian_all_TNFA,7,diversity,Tian,0.6,0.4523809523809524,0.35714285714285715
Tian_all_TNFA,7,diversity,Tian,0.8,0.21428571428571427,0.2857142857142857
Tian_all_TNFA,7,extra_trees,Tian,0.6,0.42857142857142855,0.40476190476190477
Tian_all_TNFA,7,extra_trees,Tian,0.8,0.11904761904761904,0.30952380952380953
Tian_all_TNFA,7,gated_random,Tian,0.6,0.42857142857142855,0.40476190476190477
Tian_all_TNFA,7,gated_random,Tian,0.8,0.14285714285714285,0.35714285714285715
Tian_all_TNFA,7,old_controller,Tian,0.6,0.4523809523809524,0.35714285714285715
Tian_all_TNFA,7,old_controller,Tian,0.8,0.21428571428571427,0.2857142857142857
Tian_all_TNFA,8,random,Tian,0.6,0.3333333333333333,0.40476190476190477
Tian_all_TNFA,8,random,Tian,0.8,0.09523809523809523,0.30952380952380953
Tian_all_TNFA,8,fixed_ridge,Tian,0.6,0.40476190476190477,0.40476190476190477
Tian_all_TNFA,8,fixed_ridge,Tian,0.8,0.16666666666666666,0.38095238095238093
Tian_all_TNFA,8,greedy_ridge,Tian,0.6,0.35714285714285715,0.40476190476190477
Tian_all_TNFA,8,greedy_ridge,Tian,0.8,0.16666666666666666,0.38095238095238093
Tian_all_TNFA,8,linear_ucb,Tian,0.6,0.35714285714285715,0.4523809523809524
Tian_all_TNFA,8,linear_ucb,Tian,0.8,0.16666666666666666,0.42857142857142855
Tian_all_TNFA,8,diversity,Tian,0.6,0.40476190476190477,0.42857142857142855
Tian_all_TNFA,8,diversity,Tian,0.8,0.16666666666666666,0.38095238095238093
Tian_all_TNFA,8,extra_trees,Tian,0.6,0.3333333333333333,0.38095238095238093
Tian_all_TNFA,8,extra_trees,Tian,0.8,0.11904761904761904,0.35714285714285715
Tian_all_TNFA,8,gated_random,Tian,0.6,0.30952380952380953,0.3333333333333333
Tian_all_TNFA,8,gated_random,Tian,0.8,0.07142857142857142,0.2619047619047619
Tian_all_TNFA,8,old_controller,Tian,0.6,0.35714285714285715,0.4523809523809524
Tian_all_TNFA,8,old_controller,Tian,0.8,0.16666666666666666,0.40476190476190477
Tian_all_TNFA,9,random,Tian,0.6,0.40476190476190477,0.5
Tian_all_TNFA,9,random,Tian,0.8,0.11904761904761904,0.42857142857142855
Tian_all_TNFA,9,fixed_ridge,Tian,0.6,0.35714285714285715,0.3333333333333333
Tian_all_TNFA,9,fixed_ridge,Tian,0.8,0.09523809523809523,0.23809523809523808
Tian_all_TNFA,9,greedy_ridge,Tian,0.6,0.38095238095238093,0.35714285714285715
Tian_all_TNFA,9,greedy_ridge,Tian,0.8,0.09523809523809523,0.2857142857142857
Tian_all_TNFA,9,linear_ucb,Tian,0.6,0.2857142857142857,0.35714285714285715
Tian_all_TNFA,9,linear_ucb,Tian,0.8,0.07142857142857142,0.2619047619047619
Tian_all_TNFA,9,diversity,Tian,0.6,0.42857142857142855,0.5
Tian_all_TNFA,9,diversity,Tian,0.8,0.19047619047619047,0.42857142857142855
Tian_all_TNFA,9,extra_trees,Tian,0.6,0.42857142857142855,0.40476190476190477
Tian_all_TNFA,9,extra_trees,Tian,0.8,0.14285714285714285,0.3333333333333333
Tian_all_TNFA,9,gated_random,Tian,0.6,0.3333333333333333,0.47619047619047616
Tian_all_TNFA,9,gated_random,Tian,0.8,0.09523809523809523,0.35714285714285715
Tian_all_TNFA,9,old_controller,Tian,0.6,0.47619047619047616,0.4523809523809524
Tian_all_TNFA,9,old_controller,Tian,0.8,0.16666666666666666,0.38095238095238093
Tian_all_TNFA,10,random,Tian,0.6,0.47619047619047616,0.40476190476190477
Tian_all_TNFA,10,random,Tian,0.8,0.09523809523809523,0.30952380952380953
Tian_all_TNFA,10,fixed_ridge,Tian,0.6,0.35714285714285715,0.38095238095238093
Tian_all_TNFA,10,fixed_ridge,Tian,0.8,0.023809523809523808,0.2857142857142857
Tian_all_TNFA,10,greedy_ridge,Tian,0.6,0.38095238095238093,0.40476190476190477
Tian_all_TNFA,10,greedy_ridge,Tian,0.8,0.07142857142857142,0.35714285714285715
Tian_all_TNFA,10,linear_ucb,Tian,0.6,0.40476190476190477,0.40476190476190477
Tian_all_TNFA,10,linear_ucb,Tian,0.8,0.09523809523809523,0.3333333333333333
Tian_all_TNFA,10,diversity,Tian,0.6,0.40476190476190477,0.40476190476190477
Tian_all_TNFA,10,diversity,Tian,0.8,0.16666666666666666,0.3333333333333333
Tian_all_TNFA,10,extra_trees,Tian,0.6,0.35714285714285715,0.42857142857142855
Tian_all_TNFA,10,extra_trees,Tian,0.8,0.09523809523809523,0.38095238095238093
Tian_all_TNFA,10,gated_random,Tian,0.6,0.47619047619047616,0.40476190476190477
Tian_all_TNFA,10,gated_random,Tian,0.8,0.09523809523809523,0.30952380952380953
Tian_all_TNFA,10,old_controller,Tian,0.6,0.40476190476190477,0.40476190476190477
Tian_all_TNFA,10,old_controller,Tian,0.8,0.16666666666666666,0.3333333333333333
Tian_all_TNFA,11,random,Tian,0.6,0.30952380952380953,0.38095238095238093
Tian_all_TNFA,11,random,Tian,0.8,0.09523809523809523,0.23809523809523808
Tian_all_TNFA,11,fixed_ridge,Tian,0.6,0.42857142857142855,0.42857142857142855
Tian_all_TNFA,11,fixed_ridge,Tian,0.8,0.09523809523809523,0.30952380952380953
Tian_all_TNFA,11,greedy_ridge,Tian,0.6,0.35714285714285715,0.38095238095238093
Tian_all_TNFA,11,greedy_ridge,Tian,0.8,0.14285714285714285,0.2857142857142857
Tian_all_TNFA,11,linear_ucb,Tian,0.6,0.40476190476190477,0.38095238095238093
Tian_all_TNFA,11,linear_ucb,Tian,0.8,0.11904761904761904,0.2857142857142857
Tian_all_TNFA,11,diversity,Tian,0.6,0.38095238095238093,0.42857142857142855
Tian_all_TNFA,11,diversity,Tian,0.8,0.16666666666666666,0.3333333333333333
Tian_all_TNFA,11,extra_trees,Tian,0.6,0.42857142857142855,0.35714285714285715
Tian_all_TNFA,11,extra_trees,Tian,0.8,0.14285714285714285,0.30952380952380953
Tian_all_TNFA,11,gated_random,Tian,0.6,0.30952380952380953,0.38095238095238093
Tian_all_TNFA,11,gated_random,Tian,0.8,0.07142857142857142,0.2857142857142857
Tian_all_TNFA,11,old_controller,Tian,0.6,0.4523809523809524,0.5238095238095238
Tian_all_TNFA,11,old_controller,Tian,0.8,0.21428571428571427,0.40476190476190477
Tian_all_TNFA,12,random,Tian,0.6,0.38095238095238093,0.35714285714285715
Tian_all_TNFA,12,random,Tian,0.8,0.07142857142857142,0.2619047619047619
Tian_all_TNFA,12,fixed_ridge,Tian,0.6,0.3333333333333333,0.4523809523809524
Tian_all_TNFA,12,fixed_ridge,Tian,0.8,0.07142857142857142,0.30952380952380953
Tian_all_TNFA,12,greedy_ridge,Tian,0.6,0.47619047619047616,0.4523809523809524
Tian_all_TNFA,12,greedy_ridge,Tian,0.8,0.19047619047619047,0.35714285714285715
Tian_all_TNFA,12,linear_ucb,Tian,0.6,0.40476190476190477,0.4523809523809524
Tian_all_TNFA,12,linear_ucb,Tian,0.8,0.16666666666666666,0.38095238095238093
Tian_all_TNFA,12,diversity,Tian,0.6,0.42857142857142855,0.4523809523809524
Tian_all_TNFA,12,diversity,Tian,0.8,0.19047619047619047,0.40476190476190477
Tian_all_TNFA,12,extra_trees,Tian,0.6,0.38095238095238093,0.4523809523809524
Tian_all_TNFA,12,extra_trees,Tian,0.8,0.09523809523809523,0.35714285714285715
Tian_all_TNFA,12,gated_random,Tian,0.6,0.38095238095238093,0.35714285714285715
Tian_all_TNFA,12,gated_random,Tian,0.8,0.07142857142857142,0.2619047619047619
Tian_all_TNFA,12,old_controller,Tian,0.6,0.42857142857142855,0.4523809523809524
Tian_all_TNFA,12,old_controller,Tian,0.8,0.19047619047619047,0.40476190476190477
Tian_all_TNFA,13,random,Tian,0.6,0.5476190476190477,0.3333333333333333
Tian_all_TNFA,13,random,Tian,0.8,0.16666666666666666,0.21428571428571427
Tian_all_TNFA,13,fixed_ridge,Tian,0.6,0.38095238095238093,0.38095238095238093
Tian_all_TNFA,13,fixed_ridge,Tian,0.8,0.09523809523809523,0.38095238095238093
Tian_all_TNFA,13,greedy_ridge,Tian,0.6,0.40476190476190477,0.35714285714285715
Tian_all_TNFA,13,greedy_ridge,Tian,0.8,0.11904761904761904,0.3333333333333333
Tian_all_TNFA,13,linear_ucb,Tian,0.6,0.40476190476190477,0.35714285714285715
Tian_all_TNFA,13,linear_ucb,Tian,0.8,0.07142857142857142,0.3333333333333333
Tian_all_TNFA,13,diversity,Tian,0.6,0.4523809523809524,0.40476190476190477
Tian_all_TNFA,13,diversity,Tian,0.8,0.21428571428571427,0.35714285714285715
Tian_all_TNFA,13,extra_trees,Tian,0.6,0.5,0.42857142857142855
Tian_all_TNFA,13,extra_trees,Tian,0.8,0.09523809523809523,0.38095238095238093
Tian_all_TNFA,13,gated_random,Tian,0.6,0.5238095238095238,0.38095238095238093
Tian_all_TNFA,13,gated_random,Tian,0.8,0.16666666666666666,0.2619047619047619
Tian_all_TNFA,13,old_controller,Tian,0.6,0.47619047619047616,0.40476190476190477
Tian_all_TNFA,13,old_controller,Tian,0.8,0.21428571428571427,0.35714285714285715
Tian_all_TNFA,14,random,Tian,0.6,0.2619047619047619,0.4523809523809524
Tian_all_TNFA,14,random,Tian,0.8,0.07142857142857142,0.42857142857142855
Tian_all_TNFA,14,fixed_ridge,Tian,0.6,0.42857142857142855,0.23809523809523808
Tian_all_TNFA,14,fixed_ridge,Tian,0.8,0.11904761904761904,0.21428571428571427
Tian_all_TNFA,14,greedy_ridge,Tian,0.6,0.3333333333333333,0.30952380952380953
Tian_all_TNFA,14,greedy_ridge,Tian,0.8,0.07142857142857142,0.2619047619047619
Tian_all_TNFA,14,linear_ucb,Tian,0.6,0.38095238095238093,0.42857142857142855
Tian_all_TNFA,14,linear_ucb,Tian,0.8,0.14285714285714285,0.42857142857142855
Tian_all_TNFA,14,diversity,Tian,0.6,0.47619047619047616,0.38095238095238093
Tian_all_TNFA,14,diversity,Tian,0.8,0.19047619047619047,0.3333333333333333
Tian_all_TNFA,14,extra_trees,Tian,0.6,0.47619047619047616,0.23809523809523808
Tian_all_TNFA,14,extra_trees,Tian,0.8,0.11904761904761904,0.19047619047619047
Tian_all_TNFA,14,gated_random,Tian,0.6,0.3333333333333333,0.4523809523809524
Tian_all_TNFA,14,gated_random,Tian,0.8,0.11904761904761904,0.40476190476190477
Tian_all_TNFA,14,old_controller,Tian,0.6,0.5,0.40476190476190477
Tian_all_TNFA,14,old_controller,Tian,0.8,0.16666666666666666,0.35714285714285715
Tian_all_TNFA,15,random,Tian,0.6,0.35714285714285715,0.35714285714285715
Tian_all_TNFA,15,random,Tian,0.8,0.07142857142857142,0.23809523809523808
Tian_all_TNFA,15,fixed_ridge,Tian,0.6,0.30952380952380953,0.40476190476190477
Tian_all_TNFA,15,fixed_ridge,Tian,0.8,0.09523809523809523,0.2857142857142857
Tian_all_TNFA,15,greedy_ridge,Tian,0.6,0.38095238095238093,0.5
Tian_all_TNFA,15,greedy_ridge,Tian,0.8,0.16666666666666666,0.38095238095238093
Tian_all_TNFA,15,linear_ucb,Tian,0.6,0.40476190476190477,0.5714285714285714
Tian_all_TNFA,15,linear_ucb,Tian,0.8,0.19047619047619047,0.4523809523809524
Tian_all_TNFA,15,diversity,Tian,0.6,0.38095238095238093,0.4523809523809524
Tian_all_TNFA,15,diversity,Tian,0.8,0.14285714285714285,0.3333333333333333
Tian_all_TNFA,15,extra_trees,Tian,0.6,0.3333333333333333,0.47619047619047616
Tian_all_TNFA,15,extra_trees,Tian,0.8,0.07142857142857142,0.38095238095238093
Tian_all_TNFA,15,gated_random,Tian,0.6,0.2857142857142857,0.38095238095238093
Tian_all_TNFA,15,gated_random,Tian,0.8,0.047619047619047616,0.2857142857142857
Tian_all_TNFA,15,old_controller,Tian,0.6,0.38095238095238093,0.5476190476190477
Tian_all_TNFA,15,old_controller,Tian,0.8,0.09523809523809523,0.38095238095238093
Tian_all_TNFA,16,random,Tian,0.6,0.42857142857142855,0.38095238095238093
Tian_all_TNFA,16,random,Tian,0.8,0.23809523809523808,0.2857142857142857
Tian_all_TNFA,16,fixed_ridge,Tian,0.6,0.38095238095238093,0.4523809523809524
Tian_all_TNFA,16,fixed_ridge,Tian,0.8,0.11904761904761904,0.38095238095238093
Tian_all_TNFA,16,greedy_ridge,Tian,0.6,0.38095238095238093,0.5
Tian_all_TNFA,16,greedy_ridge,Tian,0.8,0.14285714285714285,0.4523809523809524
Tian_all_TNFA,16,linear_ucb,Tian,0.6,0.38095238095238093,0.5
Tian_all_TNFA,16,linear_ucb,Tian,0.8,0.11904761904761904,0.4523809523809524
Tian_all_TNFA,16,diversity,Tian,0.6,0.47619047619047616,0.5
Tian_all_TNFA,16,diversity,Tian,0.8,0.19047619047619047,0.42857142857142855
Tian_all_TNFA,16,extra_trees,Tian,0.6,0.5,0.47619047619047616
Tian_all_TNFA,16,extra_trees,Tian,0.8,0.14285714285714285,0.40476190476190477
Tian_all_TNFA,16,gated_random,Tian,0.6,0.38095238095238093,0.35714285714285715
Tian_all_TNFA,16,gated_random,Tian,0.8,0.21428571428571427,0.2619047619047619
Tian_all_TNFA,16,old_controller,Tian,0.6,0.47619047619047616,0.47619047619047616
Tian_all_TNFA,16,old_controller,Tian,0.8,0.19047619047619047,0.38095238095238093
Tian_all_TNFA,17,random,Tian,0.6,0.35714285714285715,0.40476190476190477
Tian_all_TNFA,17,random,Tian,0.8,0.07142857142857142,0.2857142857142857
Tian_all_TNFA,17,fixed_ridge,Tian,0.6,0.4523809523809524,0.38095238095238093
Tian_all_TNFA,17,fixed_ridge,Tian,0.8,0.14285714285714285,0.30952380952380953
Tian_all_TNFA,17,greedy_ridge,Tian,0.6,0.40476190476190477,0.3333333333333333
Tian_all_TNFA,17,greedy_ridge,Tian,0.8,0.11904761904761904,0.3333333333333333
Tian_all_TNFA,17,linear_ucb,Tian,0.6,0.42857142857142855,0.38095238095238093
Tian_all_TNFA,17,linear_ucb,Tian,0.8,0.11904761904761904,0.38095238095238093
Tian_all_TNFA,17,diversity,Tian,0.6,0.40476190476190477,0.38095238095238093
Tian_all_TNFA,17,diversity,Tian,0.8,0.21428571428571427,0.30952380952380953
Tian_all_TNFA,17,extra_trees,Tian,0.6,0.4523809523809524,0.3333333333333333
Tian_all_TNFA,17,extra_trees,Tian,0.8,0.09523809523809523,0.30952380952380953
Tian_all_TNFA,17,gated_random,Tian,0.6,0.35714285714285715,0.40476190476190477
Tian_all_TNFA,17,gated_random,Tian,0.8,0.07142857142857142,0.2857142857142857
Tian_all_TNFA,17,old_controller,Tian,0.6,0.42857142857142855,0.40476190476190477
Tian_all_TNFA,17,old_controller,Tian,0.8,0.16666666666666666,0.35714285714285715
Tian_all_TNFA,18,random,Tian,0.6,0.3333333333333333,0.35714285714285715
Tian_all_TNFA,18,random,Tian,0.8,0.09523809523809523,0.2857142857142857
Tian_all_TNFA,18,fixed_ridge,Tian,0.6,0.40476190476190477,0.47619047619047616
Tian_all_TNFA,18,fixed_ridge,Tian,0.8,0.16666666666666666,0.38095238095238093
Tian_all_TNFA,18,greedy_ridge,Tian,0.6,0.4523809523809524,0.5476190476190477
Tian_all_TNFA,18,greedy_ridge,Tian,0.8,0.19047619047619047,0.40476190476190477
Tian_all_TNFA,18,linear_ucb,Tian,0.6,0.4523809523809524,0.4523809523809524
Tian_all_TNFA,18,linear_ucb,Tian,0.8,0.16666666666666666,0.3333333333333333
Tian_all_TNFA,18,diversity,Tian,0.6,0.4523809523809524,0.38095238095238093
Tian_all_TNFA,18,diversity,Tian,0.8,0.21428571428571427,0.2857142857142857
Tian_all_TNFA,18,extra_trees,Tian,0.6,0.4523809523809524,0.40476190476190477
Tian_all_TNFA,18,extra_trees,Tian,0.8,0.16666666666666666,0.38095238095238093
Tian_all_TNFA,18,gated_random,Tian,0.6,0.35714285714285715,0.40476190476190477
Tian_all_TNFA,18,gated_random,Tian,0.8,0.14285714285714285,0.3333333333333333
Tian_all_TNFA,18,old_controller,Tian,0.6,0.42857142857142855,0.35714285714285715
Tian_all_TNFA,18,old_controller,Tian,0.8,0.21428571428571427,0.30952380952380953
Tian_all_TNFA,19,random,Tian,0.6,0.42857142857142855,0.4523809523809524
Tian_all_TNFA,19,random,Tian,0.8,0.11904761904761904,0.40476190476190477
Tian_all_TNFA,19,fixed_ridge,Tian,0.6,0.40476190476190477,0.40476190476190477
Tian_all_TNFA,19,fixed_ridge,Tian,0.8,0.16666666666666666,0.30952380952380953
Tian_all_TNFA,19,greedy_ridge,Tian,0.6,0.47619047619047616,0.5238095238095238
Tian_all_TNFA,19,greedy_ridge,Tian,0.8,0.16666666666666666,0.40476190476190477
Tian_all_TNFA,19,linear_ucb,Tian,0.6,0.47619047619047616,0.5
Tian_all_TNFA,19,linear_ucb,Tian,0.8,0.16666666666666666,0.38095238095238093
Tian_all_TNFA,19,diversity,Tian,0.6,0.5,0.42857142857142855
Tian_all_TNFA,19,diversity,Tian,0.8,0.19047619047619047,0.38095238095238093
Tian_all_TNFA,19,extra_trees,Tian,0.6,0.40476190476190477,0.47619047619047616
Tian_all_TNFA,19,extra_trees,Tian,0.8,0.11904761904761904,0.38095238095238093
Tian_all_TNFA,19,gated_random,Tian,0.6,0.42857142857142855,0.4523809523809524
Tian_all_TNFA,19,gated_random,Tian,0.8,0.11904761904761904,0.40476190476190477
Tian_all_TNFA,19,old_controller,Tian,0.6,0.5,0.42857142857142855
Tian_all_TNFA,19,old_controller,Tian,0.8,0.19047619047619047,0.38095238095238093
Tian_all_TNFA,20,random,Tian,0.6,0.3333333333333333,0.4523809523809524
Tian_all_TNFA,20,random,Tian,0.8,0.047619047619047616,0.3333333333333333
Tian_all_TNFA,20,fixed_ridge,Tian,0.6,0.42857142857142855,0.5476190476190477
Tian_all_TNFA,20,fixed_ridge,Tian,0.8,0.11904761904761904,0.4523809523809524
Tian_all_TNFA,20,greedy_ridge,Tian,0.6,0.40476190476190477,0.47619047619047616
Tian_all_TNFA,20,greedy_ridge,Tian,0.8,0.11904761904761904,0.3333333333333333
Tian_all_TNFA,20,linear_ucb,Tian,0.6,0.47619047619047616,0.47619047619047616
Tian_all_TNFA,20,linear_ucb,Tian,0.8,0.16666666666666666,0.38095238095238093
Tian_all_TNFA,20,diversity,Tian,0.6,0.4523809523809524,0.5476190476190477
Tian_all_TNFA,20,diversity,Tian,0.8,0.16666666666666666,0.5
Tian_all_TNFA,20,extra_trees,Tian,0.6,0.4523809523809524,0.47619047619047616
Tian_all_TNFA,20,extra_trees,Tian,0.8,0.16666666666666666,0.40476190476190477
Tian_all_TNFA,20,gated_random,Tian,0.6,0.3333333333333333,0.4523809523809524
Tian_all_TNFA,20,gated_random,Tian,0.8,0.047619047619047616,0.3333333333333333
Tian_all_TNFA,20,old_controller,Tian,0.6,0.47619047619047616,0.5
Tian_all_TNFA,20,old_controller,Tian,0.8,0.21428571428571427,0.42857142857142855
Tian_all_TNFA,21,random,Tian,0.6,0.4523809523809524,0.30952380952380953
Tian_all_TNFA,21,random,Tian,0.8,0.21428571428571427,0.23809523809523808
Tian_all_TNFA,21,fixed_ridge,Tian,0.6,0.4523809523809524,0.42857142857142855
Tian_all_TNFA,21,fixed_ridge,Tian,0.8,0.16666666666666666,0.38095238095238093
Tian_all_TNFA,21,greedy_ridge,Tian,0.6,0.30952380952380953,0.38095238095238093
Tian_all_TNFA,21,greedy_ridge,Tian,0.8,0.09523809523809523,0.3333333333333333
Tian_all_TNFA,21,linear_ucb,Tian,0.6,0.40476190476190477,0.40476190476190477
Tian_all_TNFA,21,linear_ucb,Tian,0.8,0.14285714285714285,0.35714285714285715
Tian_all_TNFA,21,diversity,Tian,0.6,0.47619047619047616,0.35714285714285715
Tian_all_TNFA,21,diversity,Tian,0.8,0.16666666666666666,0.2857142857142857
Tian_all_TNFA,21,extra_trees,Tian,0.6,0.3333333333333333,0.35714285714285715
Tian_all_TNFA,21,extra_trees,Tian,0.8,0.09523809523809523,0.2857142857142857
Tian_all_TNFA,21,gated_random,Tian,0.6,0.4523809523809524,0.30952380952380953
Tian_all_TNFA,21,gated_random,Tian,0.8,0.21428571428571427,0.23809523809523808
Tian_all_TNFA,21,old_controller,Tian,0.6,0.4523809523809524,0.35714285714285715
Tian_all_TNFA,21,old_controller,Tian,0.8,0.11904761904761904,0.2857142857142857
Tian_all_TNFA,22,random,Tian,0.6,0.42857142857142855,0.3333333333333333
Tian_all_TNFA,22,random,Tian,0.8,0.16666666666666666,0.30952380952380953
Tian_all_TNFA,22,fixed_ridge,Tian,0.6,0.30952380952380953,0.40476190476190477
Tian_all_TNFA,22,fixed_ridge,Tian,0.8,0.14285714285714285,0.38095238095238093
Tian_all_TNFA,22,greedy_ridge,Tian,0.6,0.35714285714285715,0.40476190476190477
Tian_all_TNFA,22,greedy_ridge,Tian,0.8,0.19047619047619047,0.3333333333333333
Tian_all_TNFA,22,linear_ucb,Tian,0.6,0.38095238095238093,0.47619047619047616
Tian_all_TNFA,22,linear_ucb,Tian,0.8,0.21428571428571427,0.38095238095238093
Tian_all_TNFA,22,diversity,Tian,0.6,0.42857142857142855,0.5238095238095238
Tian_all_TNFA,22,diversity,Tian,0.8,0.16666666666666666,0.47619047619047616
Tian_all_TNFA,22,extra_trees,Tian,0.6,0.35714285714285715,0.47619047619047616
Tian_all_TNFA,22,extra_trees,Tian,0.8,0.14285714285714285,0.40476190476190477
Tian_all_TNFA,22,gated_random,Tian,0.6,0.42857142857142855,0.3333333333333333
Tian_all_TNFA,22,gated_random,Tian,0.8,0.16666666666666666,0.30952380952380953
Tian_all_TNFA,22,old_controller,Tian,0.6,0.42857142857142855,0.5238095238095238
Tian_all_TNFA,22,old_controller,Tian,0.8,0.16666666666666666,0.47619047619047616
Tian_all_TNFA,23,random,Tian,0.6,0.40476190476190477,0.38095238095238093
Tian_all_TNFA,23,random,Tian,0.8,0.23809523809523808,0.2857142857142857
Tian_all_TNFA,23,fixed_ridge,Tian,0.6,0.47619047619047616,0.38095238095238093
Tian_all_TNFA,23,fixed_ridge,Tian,0.8,0.16666666666666666,0.30952380952380953
Tian_all_TNFA,23,greedy_ridge,Tian,0.6,0.4523809523809524,0.4523809523809524
Tian_all_TNFA,23,greedy_ridge,Tian,0.8,0.14285714285714285,0.40476190476190477
Tian_all_TNFA,23,linear_ucb,Tian,0.6,0.38095238095238093,0.42857142857142855
Tian_all_TNFA,23,linear_ucb,Tian,0.8,0.14285714285714285,0.35714285714285715
Tian_all_TNFA,23,diversity,Tian,0.6,0.42857142857142855,0.42857142857142855
Tian_all_TNFA,23,diversity,Tian,0.8,0.2619047619047619,0.35714285714285715
Tian_all_TNFA,23,extra_trees,Tian,0.6,0.38095238095238093,0.30952380952380953
Tian_all_TNFA,23,extra_trees,Tian,0.8,0.11904761904761904,0.2619047619047619
Tian_all_TNFA,23,gated_random,Tian,0.6,0.40476190476190477,0.38095238095238093
Tian_all_TNFA,23,gated_random,Tian,0.8,0.23809523809523808,0.2857142857142857
Tian_all_TNFA,23,old_controller,Tian,0.6,0.42857142857142855,0.42857142857142855
Tian_all_TNFA,23,old_controller,Tian,0.8,0.2619047619047619,0.35714285714285715
Tian_all_TNFA,24,random,Tian,0.6,0.3333333333333333,0.4523809523809524
Tian_all_TNFA,24,random,Tian,0.8,0.14285714285714285,0.38095238095238093
Tian_all_TNFA,24,fixed_ridge,Tian,0.6,0.35714285714285715,0.3333333333333333
Tian_all_TNFA,24,fixed_ridge,Tian,0.8,0.07142857142857142,0.19047619047619047
Tian_all_TNFA,24,greedy_ridge,Tian,0.6,0.42857142857142855,0.5
Tian_all_TNFA,24,greedy_ridge,Tian,0.8,0.09523809523809523,0.40476190476190477
Tian_all_TNFA,24,linear_ucb,Tian,0.6,0.35714285714285715,0.40476190476190477
Tian_all_TNFA,24,linear_ucb,Tian,0.8,0.09523809523809523,0.3333333333333333
Tian_all_TNFA,24,diversity,Tian,0.6,0.40476190476190477,0.4523809523809524
Tian_all_TNFA,24,diversity,Tian,0.8,0.23809523809523808,0.40476190476190477
Tian_all_TNFA,24,extra_trees,Tian,0.6,0.38095238095238093,0.40476190476190477
Tian_all_TNFA,24,extra_trees,Tian,0.8,0.16666666666666666,0.30952380952380953
Tian_all_TNFA,24,gated_random,Tian,0.6,0.23809523809523808,0.35714285714285715
Tian_all_TNFA,24,gated_random,Tian,0.8,0.14285714285714285,0.3333333333333333
Tian_all_TNFA,24,old_controller,Tian,0.6,0.42857142857142855,0.40476190476190477
Tian_all_TNFA,24,old_controller,Tian,0.8,0.11904761904761904,0.3333333333333333
Tian_all_TNFA,25,random,Tian,0.6,0.47619047619047616,0.35714285714285715
Tian_all_TNFA,25,random,Tian,0.8,0.14285714285714285,0.2857142857142857
Tian_all_TNFA,25,fixed_ridge,Tian,0.6,0.38095238095238093,0.3333333333333333
Tian_all_TNFA,25,fixed_ridge,Tian,0.8,0.07142857142857142,0.2619047619047619
Tian_all_TNFA,25,greedy_ridge,Tian,0.6,0.42857142857142855,0.40476190476190477
Tian_all_TNFA,25,greedy_ridge,Tian,0.8,0.09523809523809523,0.30952380952380953
Tian_all_TNFA,25,linear_ucb,Tian,0.6,0.42857142857142855,0.42857142857142855
Tian_all_TNFA,25,linear_ucb,Tian,0.8,0.09523809523809523,0.35714285714285715
Tian_all_TNFA,25,diversity,Tian,0.6,0.42857142857142855,0.40476190476190477
Tian_all_TNFA,25,diversity,Tian,0.8,0.23809523809523808,0.30952380952380953
Tian_all_TNFA,25,extra_trees,Tian,0.6,0.3333333333333333,0.40476190476190477
Tian_all_TNFA,25,extra_trees,Tian,0.8,0.07142857142857142,0.30952380952380953
Tian_all_TNFA,25,gated_random,Tian,0.6,0.47619047619047616,0.35714285714285715
Tian_all_TNFA,25,gated_random,Tian,0.8,0.14285714285714285,0.2857142857142857
Tian_all_TNFA,25,old_controller,Tian,0.6,0.42857142857142855,0.40476190476190477
Tian_all_TNFA,25,old_controller,Tian,0.8,0.23809523809523808,0.30952380952380953
Tian_all_TNFA,26,random,Tian,0.6,0.42857142857142855,0.23809523809523808
Tian_all_TNFA,26,random,Tian,0.8,0.14285714285714285,0.16666666666666666
Tian_all_TNFA,26,fixed_ridge,Tian,0.6,0.47619047619047616,0.3333333333333333
Tian_all_TNFA,26,fixed_ridge,Tian,0.8,0.16666666666666666,0.23809523809523808
Tian_all_TNFA,26,greedy_ridge,Tian,0.6,0.38095238095238093,0.3333333333333333
Tian_all_TNFA,26,greedy_ridge,Tian,0.8,0.09523809523809523,0.21428571428571427
Tian_all_TNFA,26,linear_ucb,Tian,0.6,0.35714285714285715,0.42857142857142855
Tian_all_TNFA,26,linear_ucb,Tian,0.8,0.07142857142857142,0.2857142857142857
Tian_all_TNFA,26,diversity,Tian,0.6,0.40476190476190477,0.38095238095238093
Tian_all_TNFA,26,diversity,Tian,0.8,0.16666666666666666,0.30952380952380953
Tian_all_TNFA,26,extra_trees,Tian,0.6,0.3333333333333333,0.40476190476190477
Tian_all_TNFA,26,extra_trees,Tian,0.8,0.023809523809523808,0.2857142857142857
Tian_all_TNFA,26,gated_random,Tian,0.6,0.42857142857142855,0.38095238095238093
Tian_all_TNFA,26,gated_random,Tian,0.8,0.14285714285714285,0.30952380952380953
Tian_all_TNFA,26,old_controller,Tian,0.6,0.42857142857142855,0.30952380952380953
Tian_all_TNFA,26,old_controller,Tian,0.8,0.14285714285714285,0.21428571428571427
Tian_all_TNFA,27,random,Tian,0.6,0.3333333333333333,0.42857142857142855
Tian_all_TNFA,27,random,Tian,0.8,0.11904761904761904,0.2619047619047619
Tian_all_TNFA,27,fixed_ridge,Tian,0.6,0.47619047619047616,0.42857142857142855
Tian_all_TNFA,27,fixed_ridge,Tian,0.8,0.14285714285714285,0.30952380952380953
Tian_all_TNFA,27,greedy_ridge,Tian,0.6,0.40476190476190477,0.47619047619047616
Tian_all_TNFA,27,greedy_ridge,Tian,0.8,0.09523809523809523,0.38095238095238093
Tian_all_TNFA,27,linear_ucb,Tian,0.6,0.47619047619047616,0.5238095238095238
Tian_all_TNFA,27,linear_ucb,Tian,0.8,0.14285714285714285,0.38095238095238093
Tian_all_TNFA,27,diversity,Tian,0.6,0.42857142857142855,0.38095238095238093
Tian_all_TNFA,27,diversity,Tian,0.8,0.16666666666666666,0.23809523809523808
Tian_all_TNFA,27,extra_trees,Tian,0.6,0.35714285714285715,0.4523809523809524
Tian_all_TNFA,27,extra_trees,Tian,0.8,0.11904761904761904,0.30952380952380953
Tian_all_TNFA,27,gated_random,Tian,0.6,0.3333333333333333,0.42857142857142855
Tian_all_TNFA,27,gated_random,Tian,0.8,0.11904761904761904,0.2619047619047619
Tian_all_TNFA,27,old_controller,Tian,0.6,0.40476190476190477,0.38095238095238093
Tian_all_TNFA,27,old_controller,Tian,0.8,0.16666666666666666,0.2619047619047619
Tian_all_TNFA,28,random,Tian,0.6,0.38095238095238093,0.3333333333333333
Tian_all_TNFA,28,random,Tian,0.8,0.16666666666666666,0.2857142857142857
Tian_all_TNFA,28,fixed_ridge,Tian,0.6,0.3333333333333333,0.47619047619047616
Tian_all_TNFA,28,fixed_ridge,Tian,0.8,0.11904761904761904,0.38095238095238093
Tian_all_TNFA,28,greedy_ridge,Tian,0.6,0.40476190476190477,0.42857142857142855
Tian_all_TNFA,28,greedy_ridge,Tian,0.8,0.14285714285714285,0.30952380952380953
Tian_all_TNFA,28,linear_ucb,Tian,0.6,0.38095238095238093,0.42857142857142855
Tian_all_TNFA,28,linear_ucb,Tian,0.8,0.11904761904761904,0.30952380952380953
Tian_all_TNFA,28,diversity,Tian,0.6,0.42857142857142855,0.42857142857142855
Tian_all_TNFA,28,diversity,Tian,0.8,0.23809523809523808,0.38095238095238093
Tian_all_TNFA,28,extra_trees,Tian,0.6,0.38095238095238093,0.42857142857142855
Tian_all_TNFA,28,extra_trees,Tian,0.8,0.14285714285714285,0.38095238095238093
Tian_all_TNFA,28,gated_random,Tian,0.6,0.38095238095238093,0.3333333333333333
Tian_all_TNFA,28,gated_random,Tian,0.8,0.16666666666666666,0.2857142857142857
Tian_all_TNFA,28,old_controller,Tian,0.6,0.42857142857142855,0.42857142857142855
Tian_all_TNFA,28,old_controller,Tian,0.8,0.23809523809523808,0.38095238095238093
Tian_all_TNFA,29,random,Tian,0.6,0.2857142857142857,0.4523809523809524
Tian_all_TNFA,29,random,Tian,0.8,0.047619047619047616,0.35714285714285715
Tian_all_TNFA,29,fixed_ridge,Tian,0.6,0.40476190476190477,0.3333333333333333
Tian_all_TNFA,29,fixed_ridge,Tian,0.8,0.16666666666666666,0.2857142857142857
Tian_all_TNFA,29,greedy_ridge,Tian,0.6,0.3333333333333333,0.40476190476190477
Tian_all_TNFA,29,greedy_ridge,Tian,0.8,0.11904761904761904,0.35714285714285715
Tian_all_TNFA,29,linear_ucb,Tian,0.6,0.40476190476190477,0.35714285714285715
Tian_all_TNFA,29,linear_ucb,Tian,0.8,0.16666666666666666,0.30952380952380953
Tian_all_TNFA,29,diversity,Tian,0.6,0.3333333333333333,0.5
Tian_all_TNFA,29,diversity,Tian,0.8,0.11904761904761904,0.38095238095238093
Tian_all_TNFA,29,extra_trees,Tian,0.6,0.30952380952380953,0.40476190476190477
Tian_all_TNFA,29,extra_trees,Tian,0.8,0.07142857142857142,0.30952380952380953
Tian_all_TNFA,29,gated_random,Tian,0.6,0.2857142857142857,0.4523809523809524
Tian_all_TNFA,29,gated_random,Tian,0.8,0.047619047619047616,0.35714285714285715
Tian_all_TNFA,29,old_controller,Tian,0.6,0.35714285714285715,0.42857142857142855
Tian_all_TNFA,29,old_controller,Tian,0.8,0.14285714285714285,0.3333333333333333
Tian_all_IL2STAT5,0,random,Tian,0.6,0.5238095238095238,0.5
Tian_all_IL2STAT5,0,random,Tian,0.8,0.19047619047619047,0.3333333333333333
Tian_all_IL2STAT5,0,fixed_ridge,Tian,0.6,0.40476190476190477,0.5476190476190477
Tian_all_IL2STAT5,0,fixed_ridge,Tian,0.8,0.19047619047619047,0.35714285714285715
Tian_all_IL2STAT5,0,greedy_ridge,Tian,0.6,0.4523809523809524,0.5238095238095238
Tian_all_IL2STAT5,0,greedy_ridge,Tian,0.8,0.21428571428571427,0.3333333333333333
Tian_all_IL2STAT5,0,linear_ucb,Tian,0.6,0.5,0.5714285714285714
Tian_all_IL2STAT5,0,linear_ucb,Tian,0.8,0.23809523809523808,0.38095238095238093
Tian_all_IL2STAT5,0,diversity,Tian,0.6,0.5238095238095238,0.5238095238095238
Tian_all_IL2STAT5,0,diversity,Tian,0.8,0.2857142857142857,0.35714285714285715
Tian_all_IL2STAT5,0,extra_trees,Tian,0.6,0.5,0.5
Tian_all_IL2STAT5,0,extra_trees,Tian,0.8,0.2857142857142857,0.3333333333333333
Tian_all_IL2STAT5,0,gated_random,Tian,0.6,0.5238095238095238,0.5
Tian_all_IL2STAT5,0,gated_random,Tian,0.8,0.19047619047619047,0.3333333333333333
Tian_all_IL2STAT5,0,old_controller,Tian,0.6,0.5238095238095238,0.5238095238095238
Tian_all_IL2STAT5,0,old_controller,Tian,0.8,0.2857142857142857,0.35714285714285715
Tian_all_IL2STAT5,1,random,Tian,0.6,0.5476190476190477,0.42857142857142855
Tian_all_IL2STAT5,1,random,Tian,0.8,0.3333333333333333,0.35714285714285715
Tian_all_IL2STAT5,1,fixed_ridge,Tian,0.6,0.5952380952380952,0.40476190476190477
Tian_all_IL2STAT5,1,fixed_ridge,Tian,0.8,0.2857142857142857,0.2857142857142857
Tian_all_IL2STAT5,1,greedy_ridge,Tian,0.6,0.5476190476190477,0.35714285714285715
Tian_all_IL2STAT5,1,greedy_ridge,Tian,0.8,0.2619047619047619,0.23809523809523808
Tian_all_IL2STAT5,1,linear_ucb,Tian,0.6,0.5952380952380952,0.35714285714285715
Tian_all_IL2STAT5,1,linear_ucb,Tian,0.8,0.2857142857142857,0.23809523809523808
Tian_all_IL2STAT5,1,diversity,Tian,0.6,0.5476190476190477,0.5238095238095238
Tian_all_IL2STAT5,1,diversity,Tian,0.8,0.30952380952380953,0.35714285714285715
Tian_all_IL2STAT5,1,extra_trees,Tian,0.6,0.5238095238095238,0.42857142857142855
Tian_all_IL2STAT5,1,extra_trees,Tian,0.8,0.2857142857142857,0.2857142857142857
Tian_all_IL2STAT5,1,gated_random,Tian,0.6,0.5476190476190477,0.42857142857142855
Tian_all_IL2STAT5,1,gated_random,Tian,0.8,0.3333333333333333,0.35714285714285715
Tian_all_IL2STAT5,1,old_controller,Tian,0.6,0.5476190476190477,0.5238095238095238
Tian_all_IL2STAT5,1,old_controller,Tian,0.8,0.30952380952380953,0.35714285714285715
Tian_all_IL2STAT5,2,random,Tian,0.6,0.47619047619047616,0.5476190476190477
Tian_all_IL2STAT5,2,random,Tian,0.8,0.21428571428571427,0.3333333333333333
Tian_all_IL2STAT5,2,fixed_ridge,Tian,0.6,0.47619047619047616,0.4523809523809524
Tian_all_IL2STAT5,2,fixed_ridge,Tian,0.8,0.3333333333333333,0.2857142857142857
Tian_all_IL2STAT5,2,greedy_ridge,Tian,0.6,0.5238095238095238,0.40476190476190477
Tian_all_IL2STAT5,2,greedy_ridge,Tian,0.8,0.30952380952380953,0.23809523809523808
Tian_all_IL2STAT5,2,linear_ucb,Tian,0.6,0.5238095238095238,0.42857142857142855
Tian_all_IL2STAT5,2,linear_ucb,Tian,0.8,0.30952380952380953,0.23809523809523808
Tian_all_IL2STAT5,2,diversity,Tian,0.6,0.5238095238095238,0.4523809523809524
Tian_all_IL2STAT5,2,diversity,Tian,0.8,0.30952380952380953,0.30952380952380953
Tian_all_IL2STAT5,2,extra_trees,Tian,0.6,0.5476190476190477,0.5
Tian_all_IL2STAT5,2,extra_trees,Tian,0.8,0.2857142857142857,0.2857142857142857
Tian_all_IL2STAT5,2,gated_random,Tian,0.6,0.47619047619047616,0.5476190476190477
Tian_all_IL2STAT5,2,gated_random,Tian,0.8,0.21428571428571427,0.3333333333333333
Tian_all_IL2STAT5,2,old_controller,Tian,0.6,0.5238095238095238,0.4523809523809524
Tian_all_IL2STAT5,2,old_controller,Tian,0.8,0.30952380952380953,0.30952380952380953
Tian_all_IL2STAT5,3,random,Tian,0.6,0.5238095238095238,0.5476190476190477
Tian_all_IL2STAT5,3,random,Tian,0.8,0.2619047619047619,0.30952380952380953
Tian_all_IL2STAT5,3,fixed_ridge,Tian,0.6,0.40476190476190477,0.47619047619047616
Tian_all_IL2STAT5,3,fixed_ridge,Tian,0.8,0.23809523809523808,0.23809523809523808
Tian_all_IL2STAT5,3,greedy_ridge,Tian,0.6,0.4523809523809524,0.5238095238095238
Tian_all_IL2STAT5,3,greedy_ridge,Tian,0.8,0.2857142857142857,0.2619047619047619
Tian_all_IL2STAT5,3,linear_ucb,Tian,0.6,0.5238095238095238,0.5238095238095238
Tian_all_IL2STAT5,3,linear_ucb,Tian,0.8,0.2857142857142857,0.30952380952380953
Tian_all_IL2STAT5,3,diversity,Tian,0.6,0.5238095238095238,0.5714285714285714
Tian_all_IL2STAT5,3,diversity,Tian,0.8,0.30952380952380953,0.38095238095238093
Tian_all_IL2STAT5,3,extra_trees,Tian,0.6,0.5238095238095238,0.5476190476190477
Tian_all_IL2STAT5,3,extra_trees,Tian,0.8,0.30952380952380953,0.2619047619047619
Tian_all_IL2STAT5,3,gated_random,Tian,0.6,0.5238095238095238,0.4523809523809524
Tian_all_IL2STAT5,3,gated_random,Tian,0.8,0.2857142857142857,0.2619047619047619
Tian_all_IL2STAT5,3,old_controller,Tian,0.6,0.4523809523809524,0.5476190476190477
Tian_all_IL2STAT5,3,old_controller,Tian,0.8,0.2619047619047619,0.35714285714285715
Tian_all_IL2STAT5,4,random,Tian,0.6,0.5238095238095238,0.5476190476190477
Tian_all_IL2STAT5,4,random,Tian,0.8,0.19047619047619047,0.30952380952380953
Tian_all_IL2STAT5,4,fixed_ridge,Tian,0.6,0.5952380952380952,0.40476190476190477
Tian_all_IL2STAT5,4,fixed_ridge,Tian,0.8,0.21428571428571427,0.23809523809523808
Tian_all_IL2STAT5,4,greedy_ridge,Tian,0.6,0.5,0.5476190476190477
Tian_all_IL2STAT5,4,greedy_ridge,Tian,0.8,0.21428571428571427,0.30952380952380953
Tian_all_IL2STAT5,4,linear_ucb,Tian,0.6,0.5952380952380952,0.5
Tian_all_IL2STAT5,4,linear_ucb,Tian,0.8,0.2619047619047619,0.2619047619047619
Tian_all_IL2STAT5,4,diversity,Tian,0.6,0.5476190476190477,0.4523809523809524
Tian_all_IL2STAT5,4,diversity,Tian,0.8,0.30952380952380953,0.30952380952380953
Tian_all_IL2STAT5,4,extra_trees,Tian,0.6,0.5714285714285714,0.47619047619047616
Tian_all_IL2STAT5,4,extra_trees,Tian,0.8,0.2619047619047619,0.2619047619047619
Tian_all_IL2STAT5,4,gated_random,Tian,0.6,0.5238095238095238,0.5476190476190477
Tian_all_IL2STAT5,4,gated_random,Tian,0.8,0.19047619047619047,0.30952380952380953
Tian_all_IL2STAT5,4,old_controller,Tian,0.6,0.6428571428571429,0.42857142857142855
Tian_all_IL2STAT5,4,old_controller,Tian,0.8,0.30952380952380953,0.23809523809523808
Tian_all_IL2STAT5,5,random,Tian,0.6,0.5476190476190477,0.5
Tian_all_IL2STAT5,5,random,Tian,0.8,0.23809523809523808,0.30952380952380953
Tian_all_IL2STAT5,5,fixed_ridge,Tian,0.6,0.6190476190476191,0.42857142857142855
Tian_all_IL2STAT5,5,fixed_ridge,Tian,0.8,0.30952380952380953,0.2619047619047619
Tian_all_IL2STAT5,5,greedy_ridge,Tian,0.6,0.5238095238095238,0.4523809523809524
Tian_all_IL2STAT5,5,greedy_ridge,Tian,0.8,0.2619047619047619,0.2619047619047619
Tian_all_IL2STAT5,5,linear_ucb,Tian,0.6,0.5952380952380952,0.42857142857142855
Tian_all_IL2STAT5,5,linear_ucb,Tian,0.8,0.30952380952380953,0.2619047619047619
Tian_all_IL2STAT5,5,diversity,Tian,0.6,0.5714285714285714,0.5476190476190477
Tian_all_IL2STAT5,5,diversity,Tian,0.8,0.3333333333333333,0.35714285714285715
Tian_all_IL2STAT5,5,extra_trees,Tian,0.6,0.5238095238095238,0.4523809523809524
Tian_all_IL2STAT5,5,extra_trees,Tian,0.8,0.30952380952380953,0.2857142857142857
Tian_all_IL2STAT5,5,gated_random,Tian,0.6,0.5476190476190477,0.5
Tian_all_IL2STAT5,5,gated_random,Tian,0.8,0.23809523809523808,0.30952380952380953
Tian_all_IL2STAT5,5,old_controller,Tian,0.6,0.47619047619047616,0.4523809523809524
Tian_all_IL2STAT5,5,old_controller,Tian,0.8,0.3333333333333333,0.30952380952380953
Tian_all_IL2STAT5,6,random,Tian,0.6,0.6190476190476191,0.38095238095238093
Tian_all_IL2STAT5,6,random,Tian,0.8,0.3333333333333333,0.2857142857142857
Tian_all_IL2STAT5,6,fixed_ridge,Tian,0.6,0.5476190476190477,0.5
Tian_all_IL2STAT5,6,fixed_ridge,Tian,0.8,0.2619047619047619,0.30952380952380953
Tian_all_IL2STAT5,6,greedy_ridge,Tian,0.6,0.5238095238095238,0.5238095238095238
Tian_all_IL2STAT5,6,greedy_ridge,Tian,0.8,0.21428571428571427,0.3333333333333333
Tian_all_IL2STAT5,6,linear_ucb,Tian,0.6,0.5,0.5476190476190477
Tian_all_IL2STAT5,6,linear_ucb,Tian,0.8,0.2857142857142857,0.2857142857142857
Tian_all_IL2STAT5,6,diversity,Tian,0.6,0.5952380952380952,0.5
Tian_all_IL2STAT5,6,diversity,Tian,0.8,0.2619047619047619,0.3333333333333333
Tian_all_IL2STAT5,6,extra_trees,Tian,0.6,0.6428571428571429,0.47619047619047616
Tian_all_IL2STAT5,6,extra_trees,Tian,0.8,0.3333333333333333,0.2857142857142857
Tian_all_IL2STAT5,6,gated_random,Tian,0.6,0.6190476190476191,0.38095238095238093
Tian_all_IL2STAT5,6,gated_random,Tian,0.8,0.3333333333333333,0.2857142857142857
Tian_all_IL2STAT5,6,old_controller,Tian,0.6,0.5952380952380952,0.5
Tian_all_IL2STAT5,6,old_controller,Tian,0.8,0.2619047619047619,0.3333333333333333
Tian_all_IL2STAT5,7,random,Tian,0.6,0.6428571428571429,0.4523809523809524
Tian_all_IL2STAT5,7,random,Tian,0.8,0.2857142857142857,0.2857142857142857
Tian_all_IL2STAT5,7,fixed_ridge,Tian,0.6,0.4523809523809524,0.5238095238095238
Tian_all_IL2STAT5,7,fixed_ridge,Tian,0.8,0.23809523809523808,0.30952380952380953
Tian_all_IL2STAT5,7,greedy_ridge,Tian,0.6,0.4523809523809524,0.6428571428571429
Tian_all_IL2STAT5,7,greedy_ridge,Tian,0.8,0.21428571428571427,0.30952380952380953
Tian_all_IL2STAT5,7,linear_ucb,Tian,0.6,0.47619047619047616,0.5476190476190477
Tian_all_IL2STAT5,7,linear_ucb,Tian,0.8,0.2619047619047619,0.30952380952380953
Tian_all_IL2STAT5,7,diversity,Tian,0.6,0.6190476190476191,0.6190476190476191
Tian_all_IL2STAT5,7,diversity,Tian,0.8,0.38095238095238093,0.40476190476190477
Tian_all_IL2STAT5,7,extra_trees,Tian,0.6,0.5238095238095238,0.4523809523809524
Tian_all_IL2STAT5,7,extra_trees,Tian,0.8,0.21428571428571427,0.2857142857142857
Tian_all_IL2STAT5,7,gated_random,Tian,0.6,0.6428571428571429,0.4523809523809524
Tian_all_IL2STAT5,7,gated_random,Tian,0.8,0.2857142857142857,0.2857142857142857
Tian_all_IL2STAT5,7,old_controller,Tian,0.6,0.6190476190476191,0.6190476190476191
Tian_all_IL2STAT5,7,old_controller,Tian,0.8,0.38095238095238093,0.40476190476190477
Tian_all_IL2STAT5,8,random,Tian,0.6,0.5238095238095238,0.42857142857142855
Tian_all_IL2STAT5,8,random,Tian,0.8,0.2619047619047619,0.30952380952380953
Tian_all_IL2STAT5,8,fixed_ridge,Tian,0.6,0.5476190476190477,0.5
Tian_all_IL2STAT5,8,fixed_ridge,Tian,0.8,0.30952380952380953,0.35714285714285715
Tian_all_IL2STAT5,8,greedy_ridge,Tian,0.6,0.5476190476190477,0.5
Tian_all_IL2STAT5,8,greedy_ridge,Tian,0.8,0.2857142857142857,0.3333333333333333
Tian_all_IL2STAT5,8,linear_ucb,Tian,0.6,0.5952380952380952,0.5
Tian_all_IL2STAT5,8,linear_ucb,Tian,0.8,0.30952380952380953,0.3333333333333333
Tian_all_IL2STAT5,8,diversity,Tian,0.6,0.5238095238095238,0.47619047619047616
Tian_all_IL2STAT5,8,diversity,Tian,0.8,0.30952380952380953,0.35714285714285715
Tian_all_IL2STAT5,8,extra_trees,Tian,0.6,0.5,0.5
Tian_all_IL2STAT5,8,extra_trees,Tian,0.8,0.2619047619047619,0.30952380952380953
Tian_all_IL2STAT5,8,gated_random,Tian,0.6,0.5238095238095238,0.42857142857142855
Tian_all_IL2STAT5,8,gated_random,Tian,0.8,0.2619047619047619,0.30952380952380953
Tian_all_IL2STAT5,8,old_controller,Tian,0.6,0.5476190476190477,0.4523809523809524
Tian_all_IL2STAT5,8,old_controller,Tian,0.8,0.30952380952380953,0.3333333333333333
Tian_all_IL2STAT5,9,random,Tian,0.6,0.5476190476190477,0.4523809523809524
Tian_all_IL2STAT5,9,random,Tian,0.8,0.2857142857142857,0.35714285714285715
Tian_all_IL2STAT5,9,fixed_ridge,Tian,0.6,0.5714285714285714,0.4523809523809524
Tian_all_IL2STAT5,9,fixed_ridge,Tian,0.8,0.30952380952380953,0.2857142857142857
Tian_all_IL2STAT5,9,greedy_ridge,Tian,0.6,0.5,0.5
Tian_all_IL2STAT5,9,greedy_ridge,Tian,0.8,0.2857142857142857,0.30952380952380953
Tian_all_IL2STAT5,9,linear_ucb,Tian,0.6,0.5238095238095238,0.4523809523809524
Tian_all_IL2STAT5,9,linear_ucb,Tian,0.8,0.2857142857142857,0.2857142857142857
Tian_all_IL2STAT5,9,diversity,Tian,0.6,0.5714285714285714,0.5238095238095238
Tian_all_IL2STAT5,9,diversity,Tian,0.8,0.21428571428571427,0.3333333333333333
Tian_all_IL2STAT5,9,extra_trees,Tian,0.6,0.47619047619047616,0.5238095238095238
Tian_all_IL2STAT5,9,extra_trees,Tian,0.8,0.2619047619047619,0.3333333333333333
Tian_all_IL2STAT5,9,gated_random,Tian,0.6,0.5476190476190477,0.4523809523809524
Tian_all_IL2STAT5,9,gated_random,Tian,0.8,0.2857142857142857,0.35714285714285715
Tian_all_IL2STAT5,9,old_controller,Tian,0.6,0.5714285714285714,0.5238095238095238
Tian_all_IL2STAT5,9,old_controller,Tian,0.8,0.21428571428571427,0.3333333333333333
Tian_all_IL2STAT5,10,random,Tian,0.6,0.5476190476190477,0.47619047619047616
Tian_all_IL2STAT5,10,random,Tian,0.8,0.2857142857142857,0.3333333333333333
Tian_all_IL2STAT5,10,fixed_ridge,Tian,0.6,0.5,0.47619047619047616
Tian_all_IL2STAT5,10,fixed_ridge,Tian,0.8,0.14285714285714285,0.30952380952380953
Tian_all_IL2STAT5,10,greedy_ridge,Tian,0.6,0.5,0.5238095238095238
Tian_all_IL2STAT5,10,greedy_ridge,Tian,0.8,0.19047619047619047,0.3333333333333333
Tian_all_IL2STAT5,10,linear_ucb,Tian,0.6,0.5476190476190477,0.5476190476190477
Tian_all_IL2STAT5,10,linear_ucb,Tian,0.8,0.23809523809523808,0.40476190476190477
Tian_all_IL2STAT5,10,diversity,Tian,0.6,0.5238095238095238,0.5714285714285714
Tian_all_IL2STAT5,10,diversity,Tian,0.8,0.30952380952380953,0.35714285714285715
Tian_all_IL2STAT5,10,extra_trees,Tian,0.6,0.5952380952380952,0.47619047619047616
Tian_all_IL2STAT5,10,extra_trees,Tian,0.8,0.21428571428571427,0.35714285714285715
Tian_all_IL2STAT5,10,gated_random,Tian,0.6,0.5476190476190477,0.47619047619047616
Tian_all_IL2STAT5,10,gated_random,Tian,0.8,0.2857142857142857,0.3333333333333333
Tian_all_IL2STAT5,10,old_controller,Tian,0.6,0.5238095238095238,0.5714285714285714
Tian_all_IL2STAT5,10,old_controller,Tian,0.8,0.30952380952380953,0.35714285714285715
Tian_all_IL2STAT5,11,random,Tian,0.6,0.5714285714285714,0.4523809523809524
Tian_all_IL2STAT5,11,random,Tian,0.8,0.23809523809523808,0.2857142857142857
Tian_all_IL2STAT5,11,fixed_ridge,Tian,0.6,0.4523809523809524,0.42857142857142855
Tian_all_IL2STAT5,11,fixed_ridge,Tian,0.8,0.19047619047619047,0.2619047619047619
Tian_all_IL2STAT5,11,greedy_ridge,Tian,0.6,0.4523809523809524,0.5476190476190477
Tian_all_IL2STAT5,11,greedy_ridge,Tian,0.8,0.23809523809523808,0.35714285714285715
Tian_all_IL2STAT5,11,linear_ucb,Tian,0.6,0.5,0.5476190476190477
Tian_all_IL2STAT5,11,linear_ucb,Tian,0.8,0.21428571428571427,0.30952380952380953
Tian_all_IL2STAT5,11,diversity,Tian,0.6,0.47619047619047616,0.5476190476190477
Tian_all_IL2STAT5,11,diversity,Tian,0.8,0.21428571428571427,0.3333333333333333
Tian_all_IL2STAT5,11,extra_trees,Tian,0.6,0.5,0.5952380952380952
Tian_all_IL2STAT5,11,extra_trees,Tian,0.8,0.2619047619047619,0.38095238095238093
Tian_all_IL2STAT5,11,gated_random,Tian,0.6,0.5714285714285714,0.4523809523809524
Tian_all_IL2STAT5,11,gated_random,Tian,0.8,0.23809523809523808,0.2857142857142857
Tian_all_IL2STAT5,11,old_controller,Tian,0.6,0.47619047619047616,0.5476190476190477
Tian_all_IL2STAT5,11,old_controller,Tian,0.8,0.21428571428571427,0.3333333333333333
Tian_all_IL2STAT5,12,random,Tian,0.6,0.5238095238095238,0.4523809523809524
Tian_all_IL2STAT5,12,random,Tian,0.8,0.2857142857142857,0.2857142857142857
Tian_all_IL2STAT5,12,fixed_ridge,Tian,0.6,0.5476190476190477,0.47619047619047616
Tian_all_IL2STAT5,12,fixed_ridge,Tian,0.8,0.16666666666666666,0.35714285714285715
Tian_all_IL2STAT5,12,greedy_ridge,Tian,0.6,0.5,0.5238095238095238
Tian_all_IL2STAT5,12,greedy_ridge,Tian,0.8,0.21428571428571427,0.35714285714285715
Tian_all_IL2STAT5,12,linear_ucb,Tian,0.6,0.6904761904761905,0.5
Tian_all_IL2STAT5,12,linear_ucb,Tian,0.8,0.23809523809523808,0.30952380952380953
Tian_all_IL2STAT5,12,diversity,Tian,0.6,0.6428571428571429,0.5476190476190477
Tian_all_IL2STAT5,12,diversity,Tian,0.8,0.2619047619047619,0.42857142857142855
Tian_all_IL2STAT5,12,extra_trees,Tian,0.6,0.5714285714285714,0.5952380952380952
Tian_all_IL2STAT5,12,extra_trees,Tian,0.8,0.23809523809523808,0.30952380952380953
Tian_all_IL2STAT5,12,gated_random,Tian,0.6,0.5238095238095238,0.4523809523809524
Tian_all_IL2STAT5,12,gated_random,Tian,0.8,0.2857142857142857,0.2857142857142857
Tian_all_IL2STAT5,12,old_controller,Tian,0.6,0.6190476190476191,0.5952380952380952
Tian_all_IL2STAT5,12,old_controller,Tian,0.8,0.2619047619047619,0.38095238095238093
Tian_all_IL2STAT5,13,random,Tian,0.6,0.6428571428571429,0.4523809523809524
Tian_all_IL2STAT5,13,random,Tian,0.8,0.47619047619047616,0.2857142857142857
Tian_all_IL2STAT5,13,fixed_ridge,Tian,0.6,0.5238095238095238,0.5
Tian_all_IL2STAT5,13,fixed_ridge,Tian,0.8,0.2857142857142857,0.2619047619047619
Tian_all_IL2STAT5,13,greedy_ridge,Tian,0.6,0.47619047619047616,0.5238095238095238
Tian_all_IL2STAT5,13,greedy_ridge,Tian,0.8,0.2619047619047619,0.2857142857142857
Tian_all_IL2STAT5,13,linear_ucb,Tian,0.6,0.5,0.4523809523809524
Tian_all_IL2STAT5,13,linear_ucb,Tian,0.8,0.2857142857142857,0.23809523809523808
Tian_all_IL2STAT5,13,diversity,Tian,0.6,0.5238095238095238,0.5476190476190477
Tian_all_IL2STAT5,13,diversity,Tian,0.8,0.38095238095238093,0.3333333333333333
Tian_all_IL2STAT5,13,extra_trees,Tian,0.6,0.4523809523809524,0.5238095238095238
Tian_all_IL2STAT5,13,extra_trees,Tian,0.8,0.23809523809523808,0.2857142857142857
Tian_all_IL2STAT5,13,gated_random,Tian,0.6,0.5238095238095238,0.5
Tian_all_IL2STAT5,13,gated_random,Tian,0.8,0.30952380952380953,0.2857142857142857
Tian_all_IL2STAT5,13,old_controller,Tian,0.6,0.5238095238095238,0.5238095238095238
Tian_all_IL2STAT5,13,old_controller,Tian,0.8,0.30952380952380953,0.35714285714285715
Tian_all_IL2STAT5,14,random,Tian,0.6,0.42857142857142855,0.5476190476190477
Tian_all_IL2STAT5,14,random,Tian,0.8,0.19047619047619047,0.30952380952380953
Tian_all_IL2STAT5,14,fixed_ridge,Tian,0.6,0.5714285714285714,0.5
Tian_all_IL2STAT5,14,fixed_ridge,Tian,0.8,0.3333333333333333,0.30952380952380953
Tian_all_IL2STAT5,14,greedy_ridge,Tian,0.6,0.5714285714285714,0.4523809523809524
Tian_all_IL2STAT5,14,greedy_ridge,Tian,0.8,0.2857142857142857,0.21428571428571427
Tian_all_IL2STAT5,14,linear_ucb,Tian,0.6,0.5952380952380952,0.5238095238095238
Tian_all_IL2STAT5,14,linear_ucb,Tian,0.8,0.30952380952380953,0.30952380952380953
Tian_all_IL2STAT5,14,diversity,Tian,0.6,0.5,0.5238095238095238
Tian_all_IL2STAT5,14,diversity,Tian,0.8,0.30952380952380953,0.30952380952380953
Tian_all_IL2STAT5,14,extra_trees,Tian,0.6,0.5238095238095238,0.5476190476190477
Tian_all_IL2STAT5,14,extra_trees,Tian,0.8,0.35714285714285715,0.3333333333333333
Tian_all_IL2STAT5,14,gated_random,Tian,0.6,0.5,0.5238095238095238
Tian_all_IL2STAT5,14,gated_random,Tian,0.8,0.19047619047619047,0.38095238095238093
Tian_all_IL2STAT5,14,old_controller,Tian,0.6,0.5952380952380952,0.5476190476190477
Tian_all_IL2STAT5,14,old_controller,Tian,0.8,0.3333333333333333,0.3333333333333333
Tian_all_IL2STAT5,15,random,Tian,0.6,0.5714285714285714,0.5238095238095238
Tian_all_IL2STAT5,15,random,Tian,0.8,0.2619047619047619,0.35714285714285715
Tian_all_IL2STAT5,15,fixed_ridge,Tian,0.6,0.5714285714285714,0.4523809523809524
Tian_all_IL2STAT5,15,fixed_ridge,Tian,0.8,0.3333333333333333,0.2619047619047619
Tian_all_IL2STAT5,15,greedy_ridge,Tian,0.6,0.5952380952380952,0.42857142857142855
Tian_all_IL2STAT5,15,greedy_ridge,Tian,0.8,0.3333333333333333,0.2857142857142857
Tian_all_IL2STAT5,15,linear_ucb,Tian,0.6,0.5714285714285714,0.42857142857142855
Tian_all_IL2STAT5,15,linear_ucb,Tian,0.8,0.2857142857142857,0.2857142857142857
Tian_all_IL2STAT5,15,diversity,Tian,0.6,0.5476190476190477,0.5
Tian_all_IL2STAT5,15,diversity,Tian,0.8,0.3333333333333333,0.2857142857142857
Tian_all_IL2STAT5,15,extra_trees,Tian,0.6,0.6190476190476191,0.42857142857142855
Tian_all_IL2STAT5,15,extra_trees,Tian,0.8,0.30952380952380953,0.2857142857142857
Tian_all_IL2STAT5,15,gated_random,Tian,0.6,0.5714285714285714,0.5238095238095238
Tian_all_IL2STAT5,15,gated_random,Tian,0.8,0.2619047619047619,0.35714285714285715
Tian_all_IL2STAT5,15,old_controller,Tian,0.6,0.5476190476190477,0.5
Tian_all_IL2STAT5,15,old_controller,Tian,0.8,0.3333333333333333,0.2857142857142857
Tian_all_IL2STAT5,16,random,Tian,0.6,0.6428571428571429,0.30952380952380953
Tian_all_IL2STAT5,16,random,Tian,0.8,0.30952380952380953,0.21428571428571427
Tian_all_IL2STAT5,16,fixed_ridge,Tian,0.6,0.6190476190476191,0.5238095238095238
Tian_all_IL2STAT5,16,fixed_ridge,Tian,0.8,0.38095238095238093,0.30952380952380953
Tian_all_IL2STAT5,16,greedy_ridge,Tian,0.6,0.5952380952380952,0.4523809523809524
Tian_all_IL2STAT5,16,greedy_ridge,Tian,0.8,0.3333333333333333,0.21428571428571427
Tian_all_IL2STAT5,16,linear_ucb,Tian,0.6,0.5476190476190477,0.4523809523809524
Tian_all_IL2STAT5,16,linear_ucb,Tian,0.8,0.30952380952380953,0.2619047619047619
Tian_all_IL2STAT5,16,diversity,Tian,0.6,0.5476190476190477,0.5238095238095238
Tian_all_IL2STAT5,16,diversity,Tian,0.8,0.30952380952380953,0.3333333333333333
Tian_all_IL2STAT5,16,extra_trees,Tian,0.6,0.6428571428571429,0.5
Tian_all_IL2STAT5,16,extra_trees,Tian,0.8,0.40476190476190477,0.35714285714285715
Tian_all_IL2STAT5,16,gated_random,Tian,0.6,0.5714285714285714,0.5238095238095238
Tian_all_IL2STAT5,16,gated_random,Tian,0.8,0.2857142857142857,0.30952380952380953
Tian_all_IL2STAT5,16,old_controller,Tian,0.6,0.6428571428571429,0.5238095238095238
Tian_all_IL2STAT5,16,old_controller,Tian,0.8,0.40476190476190477,0.30952380952380953
Tian_all_IL2STAT5,17,random,Tian,0.6,0.4523809523809524,0.5238095238095238
Tian_all_IL2STAT5,17,random,Tian,0.8,0.16666666666666666,0.2857142857142857
Tian_all_IL2STAT5,17,fixed_ridge,Tian,0.6,0.5238095238095238,0.5
Tian_all_IL2STAT5,17,fixed_ridge,Tian,0.8,0.2619047619047619,0.2857142857142857
Tian_all_IL2STAT5,17,greedy_ridge,Tian,0.6,0.5714285714285714,0.6190476190476191
Tian_all_IL2STAT5,17,greedy_ridge,Tian,0.8,0.3333333333333333,0.35714285714285715
Tian_all_IL2STAT5,17,linear_ucb,Tian,0.6,0.5714285714285714,0.6428571428571429
Tian_all_IL2STAT5,17,linear_ucb,Tian,0.8,0.30952380952380953,0.35714285714285715
Tian_all_IL2STAT5,17,diversity,Tian,0.6,0.5476190476190477,0.5952380952380952
Tian_all_IL2STAT5,17,diversity,Tian,0.8,0.2619047619047619,0.35714285714285715
Tian_all_IL2STAT5,17,extra_trees,Tian,0.6,0.5714285714285714,0.5714285714285714
Tian_all_IL2STAT5,17,extra_trees,Tian,0.8,0.23809523809523808,0.3333333333333333
Tian_all_IL2STAT5,17,gated_random,Tian,0.6,0.4523809523809524,0.5238095238095238
Tian_all_IL2STAT5,17,gated_random,Tian,0.8,0.16666666666666666,0.2857142857142857
Tian_all_IL2STAT5,17,old_controller,Tian,0.6,0.5476190476190477,0.5952380952380952
Tian_all_IL2STAT5,17,old_controller,Tian,0.8,0.2619047619047619,0.35714285714285715
Tian_all_IL2STAT5,18,random,Tian,0.6,0.6904761904761905,0.5952380952380952
Tian_all_IL2STAT5,18,random,Tian,0.8,0.35714285714285715,0.30952380952380953
Tian_all_IL2STAT5,18,fixed_ridge,Tian,0.6,0.5952380952380952,0.5
Tian_all_IL2STAT5,18,fixed_ridge,Tian,0.8,0.23809523809523808,0.30952380952380953
Tian_all_IL2STAT5,18,greedy_ridge,Tian,0.6,0.5476190476190477,0.5714285714285714
Tian_all_IL2STAT5,18,greedy_ridge,Tian,0.8,0.19047619047619047,0.2857142857142857
Tian_all_IL2STAT5,18,linear_ucb,Tian,0.6,0.6190476190476191,0.5476190476190477
Tian_all_IL2STAT5,18,linear_ucb,Tian,0.8,0.2619047619047619,0.2857142857142857
Tian_all_IL2STAT5,18,diversity,Tian,0.6,0.6428571428571429,0.5476190476190477
Tian_all_IL2STAT5,18,diversity,Tian,0.8,0.3333333333333333,0.30952380952380953
Tian_all_IL2STAT5,18,extra_trees,Tian,0.6,0.5476190476190477,0.5714285714285714
Tian_all_IL2STAT5,18,extra_trees,Tian,0.8,0.21428571428571427,0.3333333333333333
Tian_all_IL2STAT5,18,gated_random,Tian,0.6,0.6904761904761905,0.5952380952380952
Tian_all_IL2STAT5,18,gated_random,Tian,0.8,0.35714285714285715,0.30952380952380953
Tian_all_IL2STAT5,18,old_controller,Tian,0.6,0.6190476190476191,0.6666666666666666
Tian_all_IL2STAT5,18,old_controller,Tian,0.8,0.30952380952380953,0.42857142857142855
Tian_all_IL2STAT5,19,random,Tian,0.6,0.5238095238095238,0.5
Tian_all_IL2STAT5,19,random,Tian,0.8,0.23809523809523808,0.30952380952380953
Tian_all_IL2STAT5,19,fixed_ridge,Tian,0.6,0.4523809523809524,0.4523809523809524
Tian_all_IL2STAT5,19,fixed_ridge,Tian,0.8,0.21428571428571427,0.2857142857142857
Tian_all_IL2STAT5,19,greedy_ridge,Tian,0.6,0.5,0.5
Tian_all_IL2STAT5,19,greedy_ridge,Tian,0.8,0.2619047619047619,0.23809523809523808
Tian_all_IL2STAT5,19,linear_ucb,Tian,0.6,0.4523809523809524,0.47619047619047616
Tian_all_IL2STAT5,19,linear_ucb,Tian,0.8,0.19047619047619047,0.2619047619047619
Tian_all_IL2STAT5,19,diversity,Tian,0.6,0.5714285714285714,0.5952380952380952
Tian_all_IL2STAT5,19,diversity,Tian,0.8,0.3333333333333333,0.42857142857142855
Tian_all_IL2STAT5,19,extra_trees,Tian,0.6,0.5714285714285714,0.4523809523809524
Tian_all_IL2STAT5,19,extra_trees,Tian,0.8,0.2619047619047619,0.2619047619047619
Tian_all_IL2STAT5,19,gated_random,Tian,0.6,0.5,0.5238095238095238
Tian_all_IL2STAT5,19,gated_random,Tian,0.8,0.16666666666666666,0.2619047619047619
Tian_all_IL2STAT5,19,old_controller,Tian,0.6,0.5476190476190477,0.47619047619047616
Tian_all_IL2STAT5,19,old_controller,Tian,0.8,0.30952380952380953,0.35714285714285715
Tian_all_IL2STAT5,20,random,Tian,0.6,0.5,0.4523809523809524
Tian_all_IL2STAT5,20,random,Tian,0.8,0.23809523809523808,0.2619047619047619
Tian_all_IL2STAT5,20,fixed_ridge,Tian,0.6,0.5714285714285714,0.5
Tian_all_IL2STAT5,20,fixed_ridge,Tian,0.8,0.19047619047619047,0.3333333333333333
Tian_all_IL2STAT5,20,greedy_ridge,Tian,0.6,0.47619047619047616,0.5476190476190477
Tian_all_IL2STAT5,20,greedy_ridge,Tian,0.8,0.21428571428571427,0.35714285714285715
Tian_all_IL2STAT5,20,linear_ucb,Tian,0.6,0.5476190476190477,0.5714285714285714
Tian_all_IL2STAT5,20,linear_ucb,Tian,0.8,0.2619047619047619,0.40476190476190477
Tian_all_IL2STAT5,20,diversity,Tian,0.6,0.5952380952380952,0.6666666666666666
Tian_all_IL2STAT5,20,diversity,Tian,0.8,0.2619047619047619,0.40476190476190477
Tian_all_IL2STAT5,20,extra_trees,Tian,0.6,0.5238095238095238,0.5238095238095238
Tian_all_IL2STAT5,20,extra_trees,Tian,0.8,0.19047619047619047,0.30952380952380953
Tian_all_IL2STAT5,20,gated_random,Tian,0.6,0.5,0.4523809523809524
Tian_all_IL2STAT5,20,gated_random,Tian,0.8,0.23809523809523808,0.2619047619047619
Tian_all_IL2STAT5,20,old_controller,Tian,0.6,0.5952380952380952,0.6666666666666666
Tian_all_IL2STAT5,20,old_controller,Tian,0.8,0.2619047619047619,0.40476190476190477
Tian_all_IL2STAT5,21,random,Tian,0.6,0.6190476190476191,0.4523809523809524
Tian_all_IL2STAT5,21,random,Tian,0.8,0.3333333333333333,0.2857142857142857
Tian_all_IL2STAT5,21,fixed_ridge,Tian,0.6,0.5952380952380952,0.5
Tian_all_IL2STAT5,21,fixed_ridge,Tian,0.8,0.3333333333333333,0.2619047619047619
Tian_all_IL2STAT5,21,greedy_ridge,Tian,0.6,0.5952380952380952,0.5
Tian_all_IL2STAT5,21,greedy_ridge,Tian,0.8,0.38095238095238093,0.2619047619047619
Tian_all_IL2STAT5,21,linear_ucb,Tian,0.6,0.5238095238095238,0.5238095238095238
Tian_all_IL2STAT5,21,linear_ucb,Tian,0.8,0.2857142857142857,0.2857142857142857
Tian_all_IL2STAT5,21,diversity,Tian,0.6,0.5714285714285714,0.5238095238095238
Tian_all_IL2STAT5,21,diversity,Tian,0.8,0.35714285714285715,0.3333333333333333
Tian_all_IL2STAT5,21,extra_trees,Tian,0.6,0.5714285714285714,0.47619047619047616
Tian_all_IL2STAT5,21,extra_trees,Tian,0.8,0.30952380952380953,0.2857142857142857
Tian_all_IL2STAT5,21,gated_random,Tian,0.6,0.6190476190476191,0.4523809523809524
Tian_all_IL2STAT5,21,gated_random,Tian,0.8,0.3333333333333333,0.2857142857142857
Tian_all_IL2STAT5,21,old_controller,Tian,0.6,0.5714285714285714,0.5238095238095238
Tian_all_IL2STAT5,21,old_controller,Tian,0.8,0.35714285714285715,0.3333333333333333
Tian_all_IL2STAT5,22,random,Tian,0.6,0.5238095238095238,0.3333333333333333
Tian_all_IL2STAT5,22,random,Tian,0.8,0.30952380952380953,0.23809523809523808
Tian_all_IL2STAT5,22,fixed_ridge,Tian,0.6,0.5476190476190477,0.5
Tian_all_IL2STAT5,22,fixed_ridge,Tian,0.8,0.3333333333333333,0.2619047619047619
Tian_all_IL2STAT5,22,greedy_ridge,Tian,0.6,0.5476190476190477,0.42857142857142855
Tian_all_IL2STAT5,22,greedy_ridge,Tian,0.8,0.30952380952380953,0.21428571428571427
Tian_all_IL2STAT5,22,linear_ucb,Tian,0.6,0.5714285714285714,0.5476190476190477
Tian_all_IL2STAT5,22,linear_ucb,Tian,0.8,0.3333333333333333,0.2619047619047619
Tian_all_IL2STAT5,22,diversity,Tian,0.6,0.5238095238095238,0.5
Tian_all_IL2STAT5,22,diversity,Tian,0.8,0.30952380952380953,0.3333333333333333
Tian_all_IL2STAT5,22,extra_trees,Tian,0.6,0.5476190476190477,0.5238095238095238
Tian_all_IL2STAT5,22,extra_trees,Tian,0.8,0.3333333333333333,0.3333333333333333
Tian_all_IL2STAT5,22,gated_random,Tian,0.6,0.5,0.47619047619047616
Tian_all_IL2STAT5,22,gated_random,Tian,0.8,0.23809523809523808,0.2619047619047619
Tian_all_IL2STAT5,22,old_controller,Tian,0.6,0.5,0.5714285714285714
Tian_all_IL2STAT5,22,old_controller,Tian,0.8,0.30952380952380953,0.3333333333333333
Tian_all_IL2STAT5,23,random,Tian,0.6,0.7142857142857143,0.47619047619047616
Tian_all_IL2STAT5,23,random,Tian,0.8,0.3333333333333333,0.2857142857142857
Tian_all_IL2STAT5,23,fixed_ridge,Tian,0.6,0.6428571428571429,0.5
Tian_all_IL2STAT5,23,fixed_ridge,Tian,0.8,0.30952380952380953,0.30952380952380953
Tian_all_IL2STAT5,23,greedy_ridge,Tian,0.6,0.5714285714285714,0.40476190476190477
Tian_all_IL2STAT5,23,greedy_ridge,Tian,0.8,0.2619047619047619,0.2619047619047619
Tian_all_IL2STAT5,23,linear_ucb,Tian,0.6,0.6428571428571429,0.42857142857142855
Tian_all_IL2STAT5,23,linear_ucb,Tian,0.8,0.2857142857142857,0.2619047619047619
Tian_all_IL2STAT5,23,diversity,Tian,0.6,0.5952380952380952,0.5
Tian_all_IL2STAT5,23,diversity,Tian,0.8,0.3333333333333333,0.3333333333333333
Tian_all_IL2STAT5,23,extra_trees,Tian,0.6,0.6428571428571429,0.5
Tian_all_IL2STAT5,23,extra_trees,Tian,0.8,0.35714285714285715,0.35714285714285715
Tian_all_IL2STAT5,23,gated_random,Tian,0.6,0.7142857142857143,0.47619047619047616
Tian_all_IL2STAT5,23,gated_random,Tian,0.8,0.3333333333333333,0.2857142857142857
Tian_all_IL2STAT5,23,old_controller,Tian,0.6,0.5952380952380952,0.5
Tian_all_IL2STAT5,23,old_controller,Tian,0.8,0.3333333333333333,0.3333333333333333
Tian_all_IL2STAT5,24,random,Tian,0.6,0.6190476190476191,0.5
Tian_all_IL2STAT5,24,random,Tian,0.8,0.2619047619047619,0.30952380952380953
Tian_all_IL2STAT5,24,fixed_ridge,Tian,0.6,0.4523809523809524,0.5
Tian_all_IL2STAT5,24,fixed_ridge,Tian,0.8,0.21428571428571427,0.3333333333333333
Tian_all_IL2STAT5,24,greedy_ridge,Tian,0.6,0.47619047619047616,0.42857142857142855
Tian_all_IL2STAT5,24,greedy_ridge,Tian,0.8,0.23809523809523808,0.23809523809523808
Tian_all_IL2STAT5,24,linear_ucb,Tian,0.6,0.5476190476190477,0.38095238095238093
Tian_all_IL2STAT5,24,linear_ucb,Tian,0.8,0.3333333333333333,0.2619047619047619
Tian_all_IL2STAT5,24,diversity,Tian,0.6,0.47619047619047616,0.47619047619047616
Tian_all_IL2STAT5,24,diversity,Tian,0.8,0.23809523809523808,0.35714285714285715
Tian_all_IL2STAT5,24,extra_trees,Tian,0.6,0.4523809523809524,0.47619047619047616
Tian_all_IL2STAT5,24,extra_trees,Tian,0.8,0.2857142857142857,0.2857142857142857
Tian_all_IL2STAT5,24,gated_random,Tian,0.6,0.6190476190476191,0.5
Tian_all_IL2STAT5,24,gated_random,Tian,0.8,0.2619047619047619,0.30952380952380953
Tian_all_IL2STAT5,24,old_controller,Tian,0.6,0.47619047619047616,0.47619047619047616
Tian_all_IL2STAT5,24,old_controller,Tian,0.8,0.23809523809523808,0.35714285714285715
Tian_all_IL2STAT5,25,random,Tian,0.6,0.5714285714285714,0.3333333333333333
Tian_all_IL2STAT5,25,random,Tian,0.8,0.23809523809523808,0.23809523809523808
Tian_all_IL2STAT5,25,fixed_ridge,Tian,0.6,0.6190476190476191,0.47619047619047616
Tian_all_IL2STAT5,25,fixed_ridge,Tian,0.8,0.23809523809523808,0.2857142857142857
Tian_all_IL2STAT5,25,greedy_ridge,Tian,0.6,0.5238095238095238,0.5238095238095238
Tian_all_IL2STAT5,25,greedy_ridge,Tian,0.8,0.23809523809523808,0.35714285714285715
Tian_all_IL2STAT5,25,linear_ucb,Tian,0.6,0.5952380952380952,0.47619047619047616
Tian_all_IL2STAT5,25,linear_ucb,Tian,0.8,0.23809523809523808,0.30952380952380953
Tian_all_IL2STAT5,25,diversity,Tian,0.6,0.5952380952380952,0.5
Tian_all_IL2STAT5,25,diversity,Tian,0.8,0.30952380952380953,0.30952380952380953
Tian_all_IL2STAT5,25,extra_trees,Tian,0.6,0.5238095238095238,0.5714285714285714
Tian_all_IL2STAT5,25,extra_trees,Tian,0.8,0.21428571428571427,0.38095238095238093
Tian_all_IL2STAT5,25,gated_random,Tian,0.6,0.5238095238095238,0.5
Tian_all_IL2STAT5,25,gated_random,Tian,0.8,0.21428571428571427,0.2857142857142857
Tian_all_IL2STAT5,25,old_controller,Tian,0.6,0.5952380952380952,0.5238095238095238
Tian_all_IL2STAT5,25,old_controller,Tian,0.8,0.30952380952380953,0.35714285714285715
Tian_all_IL2STAT5,26,random,Tian,0.6,0.6428571428571429,0.40476190476190477
Tian_all_IL2STAT5,26,random,Tian,0.8,0.2857142857142857,0.21428571428571427
Tian_all_IL2STAT5,26,fixed_ridge,Tian,0.6,0.5714285714285714,0.2857142857142857
Tian_all_IL2STAT5,26,fixed_ridge,Tian,0.8,0.23809523809523808,0.09523809523809523
Tian_all_IL2STAT5,26,greedy_ridge,Tian,0.6,0.5714285714285714,0.35714285714285715
Tian_all_IL2STAT5,26,greedy_ridge,Tian,0.8,0.2857142857142857,0.21428571428571427
Tian_all_IL2STAT5,26,linear_ucb,Tian,0.6,0.6190476190476191,0.4523809523809524
Tian_all_IL2STAT5,26,linear_ucb,Tian,0.8,0.2619047619047619,0.23809523809523808
Tian_all_IL2STAT5,26,diversity,Tian,0.6,0.5476190476190477,0.4523809523809524
Tian_all_IL2STAT5,26,diversity,Tian,0.8,0.2619047619047619,0.2857142857142857
Tian_all_IL2STAT5,26,extra_trees,Tian,0.6,0.5238095238095238,0.35714285714285715
Tian_all_IL2STAT5,26,extra_trees,Tian,0.8,0.2857142857142857,0.21428571428571427
Tian_all_IL2STAT5,26,gated_random,Tian,0.6,0.6428571428571429,0.40476190476190477
Tian_all_IL2STAT5,26,gated_random,Tian,0.8,0.2857142857142857,0.21428571428571427
Tian_all_IL2STAT5,26,old_controller,Tian,0.6,0.5476190476190477,0.4523809523809524
Tian_all_IL2STAT5,26,old_controller,Tian,0.8,0.2619047619047619,0.2857142857142857
Tian_all_IL2STAT5,27,random,Tian,0.6,0.5,0.38095238095238093
Tian_all_IL2STAT5,27,random,Tian,0.8,0.19047619047619047,0.19047619047619047
Tian_all_IL2STAT5,27,fixed_ridge,Tian,0.6,0.5238095238095238,0.5
Tian_all_IL2STAT5,27,fixed_ridge,Tian,0.8,0.35714285714285715,0.2619047619047619
Tian_all_IL2STAT5,27,greedy_ridge,Tian,0.6,0.5476190476190477,0.5714285714285714
Tian_all_IL2STAT5,27,greedy_ridge,Tian,0.8,0.30952380952380953,0.3333333333333333
Tian_all_IL2STAT5,27,linear_ucb,Tian,0.6,0.5238095238095238,0.5238095238095238
Tian_all_IL2STAT5,27,linear_ucb,Tian,0.8,0.2619047619047619,0.2857142857142857
Tian_all_IL2STAT5,27,diversity,Tian,0.6,0.5238095238095238,0.5
Tian_all_IL2STAT5,27,diversity,Tian,0.8,0.2857142857142857,0.3333333333333333
Tian_all_IL2STAT5,27,extra_trees,Tian,0.6,0.6190476190476191,0.38095238095238093
Tian_all_IL2STAT5,27,extra_trees,Tian,0.8,0.30952380952380953,0.2619047619047619
Tian_all_IL2STAT5,27,gated_random,Tian,0.6,0.5,0.38095238095238093
Tian_all_IL2STAT5,27,gated_random,Tian,0.8,0.19047619047619047,0.19047619047619047
Tian_all_IL2STAT5,27,old_controller,Tian,0.6,0.5476190476190477,0.5
Tian_all_IL2STAT5,27,old_controller,Tian,0.8,0.2619047619047619,0.30952380952380953
Tian_all_IL2STAT5,28,random,Tian,0.6,0.5952380952380952,0.5714285714285714
Tian_all_IL2STAT5,28,random,Tian,0.8,0.2619047619047619,0.30952380952380953
Tian_all_IL2STAT5,28,fixed_ridge,Tian,0.6,0.5238095238095238,0.47619047619047616
Tian_all_IL2STAT5,28,fixed_ridge,Tian,0.8,0.30952380952380953,0.23809523809523808
Tian_all_IL2STAT5,28,greedy_ridge,Tian,0.6,0.5952380952380952,0.5238095238095238
Tian_all_IL2STAT5,28,greedy_ridge,Tian,0.8,0.2619047619047619,0.2857142857142857
Tian_all_IL2STAT5,28,linear_ucb,Tian,0.6,0.5476190476190477,0.5
Tian_all_IL2STAT5,28,linear_ucb,Tian,0.8,0.23809523809523808,0.2619047619047619
Tian_all_IL2STAT5,28,diversity,Tian,0.6,0.5952380952380952,0.5952380952380952
Tian_all_IL2STAT5,28,diversity,Tian,0.8,0.3333333333333333,0.35714285714285715
Tian_all_IL2STAT5,28,extra_trees,Tian,0.6,0.4523809523809524,0.47619047619047616
Tian_all_IL2STAT5,28,extra_trees,Tian,0.8,0.23809523809523808,0.30952380952380953
Tian_all_IL2STAT5,28,gated_random,Tian,0.6,0.5952380952380952,0.5714285714285714
Tian_all_IL2STAT5,28,gated_random,Tian,0.8,0.2619047619047619,0.30952380952380953
Tian_all_IL2STAT5,28,old_controller,Tian,0.6,0.5952380952380952,0.5952380952380952
Tian_all_IL2STAT5,28,old_controller,Tian,0.8,0.3333333333333333,0.35714285714285715
Tian_all_IL2STAT5,29,random,Tian,0.6,0.42857142857142855,0.5714285714285714
Tian_all_IL2STAT5,29,random,Tian,0.8,0.19047619047619047,0.38095238095238093
Tian_all_IL2STAT5,29,fixed_ridge,Tian,0.6,0.5,0.5476190476190477
Tian_all_IL2STAT5,29,fixed_ridge,Tian,0.8,0.19047619047619047,0.3333333333333333
Tian_all_IL2STAT5,29,greedy_ridge,Tian,0.6,0.5714285714285714,0.5238095238095238
Tian_all_IL2STAT5,29,greedy_ridge,Tian,0.8,0.2857142857142857,0.35714285714285715
Tian_all_IL2STAT5,29,linear_ucb,Tian,0.6,0.5476190476190477,0.5
Tian_all_IL2STAT5,29,linear_ucb,Tian,0.8,0.2857142857142857,0.3333333333333333
Tian_all_IL2STAT5,29,diversity,Tian,0.6,0.5476190476190477,0.5238095238095238
Tian_all_IL2STAT5,29,diversity,Tian,0.8,0.30952380952380953,0.35714285714285715
Tian_all_IL2STAT5,29,extra_trees,Tian,0.6,0.5476190476190477,0.5476190476190477
Tian_all_IL2STAT5,29,extra_trees,Tian,0.8,0.23809523809523808,0.35714285714285715
Tian_all_IL2STAT5,29,gated_random,Tian,0.6,0.40476190476190477,0.47619047619047616
Tian_all_IL2STAT5,29,gated_random,Tian,0.8,0.21428571428571427,0.35714285714285715
Tian_all_IL2STAT5,29,old_controller,Tian,0.6,0.5476190476190477,0.47619047619047616
Tian_all_IL2STAT5,29,old_controller,Tian,0.8,0.23809523809523808,0.3333333333333333
